行,取引先ID,法人番号,取引先名,最終判定,G列の訂正指示,I列_検証結果
98,001Nn00000eVW3i,1140001010033,株式会社ニチリン,架電可（G列訂正あり）,"G列訂正：正確には736.68億円）：2025年12月期の連結売上高736億6,800万円を確認","○ 妥当（G列訂正：正確には736.68億円）：2025年12月期の連結売上高736億6,800万円を確認。G列「736億円」は端数を落とした表記のため、736.68億円（2025年12月期・連結）と記載するのが正確。判定は変わらない。なお自社HP会社概要記載の単体349億円も300億を超えるため、仮に子会社判定になっても§3-3を満たす。"
145,001Nn00000eVWO1,3010401035013,株式会社日本ケアサプライ,架電可（G列訂正あり）,"G列訂正：単体表記に是正）：2026年3月期の連結売上高349億2,988万円（前期比+9.1%）を決算短信（TDnet ID 20260511523714／2026年5月12日開示）で独立再確認","○ 妥当（G列訂正：単体表記に是正）：2026年3月期の連結売上高349億2,988万円（前期比+9.1%）を決算短信（TDnet ID 20260511523714／2026年5月12日開示）で独立再確認。ただし当社は三菱商事の連結子会社であり、§3-3では子会社は単体で判定するためG列は「345.32億円（2026年3月期・単体）」と記すべき（連結値の採用は§6-4に抵触）。単体・連結いずれも300億超のため判定は○のまま。※単体345.32億円は1次が有報から引用した値で、本反証では独立再現に至らず。"
168,001Nn00000eVWbF,1011801030720,株式会社サンベルクス,架電可（G列訂正あり）,"G列訂正：「単体」表記は誤りの可能性大）：反証検証で、1,402億円（2026年2月期）を金額シードで検索すると株式会社サンベルクスではなく「株式会社サンベルクスホールディングス」の数値として返り（正社員1,4","○ 妥当（G列訂正：「単体」表記は誤りの可能性大）：反証検証で、1,402億円（2026年2月期）を金額シードで検索すると株式会社サンベルクスではなく「株式会社サンベルクスホールディングス」の数値として返り（正社員1,480名／パート4,552名・2025年12月現在）、sunbelx.comにドメイン限定して同じ金額をシードすると当該値は返らず採用サイトの「サンベルクスホールディングスグループ全体で売上高1,200億円突破を目前」のみが返った。よって1,402億円はHDグループ全体の値であり、株式会社サンベルクス(1011801030720)は同HD傘下の事業会社＝§3-3の子会社と見るのが妥当で、単体値は承認ソース上に明示がない。ただしスーパーベルクス53店舗・従業員約6,000名を運営する中核事業会社であり単体が300億を下回る余地はないため架電可否は○を維持。G列は「1,402億円（2026年2月期・サンベルクスHDグループ）」と訂正し、単体値は未確認と注記されたい。"
190,001Nn00000eVXBY,1140001060846,ハリマ共和物産株式会社,架電可（G列訂正あり）,"G列訂正：598.43億円が正）：2026年3月期（連結、コード7444）の連結売上高は59,843百万円＝598.43億円（前期比3.2%減、純利益15億1,300万円）","○ 妥当（G列訂正：598.43億円が正）：2026年3月期（連結、コード7444）の連結売上高は59,843百万円＝598.43億円（前期比3.2%減、純利益15億1,300万円）。G列は598.44億円で端数1百万円ぶんの差があるため厳密には598.43億円に訂正。300億以上・連結・上場親会社という判定自体は変わらず架電可否は○のまま。決算期は直近期で鮮度問題なし。"
191,001Nn00000eVXBZ,1120001087841,ピップ株式会社,架電可（G列訂正あり）,"G列訂正：決算期・単体連結の別が未記載）：反証検証で2,215億円をシード検索したところ、ピップ株式会社の決算公告（第79期）として売上高2,210億9,200万円が返り、G列の2,215億円と一致しなかった（","○ 妥当（G列訂正：決算期・単体連結の別が未記載）：反証検証で2,215億円をシード検索したところ、ピップ株式会社の決算公告（第79期）として売上高2,210億9,200万円が返り、G列の2,215億円と一致しなかった（第79期＝単体。営業利益6.14億／経常利益20.79億／純利益14.29億）。§6-1の桁・数値照合上、G列の「2,215億円」は221,509百万円と221,092百万円の読み違い、または単体と別系統（グループ2,676億円）の混在が疑われる。またpipjapan.co.jpにドメイン限定しても会社概要ページ上に売上高の記載を再現できず、出所は決算公告（catr.jp＝§7-1の未承認ソース）に依存している。ただし単体・グループのいずれの系統でも2,200億円超で300億を大幅に超え、同社はフジモトHD等を傘下に持つグループ親会社のため§3-3上どちらでも適合し架電可否は○。G列は「約2,211億円（第79期・単体／決算公告）」と決算期を特定のうえ訂正されたい。"
196,001Nn00000eVXBy,1430001010672,株式会社ツルハ,架電不可（元△判定が妥当と確認）,G列訂正,"○ 妥当（G列訂正）：判定○は維持。ただし1次の「ツルハHD有報 関係会社の状況 126,019百万円(2025年5月期)」は金額シード検索で一度も再現せず、citation を確認できない。代わりにツルハHD自社HP IR「2024年5月期決算説明会資料」の事業会社別売上高が承認ソース経路として存在し、(株)ツルハ＝150,826百万円(＝1,508.26億円)との返りと87,112百万円との返りが混在し値は未確定。いずれにせよ1,433店舗を擁するグループ中核事業会社で単体871〜1,508億円と300億を大きく超え、子会社単体基準§3-3を満たすため判定は安定。G列の金額・決算期は原本PDF照合で確定させること。"
201,001Nn00000eVXNm,1020001052483,オートコムジャパン株式会社,架電可（G列訂正あり）,G列訂正：975億円（2025年9月期）がより新しい）：自社ドメインの採用ページ「数字で見るオートコムジャパン」(corporate.autocj.co.jp/recruit/date/)に売上高推移が掲載され,○ 妥当（G列訂正：975億円（2025年9月期）がより新しい）：自社ドメインの採用ページ「数字で見るオートコムジャパン」(corporate.autocj.co.jp/recruit/date/)に売上高推移が掲載され、2021年9月期354億円→2022年9月期754億円→2023年9月期754億円→2024年9月期897億円→2025年9月期975億円。G列の897億円（2024年9月期）は1期古いため975億円（2025年9月期）へ更新されたい。いずれにせよ300億を大きく超え架電可否は○のまま。同社は非上場だが自社ドメインの採用ページは§5-3の承認ソース9系統に該当。適格請求書番号T1020001052483による法人番号一致という既存注記も妥当。
237,001Nn00000eVXtA,8010701016022,東芝テック株式会社,架電可（G列訂正あり）,"G列訂正：子会社のため採用値は連結ではなく単体）：2026年3月期の連結売上高5,692.65億円は日本経済新聞の決算記事でも裏が取れ、数値・決算期自体は正しい","○ 妥当（G列訂正：子会社のため採用値は連結ではなく単体）：2026年3月期の連結売上高5,692.65億円は日本経済新聞の決算記事でも裏が取れ、数値・決算期自体は正しい。ただし同社は東芝の連結子会社（約50%出資）であり、§3-3により子会社はグループ連結を使えず「単体」300億以上でのみ可。G列が『5,692.65億円（2026年3月期・連結）』と連結値のみを記載しているのは判定根拠として不適切で、決算短信の個別業績＝2,688.61億円（268,861百万円・2026年3月期・個別）を採用値とすべき。※本検証では個別268,861百万円を承認ソース上で再現できず（連結値のみが返る）、決算短信PDF巻末の個別業績で最終確認を推奨。単体でも300億を大幅超過するため架電可否は○のまま。"
245,001Nn00000eVY2N,9011001036346,テルウェル東日本株式会社,架電可（G列訂正あり）,G列訂正：採用値・決算期が承認ソースで再現できず）：G列『607億円（2025年度）』は自社ドメイン（telwel-east.co.jp）へのドメイン限定検索を2回（うち1回は金額607億をシード指定）行っても,○ 妥当（G列訂正：採用値・決算期が承認ソースで再現できず）：G列『607億円（2025年度）』は自社ドメイン（telwel-east.co.jp）へのドメイン限定検索を2回（うち1回は金額607億をシード指定）行っても一度も再現しなかった。再現できたのは①官報決算公告（catr.jp収録）の2024年3月期・単体売上高602億15百万円、②2025年3月期（決算末日2025/3/31）は決算公告が貸借対照表のみで売上高の記載なし（純利益6億円・利益剰余金33.65億円・総資産80.74億円のみ）、③『2025年3月時点614億円』はマイナビ・Wikipedia・就活会議・Compalyze等の禁止ソースにのみ掲載（§6-6）。よってG列の607億円という値と『2025年度』という期はいずれも根拠不明で、602.15億円（2024年3月期・単体）に訂正すべき。判定自体は、NTT東日本傘下の子会社だが単体で600億円規模＝300億を大幅超過のため○のまま。※602.15億円の出典はcatr.jp経由のため§7-1（承認可否未確定）に留意、正式出典は自社HP会社概要・会社案内PDFで取り直すこと。
294,001Nn00000eVYcn,4290801020346,株式会社ワールドインテック,架電可（G列訂正あり）,G列訂正：金額に疑義）：ワールドHDの子会社だが単体で300億を大きく超えるため架電可否は○,"○ 妥当（G列訂正：金額に疑義）：ワールドHDの子会社だが単体で300億を大きく超えるため架電可否は○。ただしG列の988.57億円は再現できず、2025年12月期のワールドインテック売上高を1,212.32億円（従業員19,662名）とする情報がある。ワールドHD連結は約2,844億円（2026年12月期予想3,003.26億円＝前期比+5.6%から逆算）で、G列は連結値の誤用ではないことは確認。H列引用の有報URL（202603_Release-1.pdf）は本検証で実在確認できず、要再取得。"
306,001Nn00000eVYg5,5020001074318,プレス工業株式会社,架電可（G列訂正あり）,"G列訂正：決算期・金額の誤り確定）：架電可否は○のまま（どの期でも1,700億円超）","○ 妥当（G列訂正：決算期・金額の誤り確定）：架電可否は○のまま（どの期でも1,700億円超）。本検証で再確認したところ2026年3月期は会社計画で連結売上高1,730億円（前期比8.9%減）・営業利益88億円であり、G列の『2,021.67億円（2026年3月期・連結）』は2026年3月期の値ではない（2024年3月期実績とみるのが整合的、2025年3月期実績は約1,899億円）。判定不変だがG列は業績ハイライト／2026年3月期決算短信の確定実績に差し替え要。"
311,001Nn00000eVYgL,4120001086023,ナカバヤシ株式会社,架電可（G列訂正あり）,G列訂正：金額・決算期に疑義）：600億円台で300億は大幅超過のため架電可否は○,○ 妥当（G列訂正：金額・決算期に疑義）：600億円台で300億は大幅超過のため架電可否は○。本検証でも2026年3月期の確定連結売上高は承認ソースから再現できず、確認できたのは2025年3月期実績627.67億円（前期比+2.8%）と2026年3月期会社予想635.00億円。G列の615.98億円はどちらとも一致せず前々期以前の値の可能性が高い。H列引用の決算短信PDF（日本語ファイル名）も実在確認できず、2026年3月期決算短信の確定値とURLで要差し替え。上場親会社（東証スタンダード7987）で親子判定は問題なし。
312,001Nn00000eVYgT,8030001071633,アサヒロジスティクス株式会社,架電可（G列訂正あり）,G列訂正：金額・決算期が承認ソースで再現不可）：グループ会社ページ上、同社が親会社側（アサヒフレッシュロジ・レインボー物流・アサヒオートサービス等を傘下に持つ）であり連結採用は適正,○ 妥当（G列訂正：金額・決算期が承認ソースで再現不可）：グループ会社ページ上、同社が親会社側（アサヒフレッシュロジ・レインボー物流・アサヒオートサービス等を傘下に持つ）であり連結採用は適正。自社HPで確認できたのは2022年度の連結売上高460億円超・従業員6千名超まで（＝直近3期を外れる）。G列の666億円（2026年3月期・連結）と単体517億円は金額シード検索でも一度も返らず、代わりに478億円（2025年3月期）が返る＝G列値が誤りである信号。ただし直近の水準はいずれも300億を大きく超え判定は○のまま。自社HP「売上高の推移」ページ https://www.asahilogistics.co.jp/corporate/transition/ での確定値取得を推奨。
327,001Nn00000eVYtR,6340001004241,南日本くみあい飼料株式会社,架電可（G列訂正あり）,G列訂正：正しくは881億円（令和6年度実績＝2025年3月期・単体）,○ 妥当（G列訂正：正しくは881億円（令和6年度実績＝2025年3月期・単体）。G列の「846億円（令和7年度）」は承認ソースに存在せず、令和7年度実績は自社HP未掲載）：法人番号6340001004241で照合し、本社は鹿児島市鴨池新町15、設立1971年3月1日、代表 柚木弘文、決算3月の株式会社。JAグループの配合飼料メーカーで鹿児島・宮崎が地盤。現行サイトは mks-f.co.jp（D列 j-bee.com は旧URL）。本反証で自社HP会社案内から再現できたのは令和6年度実績881億円のみで、846億円は1次・再検証・反証の3経路とも再現不能。従業員174名（令和7年5月1日現在）。いずれの値でも300億を大きく超えるため架電可否は○。
341,001Nn00000eVYzc,9010001024113,東洋エンジニアリング株式会社,架電可（G列訂正あり）,"G列訂正：正しくは1,319.02億円（2026年3月期・連結）","○ 妥当（G列訂正：正しくは1,319.02億円（2026年3月期・連結）。G列の1,829.41億円は誤りで承認ソースに存在しない）：東証プライム上場（6330）の親会社。再検証で2026年3月期通期の連結売上高1,319億200万円（前年比35.8%減）を確認。営業△209.95億・経常△157.78億・純損益△174.93億の赤字決算で、ブラジルのガス火力発電案件の工事遅延と追加費用が要因（2025年7月に仲裁申立）。決算短信は2026年5月14日提出、文書ID 140120260513529468 でH列URLと一致。300億を大きく超えるため架電可否は○。"
353,001Nn00000eVZ0M,8180301014236,津田工業株式会社,架電可（G列訂正あり）,G列訂正：正しくは506.64億円（2025年3月期・第104期・単体）,"○ 妥当（G列訂正：正しくは506.64億円（2025年3月期・第104期・単体）。G列の「674億円（2025年度・連結）」は承認ソースに存在せず、H列引用の自社HP会社情報にも売上高の記載がない）：本反証で第104期の売上高50,664百万円＝506億6,400万円・当期純利益1,382百万円を決算公告ベースで再確認し、1次再検証の数値と完全一致。ただし到達できる出典は官報決算データベースcatr.jpと決算公告集約の個人ブログのみで、catr.jpに実際に収録されているのは第97期（2018年3月期387.69億円）・第98期（2019年3月期383.81億円）＝いずれも§3-8の直近3期外。1次再検証が第104期の根拠としたcatr.jpのURL（.../b1c4d/114421）は第98期のページであり誤引用のため差し替え済み。tsuda-inc.co.jp のドメイン限定検索でも会社情報・会社概要ページに売上高記載なし。デンソーが主要株主の愛知県刈谷市の自動車部品メーカー（法人番号8180301014236で照合一致）で、子会社・関連会社いずれの解釈でも単体506億が基準を満たすため架電可否は○。証跡は§7-1（catr.jpが承認ソースか未確定）の先方確認待ちで、確定には官報原本または自社決算公告の直接確認が必要。"
357,001Nn00000eVZ0X,9120001077380,大塚化学株式会社,架電可（G列訂正あり）,G列訂正：判定値は単体382.26億円（2025年度）を採用すべき,"○ 妥当（G列訂正：判定値は単体382.26億円（2025年度）を採用すべき。G列の813.01億円は大塚化学サブグループの連結値）：大塚ホールディングス傘下の子会社であり§3-3で連結値は使用不可。単体38,226百万円＝382.26億円で300億以上のため架電可否は○。連結は81,301百万円＝813.01億円。自社HP会社概要で確認。300億まで82億の薄マージン。"
374,001Nn00000eVZEM,7010401078520,株式会社ＩＮＰＥＸ,架電可（G列訂正あり）,"G列訂正：2兆1,135億円（2025年12月期・連結／IFRS原文表記「売上収益」））：H列記載の決算短信（result20260212.pdf・2026/2/12開示）が実在することを確認したうえで、202","○ 妥当（G列訂正：2兆1,135億円（2025年12月期・連結／IFRS原文表記「売上収益」））：H列記載の決算短信（result20260212.pdf・2026/2/12開示）が実在することを確認したうえで、2025年12月期の売上収益は2兆1,135億円（前期比▲11.2%）であることを確認。G列の「2兆113億円」は桁が1つ脱落した誤記とみられる（§6-1）。正しくは2兆1,135億円。300億基準は当然クリアのため架電可否は○のまま。第3四半期累計の売上収益は1兆5,206億円（▲13.0%）で全体規模とも整合。"
387,001Nn00000eVZPz,4290801000117,株式会社リードヘルスケア,架電可（G列訂正あり）,G列訂正：自社HP会社概要で確認できる記載は売上高649億円・2024年3月期〈従業員269名も同期〉,○ 妥当（G列訂正：自社HP会社概要で確認できる記載は売上高649億円・2024年3月期〈従業員269名も同期〉。G列の624億円〈2026年3月期〉は今回の検索では承認ソースで再現できず）。フォレストグループの事業会社＝子会社だが、単体649億円で300億超のため架電可。決算期は3月。
398,001Nn00000eVZdo,4120001050532,ヒロセホールディングス株式会社,架電可（G列訂正あり）,"G列訂正：自社HP会社概要で確認できたのはグループ連結1,418億円〈2025年3月期〉","○ 妥当（G列訂正：自社HP会社概要で確認できたのはグループ連結1,418億円〈2025年3月期〉。G列の1,468億円〈2026年3月期〉は今回の検索では再現できず）。持株会社のため連結採用は適正で、いずれの値でも300億を大幅超過のため架電可。従業員1,966名。"
405,001Nn00000eVZfz,9210001007535,ゲンキー株式会社,架電可（G列訂正あり）,"G列訂正：2,206億38百万円は親会社Genky DrugStores(株)〈東証9267〉の2026年6月期【連結】値であり、ゲンキー(株)単体ではない）","○ 妥当（G列訂正：2,206億38百万円は親会社Genky DrugStores(株)〈東証9267〉の2026年6月期【連結】値であり、ゲンキー(株)単体ではない）。法人番号9210001007535のゲンキー(株)は2017年12月の株式移転で設立された同HDの事業子会社。子会社は単体300億以上が条件（§3-3）で単体値は非公表だが、期末534店舗すべてを運営する唯一の事業会社で連結2,206億円のほぼ全額を占めるため300億超と判断し○。"
407,001Nn00000eVZgV,1010401015438,世紀東急工業株式会社,架電可（G列訂正あり）,G列訂正：2026年3月期の連結売上高は952.59億円〈前期比△4.1%、経常62.78億円、決算短信2026年5月7日開示〉,○ 妥当（G列訂正：2026年3月期の連結売上高は952.59億円〈前期比△4.1%、経常62.78億円、決算短信2026年5月7日開示〉。G列の900.41億円は自社HP会社概要記載で単体値の可能性が高い）。いずれも300億を大幅超過のため架電可。連結／単体の別をG列に明記すべき。
412,001Nn00000eVZgk,3011301002350,株式会社小泉,架電可（G列訂正あり）,"G列訂正：単体1,560.88億円・2026年3月期は承認ソースで再現不能）：株式会社小泉は小泉グループの親会社（小泉商事・小泉中央等を傘下に持つ）であり§3-3により連結／グループ値採用可","○ 妥当（G列訂正：単体1,560.88億円・2026年3月期は承認ソースで再現不能）：株式会社小泉は小泉グループの親会社（小泉商事・小泉中央等を傘下に持つ）であり§3-3により連結／グループ値採用可。自社HP「経営概況」でグループ売上高2,850億円（2025年3月期・関連会社／海外現法含む）、グループ国内売上高1,807億円・営業利益37.3億円（令和7年3月期、過去最高）を確認。一方1次のG列値156,088百万円（第80期・単体）は自社ドメイン限定検索でも一般検索でも再現できず、決算期（2026年3月期）も自社サイト最新記載（令和7年3月期）と不一致。基準300億は桁違いに超過するため○は維持。G列は「2,850億円（2025年3月期・グループ）」等に訂正すべき。"
434,001Nn00000eVZsm,7020001073375,杉本電機産業株式会社,架電可（G列訂正あり）,"G列訂正：616.1679億円・2026年3月期は承認ソースに存在せず）：金額シード検索「616億1,679万円／従業員567名」を実行したところ当該数値は一件も返らず、ヒットしたのはマイナビ2027・キャリタ","○ 妥当（G列訂正：616.1679億円・2026年3月期は承認ソースに存在せず）：金額シード検索「616億1,679万円／従業員567名」を実行したところ当該数値は一件も返らず、ヒットしたのはマイナビ2027・キャリタス・doda・Wikipedia等の禁止ソースのみ（要約でも数値未確認）。一方 e-sugimoto.co.jp ドメイン限定検索では自社HP会社概要が売上高534億3,492万円（令和7年3月期＝2025年3月期・単体）を再現。§6-6の典型パターンであり1次値は誤りと判断。非上場の独立系電材商社で親会社なし。534.35億円でも基準300億を大幅超過するため○は維持。G列は「534.3492億円（2025年3月期・単体）」に訂正すべき。"
436,001Nn00000eVZsz,3010501030582,ＡＧＣグラスプロダクツ株式会社,架電可（G列訂正あり）,G列訂正：563.78億円・2025年は承認ソースに存在せず）：金額シード検索「563億円」では自社サイトから当該値が一切返らず、ヒットしたのはマイナビ2026・マイナビ転職等の禁止ソースのみ,"○ 妥当（G列訂正：563.78億円・2025年は承認ソースに存在せず）：金額シード検索「563億円」では自社サイトから当該値が一切返らず、ヒットしたのはマイナビ2026・マイナビ転職等の禁止ソースのみ。自社ドメイン限定検索では採用サイト会社情報 https://www.agc-gp.co.jp/recruit/company/ が売上高571億円・社員数1,034人を再現（§5-2-9の承認ソース）。従業員基準日2024年12月、同社は12月決算のため採用値は2024年12月期と解される（官報決算公告の2022年12月期454.87億円とも整合）。AGCの子会社だが単体で300億を大幅超過のため§3-3充足、○は維持。G列は「571億円（2024年12月期・単体）」に訂正すべき。"
452,001Nn00000eVZwv,1011001006587,共立建設株式会社,架電可（G列訂正あり）,G列訂正：531.55億円→458.20億円／2025年3月期・単体）：法人番号1011001006587＝東京都渋谷区のNTT関連総合建設会社（財団法人電気通信共済会が設立主体）で企業同定は一致,"○ 妥当（G列訂正：531.55億円→458.20億円／2025年3月期・単体）：法人番号1011001006587＝東京都渋谷区のNTT関連総合建設会社（財団法人電気通信共済会が設立主体）で企業同定は一致。G列531.55億円（2025年度）は自社HP業績ページ等の承認ソースで再現できず、金額をシード指定した検索でも一切返らない。官報決算公告 第70期（2025年3月期・単体）売上高45,820百万円＝458.20億円が実勢で、第68期369.77億円からの増収トレンドとも整合。決算期は直近3期以内。いずれの値でも300億を超えるため架電可否は○のまま。"
477,001Nn00000eVaAC,1140001068336,株式会社関電システムズ,架電可,G列要訂正,○ 妥当（G列要訂正：決算期と出典が誤り）：株式会社。関西電力の子会社だが単体で300億超で§3-3を満たす。判定は○のままだが2点の誤りを検出した。①出典：1次が根拠に添えた自社ドメインの決算公告PDFは kessan52.pdf（第52期）で、§3-8の直近3期から大きく外れた古い資料。今回自社ドメイン上の最新公告が kessan58.pdf（第58期＝2024年4月1日～2025年3月31日＝2025年3月期）であることを確認したので、出典URLはこちらに差し替えること。②数値：G列の「528.53億円（2025年度＝2026年3月期＝第59期）」は金額シード検索で再現できず、自社ドメイン上に第59期の公告も見当たらない。別系統は2025年3月期456.88億円（従業員741名）、2022年度325.86億円。528.53と456.88のどちらを採っても300億は大きく上回るため架電可否は動かないが、実額と対象年度は kessan58.pdf 直読で確定させること。今回は検索枠切れにより実額の確定クエリを打てなかった。
479,001Nn00000eVaAg,5160001010473,旭化成住工株式会社,架電可（G列訂正あり）,G列訂正：370億円→354億円（2025年3月期・単体））：株式会社,"○ 妥当（G列訂正：370億円→354億円（2025年3月期・単体））：株式会社。旭化成ホームズの子会社だが単体で300億超のため§3-3を満たす。G列の「370億円（2025年度）」は金額をシード指定してもどの系統からも再現されず、1次と今回の独立2系統がともに「354億円（2025年3月）」を返した。370億は1次値の誤りと判断し、354億（2025年3月期・単体）に訂正する。354億でも300億を約18%上回り架電可否の判定は○のまま。自社HP会社概要（asahi-kasei.co.jp/jyukou/company/outline.htm）の実在と資本金28億2,000万円の一致は確認済。ただし354億という数値自体の出所もマイナビ等の禁止ソースに偏っており、自社HP会社概要ページの直読で実額を確定させることを推奨。確定できなければ§3-5により△に倒す候補となる。今回は検索枠切れのため自社ドメイン限定検索は未実施。"
497,001Nn00000eVaHX,3040001072503,キッコーマン食品株式会社,架電可（G列訂正あり）,G列訂正：決算期が1期古い）：株式会社,"○ 妥当（G列訂正：決算期が1期古い）：株式会社。キッコーマン（持株会社）の子会社だが単体で300億超。最新の有価証券報告書（第108期・2024年4月1日〜2025年3月31日、2025年6月20日提出）に、キッコーマン食品は『売上収益（連結会社相互間の内部売上収益を除く）の連結売上収益に占める割合が10%を超える』主要な連結子会社と明記されており、連結規模（数千億円）から単体300億超は確実。一方でG列は2024年3月期の103,555百万円＝1,035.55億円のままで、最新期（2025年3月期）の値へ更新すべき。指標はIFRS『売上収益』であることの注記はH列に既にあり適切。架電可否は○のまま。"
528,001Nn00000eVaOK,5010001032615,ジェイフィルム株式会社,架電可（G列訂正あり）,G列訂正：承認ソースで確認できる値は336億円・2025年3月期・単体）：三菱ケミカルグループ公式リリースに売上高336億円・従業員827名（2025年3月末）と記載,○ 妥当（G列訂正：承認ソースで確認できる値は336億円・2025年3月期・単体）：三菱ケミカルグループ公式リリースに売上高336億円・従業員827名（2025年3月末）と記載。G列の「318億円・令和8年3月期」は承認ソースで再現できず。さらに2025年12月29日付で親会社が三菱ケミカル→丸の内キャピタルに変更（§6-7関連、自社リリース2025/8/1）。単体336億で子会社単体基準は充足。
542,001Nn00000eVaaN,3011001049510,フリュー株式会社,架電可（G列訂正あり）,"G列訂正：447.67億円が正確）：2026年3月期決算短信で連結売上高44,767百万円=447.67億円（前期比1.0%増）、営業利益33.15億円（48.1%増）を確認","○ 妥当（G列訂正：447.67億円が正確）：2026年3月期決算短信で連結売上高44,767百万円=447.67億円（前期比1.0%増）、営業利益33.15億円（48.1%増）を確認。G列の「447億円」は丸めで実害はないが447.67億円に精緻化推奨。東証プライム上場の親会社（6238）で連結値の採用可。300億超の余裕は約148億で薄め。"
548,001Nn00000eVai9,6120901000808,ゴウダ株式会社,架電可（G列訂正あり）,G列訂正：325億円は「グループ実績」であり単体ではない）：自社採用HP「数字で見るゴウダ」で2025年10月グループ実績325億円（2024年実績320億円）を確認,○ 妥当（G列訂正：325億円は「グループ実績」であり単体ではない）：自社採用HP「数字で見るゴウダ」で2025年10月グループ実績325億円（2024年実績320億円）を確認。G列の「単体」表記は誤りで、正しくは「325億円（2025年10月期・グループ実績）」。ゴウダ(株)はゴーテック／グラデュオ／ゴウダ物流／GODA C&Eを擁する親会社なので§3-3によりグループ値でOK。ただし単体値は未確認で、300億超の余裕が約25億と極薄。ヤマウチ（行38）と同型のグループ値混入。
556,001Nn00000eVawe,1120001041352,因幡電機産業株式会社,架電可（G列訂正あり）,"G列訂正：4,170.23億円（2026年3月期・連結）と具体値で記載すべき）：2026年3月期の連結売上高4,170億2,300万円（前期比8.6%増）、営業利益297.11億円で5期連続過去最高を確認","○ 妥当（G列訂正：4,170.23億円（2026年3月期・連結）と具体値で記載すべき）：2026年3月期の連結売上高4,170億2,300万円（前期比8.6%増）、営業利益297.11億円で5期連続過去最高を確認。G列の「4,000億円超」は誤りではないが数値が不明確で、アポインターが金額を答えられない。東証上場の親会社（9934）で連結値の採用可。"
571,001Nn00000eVb79,6130001022108,株式会社ハートフレンド,架電可（G列訂正あり）,G列訂正：決算期を「2025年2月期」と明記すべき,○ 妥当（G列訂正：決算期を「2025年2月期」と明記すべき。G列は「2025年」のみで期が不明確）：株式会社ハートフレンド（スーパー「フレスコ」運営／京都市下京区／法人番号6130001022108）。自社採用サイト「数字で見る」に売上高573億円（2025年2月期）。非上場・独立系の事業会社（親会社なし）につき単体573億円で300億以上を満たす。京都市の公的企業情報サイトでも同社概要を確認。※573億円は禁止ソース（マイナビ／Baseconnect）にも同値が流通しているため、原典は自社採用ドメインの記載である点を必ず確認。
586,001Nn00000eVbLF,7120001090121,丸紅インテックス株式会社,架電可（G列訂正あり）,G列訂正,"○ 妥当（G列訂正の疑い：直近の確認値は576億4,800万円＝576.48億円〈2025年3月期・単体〉で、G列の558億円〈2025年度〉と一致しない。年度取り違えの可能性）：丸紅インテックス株式会社（大阪市北区／丸紅株式会社100%出資の子会社／資本金3億7,700万円・従業員163名）。子会社のため単体値必須だが、単体で550〜576億円規模のため§3-3の条件は満たす。ただし自社HP会社概要ページをドメイン限定検索しても売上高記載を再現できず、558億／576億のいずれもマイナビ・NIKKEI COMPASS等の禁止ソース経由でしか確認できていない。数値と決算期は要再確認。"
591,001Nn00000eVbSH,2010101001836,株式会社スーパーアルプス,架電可（G列訂正あり）,G列訂正,"○ 妥当（G列訂正の疑い：2026年3月期の売上高として655億5,584万円＝655.56億円とする記載が別ソースにあり、G列の647億円と一致しない）：株式会社スーパーアルプス（東京都八王子市滝山町2-351／法人番号2010101001836／1962年4月設立／正社員718名）。非上場・独立系のため単体判定で、647億・655.56億のいずれでも300億を大幅超過し架電可否は○。ただし自社HP企業情報ページをドメイン限定で検索したが売上高の記載を確認できず、655.56億円はSalesNow／NIKKEI COMPASS等の禁止ソース由来。数値と決算期は自社HPで要再確認。"
595,001Nn00000eVbWU,6480001005283,四国化工機株式会社,架電可（G列訂正あり）,G列訂正：G列の「単体650億円（2026年3月期）／連結732億円」を承認ソースで再現できず,○ 妥当（G列訂正：G列の「単体650億円（2026年3月期）／連結732億円」を承認ソースで再現できず。自社ドメイン限定検索では「連結売上高 約602億円」しか確認できなかった）：四国化工機株式会社（徳島県板野郡北島町太郎八須字西の川10-1／非上場／機械・包装資材・食品の3事業／SKグループ中核＝親会社、四国パック等を傘下に持つ）。親会社のためグループ連結300億超で可（§3-3）。602億・650億・732億のいずれでも300億は大幅超過のため架電可否は○だが、G列の数値・決算期・単体連結の別は自社HP会社概要ページで確定させること。
603,001Nn00000eVbm1,7020001010527,古河電池株式会社,架電可（G列訂正あり）,G列訂正,○ 妥当（G列訂正・重要注記／§6-7相当の資本異動あり）：古河電池株式会社は、2025年9月9日に株式会社AP78（アドバンテッジパートナーズ系）の公開買付けが成立、2025年11月20日の臨時株主総会で株式併合を決議し、**2025年12月22日付で上場廃止**（旧東証6937）。以後はファンド傘下の非上場会社となり上場企業としての開示が止まる見込み。G列の848.18億円（2025年3月期・連結）は直近3期以内で鮮度は可、2026年3月期の会社予想は売上高840億円（前期比1.0%減）でいずれも300億を大幅超過。ただし現在は資本上「子会社」に当たるため§3-3の厳格解釈では単体値が必要で、単体売上高は承認ソースで未確認。架電時は上場廃止済み・親会社交代済みである点に留意。
604,001Nn00000eVbp9,4370001005032,株式会社高速,架電可（G列訂正あり）,"G列訂正：2026年3月期・連結売上高は1,159億15百万円＝1,159.15億円〈前期比9.1%増〉、営業利益45億32百万円、10期連続増収","○ 妥当（G列訂正：2026年3月期・連結売上高は1,159億15百万円＝1,159.15億円〈前期比9.1%増〉、営業利益45億32百万円、10期連続増収。G列の1,241.91億円＝124,191百万円は実績と一致せず、2027年3月期の会社予想値の可能性が高い）：株式会社高速（東証プライム7504／仙台市／食品軽包装資材卸の業界首位・上場唯一）。通期決算発表は2026年5月8日。上場親会社のため連結採用可。いずれの値でも連結1,000億超で300億基準は大幅クリアのため架電可否は○。数値は自社IRの決算短信で確定させること。"
627,001Nn00000eVbxy,6010501010276,株式会社ノダ,架電可（G列訂正あり）,"G列訂正：2025年11月期の連結売上高は646.86億円＝64,686百万円）：株式会社ノダ（東証スタンダード7879・上場親会社）","○ 妥当（G列訂正：2025年11月期の連結売上高は646.86億円＝64,686百万円）：株式会社ノダ（東証スタンダード7879・上場親会社）。2025年11月期決算短信（2026年1月15日開示）の連結売上高64,686百万円を確認。前期2024年11月期の連結売上高67,039百万円（前期比8.5%減）および会社予想679億円とも整合し、650億円前後の規模で裏取りできた。一方でG列の447.55億円はgBizINFO/EDINETの提出会社値44,755,171千円と完全一致しており、千円単位表記＝単体財務諸表由来と考えられる。前段レビューの「通期447.55億円は算術的に成立しない／過小」という指摘は、連結の四半期累計と単体の通期を突き合わせた比較誤りであり、『単体』表記そのものは誤りでない公算が大きい（§6-4の連単取り違えではない）。上場親会社のため連結646.86億円で条件充足（§3-3）、単体447.55億円で見ても300億超のため、いずれの読みでも架電可否は○で不変。G列は最新かつ検証済みの「646.86億円（2025年11月期・連結）」への差し替えを推奨。"
630,001Nn00000eVby9,3020001020736,株式会社ソディック,架電可（G列訂正あり）,"G列訂正：連結805.72億円を併記すべき）：2025年12月期の連結売上高は805億7,200万円（自社IR事業報告書・決算短信）","○ 妥当（G列訂正：連結805.72億円を併記すべき）：2025年12月期の連結売上高は805億7,200万円（自社IR事業報告書・決算短信）。G列の単体455.04億円（gBizINFO＝EDINET有報 45,504百万円）は連結805.72億円と矛盾せず単体として整合する。東証プライム上場の親会社のため連結・単体いずれでも300億超で架電可。単体値そのものの直接再現は未達のため注記。"
631,001Nn00000eVbyE,2180001000574,株式会社進和,架電可（G列訂正あり）,G列訂正：連結861.5億円を併記すべき）：2025年8月期の連結売上高は861.5億円（前期比10.7%増）,"○ 妥当（G列訂正：連結861.5億円を併記すべき）：2025年8月期の連結売上高は861.5億円（前期比10.7%増）。G列の単体713.33億円（71,333,478千円＝713.33億円、桁検算一致）は連結861.5億円と矛盾せず単体として整合。東証・名証上場の親会社のため連結採用も可で、いずれにせよ300億を大幅超過。"
633,001Nn00000eVc2z,8060001001208,株式会社カンセキ,架電可（G列訂正あり）,G列訂正：最新期は354.70億円〈2026年2月期・非連結＝単体〉）：反証検索で第52期＝2026年2月期決算短信〔日本基準〕(非連結)（2026/4/9開示）の売上高354億70百万円・営業利益5億29百万,○ 妥当（G列訂正：最新期は354.70億円〈2026年2月期・非連結＝単体〉）：反証検索で第52期＝2026年2月期決算短信〔日本基準〕(非連結)（2026/4/9開示）の売上高354億70百万円・営業利益5億29百万円・前期比▲3.0%を取得。逆算すると前期は約365.7億円でG列の365億円（2025年2月期）と一致するが、G列は1期古い。最新期でも300億超のため架電可。東証スタンダード9903・非連結（子会社なし）で親子判定の論点なし。ただし余裕は54.7億（+18%）まで縮小し減収トレンド継続中のため、次期に基準割れの可能性がある要監視行。
637,001Nn00000eVc35,6140001000905,ＪＣＲファーマ株式会社,架電可（G列訂正あり）,"G列訂正：単体→連結）：反証検索で2026年3月期決算短信〔日本基準〕（連結・2026/5/13開示）の売上高403億1,900万円（前期比+21.9%）、営業利益5億5,500万円・経常利益11億6,500万","○ 妥当（G列訂正：単体→連結）：反証検索で2026年3月期決算短信〔日本基準〕（連結・2026/5/13開示）の売上高403億1,900万円（前期比+21.9%）、営業利益5億5,500万円・経常利益11億6,500万円（黒字転換）を独立に再現。40,319百万円＝403.19億円の桁検算も一致。よってG列の「単体」表記は誤りで正しくは「403.19億円（2026年3月期・連結）」。東証プライム上場の親会社のため§3-3により連結値で判定可。300億超で架電可。単体値は未取得だが判定に影響しない。"
642,001Nn00000eVc6r,3180001026123,株式会社種清,架電可（G列訂正あり）,G列訂正,○ 妥当（G列訂正推奨：919億円→855億円〈2025年3月期〉）：金額シード検索（「919億円」）を再度かけたが承認ソース・自社ドメインいずれからも再現できず、G列の919億円（2026年3月期）は裏付けなし。一方で第五次中期経営計画の売上高目標780億円、2023年3月期724億円、2025年3月期855億円が別経路で得られ、同社が700〜900億円規模の菓子食品卸であることは複数点で一貫する（桁誤読＝91.9億円の可能性は否定）。法人番号3180001026123一致・愛知の独立系で親子判定の論点なし。いずれの値でも300億を大幅超過のため架電可の結論は不変。
651,001Nn00000eVcCV,8140001014630,神戸トヨペット株式会社,架電可（G列訂正あり）,"G列訂正：決算期／H列出典の差し替えが必要）：反証検索で官報決算公告の第115期・売上高798億1,379万5千円を追加取得","○ 妥当（G列訂正：決算期／H列出典の差し替えが必要）：反証検索で官報決算公告の第115期・売上高798億1,379万5千円を追加取得。第115期798.14億→第120期937.27億→第121期875.49億→第122期（2026年3月期）873.37億と複数期にわたり800〜900億円台で一貫し、数値自体は堅牢。G列の「875.49億円（2025年）」は第121期＝2025年3月期の値で期表記が曖昧、最新は第122期873.37億円。300億を大幅超過で架電可。ただしH列の出典（豊岡市job-navi）は自治体運営でも就職ナビ＝求人媒体であり§3-4の禁止ソースに該当する疑いが強く、代替は官報決算公告（catr.jp）だが§7-1で承認可否が未確定。出典差し替えの要対応行。"
656,001Nn00000eVcEx,7100001013785,鍋林株式会社,架電可,G列訂正,"○ 妥当（G列要確認）：931億51百万円をシード指定して再検索したが再現せず、返るのは第97期の930.10億円（＝93,010百万円）のみ。第98期＝2026年4月期の公表値は取得できず、931.51億円＝最新期／930.1億円＝前期という整合解釈も成立するためG列訂正は行わない（自社HP会社概要の原文で確定要）。いずれでも約930億円＝基準の約3倍、鍋林グループ親会社側で判定不変。法人番号7100001013785一致。"
658,001Nn00000eVcH3,3011101001453,旭化成ホームズ株式会社,架電不可（元△判定が妥当と確認）,G列訂正：採用値は単体でなく同社連結）：出典PDFの実在を確認＝旭化成ホームズ発行「2026年3月期決算補足資料」（2026年5月12日）に連結売上高1兆343億円,"○ 妥当（G列訂正：採用値は単体でなく同社連結）：出典PDFの実在を確認＝旭化成ホームズ発行「2026年3月期決算補足資料」（2026年5月12日）に連結売上高1兆343億円。同社は旭化成の子会社のため§3-3では単体が要るが、旭化成有報第134期「関係会社の状況」に同社売上高が連結売上高の10%超と明記＝単体でも2,900億円超。建築請負4,416億も単体事業。単体基準でも300億を大幅超過し○で確定。G列には「連結」と明記のこと"
664,001Nn00000eVcHQ,4430001015958,イオン北海道株式会社,架電可（G列訂正あり）,"G列訂正：正確には「3,800.63億円（2026年2月期・単体／営業収益）」）","○ 妥当（G列訂正：正確には「3,800.63億円（2026年2月期・単体／営業収益）」）。2026年2月期決算短信〔日本基準〕(非連結)で営業収益380,063百万円＝3,800.63億円を確認（前事業年度354,018百万円）。イオン株式会社の子会社だが単体3,800億円で§3-3を充足し、連結値の誤用ではない（そもそも非連結開示）。ただし指標が「売上高」ではなく「営業収益」表記のため§3-7に従いH列に営業収益である旨の注記が必要。"
699,001Nn00000eVcOI,2010001017726,株式会社サンデリカ,架電可（G列訂正あり）,G列訂正,"○ 妥当（G列訂正注記）：山崎製パン100%子会社だが子会社『単体』値で判定しており§3-3適合。反証検証で自社HP会社情報ページに「サンデリカ単独の売上高70,184百万円＝701.84億円（第29期）」の記載を確認。G列の1,191億円（2025年12月期）は自社HPでは再現できず、数値・決算期とも要確認。ただし701.84億円でも300億の2倍超で架電可否は不変。"
731,001Nn00000eVcZc,7010001028883,株式会社ベルパーク,架電可（G列訂正あり）,"G列訂正：決算期を「最新有報」ではなく2025年12月期と明記すべき）：2025年12月期決算短信（連結）で通期売上高約1,293億円を確認（2024年12月期は1,160.38億円）","○ 妥当（G列訂正：決算期を「最新有報」ではなく2025年12月期と明記すべき）：2025年12月期決算短信（連結）で通期売上高約1,293億円を確認（2024年12月期は1,160.38億円）。G列の1,256.12億円（125,611,600千円＝1,256.12億円、桁検算一致）は同期の単体値の水準。上場親会社のため連結採用可で、単体・連結いずれも300億を大幅超過。上場廃止・TOBの情報は確認されず。"
748,001Nn00000eVcap,8010001129227,株式会社ＦＰパートナー,架電可（G列訂正あり）,G列訂正：「最新有報」ではなく2025年11月期・単体（非連結決算）と明記すべき）：2025年11月期決算短信〔日本基準〕(非連結)で売上高321億400万円＝321.04億円（前期比▲9.9%）を確認し、G列,"○ 妥当（G列訂正：「最新有報」ではなく2025年11月期・単体（非連結決算）と明記すべき）：2025年11月期決算短信〔日本基準〕(非連結)で売上高321億400万円＝321.04億円（前期比▲9.9%）を確認し、G列数値32,104,060千円＝321.04億円と一致。上場会社・非連結決算のため単体で判定し300億超。ただし基準超過は約7%と薄く、業務改善命令に伴う集客停止で減収基調のため、2026年11月期で300億割れの可能性あり要監視。"
751,001Nn00000eVcb6,3120001089729,株式会社出前館,架電可（G列訂正あり）,"G列訂正：397.21億円（39,721百万円）は2025年8月期・連結","○ 妥当（G列訂正：397.21億円（39,721百万円）は2025年8月期・連結。決算短信は〔日本基準〕(連結)であり「単体」表記は誤り）：数値は決算短信で再現（前期比▲21.2%）。親子判定を再検証：LINEヤフーの出前館株式保有比率は37.43%（2024年7月変更報告書）で、LY社は出前館を連結子会社ではなく非連結の持分法適用関連会社として維持と開示。よって親会社側判定となり自社連結397.21億円を採用可、子会社単体要件は不適用。"
758,001Nn00000eVchu,2010001107072,郷商事株式会社,架電可（G列訂正あり）,G列訂正：自社HP（会社案内パンフレット・会社概要）で確認できるのは「2025年3月31日現在 売上高455億円・従業員155名」,○ 妥当（G列訂正：自社HP（会社案内パンフレット・会社概要）で確認できるのは「2025年3月31日現在 売上高455億円・従業員155名」。471億円/2026年3月期は承認ソースで再現できなかった）：いずれの値でも300億を大幅に超えるため架電可。なお当社は国内8拠点・海外含むグループ会社10社を持つ親会社側であり、子会社への連結値流用には当たらない。
759,001Nn00000eVciC,3010701012439,日本石油輸送株式会社,架電可（G列訂正あり）,G列訂正：2026年3月期の公表値は連結売上高385.37億円（前期比+3.9%、2026年5月13日決算短信）,"○ 妥当（G列訂正：2026年3月期の公表値は連結売上高385.37億円（前期比+3.9%、2026年5月13日決算短信）。G列の323.35億円＝32,335百万円はgBizINFO（EDINET）掲載値で、2026年3月期の連結値としては再現できず、単体値または別期の値の可能性）：親子判定は、筆頭株主ENEOSホールディングスの持株比率が29.14%（2025年3月末）で50%未満のため子会社ではなく、連結値の採用も可。単体323.35億円・連結385.37億円のいずれでも300億超だが、基準への余裕は小さく数値の期ずれに注意。"
769,001Nn00000eVcoW,1011001016231,株式会社アトレ,架電可（G列訂正あり）,G列訂正：477.82億円は裏付けが取れず、2025年3月期・単体787.45億円への差し替えを推奨）：JR東日本の子会社のため単体判定,"○ 妥当（G列訂正：477.82億円は裏付けが取れず、2025年3月期・単体787.45億円への差し替えを推奨）：JR東日本の子会社のため単体判定。自社電子公告ページで決算公告の掲載日（2026.6.26＝2025年度／2025.6.27＝2024年度／2024.6.27＝2023年度）を確認し、同社の年度表記が3月期を指すことは裏付けた。しかし1次採用値47,781,912千円をシード指定して検索しても一度も返らず、代わりに官報決算公告ベースの2025年3月期・単体787.45億円（前年比+10.3%、純利益25億300万円、2025/6/27公告）が整合的な数表として返る。1次値は原本未確認の可能性が高い。別途「2026年3月期144.28億円（前年比+10.52%）」とする結果も出たが、前年比から逆算すると前期約130億となり787.45億と両立せず、アトレスティル等の同系別法人の混入とみられるため採用しない。477.82億・787.45億いずれでも子会社単体で300億を超えるため判定○は不変。残る疑問：2026年3月期の確定単体値が原本PDFで未確認。なお同社公表の「SC売上高」（テナント取扱高約2,780億円）は会計上の売上高ではない。"
778,001Nn00000eVdBm,1180001016877,敷島製パン株式会社,架電可（G列訂正あり）,"G列訂正：より新しい2025年8月期の決算公告で売上高約1,783億円・営業利益74億円）","○ 妥当（G列訂正：より新しい2025年8月期の決算公告で売上高約1,783億円・営業利益74億円）。G列の1,740.08億円（174,008百万円＝1,740.08億円、桁検算済み・2024年8月期）は自社CSR報告書2024の記載で、最新確定期が2025年8月期のため直近3期以内に収まり規則違反ではないが、鮮度の観点から2025年8月期値への差し替えを推奨。非上場の株式会社・親会社で、いずれの期も基準を大きく超過。"
787,001Nn00000eVdC4,2300001003151,トヨタ紡織九州株式会社,架電可（G列訂正あり）,G列訂正：自社HP会社概要に2025年度売上高930億円の記載あり,○ 妥当（G列訂正：自社HP会社概要に2025年度売上高930億円の記載あり。G列の「894億円（2023年度）」は2024年3月期相当で直近3期の最古にあたるため、930億円（2025年度・単体）への更新を推奨）。トヨタ紡織100%出資の子会社だが単体で900億円前後あり基準クリア（連結値の流用ではない）。出典も社長年頭挨拶より自社HP会社概要のほうが強い。株式会社・基準の3倍超で判定に疑義なし。
819,001Nn00000eVdUW,5120901008067,株式会社ビケンテクノ,架電可（G列訂正あり）,"G列訂正：連結365.05億円（2026年3月期）を採用すべき）：G列の単体300.99億円（30,099,473千円）は基準300億をわずか0.99億円＝0.33%しか上回らず、単体だけを根拠にすると極めて危","○ 妥当（G列訂正：連結365.05億円（2026年3月期）を採用すべき）：G列の単体300.99億円（30,099,473千円）は基準300億をわずか0.99億円＝0.33%しか上回らず、単体だけを根拠にすると極めて危うい。同社は東証スタンダード上場（9791）の親会社であり§3-3により連結採用が可能で、2026年3月期の連結売上高は365億500万円（前期比+5.29%）。連結値なら余裕をもって基準を満たすため架電可否は○のまま。"
826,001Nn00000eVdUx,1011101058470,株式会社エンパワー,架電可（G列訂正あり）,G列訂正：決算期は「2025年度」ではなく2025年9月期,"○ 妥当（G列訂正：決算期は「2025年度」ではなく2025年9月期。売上高は977億5,831万円・単体）：独立系の株式会社で親子問題なし。977.58億円は前期810億0,765万円・前々期464億7,378万円と連続する決算公告系列として再現でき、基準の3倍超。ただし自社採用ページの記載自体はページ取得不可のため直接確認できず、同額が求人系の禁止ソースにも流通している点は留意。"
856,001Nn00000eVdfZ,8110001004394,ナミックス株式会社,架電可（G列訂正あり）,"G列訂正：1,282億円は自社ドメインnamics.co.jpを3クエリ探索しても一度も再現せず、1次値が誤りの疑いが濃厚）","○ 妥当（G列訂正：1,282億円は自社ドメインnamics.co.jpを3クエリ探索しても一度も再現せず、1次値が誤りの疑いが濃厚）。自社HP/CSRレポートで確認できたのは2017年度352億円・2019年度363億円・2021年度559億円。承認外ソースでは2025年3月期1,021.57億円（過去最高）との記載。非上場だが株式会社で親会社側のため単体/連結いずれも可。いずれの値でも300億の3倍超のため架電は可だが、G列の金額・年度はCSRレポート2025原本での実値確認を要する。"
857,001Nn00000eVdfa,2290001036343,西部電機株式会社,架電可（G列訂正あり）,G列訂正：単体/連結の別と数値に不整合）,"○ 妥当（G列訂正：単体/連結の別と数値に不整合）。西部電機は2025年3月期の連結売上高333.52億円（前期比4.4%増・過去最高）、2026年3月期の連結予想361億円（同8.2%増）。G列の「単体380.43億円」は連結予想を上回っており、単体≦連結の関係と矛盾する。38,043百万円は2026年3月期の連結実績値で「単体」表記が誤りの可能性が高い。最も保守的な333.52億円でも300億超のため○は維持するが、本ブロックで300億に対する余裕が最も薄い（+11%）行。"
865,001Nn00000eVdhT,5010401134779,クオール株式会社,架電可（G列訂正あり）,"G列訂正：2,907億円はクオールHDの2026年3月期グループ連結売上高であり、HDの事業子会社であるクオール(株)に連結値を当てた§3-3／§6-4違反","○ 妥当（G列訂正：2,907億円はクオールHDの2026年3月期グループ連結売上高であり、HDの事業子会社であるクオール(株)に連結値を当てた§3-3／§6-4違反。子会社に連結値は使用不可）。正しくはHD有報「主要な損益情報等」のクオール(株)単体1,140.43億円。ただし本反証では単体値そのものの再現に至らず、金額と決算期は有報現物での確認を要する。連結2,907億円のうち調剤薬局本体が1,140億円規模という配分は事業構成上妥当で、300億の3.8倍のため架電可否は○のまま動かない。"
894,001Nn00000eVdyh,6010401033848,大和地所レジデンス株式会社,架電可（G列訂正あり）,G列訂正：第35期356.36億円は3クエリ探索しても承認ソース・一般検索のいずれでも再現せず、期・金額とも要再確認）,"○ 妥当（G列訂正：第35期356.36億円は3クエリ探索しても承認ソース・一般検索のいずれでも再現せず、期・金額とも要再確認）。自社電子公告／官報決算公告で裏付けが取れる直近は第34期(2024/4/1〜2025/3/31)売上高538億9,071万2千円、第33期528.95億円。第35期公告が未収録の可能性も残るが、1次値が誤りである疑いは消えない。株式会社・出典は自社HP電子公告で承認ソース。第34期538.90億円・第35期356.36億円のいずれでも300億超のため架電可。分譲マンション業で期による振れが大きい点に留意。"
921,001Nn00000eVeV4,2011101021444,ヤマザキビスケット株式会社,架電可（G列訂正あり）,G列訂正：366.32億円（2025年12月期・単体）が正,○ 妥当（G列訂正：366.32億円（2025年12月期・単体）が正。営業利益33.39億円。親会社・山崎製パンの公式サイトに掲載された2026/2/6付「決算公告」で確認）。G列の「345.87億円（2024年・単体）」は1期古く数値も相違するため要更新。山崎製パンの子会社のため単体判定だが、366.32億円で300億超は維持され判定は○のまま。ただし300億まで約66億円しか余裕がなく、期によって割り込むリスクがあるため要監視。
938,001Nn00000eVeXB,4010001008748,太平電業株式会社,架電可（G列訂正あり）,"G列訂正：1,416.57億円（2026年3月期・連結））：架電可否は○のままだがG列の数値が誤り","○ 妥当（G列訂正：1,416.57億円（2026年3月期・連結））：架電可否は○のままだがG列の数値が誤り。太平電業(株)の2026年3月期決算短信(2026年5月14日)および決算説明資料(同5月21日)の売上高は連結141,657百万円=1,416.57億円(前期比12.7%増)。G列の192,675百万円=1,926.75億円は売上高ではなく受注高系の数字との取り違えと見られる(同期の受注高は196,992百万円)。単体1,926.75億円が連結1,416.57億円を上回るという矛盾も裏付け。同社は東証プライム上場の親会社のため§3-3により連結採用でよく、基準300億の約4.7倍で判定自体は反転しない。"
963,001Nn00000eVevX,7010001034997,東京製綱株式会社,架電可（G列訂正あり）,G列訂正,"○ 妥当（G列訂正の疑い）：反証を試みたが判定は覆らず。東証プライム上場（5981）の親会社であり§3-3で連結採用可。連結は2026年3月期中間303.6億円・通期予想640億円（2025/11/12開示の第2四半期決算短信／決算説明会資料）で300億を大きく超過するため○は堅い。一方G列の単体379.71億円（37,971百万円）は金額をシードした検索でも承認ソースから一度も再現できず、1次J列のgBizINFO URLの法人番号2010001017016はリストB列7010001034997と不一致（別法人の頁を引いた疑い）。単体値と決算期（2025年3月期の可能性）は要再取得。判定根拠は連結値に置き換えるのが安全。"
984,001Nn00000eVf47,9400001003829,株式会社薬王堂,架電不可（元△判定が妥当と確認）,"G列訂正：1,638.8億円は薬王堂ホールディングス（7679）の2026年2月期『連結』売上高であり、株式会社薬王堂の単体値ではない","○ 妥当（G列訂正：1,638.8億円は薬王堂ホールディングス（7679）の2026年2月期『連結』売上高であり、株式会社薬王堂の単体値ではない。G列が単体表記なら連結に訂正）：HD決算短信で2026年2月期 連結売上高1,638.8億円（前期比+7.8%）・営業利益52.85億円・親会社株主帰属純利益40.28億円を再確認。薬王堂HDは株式移転による純粋持株会社で約400店のドラッグストア運営は当社が担うため単体でも300億を桁違いに超過し架電可否は○で維持。ただし1次が下限の根拠とした親会社有報『関係会社の状況』の90%超による主要な損益情報等省略の注記は、検索枠切れのため本層では再確認できていない。単体実額は未取得。"
1018,001Nn00000eVfFO,4290801003094,株式会社ハローデイ,架電可（G列訂正あり）,G列訂正：株式会社ハローデイは純粋持株会社・株式会社ハローデイホールディングス（別法人番号4290801007145）傘下の子会社であり、H列の「グループ親会社として連結売上高を採用」は誤り,○ 妥当（G列訂正：株式会社ハローデイは純粋持株会社・株式会社ハローデイホールディングス（別法人番号4290801007145）傘下の子会社であり、H列の「グループ親会社として連結売上高を採用」は誤り。§3-3により単体で判定する必要がある。もっとも自社HP会社概要および自社採用サイトが同社の売上高824億88百万円（2025年3月期。ハローデイ49店＋ボンラパス6店＝55店を運営）と記載しており単体で300億超と解されるため架電可否は○を維持。G列H列を「単体・ハローデイHDの子会社」表記に修正要。
1068,001Nn00000eVfr4,7120001039721,福栄鋼材株式会社,架電可（G列訂正あり）,G列訂正：最新は2025年10月期・売上高645億円,○ 妥当（G列訂正：最新は2025年10月期・売上高645億円。G列の674.48億円〈2024年10月期〉は1期古い）。架電可否は○のまま（645億円でも基準300億の2.1倍）。あわせて出典URLも要訂正：H列の https://www.fukuei.com/wp-content/uploads/2025/11/設備仕様.pdf は「設備仕様」名のPDFで会社案内かどうか確認できない。正しい参照先は企業情報 https://www.fukuei.com/about/ （現行ドメインはfukuei.com、旧fukuei-steel.co.jpも併存＝D列は旧ドメイン）。注意：645億円という数値はマイナビ・就活会議・Baseconnect・ブンナビ・NIKKEI COMPASS等の禁止ソースにしか現れず、承認ソースでは再現できていない（§6-6）。年間加工量約60万トン・従業員327名（グループ393名、2025年11月時点）は整合。
1082,001Nn00000eVfzt,3040001015833,マックスバリュ関東株式会社,架電可（G列訂正あり）,G列訂正：★社名変更 §6-7★）,○ 妥当（G列訂正：★社名変更 §6-7★）。マックスバリュ関東株式会社は2026年3月1日付でダイエー関東事業を吸収分割承継＋イオンマーケット株式会社を吸収合併し、商号を「株式会社イオンフードスタイル」に変更した（法人番号3040001015833は存続会社として継続。U.S.M.H適時開示2026/3/2「経営統合完了に関するお知らせ」、イオン2026/3/1リリース）。したがってアポインターが「マックスバリュ関東」と名乗ると現存しない商号になるため、架電時は「株式会社イオンフードスタイル（旧マックスバリュ関東）」とすること。売上面：統合前単体の営業収益447億円（2025年2月期、親会社U.S.M.H統合報告書）、2026年2月期も447.65億円（0.9％減）で、U.S.M.H子会社の単体値として基準300億を満たす（§3-3、グループ連結を援用していないため§6-4の誤りなし）。統合後は3社合算でさらに増加見込み。指標は小売業のため「営業収益」でG列に明記済（§3-7適合）。留意点：採用値447億円は基準300億の1.49倍で余裕は薄い。
1085,001Nn00000eVfzx,4130001012168,京都トヨタ自動車株式会社,架電可（G列訂正あり）,G列訂正：最新値は売上高362億円・2024年度〈2025年3月期〉,○ 妥当（G列訂正：最新値は売上高362億円・2024年度〈2025年3月期〉。G列の『353億円（2023年度）』は1期古い）。自社HP会社案内 https://kyoto-toyota.jp/corporate の実在を確認。従業員520名（2025年4月1日現在）。単体362億円は基準300億を満たし、トヨタ販売店としての親子関係がどちらであっても単体で基準を超えるため親子判定は結論に影響しない（§3-3）。★留意点（薄い）★ 余裕は基準の1.21倍しかなく、362億／353億いずれの数値も kyoto-toyota.jp にドメイン限定した検索では本文を再現できず、実際に再現できたのはマイナビ等の禁止ソース経由のみ（§6-6）。gBizINFO（法人番号4130001012168）・官報決算公告系にも売上高の掲載を確認できなかった。架電前に会社案内ページの実額を目視確認することを推奨。
1088,001Nn00000eVg03,4180301019263,豊生ブレーキ工業株式会社,架電可（G列訂正あり）,G列訂正：出典URLが誤り）,"○ 妥当（G列訂正：出典URLが誤り）。H列が引く https://www.hosei.co.jp/english/ は英語版トップページで売上高の根拠にならない。正しい参照先は自社HP会社概要 https://www.hosei.co.jp/company/outline.html および https://www.hosei.co.jp/profile/outline/ （いずれも実在を確認）。数値面：2025年3月期の売上高1,012億円が確認でき、G列の883億円（2026年3月期）はこれより1期新しい値という位置づけになる。いずれの期でも単体で基準300億の3倍前後あり架電可否は○のまま。豊生ブレーキ工業株式会社は愛知県豊田市・1968年設立・従業員1,932名でアイシン系の子会社だが、子会社単体883〜1,012億円で§3-3の子会社要件を満たす（グループ連結を援用していない＝§6-4の誤りなし）。留意点：883億円（2026年3月期）という数値自体は承認ソースで再現できていない。"
1099,001Nn00000eVg7E,1013401002091,富士通フロンテック株式会社,架電可（G列訂正あり）,G列訂正：①852億円は環境報告書トレンドグラフ上の「国内売上高」であり単体/連結の別が不明,"○ 妥当（G列訂正：①852億円は環境報告書トレンドグラフ上の「国内売上高」であり単体/連結の別が不明。②これは会社分割前の数値である）。反証調査で重要事実を検出：2025/12/23付で富士通が簡易吸収分割契約を締結し、富士通フロンテックの流通製品・流通関連サービス事業／静脈認証関連事業／RFID関連事業（承継対象売上高19,271百万円＝192.71億円、2025年3月31日現在）を2026年4月1日付で富士通本体が承継した。吸収分割のため法人格は存続し社名変更もなく§6-7の消滅ケースには該当しないが、2026年3月期以降の売上高は大幅減となる。分割後の残存規模は概算660億円（852−192.71）で基準300億の2.2倍あり判定は反転しない。富士通の100%子会社（発行済株式8株）である点は再確認済みで、§3-3の子会社基準は単体でも充足する見込み。G列には分割前の数値である旨を注記すべき。"
1102,001Nn00000eVg7c,9430001007785,株式会社正栄プロジェクト,架電可（G列訂正あり）,G列訂正：単体／グループの別が未確定、かつ決算期表記に矛盾あり）,○ 妥当（G列訂正：単体／グループの別が未確定、かつ決算期表記に矛盾あり）。1次が再現できなかった675億円を自社HP会社概要で再現確認（令和6年12月期実績）＝承認ソース§3-4①での裏取りには成功。ただし反証点が3つ残る：①同ページの従業員数792名が「アルバイト・グループ会社含」と明記されており、売上高もグループ値の疑いが濃い。②グループには株式会社正栄プロジェクトHD（法人番号6430001029626）・株式会社EAGLE・株式会社エムトラスト等が併存し、21店舗（北海道/大阪16＋秋田のNEW YORK×2が5）は複数の運営会社に跨る。HDが登記上の親会社であれば§3-3により単体値が必須となる。③売上高は貸玉総額・税込ベース（令和元年12月期954億円＝税込の系列）で、純額表示に変更されれば桁が変わる（§6-3）。④HP上の期間表記が「令和6年12月期実績」と「令和5年1月〜12月」で食い違う。単体が300億未満だという積極的証拠は得られなかったため○を維持するが、本ブロックで最も疑いが残る行。
1103,001Nn00000eVg7f,2011101056358,株式会社ＮＴＴデータ・アイ,架電可（G列訂正あり）,G列訂正：決算期が未確定）,○ 妥当（G列訂正：決算期が未確定）。自社HPの決算公告ページで公開されている最新が第36期＝2025年3月期であることを確認したため、G列の「2025年度」が2025年3月期か2026年3月期かは出典上確定できない。964億円の本文はWebSearchで再現できなかったが、採用値は基準300億の3.2倍で、いずれの期を採っても判定は反転しない。NTTデータの子会社だが単体964億円で§3-3の子会社基準（単体300億以上）を満たす。決算公告は会社法440条に基づく単体BS/PLの開示であり、採用値が単体であることとは整合する。【社名・§6-7】公式表記は中黒なしの「株式会社NTTデータアイ」。C列の「株式会社ＮＴＴデータ・アイ」は旧表記のため架電時は要注意。
1104,001Nn00000eVg7j,6011001029641,鉄道情報システム株式会社,架電可（G列訂正あり）,G列訂正：383.38億円（2026年3月期・単体）と桁まで確定）,"○ 妥当（G列訂正：383.38億円（2026年3月期・単体）と桁まで確定）。1次の弱点＝383億と一致するのがマイナビ（禁止ソース§3-4）とcatr.jp（§7-1で承認可否が未確定）のみ、を解消した。gBizINFO（承認ソース§3-4③・§5-3⑦の公的機関）に前期2025年3月期の売上高354億円が掲載されており、これ単独で300億を超える。さらに2026年3月期383億3,800万円は前期比+8.22%で、354×1.0822≒383.1と検算が完全に一致するため数値の整合性も裏付けられた。どちらの期を採用しても判定は動かない。法人番号6011001029641はgBizINFO上で一致確認済み（同名別法人ではない）。JR各社の分散出資で支配株主を持たず、単体値採用が正しい点も再確認。○を支えるのはgBizINFOの354億円であり、383.38億円の直接の出典は承認ソースでない点だけ留意。1次が付した「架電前に目視確認を推奨」の留保は解除してよい。"
1109,001Nn00000eVgAB,3011001010678,シマダヤ株式会社,架電可（G列訂正あり）,G列訂正,○ 妥当（1次のG列訂正を追認：正しくは410.61億円（2026年3月期・連結）。「単体」表記は誤り）。反証調査では親子判定を疑って再確認したが、シマダヤホールディングス等の持株会社は介在せず、上場会社名そのものが「シマダヤ株式会社」（東証スタンダード・コード250A）であり、法人番号3011001010678が当該上場会社と一致することを確認（同名別法人ではない）。したがって親会社に該当し、§3-3により連結値の採用が正当。検算：家庭用254.38億＋業務用156.22億＝410.60億でセグメント合計が売上高410.61億と一致（桁誤読なし）。2026年5月12日開示のTDnet決算短信〔日本基準〕(連結)が出典で鮮度も可。採用値は基準の1.37倍と余裕が薄いが数値自体は確定。単体売上高は依然未確認だが親会社のため規則上は不要。
1110,001Nn00000eVgBP,7010001034865,東洋埠頭株式会社,架電可（G列訂正あり）,G列訂正：380.79億円と小数まで確定）,"○ 妥当（G列訂正：380.79億円と小数まで確定）。2026年3月期の連結営業収益38,079百万円＝380.79億円（前期比+8.49%）、親会社株主に帰属する当期純利益14.66億円（+30.43%）を確認し、G列の380億円と整合（3,807,900万円→380.79億円で桁検算済み）。親子判定を反証側から当たったが、東洋埠頭を連結子会社とする親会社は検出されず、2023年10月に東証プライムからスタンダードへ市場変更した独立上場会社（9351）である。よって§3-3により連結値採用が正当で、子会社への連結値当てはめではない。セグメントは国内総合物流86%・国際物流14%。港湾運送・倉庫業のため「営業収益」表記である旨はH列に明記済み。残る疑問：単体営業収益は未確認で300億を下回る可能性があるが、親会社であるため規則上は連結値で可。採用値は基準の1.27倍と本ブロック最薄のため、次期に減収があれば再判定が必要。"
1121,001Nn00000eVgNL,1370801000359,株式会社キタセキ,架電可（G列訂正あり）,"G列訂正：2,240億円（2026年6月期）・自社HP会社概要）","○ 妥当（G列訂正：2,240億円（2026年6月期）・自社HP会社概要）。現行の kitaseki.co.jp/company/summary/ は「売上高2,240億円（2026年6月期）／従業員326名（2025年4月現在）」を表示しており、G列の「2,362億円・決算期記載なし」は旧表示と思われる。§3-8の決算期明記を満たすよう訂正推奨。コスモ石油特約店の自社単体値でいずれも300億を大幅超過、架電可否は○のまま。法人番号1370801000359で照合済。"
1132,001Nn00000eVgju,7230001000928,コーセル株式会社,架電不可（元×判定が妥当と確認）,G列訂正：連結250.46億円〈2026年5月期〉が判定値）：コーセルは東証上場の親会社のため§3-3により連結で判定してよい,○ 妥当（G列訂正：連結250.46億円〈2026年5月期〉が判定値）：コーセルは東証上場の親会社のため§3-3により連結で判定してよい。2026年5月期決算短信で連結売上高250億46百万円（前期比7.4%減）を確認。G列の単体175.98億円と併せいずれも300億未満で×の結論は変わらないが、G列は連結値を採用し「（2026年5月期・連結）」と記載すべき。
1147,001Nn00000eVgqB,9180001088975,ニデックモビリティ株式会社,架電可（G列訂正あり）,"G列訂正：1,368億円（2023年度）→314.61億円（2025年3月期・単体））：ニデック100%子会社のため§3-3で単体値が必須","○ 妥当（G列訂正：1,368億円（2023年度）→314.61億円（2025年3月期・単体））：ニデック100%子会社のため§3-3で単体値が必須。自社HP企業概要の「売上高1,368億円（2023年度）」はニデックモビリティ“グループ”の値であり単体ではない。官報決算公告（法人番号9180001088975一致・愛知県小牧市・代表和田克弘）の第15期＝決算末日2025年3月31日の単体売上高は314億6,100万円（前年比5.38%減／営業利益30.92億円・経常利益44億円・純利益33.73億円）。単体でも300億を超えるため架電可否は○のままだが、余裕は基準比+4.9%しかなく、1次の「基準の4.5倍で反転余地なし」は誤り。さらに第13期（2023年3月期）の単体売上高は296億8,900万円＝300億未満であり、G列の「2023年度・単体」表記のままでは基準を満たさない期を指すことになる。次期の300億割れを要監視。"
1153,001Nn00000eVgrW,5010501021530,住友重機械建機クレーン株式会社,架電可（G列訂正あり）,G列訂正：正しくは442.89億円〈2025年12月期＝第23期・単体〉,"○ 妥当（G列訂正：正しくは442.89億円〈2025年12月期＝第23期・単体〉。1次の『410億円』は承認ソースで再現不可）：住友重機械工業の100%子会社のため§3-3は単体基準で判定。■反証検索：金額をシード指定した検索で410億円は一度も返らず、代わりに官報決算公告（第23期・2025年12月期）の売上高442億8,900万円が返った。自社ドメイン限定検索でも会社概要ページに売上高は現れず、自社IR『決算情報』は平成18〜29年分のみで『平成30年以降は住友重機械工業の決算情報に連結して報告』と明記＝単体開示を停止済み。1次が根拠とした自社HP会社概要に410億の記載があるかは確認できなかった。■判定維持：410億・442.89億いずれも基準300億の1.4倍超で、どちらを採っても判定は不動。■残る疑問：直近値の唯一の出所が官報決算公告の二次サイト(catr.jp)であり§7-1の未確認事項に該当。承認ソース性が確定するまで証跡は弱い。■§6-7：2027/1/1付で住友重機械工業へ吸収合併され法人格消滅予定（2026/9時点は存続）。"
1184,001Nn00000eVh7d,6180001015239,株式会社日特スパークテックＷＫＳ,架電可（G列訂正あり）,"G列訂正：△要再確認（○を維持できず）：子会社のため§3-3により単体300億以上の立証が必須だが、採用値1,028億円は独立4クエリ（社名+会社概要/金額シード/自社ドメイン限定/決算期指定）で承認ソースから","○ 妥当（G列訂正：△要再確認（○を維持できず）：子会社のため§3-3により単体300億以上の立証が必須だが、採用値1,028億円は独立4クエリ（社名+会社概要/金額シード/自社ドメイン限定/決算期指定）で承認ソースから一度も再現できなかった。自社HP会社案内(pages/3)は検索に索引されているが売上高の記載は抽出されず、金額が出るのは転職会議・Yahoo!しごとカタログ・doda・OpenWork・Baseconnect・NIKKEI COMPASS等の禁止ソースのみ（§3-4/§6-6の加藤化学と同型）。E列レンジ(300億以上〜1,000億未満)とも矛盾。日本特殊陶業100%出資の captive 製造子会社で売上の大半が内部売上のため親Niterra有報の関係会社の状況でも主要な損益情報の開示義務が生じず、親IRからの裏取りも不可。法人番号6180001015239・愛知県小牧市で同名法人の取り違えはない。金額の真偽（300億割れの可能性）は否定も肯定もできないため、会社案内ページを直接開いて単体売上高を確認するまで架電可とすべきでない。"
1199,001Nn00000eVhsZ,8010801013514,株式会社ニシヤマ,架電可（G列訂正あり）,G列訂正：418億円〈2023年度・単体〉は鮮度切れの古い値,"○ 妥当（G列訂正：418億円〈2023年度・単体〉は鮮度切れの古い値。正しくは2026年3月期売上高511億7,700万円＝511.77億円、前期比9％増で500億円を突破。今期予想544億円、2028年度目標560億円）。架電可否は○のまま。出典はゴム報知新聞NEXT（決算期と売上高が明記された業界紙記事＝§3-4の承認ソース4）および自社HP企業情報。"
1208,001Nn00000eVhtQ,6140001011869,六甲バター株式会社,架電可（G列訂正あり）,G列訂正：「単体」は誤り,"○ 妥当（G列訂正：「単体」は誤り。2025年12月期決算短信の売上高432億9,300万円＝432.93億円は連結値。六甲バターは2025年11月に株式会社ミツヤグループ本社の株式51%を追加取得してミツヤグループを完全子会社化し、2025年第4四半期より連結決算へ移行した初年度のため前期比なし）。※1次所感の「三ツ矢グループの子会社化」は取得方向が誤読されうる表記だが、六甲バターは取得側＝親会社であり子会社ではない。東証上場(2266)の親会社として§3-3により連結値で判定可、432.93億円は基準300億を超過。決算期12月期はG列記載どおり正しい。2026年12月期は連結売上高550億円を予想。"
1213,001Nn00000eVhts,6010001056010,フォーデイズ株式会社,架電可（G列訂正あり）,"G列訂正：303.61億円（2026年3月期・単体））：日本流通産業新聞オンラインで2026年3月期売上高303億6,100万円（前期比1.7％減）、経常利益26億8,900万円を確認","○ 妥当（G列訂正：303.61億円（2026年3月期・単体））：日本流通産業新聞オンラインで2026年3月期売上高303億6,100万円（前期比1.7％減）、経常利益26億8,900万円を確認。新聞社記事で決算期・売上高明記のため承認ソース（§3-4-4）。G列「303億円」は概数で誤りではないが正確には303.61億円。非上場・単体、親子問題なし、株式会社。ただし300億基準に対しマージンわずか3.6億円（1.2％）かつ減収基調で、次期は基準割れの可能性がある要監視行。"
1222,001Nn00000eVhvS,2010001080336,東京シティ青果株式会社,架電可（G列訂正あり）,G列訂正,"○ 妥当（G列訂正の可能性：承認ソースで確認できたのは売上高1,006億円（2024年度・税込）で、G列の962億円（2025年度）は再現できなかった）：豊洲市場5街区青果棟の卸売業者、法人番号2010001080336（gBizINFO）一致、東京青果株式会社（別法人）との取り違えなし（§6-2）。設立2002年10月、従業員232名、資本金4億円。いずれの値でも300億基準を3倍以上上回り架電可否は不変。卸売市場業者のため売上高は税込の卸売販売高である点に留意。株式会社。"
1226,001Nn00000eVhvs,9200001004995,株式会社丸杉,架電不可（元△判定が妥当と確認）,G列訂正：923億円・単体／決算期は自社サイトに明記なし,○ 妥当（G列訂正：923億円・単体／決算期は自社サイトに明記なし。940億円・2022年度ではなくこちらを採るべき）：金額シード検証を実施し「923億円」で再検索したが、矛盾する別の整合的な数表は一切返らず、同値が自社ドメイン www.marusugi-recruit.com「丸杉について」会社データ（売上高923億円・従業員357名）から再現された＝1次値が誤りである信号は出ていない。自社HP会社情報の940億円（過去最高益）は§3-8の鮮度外だが、923億円は2027卒向け採用サイトの現行会社データで承認ソース系統9に該当。300億円の3倍で桁の余裕は決定的。残る弱点は決算期の非表示のみ。
1227,001Nn00000eVhwC,8080001009100,株式会社ホンダカーズ静岡,架電可（G列訂正あり）,"G列訂正：304.3760億円（2025年3月期・単体））：自社HP会社概要で確認できるのは売上高304億3,760万円（2025年3月決算期）、従業員419名（2025年3月現在）","○ 妥当（G列訂正：304.3760億円（2025年3月期・単体））：自社HP会社概要で確認できるのは売上高304億3,760万円（2025年3月決算期）、従業員419名（2025年3月現在）。G列の「330.6229億円（2026年3月期）」は自社HP・新聞・公的機関いずれの承認ソースでも再現できず、2026年3月期の数値は未公表と判断。株主は「本田技研工業株式会社 他3名」＝本田技研の子会社にあたるが、単体304.38億円で300億以上のため子会社ルール（§3-3）を充足し架電可否は○のまま。ただし基準超過はわずか4.38億円（1.4％）で、2026年3月期の実績次第では基準割れの可能性がある最も危険な行。設立2007年5月、資本金3億4,500万円、株式会社。"
1231,001Nn00000eVhwR,7490001001669,中澤氏家薬業株式会社,架電可（G列訂正あり）,G列訂正,○ 妥当（G列訂正の可能性：承認ソースで確認できたのは611億円（2025年3月現在）／597億円（2024年3月現在）で、G列の632億円（2025年度）は再現できなかった）：同社はメディパルホールディングス傘下の子会社であるため子会社ルール（§3-3）が適用されグループ連結値は使用不可だが、G列は子会社単体値であり、611億円でも632億円でも単体300億円以上を充足するため架電可否は○のまま。高知県内最大の医薬品総合卸、法人番号7490001001669（gBizINFO）一致で同名企業の取り違えなし（§6-2）。株式会社。
1257,001Nn00000eVi2O,5010001084045,富士製薬工業株式会社,架電可（G列訂正あり）,G列訂正：正しくは516.77億円〈2025年9月期・連結〉,"○ 妥当（G列訂正：正しくは516.77億円〈2025年9月期・連結〉。G列の461.38億円は2024年9月期の値で1期古い）：2025年9月期決算短信（2025/11/11開示）で連結売上高51,677百万円＝516.77億円（前期比+12.0%）を確認。桁検算OK。上場の親会社で連結採用に問題なし。いずれの期でも300億超のため架電可否は○のまま。"
1272,001Nn00000eVi44,6230001005201,北陸電気工業株式会社,架電可（G列訂正あり）,G列訂正：431.28億円は「2026年3月期」ではなく2025年3月期・連結の値,"○ 妥当（G列訂正：431.28億円は「2026年3月期」ではなく2025年3月期・連結の値。2025/5/9開示の2025年3月期決算短信で連結売上高431億2,800万円〈前期比▲0.13%〉と確認。決算期を1期繰り上げて記載している）：同名類似社の取り違えにも要注意——北陸電気工事株式会社（1930、2026年3月期連結610.28億円）は別法人。当社は6989・富山の電子部品メーカー（抵抗器・センサ）。2026年3月期は4〜12月期でEV向け電子部品が落ち込み減益との報道があり数値は要更新だが、売上規模は400億円台で300億を大きく超えるため架電可否は○のまま。"
1286,001Nn00000eViLm,5040001018652,朋和産業株式会社,架電可（G列訂正あり）,"G列訂正：再現できたのは884億円・2025年3月）：自社HP会社概要の掲出値は売上高884億円／従業員1,584名（いずれも2025年3月）","○ 妥当（G列訂正：再現できたのは884億円・2025年3月）：自社HP会社概要の掲出値は売上高884億円／従業員1,584名（いずれも2025年3月）。G列の922億円（2026年3月）は今回の検索では再現できず、決算期の取り違えの疑い。なお親会社はTOPPANではなくレンゴーグループ。子会社だが単体884〜922億円で300億を大幅超のため架電可否は○のまま。"
1296,001Nn00000eViMU,9010001142187,昭和リース株式会社,架電可（G列訂正あり）,G列訂正：子会社のため単体を採用すべき）：昭和リースは株式会社SBI新生銀行の子会社,"○ 妥当（G列訂正：子会社のため単体を採用すべき）：昭和リースは株式会社SBI新生銀行の子会社。§3-3・§6-4により子会社に連結値は使えず、G列の1,522.30億円（連結）は判定根拠として不可。官報決算データベースでは単体売上高642.57億円（2026年3月期・前期比53.3%増）で、単体でも300億を大幅超のため架電可否は○のまま。ただし単体値の出典がcatr.jp単独＝§7-1の先方確認待ち。自社HPに有価証券報告書（個別財務諸表）が掲載されており原典確定が可能。"
1308,001Nn00000eViRP,5010501024921,株式会社高山,架電不可（元△判定が妥当と確認）,"G列訂正：2,310.57億円・2025年2月期）","○ 妥当（G列訂正：2,310.57億円・2025年2月期）。1次の2,063億円は2017年2月期＝9期前で§3-8鮮度違反。日本食糧新聞2025/9/18「全国卸流通特集：菓子卸＝上位4社全て増収」で髙山の2024年度売上高2,310億円（前年比6.2%増）を確認し、独立2クエリが同値2,310億5,700万円に収束。新聞社ソース§3-4-4。菓子卸上位4社の一角で、コンフェックスと違いヤマエGHD等の傘下ではなく子会社ではない。300億の約7.7倍で判定自体は不変"
1327,001Nn00000eViTr,7120001055693,株式会社シエル石油大阪発売所,架電可（G列訂正あり）,G列訂正：自社HP会社概要で確認できる最新値は474億円（2025年1月期・単体）,○ 妥当（G列訂正：自社HP会社概要で確認できる最新値は474億円（2025年1月期・単体）。G列の「450億円（2026年1月期）」は同HPを絞り込んで検索しても再現できず、2026年1月期の数値は未公表の可能性。2024年1月期は459億円）。いずれの期でも300億を1.5倍超過するため架電可否は○のまま。なお正式商号は法人番号7120001055693で「株式会社シエル石油大阪発売所」だが、自社HPおよび商流上の表記は「株式会社シェル石油大阪発売所」。架電時の名乗りに注意（§6-7関連）。
1342,001Nn00000eVic9,1180001034813,株式会社オークローンマーケティング,架電不可（△要再確認）,G列訂正,△ §7-1回答待ち（G列訂正）：最新は第32期＝2025年3月期・単体の売上高424.19億円（前期比+17.09%）。1次が採った362.28億円は第31期＝2024年3月期の前年度値でありG列は第32期424.19億円に訂正。出典は官報決算公告の二次収録サイトcatr.jpのみで、自社HP企業情報・親会社NTTドコモのIR・gBizINFOには単体売上高の記載なし。catr.jpが承認ソースと認められれば○に回収可（第31期・第32期とも300億超）。
1365,001Nn00000eVijT,7010701027334,いすゞリーシングサービス株式会社,架電可,G列要訂正,"○ 妥当（G列要訂正）：いすゞ自動車の子会社だが親の連結ではなく単体値の採用で§3-3・§6-4は適合。再検証で2026年3月期の決算公告ベースの売上高4,396.14億円・総資産3,725.06億円・純利益86.19億円を確認したが、G列の1,677.77億円とも1次が併記した1,031.75億円とも一致せず、同一期に3値が並立している。どの値でも300億の3倍超のため架電可否は○で不動。G列の金額はEDINET有報原本で確定させること。"
1367,001Nn00000eVijm,7010401017478,株式会社ダンロップスポーツマーケティング,架電可（G列訂正あり）,G列訂正：325億円は「2025年12月期・単体」）：住友ゴム100%子会社,○ 妥当（G列訂正：325億円は「2025年12月期・単体」）：住友ゴム100%子会社。親の連結でなく自社採用HP『数字で見る』の単体325億円を採用しており§3-3を充足。再検証で決算公告（官報決算DB。§7-1の未確認ソースのため決算期の確認のみに使用）から決算期＝12月末と判明し、G列の「2025年実績」は2025年12月期。ただし前年2024年実績は278億円＝300億未満で、超過は+25億と本ブロック最薄。翌期に割り込む可能性があり架電前に最新期の再確認を推奨。
1380,001Nn00000eVip6,9120001087719,株式会社光アルファクス,架電可（G列訂正あり）,G列訂正：477億円は「2025年3月期・連結」）：自社採用HP『数字で見る』の連結477億円を再現,○ 妥当（G列訂正：477億円は「2025年3月期・連結」）：自社採用HP『数字で見る』の連結477億円を再現。再検証で大阪中小企業投資育成（公的性格の投資会社）の投資先企業一覧に掲載されており独立系＝登記上の親会社なしと裏付け、親会社扱い＝連結採用は§3-3適合。§3-8も充足。なお2026年3月期を455億円台とする情報が流通するが出典が求人・与信系（禁止ソース）のため不採用。いずれの値でも300億は充足し判定は不動。
1401,001Nn00000eViyv,6140001008205,株式会社コベルコロジスティクス,架電可（G列訂正あり）,G列訂正,"○ 妥当（G列訂正の可能性）：神戸製鋼グループの子会社だが単体値のため§3-3適合、300億を大幅超過で架電可否は○のまま。【社名変更§6-7】2025年7月1日に「神鋼物流株式会社」から「株式会社コベルコロジスティクス」へ商号変更済み。リストの社名は新商号で正しい。数値は決算公告ベースで第91期売上高57,133百万円＝571.33億円との情報があり、G列の57,641百万円＝576.41億円と一致しない。決算期の取り違えの可能性があるため自社HP会社概要で期と金額を確定させること（いずれも300億超のため判定不変）。"
1407,001Nn00000eVizp,4290801010181,大英産業株式会社,架電可（G列訂正あり）,G列訂正：単体→連結）：福証（2974）上場の独立系親会社のため§3-3によりグループ連結値で可,○ 妥当（G列訂正：単体→連結）：福証（2974）上場の独立系親会社のため§3-3によりグループ連結値で可。出典の2025年9月期決算短信は〔日本基準〕（連結）であり、連結売上高390.93億円（前期比5.4%増）・営業利益13.05億円（同44.9%増）を再現確認。よってG列の「（2025年9月期・単体）」は表記誤りで、正しくは「390.93億円（2025年9月期・連結）」。単体値は未確認（親会社のため判定に不要）。9月決算のため2025年9月期が最新開示（2026年9月期は未到来）で鮮度問題なし。基準300億に対し約1.3倍の薄マージン。架電可否は○のまま不変。
1416,001Nn00000eVj0w,2010401079028,東京ガスエンジニアリングソリューションズ株式会社,架電可（G列訂正あり）,G列訂正：東京ガス100%子会社で単体判定は正しく、300億超も確実（○維持）,"○ 妥当（G列訂正：東京ガス100%子会社で単体判定は正しく、300億超も確実（○維持）。ただしG列1,876億円は官報決算データベースcatr.jp第21期決算公告（2026年3月期）の値と一致し、H列の出典「自社HP会社概要」は誤り。自社HP会社情報の確認値は2024年度 単体1,740億円／連結2,189億円。G列は「1,740億円（2024年度・単体）」＋自社HP、またはcatr.jp単独なら§7-1の先方確認待ちとすべき。"
1426,001Nn00000eVjAY,8010401089509,ＳＦＩリーシング株式会社,架電可（G列訂正あり）,"G列訂正：期番号）：決算公告が貸借対照表のみで売上高を含まない可能性を疑ったが、官報収録の第14期決算公告に売上高388.22億円・資産合計1,174.27億円の記載があり、当社の決算公告に損益計算書が含まれる","○ 妥当（G列訂正：期番号）：決算公告が貸借対照表のみで売上高を含まない可能性を疑ったが、官報収録の第14期決算公告に売上高388.22億円・資産合計1,174.27億円の記載があり、当社の決算公告に損益計算書が含まれることを確認（catr.jpは§7-1により証跡ではなく整合性照合にのみ使用）。採用値417.09億円は第14期388.22億円からの推移として整合。自社PDFは financial_2021/2022/2023.pdf の年次命名で実在し financial_2025.pdf＝2025年3月期。設立2010年8月・3月決算のため2025年3月期は第15期で、H列「第16期」は1期ずれ（第16期＝2026年3月期）。単体値・450億未満は維持。"
1442,001Nn00000eVjJe,9290001056797,株式会社ｗｅｌｚｏ,架電可（G列訂正あり）,G列訂正：自社HP会社概要は418億円）：G列の488.05億円（2025年12月期）は今回も承認ソースから再現できず、自社HP会社概要（英文outline）には売上高41.8 billion yen＝418億,"○ 妥当（G列訂正：自社HP会社概要は418億円）：G列の488.05億円（2025年12月期）は今回も承認ソースから再現できず、自社HP会社概要（英文outline）には売上高41.8 billion yen＝418億円・資本金4.7億円・従業員208名と記載。48,805百万円の出所は承認ソースで確認できない。禁止ソース側の2024年度501.37億円は採用不可。いずれの値でも300億を大きく超えるため架電可否は○のままだが、G列の数値・決算期は自社HP記載の418億円系への訂正が必要。"
1470,001Nn00000eVjXA,2240001031134,株式会社外林,架電可（G列訂正あり）,G列訂正：決算期の明記が必要）：自社HP会社概要に「単独売上高983億円」の記載はあるが決算期の記載がなく、§3-8の鮮度判定ができない,○ 妥当（G列訂正：決算期の明記が必要）：自社HP会社概要に「単独売上高983億円」の記載はあるが決算期の記載がなく、§3-8の鮮度判定ができない。別ソースでは2024年度858.87億円との記載もあり数値に幅がある。いずれも300億を大幅に超えるため架電可否は○。G列に「○年○月期」を補記のこと。
1474,001Nn00000eVjXq,4010401017209,立川ブラインド工業株式会社,架電可（G列訂正あり）,"G列訂正：より新しい決算期あり）：41,407,715千円＝414.08億円は2024年12月期として正しく、§3-8の直近3期内","○ 妥当（G列訂正：より新しい決算期あり）：41,407,715千円＝414.08億円は2024年12月期として正しく、§3-8の直近3期内。ただし2026/2/10公表の2025年12月期 連結売上高42,623百万円＝426.23億円が最新。いずれも300億超で架電可否は○。採用値は450億円未満で基準に近い。"
1506,001Nn00000eVjf2,3120901010347,アルインコ株式会社,架電可（G列訂正あり）,G列訂正：626.32億円（2026年3月期・連結））：2026年5月1日開示の決算短信で2026年3月期連結売上高626億32百万円（+1.7%）を確認,○ 妥当（G列訂正：626.32億円（2026年3月期・連結））：2026年5月1日開示の決算短信で2026年3月期連結売上高626億32百万円（+1.7%）を確認。G列の616.01億円は前期2025年3月期の値で1期古い。親会社（東証5933）のため連結採用は§3-3に適合。判定は○のまま。
1522,001Nn00000eVjrg,6011001029526,ＧＭＯインターネットグループ株式会社,架電可（G列訂正あり）,"G列訂正：2,856.26億円（2025年12月期・連結））：2026年2月12日開示の2025年12月期決算短信（連結）で売上高2,856.26億円（+3.0%）を確認","○ 妥当（G列訂正：2,856.26億円（2025年12月期・連結））：2026年2月12日開示の2025年12月期決算短信（連結）で売上高2,856.26億円（+3.0%）を確認。逆算前期は約2,772億円でG列の2,774億円（2024年度）とも整合するが1期古いため最新値へ更新すべき。親会社（東証9449）で連結採用可、判定は○のまま。"
1525,001Nn00000eVjsf,7120001106637,株式会社森本組,架電可（G列訂正あり）,G列訂正：大豊建設の完全子会社で単体判定は正しく300億超も維持（○維持）,"○ 妥当（G列訂正：大豊建設の完全子会社で単体判定は正しく300億超も維持（○維持）。ただしG列317.40億円（2026年3月期）は親会社決算短信の記載として再確認できず（大豊建設2026年3月期は連結1,398.18億円で子会社別売上の開示を確認できない）。自社HP業績ハイライトでは売上高389億円（令和7年3月期）。G列は自社HP値へ差し替えを推奨。"
1538,001Nn00000eVjtN,9180001081550,株式会社青山製作所,架電可（G列訂正あり）,"G列訂正：2,139億円は「連結」売上高であり単体ではない）","○ 妥当（G列訂正：2,139億円は「連結」売上高であり単体ではない）。自社HP会社概要で2025年度連結売上高2,139億円・連結従業員5,495名（2026年3月）を確認。過年度は連結1,389億円／単独742億円の表記があり、単体と連結は明確に別値。当社は独立系の親会社（子会社ではない）ため§3-3により連結値で300億基準を充足し架電可否は○のまま。G列は「2,139億円（2025年度・連結）」に修正のこと。"
1567,001Nn00000eVk9J,5100001010074,株式会社Ｒ＆Ｃながの青果,架電可（G列訂正あり）,G列訂正：決算期を「2025年3月期」と明記のこと）,"○ 妥当（G列訂正：決算期を「2025年3月期」と明記のこと）。1次の「自社HP現行値」では§3-8の鮮度が判定できなかったため追検証し、2025年3月期の売上高1,115億9,800万円を確認（自社HP採用ニュースの1,100億円と整合）。直近3期以内で鮮度も充足。2022年4月に長野県連合青果と長印が合併して発足した独立法人で子会社ではない。なお1,115.98億円の精緻な数値はマイナビ／Wikipedia系にも流通するため、G列出典は自社ドメインrcns.jpの表記を採用すること。"
1569,001Nn00000eVk9b,8120001086639,株式会社プレサンスコーポレーション,架電可（G列訂正あり）,G列訂正：子会社である旨と決算期）,"○ 妥当（G列訂正：子会社である旨と決算期）。当社はオープンハウスグループの子会社で2025年3月28日に上場廃止。§3-3により子会社は単体300億以上が要件であり、G列の1,807.45億円は当社「連結」値のためそのままでは根拠にならない。ただしOHG有価証券報告書の関係会社の状況で当社の売上高が連結売上高1兆2,958億円の10%超（＝約1,296億円超）と注記されており、単体でも基準を大きく充足すると確認できるため架電可否は○のまま。最新期は2025年9月期（連結2,186.24億円の業績予想開示あり）。"
1586,001Nn00000eVkP3,7013101000299,トヨタＳ＆Ｄ西東京株式会社,架電可（G列訂正あり）,G列訂正：決算期が1期古い）：トヨタ系ディーラー,"○ 妥当（G列訂正：決算期が1期古い）：トヨタ系ディーラー。2025年3月期・単体762億円／従業員1,091名との記載が確認でき、G列の702億円（2024年3月期）は1期前の値。2024年3月期も直近3期以内（§3-8）で700億超のため架電可否は不変だが、最新期へ更新すべき。762億円の出典は自社HP会社概要で要最終確認（検索要約にマイナビ等の禁止ソースが混在していたため断定せず）。いずれにせよ基準300億の2倍超。"
1587,001Nn00000eVkP9,4230001001499,ダイト株式会社,架電可（G列訂正あり）,"G列訂正：出典をTDnet決算短信へ差替推奨）：TDnet掲載の「2026年5月期 決算短信〔日本基準〕（連結）」（2026/7/10公表）で連結売上高506億5,000万円を確認","○ 妥当（G列訂正：出典をTDnet決算短信へ差替推奨）：TDnet掲載の「2026年5月期 決算短信〔日本基準〕（連結）」（2026/7/10公表）で連結売上高506億5,000万円を確認。G列506.51億円と一致し桁検算OK。営業利益36億3,700万円（前期比38.8%増）。上場（4577）の親会社のため連結採用可（§3-3）。決算期は直近。"
1615,001Nn00000eVkRZ,5380001005402,佐藤株式会社,架電可（G列訂正あり）,"G列訂正：決算期が1期古い）：G列の1,251億円（2024年12月期）は自社採用サイト「数字で見るボーキ佐藤」の値で3期以内のため架電可否は不変","○ 妥当（G列訂正：決算期が1期古い）：G列の1,251億円（2024年12月期）は自社採用サイト「数字で見るボーキ佐藤」の値で3期以内のため架電可否は不変。ただし最新は2025年12月期・単体1,275億7,500万円（前年比1.9%増）で、決算期を1期新しくすべき。中期経営計画で2030年に売上高1,500億円を掲げる。法人格は株式会社（佐藤株式会社）で問題なし。基準300億の4倍超で余裕大。"
1625,001Nn00000eVkch,1010401084004,ＢＡＳＦジャパン株式会社,架電可（G列訂正あり）,"G列訂正：2,300億円はBASFジャパン株式会社単体の売上高ではない）：同社はBASF SEの日本法人＝子会社のため§3-3により単体300億円以上が必要","○ 妥当（G列訂正：2,300億円はBASFジャパン株式会社単体の売上高ではない）：同社はBASF SEの日本法人＝子会社のため§3-3により単体300億円以上が必要。自社HPの約2,300億円はBASFグループの日本地域売上高で複数法人を含むグループ値であり、当社単体には使えない。反証検索で官報決算公告（catr.jp収録）の第71期＝決算日2025年3月31日・単体売上高1,038億3,435万6,000円（前年比▲4.51%）を独立に再現でき、値・決算期とも1次と一致。基準300億円の3.4倍で桁の疑いはなく、数値が多少ぶれても判定は反転しない。ただし単体値の出典が官報まとめサイトcatr.jp単独であり、§7-1（catr.jpが承認ソースか）の先方確認対象として残る。"
1631,001Nn00000eVkds,6180001041879,リンタツ株式会社,架電可（G列訂正あり）,"G列訂正：決算期は「2025年度」ではなく2025年9月期）：日刊産業新聞（2025/12/15）が2025年9月期の売上高759億3,065万円・前期比3.8%減・当期純利益28億7,896万円と決算期と金額","○ 妥当（G列訂正：決算期は「2025年度」ではなく2025年9月期）：日刊産業新聞（2025/12/15）が2025年9月期の売上高759億3,065万円・前期比3.8%減・当期純利益28億7,896万円と決算期と金額を明記しており、§3-4の新聞社ソースに該当。自社HP「リンタツの特長」の数値とも一致。300億基準を大きく上回る。"
1633,001Nn00000eVkeE,1050001023399,東鉱商事株式会社,架電可（G列訂正あり）,G列訂正：決算期は4月期,○ 妥当（G列訂正：決算期は4月期。G列の「2025年度」表記は不正確）／ただし出典の承認ソース該当性に疑義：自社HP会社概要をドメイン限定で確認し、創業1950年6月・設立1966年4月22日・資本金1億円・決算期4月・代表取締役会長 関信一／社長 大森敬一・本社 茨城県日立市幸町1-3-8（東鉱ビル）を再現できたが、売上高の記載はなし。catr.jp にも当社の決算公告は収録されておらず（資本金1億円で大会社に該当せず損益計算書の公告義務がない）、承認ソースでの売上高裏取りが取れていない。H列が引くハローワーク求人票は企業の自己申告値であり、URLがセッション依存で再現しないため§3-1④の参照URL要件を満たさない。一方で数値側は462億円（2022年度）・496億円（2024年度）・527億円と一貫して300億円を大きく超え、従業員291名（2025年4月・単独）／営業拠点15カ所／日立グループ取引という実態とも整合するため、300億円割れの反証は得られず○を維持する。ただし出典を自社HPまたは公的資料へ差し替えるまでは弱い○。なお自社HPに「子会社および関連会社」ページを持つ親会社側であり、親子判定の影響はない。
1670,001Nn00000eVkkk,6180001048098,豊通マテリアル株式会社,架電可（G列訂正あり）,"G列訂正：正確値・決算期・単体の別を確定）：2025年3月期＝2024年度の単体売上高は289,976百万円＝2,899.76億円（経常利益8,746百万円）で、自社HP会社情報の「2,900億円」と一致","○ 妥当（G列訂正：正確値・決算期・単体の別を確定）：2025年3月期＝2024年度の単体売上高は289,976百万円＝2,899.76億円（経常利益8,746百万円）で、自社HP会社情報の「2,900億円」と一致。前期2024年3月期は2,302億円規模で推移も整合。桁検算OK（289,976百万円→2,899.76億円、基準300億の約9.7倍）。豊田通商100%子会社だが採用値は対象法人の単体値であり§3-3の「子会社でも単体300億以上ならOK」を満たす。法人番号6180001048098はgBizINFOで豊通マテリアル株式会社（名古屋市中村区）と一致し同名別法人ではない（§6-2クリア）。自社HPの電子公告に第26期決算公告（2025年7月1日掲載）があり法人存続も確認（§6-7クリア）。従業員338名（2026年8月末、自社HP会社情報）。G列は「2,899.76億円（2025年3月期・単体）」と書くのが正確。反証は成立せず、○を維持。"
1685,001Nn00000eVkq3,3011401003348,株式会社鈴木商館,架電可（G列訂正あり）,G列訂正：単体→連結・決算期を明記）：反証検索で2026年3月期（＝2025年度）通期連結売上高516億65百万円（前期比+3.1%、営業利益35億13百万円）、前期2025年3月期連結501億32百万円を確認,○ 妥当（G列訂正：単体→連結・決算期を明記）：反証検索で2026年3月期（＝2025年度）通期連結売上高516億65百万円（前期比+3.1%、営業利益35億13百万円）、前期2025年3月期連結501億32百万円を確認。G列の「516億円」は金額としては一致するが実体は【連結】値で、「単体」表記は誤り。正しくは「516.65億円（2026年3月期・連結）」。同社は連結子会社を持つ非上場の独立系親会社のため§3-3により連結採用でOK、前期連結501.32億円でも300億を大きく超え判定は不変。株式会社。金額の一次出典は自社HP会社概要 https://www.suzukishokan.co.jp/kaisya/ 。
1686,001Nn00000eVkq9,3010701005574,大成ユーレック株式会社,架電可（G列訂正あり）,G列訂正,○ 妥当（G列訂正必須：308.11億円/2026年3月期を4回の独立検索で一度も再現できず）：一般検索・金額シード検索・u-lec.comドメイン限定検索・官報決算公告検索の4本すべてで「2026年3月期の売上高データは見つからない」と返り、返るのは一貫して376億78百万円（2025年3月期）のみ。G列の数値・決算期は1次の誤りの疑いが濃厚。ただし376.78億円の出所はマイナビ/Wikipedia/catr等の禁止ソース系アグリゲータで、承認ソースでの独立再現は未達。大成建設の子会社のため§3-3により単体300億以上が必要だが、308.11億・376.78億のいずれでも基準を満たすため架電可否は○のまま。基準まで最薄（+8億円）の行につき、自社HP会社概要と決算公告PDF https://www.u-lec.com/company/accounting/ の目視確認を最優先で実施のこと。
1701,001Nn00000eVl2J,5010001018556,株式会社集英社,架電不可（元△判定が妥当と確認）,"G列訂正：2,289.54億円・2026年5月期＝第85期・単体）：1次が根拠にした日経2026年8月26日「集英社、IP関連収入が出版売上高を逆転 全社売上高は横ばい」の実在を再確認","○ 妥当（G列訂正：2,289.54億円・2026年5月期＝第85期・単体）：1次が根拠にした日経2026年8月26日「集英社、IP関連収入が出版売上高を逆転 全社売上高は横ばい」の実在を再確認。ただし1次は前期＝第84期（2025年5月期）2,292.2億円を採っており決算期が1期古い。第85期（2025/6/1〜2026/5/31）は売上高2,289.54億円（前期比0.1%減）・当期純利益193.61億円・事業収入1,100億円超で、記事の「横ばい」とも整合。集英社は単独決算の独立法人（他社の子会社ではない）ため単体値で判定可。基準300億円の約7.6倍で桁誤読でも判定は反転しない。RULES3-4④（新聞社記事・決算期と売上高が明記）に該当。"
1706,001Nn00000eVl3l,2010801007777,東京青果株式会社,架電可,G列要訂正,"○ 妥当（G列要訂正）：G列の1,492億2,776万円（2025年度）は金額をシードした検索でも再現できず。1次が確認した2024年度単体1,332億3,150万円、および今回浮上した連結1,677億2,820万円（前年比+18.79%・出典未確認）と三者が不整合で、G列の決算期または単体連結の別が誤っている疑いが濃い。ただし全候補値が1,000億円超のため300億基準の判定は不動。自社HPに決算公告ページ（/about/ir/）があり承認ソースで確定可能。"
1708,001Nn00000eVl3s,1070001013126,岩瀬産業株式会社,架電可（G列訂正あり）,"G列訂正：527億円・2026年3月実績）：自社HP企業情報の現行記載は売上高527億円（2026年3月実績）、従業員659名（2026年4月現在）、資本金6,000万円、本社 群馬県伊勢崎市下植木町3-10","○ 妥当（G列訂正：527億円・2026年3月実績）：自社HP企業情報の現行記載は売上高527億円（2026年3月実績）、従業員659名（2026年4月現在）、資本金6,000万円、本社 群馬県伊勢崎市下植木町3-10。B列法人番号1070001013126と所在地が一致し、同名の別法人（3240001030085）ではないことを確認（§6-2）。G列「526億円（2025年3月期）」は1期古い値のため最新期に更新すべき。300億超の判定自体は不動。"
1752,001Nn00000eVlkM,4100001002295,長野県酒類販売株式会社,架電可（G列訂正あり）,G列訂正,○ 妥当（G列訂正の疑い：決算期・数値）：計5クエリでもG列の「329億円・2025年3月」は一度も返らず、代わりに売上高326億円（令和5年度＝2024年3月期）が2回独立に返った。G列の決算期表記は誤りの可能性が高い。ただし326億・329億いずれも300億超で判定は動かない。日本食糧新聞に1999年3月期537.24億円の記載があり四半世紀で約4割の長期減収トレンド。総資産161億円・自己資本104.82億円・自己資本比率65.1%と規模は整合。最新の第61期（2025年4月〜2026年3月）決算は2026年6月19日の総会で報告済だが信濃毎日新聞の記事が有料で数値未確認。余裕8〜9%かつ最新期未確認のため、架電前に自社HP会社案内の最新記載を必ず確認すること。
1756,001Nn00000eVllF,5290001038337,株式会社スズキ自販福岡,架電可（G列訂正あり）,G列訂正,"○ 妥当（G列訂正の疑い：数値・決算期）：G列の「389億円・2026年3月期」は反証側でも今回でも一度も再現できず、代わりに売上高351億円（2025年3月時点）・302億円（2024年3月時点）という整合的な時系列が返った（従業員493名＝2024年4月、資本金5,000万円）。389億は自社HPの最新更新値である可能性も残るが未確認。スズキ100%出資の直営ディーラー＝子会社だが、351億でも389億でも単体で300億超のため§3-3を満たし判定は動かない。ただし2024年3月期は302億円と基準ぎりぎりであり、余裕は当初想定より薄い。G列は「351億円（2025年3月期・単体）」への訂正が安全。"
1757,001Nn00000eVllw,3120001077460,タキロンシーアイ株式会社,架電可（G列訂正あり）,G列訂正,"○ 妥当（G列訂正の余地：より新しい期の開示あり）：上場廃止（2024/10/29）後も自社サイトに決算情報・電子公告・四半期決算概要が継続掲載されていることを確認。2026年3月期第1四半期（2025年4〜6月）連結売上高37,758百万円＝377.58億円（前年同期比+8.4%）で、四半期単独ですでに300億を超える規模。したがってG列の683.80億円（2024年3月期・単体／EDINET有報第129期）は直近3期以内で§3-8に適合するが、自社サイトにより新しい期の開示があるためG列は最新期へ更新可能。伊藤忠商事の完全子会社だが子会社単体で300億を大きく上回り§3-3を満たす。反証できず○維持、判定は堅い。"
1767,001Nn00000eVlnx,9180001029707,株式会社オータケ,架電可（G列訂正あり）,G列訂正：2024年5月期は2期前,○ 妥当（G列訂正：2024年5月期は2期前。確認できる最新は2025年5月期329.93億円）：東証スタンダード（7434）名古屋の管工機材専門商社で親会社。反証試行の結果、判定は覆らないが1次の記述に誤りを発見。1次は『決算発表2026年7月14日予定＝既に開示済みのはず』としたが、自社IR（kk-otake.co.jp）に「2026年5月期決算短信の開示が期末後50日を超えることに関するお知らせ」（2026年6月26日付）が存在し、通期実額は本調査でも取得できなかった＝2026年5月期は未確認。確認済みは2024年5月期312.53億円・2025年5月期329.93億円の2期でいずれも300億超。2026年5月期は第3四半期累計263.61億円（前年同期比+8.0%）。※検索が前年値244.05億円を当期として返す事象が発生したが、244.05÷329.93＝74.0%のQ3進捗率と整合するため244.05億円は2025年5月期Q3累計と判別（§前年値誤返却）。同進捗率で2026年5月期は約356億円と推定。基準300億との差が最小（2025年5月期で29.93億＝+10.0%）の最薄マージン行で、短信遅延の事実もあり要監視。
1784,001Nn00000eVmDN,5180001018218,ホーユー株式会社,架電可（G列訂正あり）,G列訂正：521億円（2024年10月期・連結）を採用）：反証を試みたが判定は覆らず,"○ 妥当（G列訂正：521億円（2024年10月期・連結）を採用）：反証を試みたが判定は覆らず。自社HP会社案内PDF・会社概要（承認ソース①）に『連結売上高 521億円（2024年10月31日決算）／従業員1,036名（同時点）』を確認し、独立した2回の検索で同一値が再現。決算期2024年10月期は直近3期以内（§3-8充足）。自社が『連結売上高』を自ら開示している＝グループ最上位の親会社であり、§3-3により連結300億超でOK（基準の1.7倍で余裕あり）。法人番号5180001018218＝登記所1800（名古屋法務局本局）で名古屋市東区徳川1-501の本社と一致、2023年破産の広島の同名法人（5240001024325）とは別法人。【1次の誤り2点】(1)1次H列の『527億円・2025年10月31日決算・自社ニュースリリース』は、hoyu.co.jp限定検索・一般検索のいずれでも一度も返らず承認ソース上に存在を確認できない（前年度値ではなく未確認値のため採用不可）。G列には521億円（2024年10月期・連結）を記入すること。(2)1次の『クラシエホールディングスを傘下に持つ』は連結521億円と規模が整合せず根拠不明のため、判定理由から削除した（親会社性の根拠は自社開示の連結値そのもの）。※G列には現状架電メモ文字列が混入しており要差し替え。"
1810,001Nn00000eVmjx,8180001032694,丸高株式会社,架電可（G列訂正あり）,G列訂正：349億円（2024年6月期・単体）・自社HP会社概要）：G列の「372億円（2025年・単体）」は承認ソースで再現できない,"○ 妥当（G列訂正：349億円（2024年6月期・単体）・自社HP会社概要）：G列の「372億円（2025年・単体）」は承認ソースで再現できない。自社HP会社概要が公表するのは「売上高349億円（2024年6月期実績）」で決算期は6月期。H列出典の厚労省ハローワーク求人はURLがトップページのみで実体がなく求人票の自己申告値。本パスで再検索しても自社HPの最新掲載は2024年6月期349億円のままで、2025年6月期・2026年6月期の数値は承認ソース上に存在しない。349億円でも基準は上回るため○を維持するが、(1)基準300億円に対し+16%と本ブロック最薄、(2)2026年9月時点で最新公表が2024年6月期＝直近3期の下限、の二点で最も脆い行。次期公表時に再判定推奨。法人番号8180001032694（名古屋市中村区・資本金3億3,000万円・従業員255名）で株式会社丸高（3180001022832）等の同名他社と区別済み。"
1870,001Nn00000eVnY0,7010001108330,日軽エムシーアルミ株式会社,架電可,G列要訂正,"○ 妥当（G列要訂正）：日本軽金属ホールディングス傘下の子会社として現存を確認（法人番号7010001108330・東京都港区新橋、日本軽金属メタル合金事業部と三菱商事系エムシーアルミの統合で2007年発足）。ただしG列の『単体575億円・連結1,170億円（2025年度）』はいずれの承認ソースからも再現できず、金額シード検索でも一度も返らなかった＝1次値が誤りの可能性が高い。親会社IR（日本軽金属HD決算説明資料）からは日軽エムシーアルミの売上高として2024年度実績1,038億円／2025年度予想1,088億円（連結）という系統と、2024年度395億円／2025年度予想441億円という系統の二通りが返り相互に不整合。決算公告系（catr.jp）では2024年3月期516.4億円が流通。単一値の特定には至らなかったが、確認できた候補値はすべて395億円以上で300億基準を大きく上回り、300億未満を示す反証は皆無のため判定は○を維持。子会社のため単体値必須につき、G列は自社HP会社概要 https://www.nmca.jp/company/kaisya-gaiyou.html の直読みで単体額と決算期を確定させ記載し直すこと。"
1885,001Nn00000eVnlj,9220001001784,明祥株式会社,架電可（G列訂正あり）,G列訂正,"○ 妥当（出典・G列訂正）：1,254.06億円（第63期＝2026年3月期・単体）。ただし1次が挙げたアルフレッサHD有報「関係会社の状況」は出典として成立しない。明祥1,254億は同HD連結約2.9兆円の約4%にすぎず、有報が単体売上高を載せる基準（主要な損益情報等＝連結売上高の10%超）に届かないため当該欄に金額は記載されない。125,406百万円をシード指定して再検索しても有報は再現せず、代わりに官報決算公告DBの第60期1,051.25億が返った＝実際の出所は官報決算公告（catr.jp／PR TIMES転載）。承認ソース側の裏付けは自社HP代表挨拶「2022年度に売上高1,000億円達成」＋アルフレッサHD公式取材記事「21年度以降前年比5〜8％増で安定成長、北陸3県シェア43%」。この自社HP値は官報第60期（＝2022年度）1,051.25億と一致し期ズレも数値も検算が通る。下限が承認ソース2本で1,000億超と示され300億基準を大きく超えるため○を維持。"
1890,001Nn00000eVnyn,6070001006447,関東いすゞ自動車株式会社,架電可（G列訂正あり）,"G列訂正：824億5,819万円〔2025年3月期・単体〕）：自社ドメイン限定・非限定の2回検索ともG列の「876億7,250万円・2026年3月期」は一度も再現せず、会社概要およびサステナビリティレポート20","○ 妥当（G列訂正：824億5,819万円〔2025年3月期・単体〕）：自社ドメイン限定・非限定の2回検索ともG列の「876億7,250万円・2026年3月期」は一度も再現せず、会社概要およびサステナビリティレポート2025が一貫して2025年3月期・単体824億5,819万円（従業員979名・2025年4月1日、資本金3億5,000万円）を返す。1次値は承認ソース上に確認できず要訂正。いすゞ自動車の販売子会社だが単体で300億を大幅超のため判定は○のまま。"
1916,001Nn00000eVoLJ,2120001066027,泉州電業株式会社,架電可（G列訂正あり）,"G列訂正：決算期の記載漏れ）：G列「1,355億円（現行・連結）」は決算期が無く§3-8の鮮度判定ができない","○ 妥当（G列訂正：決算期の記載漏れ）：G列「1,355億円（現行・連結）」は決算期が無く§3-8の鮮度判定ができない。正しくは「1,355億円（2025年10月期・連結）」。泉州電業は10月決算で、2026年9月時点の直近確定期は2025年10月期（決算短信ベースで連結1,355億9,100万円、前期比▲0.4%）。自社HP会社概要の連結1,355億円・単体1,282億円はいずれも300億円以上。東証プライム上場（9824）の親会社。"
1920,001Nn00000eVoM4,6120001041612,英和株式会社,架電可（G列訂正あり）,"G列訂正：端数）：EDINET有報の提出会社（単体）売上高45,793,968千円は457.94億円（G列の457.93億円は端数処理差）","○ 妥当（G列訂正：端数）：EDINET有報の提出会社（単体）売上高45,793,968千円は457.94億円（G列の457.93億円は端数処理差）。2026年3月期の連結売上高488億4,600万円（前期比+3.6%）と整合。東証上場（9857）の親会社で単体・連結とも300億円以上。採用値450億円台のため要注視だが基準比で余裕あり。"
1976,001Nn00000eVoyN,1010001008742,ピーエス・コンストラクション株式会社,架電可（G列訂正あり）,"G列訂正：子会社のため単体基準で判定すべき）：2026年3月期売上高1,493億円（前年比＋10.1%）は確認でき、G列の数値・決算期は正しい","○ 妥当（G列訂正：子会社のため単体基準で判定すべき）：2026年3月期売上高1,493億円（前年比＋10.1%）は確認でき、G列の数値・決算期は正しい。ただし同社は2023年12月に大成建設の連結子会社となっており（旧商号「株式会社ピーエス三菱」、社名から三菱を外し2024/7/1に現商号へ変更＝§6-7該当）、§3-3により子会社は単体で判定する必要がある。単体（個別）1,391億円も300億を大幅超過のため架電可否は○のまま。G列は「1,391億円（2026年3月期・単体）※連結1,493.70億円」と記すのが正確。架電時の名乗りは旧社名ピーエス三菱ではなく現商号で。"
2015,001Nn00000eVpTL,7140001077703,株式会社トーホーキャッシュアンドキャリー,架電可（G列訂正あり）,G列訂正：456億円は「単体」ではなく親会社トーホーのIR資料が示すキャッシュアンドキャリー【事業セグメント】売上高,"○ 妥当（G列訂正：456億円は「単体」ではなく親会社トーホーのIR資料が示すキャッシュアンドキャリー【事業セグメント】売上高。同セグメントは当社1社で構成されるとされるが会計上の単体売上高との一致は保証されず、また当該ページに決算期の明示がなく更新時点も不明）。当社は㈱トーホー（東証プライム8142）の子会社のため§3-3で単体300億以上が必要。第13期決算公告（2026年1月31日期）は純利益32億8,400万円・総資産311億2,700万円のみで売上高は非開示。2次検証でも承認ソースからの単体売上高は得られず。ネット流通の393.74億円はYahoo!しごとカタログ・NIKKEI COMPASS等の禁止ソース由来で採用不可（§6-6）。ただし想定しうるいずれの値（約390億〜セグメント約456億以上）でも300億を90億以上上回るため、架電可の結論は反証されない。"
2018,001Nn00000eVpTR,8010401123151,アルテリア・ネットワークス株式会社,架電可（G列訂正あり）,G列訂正：当社は丸紅の連結子会社でTOBにより証券コード4423は上場廃止済み,○ 妥当（G列訂正：当社は丸紅の連結子会社でTOBにより証券コード4423は上場廃止済み。§3-3により子会社に連結値681億円は使用不可で、正しくは単体553億円（2026年3月期）を採用すべき）。2次検証でも2026年3月期の単体553億円は自社HP本文から再現できなかったが、代わりに2024年3月期の連結628億円・単体514億円が確認できた。直近3期以内で承認可能なこの単体514億円だけでも300億基準を214億上回るため、どちらの値を採っても判定は動かず架電可を維持。架電前に会社概要ページ https://www.arteria-net.com/company/information/ の直接確認を推奨。
2020,001Nn00000eVpTb,2220001004983,日成ビルド工業株式会社,架電可（G列訂正あり）,G列訂正：443.53億円は承認ソースで再現できず、H列の出典記述も疑わしい）：スペースバリューHD完全子会社だが単体で複数期にわたり300億超が確認できるため架電可、判定は○のまま,"○ 妥当（G列訂正：443.53億円は承認ソースで再現できず、H列の出典記述も疑わしい）：スペースバリューHD完全子会社だが単体で複数期にわたり300億超が確認できるため架電可、判定は○のまま。ただしG列の44,353百万円＝443.53億円は、金額をシード指定した検索を含め計3回試して一度も返らない。nisseibuild.co.jpドメイン限定検索でも会社概要ページから返るのは設立1961年7月3日・本社石川県金沢市金石北3-16-10・従業員541名（2019年4月現在）のみで、売上高の記載が確認できない（従業員が2019年時点表記＝ページが古い）。H列の「自社HP会社概要で2025年3月期売上高44,353百万円を直接開示」という記述自体が裏取りできない。承認ソースで確認できた単体値は自社HP電子公告の第64期決算公告（2023年3月期）38,830百万円＝388.30億円、および2024年3月期の約397.5億円で、いずれも300億超のため架電可否は変わらない。最新の第66期決算公告（2025年3月期・2025年9月30日掲載 koukoku20250930.pdf）が自社電子公告ページに存在するので、G列はその実値で確定させること。"
2036,001Nn00000eVpZa,4040001046951,ＴＯＴＯバスクリエイト株式会社,架電可（G列訂正あり）,G列訂正：775億円・2025年度 → 789.14億円・2024年3月期・単体）：TOTO全額出資子会社だが単体で789億円規模のため§3-3の子会社基準（単体300億以上）を大幅に満たし架電可,"○ 妥当（G列訂正：775億円・2025年度 → 789.14億円・2024年3月期・単体）：TOTO全額出資子会社だが単体で789億円規模のため§3-3の子会社基準（単体300億以上）を大幅に満たし架電可。判定は○のまま不変。ただしG列の「775億円（2025年度・単体）」は金額をシード指定した検索でも一度も返らず、代わりに複数経路で一貫して自社HP会社概要の売上高78,914,000,000円＝789.14億円（2024年3月）・資本金1億円（TOTO株式会社全額出資）・従業員533名（2025年4月末現在）が返る。別経路では決算公告由来の78,457,691,006円＝784.58億円も確認。すなわちG列は数値・決算期とも誤りで、正しくは789.14億円（2024年3月期・単体）。2024年3月期は直近3期以内で§3-8の鮮度を満たす。法人番号4040001046951をgBizINFOで照合し同名他社ではないことを確認済み。いずれの値・期をとっても700億円台で300億を大幅超過。"
2058,001Nn00000eVqCn,4010401072162,コクヨマーケティング株式会社,架電不可（元△判定が妥当と確認）,G列訂正：G列は「確認不可」のままで○と矛盾,"○ 妥当（G列訂正：G列は「確認不可」のままで○と矛盾。766.47億円（第52期・単体）を記入すべき）：反証を試みたが覆らず。①親会社コクヨの有価証券報告書「関係会社の状況」に、コクヨマーケティング㈱について『売上高（連結会社相互間の内部売上高を除く）の連結売上高に占める割合が10％を超えている』旨の注記があることを再確認（2023年12月期版で確認）。コクヨ連結売上高は3,300億円超のため単体の下限は330億円超となり300億円基準を充足（下限証明）。②独立系統として官報決算公告 第52期＝売上高766億4,700万円（前年比+6.13％、営業利益37.81億円、純利益35.88億円）を確認。766.47億円はコクヨ連結の約22％で①の『10％超』注記と整合し、桁も検算済み。※②の出典は官報二次DB（§7-1未決着）のため判定の主根拠は①の下限証明とし、②は整合性の裏付けとして扱う。"
2078,001Nn00000eVqK3,1010401021428,西川計測株式会社,架電可（G列訂正あり）,G列訂正：決算期・金額,○ 妥当（G列訂正：決算期・金額。387.19億円→452.20億円、2025年6月期→2026年6月期）：1次の387.19億円（2025年6月期・非連結）は正しいが1期前の値。自社IRに2026年6月期決算短信〔日本基準〕(非連結)（2026年8月7日開示）が存在し、売上高452億20百万円＝452.20億円（前期比+16.8%）、営業利益44億33百万円、経常利益47億13百万円（+20.3%）、受注高483億51百万円。387.19×1.168=452.24で1次値と内部整合し、桁検算も一致（§6-1）。東証スタンダード7500の非連結（子会社なし）単独決算会社で親子判定の疑いなし。採用値を最新期に更新すると基準300億の1.51倍となり余裕は薄くない。
2081,001Nn00000eVqKz,4070001018972,関東建設工業株式会社,架電可（G列訂正あり）,G列訂正：決算期が特定不能,"○ 妥当（G列訂正：決算期が特定不能。「2025年3月期」の裏付けなし）：反証検索で自社採用ページ kanto-k.co.jp/recruit/about-kanken/ の817億円を再現できたが、同ページに決算期の明記がなく、検索経路により「2023年3月期の817億円」と「2025年3月期の817億円」の2説が並立し確定できない。同ページはグループ連結売上高1,000億円超・グループ連結社員約500名も併記。群馬県太田市の総合建設業でM&Aにより地方建設会社を傘下に持つグループ親会社であり（自社HP関連会社ページ）、§3-3の親会社扱いで連結可。単体817億／別情報の単体588.83億／連結1,000億超のいずれの解釈でも基準300億を大幅超過し判定は反転しないため○維持。ただし§3-8の鮮度（直近3期以内か）は未確定のまま残る。"
2112,001Nn00000eVqvt,9030001000566,株式会社アイダ設計,架電可（G列訂正あり）,"G列訂正：単体→連結、金額578億→578.58億円、決算期は2026年3月期）：2026年3月期決算短信（東証スタンダード2990）で連結売上高57,858百万円＝578.58億円（前期比▲7.1%）、営業利","○ 妥当（G列訂正：単体→連結、金額578億→578.58億円、決算期は2026年3月期）：2026年3月期決算短信（東証スタンダード2990）で連結売上高57,858百万円＝578.58億円（前期比▲7.1%）、営業利益4億33百万円（前期は7億04百万円の営業損失）、2027年3月期予想615.38億円を確認。57,858百万円→578.58億円の桁検算一致（§6-1）。自社HPの「2025年度売上高578億円」は3月決算のため2026年3月期を指し決算期表記自体は誤りでないが、連結値578.58億円と一致するため「単体」の表記が誤りである可能性が高い。同社は持株会社を持たない上場親会社（アイダ設計グループの中核）で§3-3により連結値で判定可。基準300億の1.93倍で反転余地なし。"
2115,001Nn00000eVqwH,7010001104899,キリングループロジスティクス株式会社,架電可（G列訂正あり）,G列訂正：キリンHDの連結子会社のため§3-3により単体判定が必要）,○ 妥当（G列訂正：キリンHDの連結子会社のため§3-3により単体判定が必要）。官報決算公告ベースの単体売上高は762.15億円（2025年12月期／12月決算末日）で、G列の「768億円（2025年度・連結）」とは約6億円の差異があり、単体/連結の別も要修正。ただし単体762.15億円・自社HP会社概要768億円のいずれも300億円を大きく超えるため架電可否は○のまま。法人格＝株式会社でOK。検索上位はマイナビ/Yahoo!しごとカタログ/OpenWork等の禁止ソースが多く、承認ソースは自社HP会社概要と官報決算公告（catr.jp収録・§7-1確認待ち）。
2132,001Nn00000eVr10,6080101001529,ネッツトヨタ静岡株式会社,架電可（G列訂正あり）,G列訂正：正しくは312億円〈2025年3月期・単体〉,"○ 妥当（G列訂正：正しくは312億円〈2025年3月期・単体〉。1次の316億円は再現できず）。反証検索で自社HP会社概要（netz-shizuoka.net/company）由来の数表が「売上高312億円（2025年3月実績）／従業員473名（2025年3月現在）／資本金4億9,000万円／決算期3月／本社 静岡県沼津市本丸子町752-6」として整合的に再現された。一方、1次値316億円をシード指定した自社ドメイン限定検索では一度も返らず、§6.1の「シード値が返らず別の整合的な数表が返る＝1次値が誤りの強い信号」に該当。ウエインズグループ傘下の子会社のため§3-3で単体判定が必要だが、312億円でも300億円は上回るため架電可否は○のまま。ただし余裕は12億円と本ブロック最薄であり、2026年3月期で300億円を割る現実的な可能性がある。次期決算での再確認を必須とすべき。"
2136,001Nn00000eVr1j,7480001000861,株式会社ジャストシステム,架電可（G列訂正あり）,G列訂正：単体→連結、決算期表記の明確化）：2026年3月期決算短信〔日本基準〕（連結・2026年5月14日開示）で連結売上高515.15億円（+15.6%）、営業利益224.92億円を確認,○ 妥当（G列訂正：単体→連結、決算期表記の明確化）：2026年3月期決算短信〔日本基準〕（連結・2026年5月14日開示）で連結売上高515.15億円（+15.6%）、営業利益224.92億円を確認。G列「515億円（2025年度・単体）」の金額と期間（2025年度＝2026年3月期）は正しいが、単体ではなく連結が正当。正しくは「515.15億円（2026年3月期・連結）」。東証上場（4686）でキーエンスの持株比率は50%未満（持分法適用関連会社）のため連結子会社ではなく、連結値の採用に§3-3上の問題はない。
2149,001Nn00000eVrTH,3010001139107,日鉄鋼板株式会社,架電可（G列訂正あり）,"G列訂正：1,414.73億円（2026年3月期・連結）／単体は2025年3月期1,569億円）","○ 妥当（G列訂正：1,414.73億円（2026年3月期・連結）／単体は2025年3月期1,569億円）。架電可否は○のままだが、G列「約1,600億円（現行会社情報・単体）」は決算期の記載がなく§3-8上そのままでは不可。自社HPの決算発表資料（press_20260514_01.pdf）に2026年3月期 売上高141,473百万円＝1,414.73億円（営業利益6,121百万円・経常利益6,629百万円・当期純利益5,385百万円）とあり、これが直近値。141,473百万円＝1,414.73億円の桁検算OK。日本製鉄グループの子会社だが、単体・自社連結いずれの水準でも300億を大きく超えるため判定は○で変わらない。"
2158,001Nn00000eVrWu,7010401022924,ＮＥＣネクサソリューションズ株式会社,架電可（G列訂正あり）,G列訂正：979億円は承認ソースで再現できず,"○ 妥当（G列訂正：979億円は承認ソースで再現できず。最も裏付けのある値は777.31億円〈前年度比+36.61億円〉）。2次検証で「979億円」をシード指定して2クエリ当てたが一度も返らず、代わりに自社採用サイト「数字で見る」（saiyo.nec-nexs.com、§5-3ルート9の自社ドメイン）と官報決算データベースが揃って777.31億円を示した。§6-1の桁誤りではなく1次値そのものが誤りである信号。ただし決算期表記が『2025年度』と『2025年3月期（決算末日2025/03/31）』で揺れており、2026年3月期の売上高は承認ソース・二次サイトいずれにも出てこない（1次検証が挙げた542.60億円も再現できず）。§3-8の直近3期以内には収まるが、G列は自社HPまたは官報決算公告の原文で決算期ごと確定させること。なお官報決算データベース（catr.jp）は§7-1で承認可否が未確認のため単独出典にはしないこと。法人格・親子関係は自社HPプロフィールで確認済み（資本金8億1,500万円・NESICホールディングス100%子会社・本社東京都港区芝、法人番号7010401022924一致）。777.31億／542.60億／979億のいずれの候補値でも単体300億を大きく超えるため架電可否は○で変わらない。"
2169,001Nn00000eVrXy,3010401026846,ＦＤＫ株式会社,架電可（G列訂正あり）,"G列訂正：単体496.87億円＝49,687百万円・2025年度／2026年3月期を採用）：FDKは富士通の連結子会社のため§3-3により連結595.61億円は判定根拠に使えない","○ 妥当（G列訂正：単体496.87億円＝49,687百万円・2025年度／2026年3月期を採用）：FDKは富士通の連結子会社のため§3-3により連結595.61億円は判定根拠に使えない。単体496.87億円で300億超のため架電可否は○のまま。連結595.61億円自体は2026年3月期予想600億円（日経報道）と整合し数値は妥当だが、子会社に連結値を当てた§6-4の誤りに該当"
2186,001Nn00000hssym,8100001027883,株式会社長野県Ａ・コープ,架電可（G列訂正あり）,G列訂正,"○ 妥当（G列訂正確定：379億円・2026年3月期・単体）：自社HP会社概要の最新掲載値が「売上高379億円・従業員2,100名（パート含む）・2026年3月現在・県内30店舗」であることを独立検索で再現し確認。G列の382億円（2024年3月期）は旧年度値のため訂正が必要。県内JAおよび全農の出資会社で子会社にあたるが単体379億円で300億超（§3-3適合、グループ値は不使用）。基準に対する余裕が約79億円と薄いため次期要再確認"
2192,001Nn00000hssyu,2110001015042,株式会社ハーモニック,架電可,G列は訂正,○ 妥当（G列は訂正せず注記）：カタログギフト最大手（新潟県三条市・12月決算）で単体300億超は動かないため架電可否は○。ただしG列の384億円（令和7年度）は再検索でも承認ソースから再現できなかった。一方で流通する「2024年12月期477億円」はマイナビ・にいがた就職応援団ナビ等の禁止ソース由来で承認ソースの裏付けがなく、これへの差し替えは不可。いずれの値でも300億は超えるが、公式会社概要ページの原典で金額と決算期の確定を推奨
2214,001Nn00000hstEi,7110001007027,三幸製菓株式会社,架電不可（元△判定が妥当と確認）,G列訂正：562億円〈2025年9月期・単体〉）,○ 妥当（G列訂正：562億円〈2025年9月期・単体〉）。1次採用の475億円（2023年9月期）は鮮度が2026年10月に直近3期を外れる古い値。日本食糧新聞・電子版「米菓特集：三幸製菓 主力リニューアルで価値向上」（2026年2月12日）が「前25年9月期決算は前年を超える売上高562億円」と決算期・売上高を明記＝§3-4④の新聞社ソース。同紙2025年2月19日記事の24年9月期526億円とも接続し1次の530億円見込みとも整合。マイナビ掲載の572億円は禁止ソースにつき不採用。判定○は不変（基準300億の1.87倍）。
2224,001Nn00000hstFx,4010001024786,株式会社ドール,架電可（G列訂正あり）,G列訂正：601億円（2026年3月期・単体）,"○ 妥当（G列訂正：601億円（2026年3月期・単体）。原文表記は「売上高」）：自社公式『会社紹介』に売上高601億円（2026年3月期）・従業員177名（2026年4月現在）・資本金8,000万円・設立1982年12月28日と明記、独立2クエリで再現。1次の「営業収益576億円（2025年3月期）」は現行の自社公式記載と一致せず前期値または誤記。Dole International Holdings傘下の子会社だが単体601億で300億以上のため架電可。"
2230,001Nn00000hsteq,6180001043470,ニッカホーム株式会社,架電可（G列訂正あり）,G列訂正：818.8億円（2025年）は承認ソースで再現できず,○ 妥当（G列訂正：818.8億円（2025年）は承認ソースで再現できず。自社採用サイト等で確認できるのは「2024年度・グループ全体711.6億円」（2023年度665.7億円）。いずれも300億超のため架電可否は○のまま。ニッカホーム(株)は2024/1/1に子会社4社（関東・中部・西日本・九州）を吸収合併した親会社であり§3-3でグループ値採用可、合併後は単体に大半が集約）
2250,001Nn00000hsuH6,4011101020543,三井不動産レジデンシャルサービス株式会社,架電可（G列訂正あり）,G列訂正：自社ドメイン採用ページで確認できるのは「2024年度 売上505億円」＝マンション管理414億＋工事関連67億＋その他24億,"○ 妥当（G列訂正：自社ドメイン採用ページで確認できるのは「2024年度 売上505億円」＝マンション管理414億＋工事関連67億＋その他24億。G列の「506億円・2025年度」は決算期が1期ずれ、506億4,500万円はキャリタス就活/catr.jp等の非承認ソース由来の可能性。グループ会社6社は別法人で単体値。いずれも300億超のため架電可否は○）"
2257,001Nn00000hsueQ,5180301012804,カリツー株式会社,架電可（G列訂正あり）,"G列訂正：自社HP『企業データ』では売上高727億円〈2025年3月期〉・従業員2,929名","○ 妥当（G列訂正：自社HP『企業データ』では売上高727億円〈2025年3月期〉・従業員2,929名。G列の「772億円（2026年3月期）」は承認ソースで再現できず、727→772の桁順取り違えの疑いがある）。いずれにせよ単体700億円台で300億基準は明確にクリア。株式会社・存続確認済み。"
2263,001Nn00000hsuec,6190001005354,株式会社ホンダロジスティクス,架電可（G列訂正あり）,"G列訂正：自社HP「財務・業績情報」で確認できるのは2024年度＝単独596億円／連結2,690億円","○ 妥当（G列訂正：自社HP「財務・業績情報」で確認できるのは2024年度＝単独596億円／連結2,690億円。G列の「2025年度」は決算期表記が1期ずれている疑い。単独値を採るのは§6-4上正しく、596億円>300億で架電可否は○。出典は採用ページより財務・業績情報ページが適切。本田技研100%子会社）"
2277,001Nn00000hswEG,4021001041192,株式会社むらせ,架電可（G列訂正あり）,G列訂正：単体と断定できない）,"○ 妥当（G列訂正：単体と断定できない）。出典の自社HP『数字で見るむらせ』は米取扱数量146,251トン・従業員88名と並ぶグループ指標の掲示で、70,278百万円＝702.78億円を単体値と断定できない。88名なら1人当たり8億円で米卸の相場（木徳神糧約3億円）を大きく超える。株式会社むらせホールディングス（3021001041193）が存在し当社は子会社の可能性が高く§3-3で単体値でしか判定不可。前年2024年9月期505億円との情報もあり（自社HPで再現できず出典未確定）、単体・グループいずれで読んでも300億は超える見込みのため○維持。架電前に単体値の確認を推奨。"
2281,001Nn00000hswNX,4410001006868,株式会社伊徳,架電可（G列訂正あり）,G列訂正：決算期は2026年3月期）,○ 妥当（G列訂正：決算期は2026年3月期）。自社HP会社概要の売上高650億円には『※2026年3月決算』の注記があり、1次で指摘した決算期未記載・§3-8鮮度の懸念は解消。株式会社伊徳ホールディングスの100%子会社のため単体値でのみ判定可だが、650億円は「いとく」を秋田・青森等で25店舗運営する事業会社本体の値（別途2024年度653.75億円との情報あり／禁止ソース由来のため参考）。300億基準を大幅にクリア。
2286,001Nn00000hswNc,2290001016634,株式会社ホンダモビリティ九州,架電可（G列訂正あり）,"G列訂正：1,284.58億円（2025年3月期・単体）を採用）：反証を試みたが判定は覆らず","○ 妥当（G列訂正：1,284.58億円（2025年3月期・単体）を採用）：反証を試みたが判定は覆らず。本田技研工業100%子会社のため§3-3により『単体』300億以上が必要だが、単体売上高は約1,280億円＝基準の4倍超で、従業員2,331名（2026年4月1日現在）・九州7県のHonda正規ディーラー（Honda Cars／CAR PLAT）という事業規模とも整合し、300億割れの可能性は実質なし。法人番号2290001016634＝登記所2900（福岡法務局本局）、本社福岡市中央区、設立1985年3月、資本金4億8,300万円で一致。【1次の誤り】1次H列の『2026年3月期 1,253億6,000万円』は金額をシード指定した検索でも一度も返らず、複数検索で一貫して返るのは1,284億5,800万円（2025年3月期）のみ。1次値は再現不能のためG列から外し、2025年3月期値（直近3期以内・§3-8充足）に訂正する。【残る疑問（要注意）】承認ソースの特定に至らず。1次が挙げた官報決算公告は号数・掲載日を特定できず、自社HP企業情報・採用サイト『数字で知る』にも売上高の記載を確認できなかった。1,284.58億円が流通しているのはマイナビ・Wikipedia・OpenWork・NIKKEI COMPASS等の禁止ソース中心（§6-6の加藤化学型パターン）。金額の水準自体は堅いが、先方に出典URLを求められた場合に提示できる承認ソースが無いため、官報決算公告の実物（掲載号）または自社開示の確認が取れ次第、出典を差し替えること。取れない場合は△に倒す余地が残る。"
2289,001Nn00000hswNf,3010901002207,株式会社オオゼキ,架電不可（元△判定が妥当と確認）,G列訂正：1次I列が根拠にした2018年2月期938.40億円・2019年2月期922.91億円は§3-8の直近3期外のため根拠から除外）,"○ 妥当（G列訂正：1次I列が根拠にした2018年2月期938.40億円・2019年2月期922.91億円は§3-8の直近3期外のため根拠から除外）。承認ソース＝自社HP「決算情報」ページに決算公告PDFを自社公開（最新＝2025年5月14日掲載の第67期決算公告。過年度PDFも /financial/assets/pdf/ 配下に実在）。加えて自社HP「月例報告」で月次売上高を毎月自社開示。売上高は約1,000億円規模（東京・神奈川・千葉41店舗、営業利益率5.7%、流通ニュース報道の営業利益55億円と整合）で300億円基準を3倍超過。非上場・2009年MBOで上場廃止のため単体（連結なし）。※G列採用時は決算公告PDFの実数と期を要確認。1,050.81億円をシード指定して検索したが再現せず約1,000億円の整合的数値のみ返るため、1次H列の1,050.81億円は不採用。"
2302,001Nn00000hswO0,8140001012345,兵庫トヨタ自動車株式会社,架電可（G列訂正あり）,G列訂正：決算期の更新と§6-7経営統合の注記が必要）,"○ 妥当（G列訂正：決算期の更新と§6-7経営統合の注記が必要）。兵庫トヨタ自動車株式会社は2026年4月1日付でトヨタカローラ兵庫株式会社と経営統合し「新たな兵庫トヨタ自動車株式会社」として発足（自社HP2026年3月23日付お知らせPDF）。商号は同一で架電時に名乗る社名は存在するが、統合により決算構造・規模が変わっているため、G列の857億2,300万円（2024年3月期）は直近3期以内ではあるものの3期前で最も古く、2026年3月期または統合後の最新値へ更新すべき。売上規模は300億基準を大幅に超過し、統合後はさらに拡大するため架電可否は○のまま。親会社を持たない地場資本ディーラーで親子判定の論点なし。"
2318,001Nn00000ht0Jo,3180001031569,東海旅客鉄道株式会社,架電可（G列訂正あり）,"G列訂正：2026年3月期・連結営業収益は2,006,218百万円＝2兆62.18億円、前期は1,831,847百万円","○ 妥当（G列訂正：2026年3月期・連結営業収益は2,006,218百万円＝2兆62.18億円、前期は1,831,847百万円。1次の1,663,235百万円はこの連結値とも前期値とも一致せず、単体または過年度の値の可能性が高い）。反証検算＝自社IRの2026年3月期決算短信（2026年4月28日開示）。営業収益は鉄道事業会計における売上高相当で、§3-7が銀行の経常収益を採用するのと同じ扱いが妥当。上場親会社のため§3-3で連結300億超可。基準の約67倍で判定は不変。"
2324,001Nn00000ht0Ju,3180301014273,株式会社豊田自動織機,架電可（G列訂正あり）,G列訂正：§3-3の親子判定が変わったため連結値は根拠にできない）,"○ 妥当（G列訂正：§3-3の親子判定が変わったため連結値は根拠にできない）。株式会社豊田自動織機は2026年3月23日にTOBが成立（買付総額約5.9兆円・応募63.60%、日系企業同士で過去最大）、5月12日の臨時株主総会を経て2026年6月1日に東証プライム・名証プレミアを上場廃止し、トヨタ不動産の子会社となった。子会社にグループ連結値は使えないため、G列の連結4兆3,695億円は根拠として不適切。正しくは単体1,289,907百万円＝1兆2,899.07億円（2026年3月期・単体）。単体で基準300億を大幅超過するため架電可否は○のまま。商号変更はなく社名は存続。"
2326,001Nn00000ht0Jx,6020001030402,日総工産株式会社,架電可（G列訂正あり）,G列訂正：874.19億円（2026年3月期・単体）が正）,"○ 妥当（G列訂正：874.19億円（2026年3月期・単体）が正）。自社HP企業情報の会社概要に「売上高87,419百万円（2026年3月期）」と記載（資本金も2026年3月31日現在に更新済み）。G列の873.30億円/2025年3月期は前期値で鮮度が1期古い。NISSOホールディングス（東証プライム9332）の子会社だがG列は単体値であり§3-3クリア。連結1,015.60億円（2025年3月期）を誤って当てていない点は適切。H列の出典URLは採用ページだが、会社概要 https://www.nisso.co.jp/company/overview/ に差し替えるのが正確。"
2330,001Nn00000ht0K1,3010001166927,東京電力パワーグリッド株式会社,架電可（G列訂正あり）,G列訂正：売上高の実額を特定,"○ 妥当（G列訂正：売上高の実額を特定。2026年3月期＝2兆2,943.68億円（2,294,368百万円）、経常利益817.16億円（81,716百万円）。1次は金額を挙げず経常利益からの下限推定に留まっており、§3-7上、利益は売上高の代用にならない）。出典＝東京電力HD公式「2025年度決算について」の会社別計数、および当社が社債発行体として自社サイトで公開する有価証券報告書2025年度（第11期）＝EDINET E32215。子会社だが単体で基準の約76倍。"
2336,001Nn00000ht0K7,8013401000626,日野自動車株式会社,架電不可（元△判定が妥当と確認）,G列訂正：単体実額を再取得）：2026/4/1にARCHION傘下の子会社化で§3-3上は単体値が必要,"○ 妥当（G列訂正：単体実額を再取得）：2026/4/1にARCHION傘下の子会社化で§3-3上は単体値が必要。自社IR掲載の有報の単体売上高は第113期（2025年3月期）170,779百万円＝1,707.79億円、第112期176,248百万円＝1,762.48億円、第111期193,224百万円＝1,932.24億円で、いずれも300億の5倍超。1次記載の「4,075億円」は承認ソースで再現できず不採用。連結は2026年3月期約1兆5,500億円（減収）。"
2357,001Nn00000ht0KY,8010001074167,ＳＣＳＫ株式会社,架電可（G列訂正あり）,G列訂正：親子判定の根拠が誤り）：SCSKは住友商事のTOB（2025/10/30〜12/12、応募により議決権比率88.63%）成立を経て2026年3月12日に東証プライム上場廃止、住友商事の完全子会社となっ,"○ 妥当（G列訂正：親子判定の根拠が誤り）：SCSKは住友商事のTOB（2025/10/30〜12/12、応募により議決権比率88.63%）成立を経て2026年3月12日に東証プライム上場廃止、住友商事の完全子会社となっている。§3-3により子会社は単体でしか判定できず、G列の連結7,803.26億円は判定根拠として使えない。本検証では単体売上高を承認ソース本文から取得できなかった（第58期有価証券報告書 yuho202603_4Q.pdf の「提出会社の経営指標等」に記載があるがPDF本文へ未到達）。ただしSCSK単体が事業の大半を占め（FY2025/3の連結売上5,960億円）、単体が300億を下回る余地は事実上ないため架電可否は○のまま。G列は「連結」ではなく単体値に、H列は「住友商事の完全子会社」への訂正が必要。なお2026年3月にネットワンシステムズを統合したが存続会社はSCSKで商号変更・法人格消滅はなし（§6-7該当なし）。"
2394,001Nn00000ht0LE,7240001031724,株式会社ハローズ,架電可（G列訂正あり）,"G列訂正：2,257.19億円〈2026年2月期・非連結＝単体、営業収益〉）","○ 妥当（G列訂正：2,257.19億円〈2026年2月期・非連結＝単体、営業収益〉）。1次G列「2,165億円超」は自社IR月次売上高を12か月分こちらで合算した独自集計値で、承認ソースに記載された数値ではない（§3-4の「企業自身が発信した値」に当たらない）。正しくは2026年2月期決算短信〔日本基準〕(非連結)（2026/4/10 TDnet開示）の営業収益225,719百万円＝2,257.19億円（前期比7.1％増）。単体値で基準300億の約7.5倍のため架電可否は○のまま。指標名は「売上高」でなく「営業収益」（売上高＋その他営業収入）である点をH列に注記すべき。"
2395,001Nn00000ht0LF,4290001009413,西日本鉄道株式会社,架電不可（元△判定が妥当と確認）,"G列訂正：188,036百万円＝1,880.36億円は連結ではなく単体値）","○ 妥当（G列訂正：188,036百万円＝1,880.36億円は連結ではなく単体値）。自社IR/gBizINFOで連結営業収益は2025年3月期443,495百万円＝4,434.95億円と確認でき、会社概要の値と一致しないため単体と判断。2026年3月期決算短信（2026/5/14）も自社IRに掲載。西日本鉄道は上場親会社のため§3-3で連結・単体いずれでも可。営業収益は鉄道業のトップライン科目で§3-7の趣旨に沿う。連結・単体とも300億を大幅超過。"
2452,001Nn00000ht0ML,1180001035811,興和株式会社,架電可（G列訂正あり）,"G列訂正：5,322.69億円（2026年3月期・連結）が最新）","○ 妥当（G列訂正：5,322.69億円（2026年3月期・連結）が最新）。kowa.co.jpにドメイン限定した検索で会社概要の「2026年3月期 連結売上高532,269百万円＝5,322.69億円」「従業員7,906名（2026年3月現在・連結）」を確認。G列の5,569.23億円（556,923百万円）は2025年3月期の前期値で、鮮度が1期古い（§3-8の範囲内ではある）。興和株式会社は興和グループの親会社側のため連結値の採用は§3-3上OK。桁検算いずれもOK。300億基準は大幅超過で架電可否は変わらない。"
2464,001Nn00000ht0MZ,3010001034910,株式会社不二家,架電可（G列訂正あり）,G列訂正：単体値で判定すべき）：不二家は山崎製パンの連結子会社（2008年の第三者割当増資で出資比率51％、現在の議決権54.4％）,"○ 妥当（G列訂正：単体値で判定すべき）：不二家は山崎製パンの連結子会社（2008年の第三者割当増資で出資比率51％、現在の議決権54.4％）。§3-3により子会社は“単体”でしか判定できず、G列の連結値採用は根拠として不可。連結119,558百万円=1,195.58億円（2025年12月期・前期比108.7％）は数値自体は正しいが、正しい判定根拠は同決算短信の個別業績＝2025年12月期 個別売上高924.30億円（前期比112.4％／個別営業利益15.30億円・経常17.75億円・当期純利益13.31億円）。単体でも300億を大きく超えるため架電可否は○のまま。"
2482,001Nn00000ht0Ms,7010401057862,タマホーム株式会社,架電可（G列訂正あり）,"G列訂正：単体/連結の別を明記）：2026年5月期決算短信（2026/7/14開示）で連結売上高1,977.4億円・前期比1.5%減を確認","○ 妥当（G列訂正：単体/連結の別を明記）：2026年5月期決算短信（2026/7/14開示）で連結売上高1,977.4億円・前期比1.5%減を確認。G列の1,977億円は連結値であり単体ではないため「（2026年5月期・連結）」と記すべき。金額は基準を大幅超過。"
2494,001Nn00000ht0N6,1012301000965,株式会社三和,架電可（G列訂正あり）,"G列訂正：自社HP会社概要の記載は「売上高1,600億円」で決算期の明示なし","○ 妥当（G列訂正：自社HP会社概要の記載は「売上高1,600億円」で決算期の明示なし。1,650億円/2024年3月期は承認ソースで再現できず。流通ニュース報道では3月期売上高1,610億円・前期比0.3%増。持株会社(株)三和ホールディングス傘下だが操業主体の単体で300億を大幅超過のため架電可否は○。※上場の三和ホールディングス〈5929〉はシャッターメーカーで別法人、混同注意）"
2498,001Nn00000ht0ND,3120001098201,株式会社近鉄百貨店,架電可（G列訂正あり）,"G列訂正：近鉄グループHDの連結子会社〈特定子会社〉のため§3-3では単体値が判定基準で、連結1,254.50億円は根拠にできない）","○ 妥当（G列訂正：近鉄グループHDの連結子会社〈特定子会社〉のため§3-3では単体値が判定基準で、連結1,254.50億円は根拠にできない）。連結125,450百万円は再現できたが単体確定値は未取得。自社IRの個別業績は2026年2月期予想1,210億円で単体でも300億を大幅超過するため架電可否は○。なお百貨店業「総額売上高」2,445億円はグロス指標で会計上の売上高ではない（§3-7）。"
2507,001Nn00000ht0NN,4180001017641,株式会社トヨタシステムズ,架電可（G列訂正あり）,G列訂正,"○ 妥当（G列訂正の可能性：自社サイト内には2024年度実績2,279億円・資本金54億5,000万円の記載も確認。2,616億円（2025年度）は会社概要の更新値として流通するが、検索での露出は禁止ソース経由が主で公式ページ本文からの直接再現は取れず。トヨタ自動車100%子会社だが単体でいずれの値も300億を大幅超過のため架電可否は○）"
2534,001Nn00000ht0O1,2240001047246,株式会社エブリイ,架電可（G列訂正あり）,"G列訂正：1,154億円〈2025年6月期〉はエブリイホーミイHDのグループ売上高として記載される値で「単体」と断定できない","○ 妥当（G列訂正：1,154億円〈2025年6月期〉はエブリイホーミイHDのグループ売上高として記載される値で「単体」と断定できない。株式会社エブリイ単体は1,089億円〈2024年6月期・24期連続増収〉）。いずれの値でも300億を大幅超過のため架電可否は○のまま。G/H列に単体かグループかの別を明記すべき。法人番号2240001047246で同一法人を確認。"
2537,001Nn00000ht0O5,4120001077402,小林製薬株式会社,架電可（G列訂正あり）,"G列訂正：正しくは1,657.42億円〈2025年12月期・連結、165,742百万円〉","○ 妥当（G列訂正：正しくは1,657.42億円〈2025年12月期・連結、165,742百万円〉。自社公式決算短信で確認。G列の1,655億円はセグメント情報からの概算で微差があり、出典もセグメントページより決算短信が適切）。上場親会社で連結可、判定は○のまま。"
2541,001Nn00000ht0OH,5010001008739,能美防災株式会社,架電可（G列訂正あり）,G列訂正：親子判定）：自社有価証券報告書の関係会社記載どおり親会社はセコム株式会社で、当社はその連結子会社,"○ 妥当（G列訂正：親子判定）：自社有価証券報告書の関係会社記載どおり親会社はセコム株式会社で、当社はその連結子会社。§3-3により連結1,396.57億円は判定根拠に使えず単体で見る必要がある。有報の提出会社経営指標で単体売上高89,348百万円＝893.48億円（2024年3月期）を確認、300億を大幅超過のため架電可否は○のまま。"
2569,001Nn00000ht0P4,8011101010739,住友不動産株式会社,架電可（G列訂正あり）,"G列訂正：決算期）：2026年3月期決算短信（2026年5月13日）で連結売上高1,057,765百万円＝1兆577.65億円（前期比4.3%増・過去最高）が最新値","○ 妥当（G列訂正：決算期）：2026年3月期決算短信（2026年5月13日）で連結売上高1,057,765百万円＝1兆577.65億円（前期比4.3%増・過去最高）が最新値。G列の1兆142.39億円は2025年3月期の前期実績であり、最新期に置き換えるべき。親会社（東証プライム8830）で連結採用可、いずれにせよ基準を大幅超過のため架電可否は○のまま。"
2570,001Nn00000ht0P7,7010001134137,株式会社ラック,架電可（G列訂正あり）,G列訂正：単体/連結の別と決算期を訂正）,"○ 妥当（G列訂正：単体/連結の別と決算期を訂正）。①親子判定＝子会社で確定：KDDIの公開買付けが2025年1月16日に成立、決済開始日2025年1月22日付でKDDIの連結子会社、2025年2月25日に上場廃止（買収総額246億円）。よって§3-3上は「子会社」であり、本来は単体300億以上の確認が必要。②1次および前段反証の「単体530.23億円（2025年3月期）」は誤り＝連結値である（2025年2月13日公表の2025年3月期通期連結売上高527.5億円への修正、同期第3四半期累計の連結売上高410.02億円＝前年同期比16.2%増、2024年3月期通期連結494.77億円と整合し、単体がこれを上回ることはない。§6-4の連結/単体取り違え）。③自社HP会社情報の628億円も「2025年度（2026年3月期）・連結」であり単体ではない（この値自体は承認ソースで再現確認、連結従業員2,467名も併記）。④単体実額は承認ソース（自社HP決算公告 第18期以降、および第17期＝2024年3月期有価証券報告書の個別財務諸表）に存在するはずだがPDF本文を取得できず未取得。連結494.77億円→628億円の規模に対し連結子会社（ラックテクノロジーズ等）が小規模であること、2025年7月にKDDIデジタルセキュリティ株式会社を吸収合併し単体が増加方向であることから単体300億超はほぼ確実で○は維持するが、G列は連結値を置いたままにせず単体実額へ差し替えること。"
2578,001Nn00000ht0PQ,2040001001644,株式会社キッツ,架電可（G列訂正あり）,"G列訂正：最新は2025年12月期・連結売上高1,766億82百万円＝1,766.82億円、前期比2.7%増、営業利益154億54百万円","○ 妥当（G列訂正：最新は2025年12月期・連結売上高1,766億82百万円＝1,766.82億円、前期比2.7%増、営業利益154億54百万円。2026年2月12日の決算短信〔日本基準〕（連結）で確認。G列の1,720億円/2024年12月期は1期古いCorporate Report 2025の値）。キッツ〈6498〉は上場親会社のため連結値でOK、300億を大幅超過で架電可否は○。"
2589,001Nn00000ht0Pf,4010001008228,ヨネックス株式会社,架電可（G列訂正あり）,"G列訂正：正しくは1,636億円・2026年3月期・連結）：G列の1,164.42億円は2024年3月期の値で2期前","○ 妥当（G列訂正：正しくは1,636億円・2026年3月期・連結）：G列の1,164.42億円は2024年3月期の値で2期前。2026年5月12日開示の2026年3月期通期決算説明資料で連結売上高1,636億円（前期比+18.3%、売上高・利益とも過去最高）を確認。架電可否は○のままだが、決算期と数値を最新期に差し替えるべき。東証上場の親会社（7906）。"
2599,001Nn00000ht0Pw,1240001011129,丸井産業株式会社,架電可（G列訂正あり）,G列訂正：678億円（2025年5月期・単体）と決算期を明記）：自社HP会社概要で売上高678億円・決算期5月31日を確認,○ 妥当（G列訂正：678億円（2025年5月期・単体）と決算期を明記）：自社HP会社概要で売上高678億円・決算期5月31日を確認。直近開示は2025年5月期の値で直近3期以内。広島の独立系建材商社（親会社側）で、子会社にグループ値を当てる問題はなし。単体678億で基準300億の2倍超。
2603,001Nn00000ht0Q3,9011701006326,ネグロス電工株式会社,架電可（G列訂正あり）,G列訂正：562億円（2025年3月期・単体）,○ 妥当（G列訂正：562億円（2025年3月期・単体）。G列の「2025年度」表記は誤解を招く）：562億円は2025年3月期の値で、595億円（2024年3月期）・572億円（2023年3月期）と連なる系列。ただし承認ソースでの再現に3回失敗——自社ドメイン(negurosu.co.jp)を金額シード付き・採用ページ指定で検索しても売上高が返らず、H列引用URL /recruit/fresh/ の本文にも売上高記載を確認できず。562億の流通元はマイナビ・Yahoo!しごとカタログ・OpenWork・NIKKEI COMPASS等の禁止ソース。決算公告(catr.jp 第64期)は純利益15.55億・総資産960.86億等のBS/PL抜粋のみで売上高なし。一方、自社サイト掲載の旧業績系列(335.5〜411.9億円)でも300億を超えるため判定自体は反転しない（単体値のため親子判定の影響もなし）。架電前に会社概要ページで最新売上高の実地確認を推奨。
2612,001Nn00000ht0QL,4240001010045,株式会社ヒロテック,架電可（G列訂正あり）,G列訂正：639億円（2024年度・単体）と年度表記を明確化,"○ 妥当（G列訂正：639億円（2024年度・単体）と年度表記を明確化。※ヒロテックグループ売上高2,058億円と混同しないこと）：自社HP「数字で見るヒロテック」で単体売上高639億円／グループ売上高2,058億円（いずれも2024年度実績）を確認。採用値は単体で正しく300億超。ヒロテックは国内1社・海外13社を擁する親会社。"
2633,001Nn00000ht0Qy,2010001034531,応用地質株式会社,架電不可（元△判定が妥当と確認）,G列訂正：762.85億円（2025年12月期・連結）,○ 妥当（G列訂正：762.85億円（2025年12月期・連結）。1次のG列は3Q累計558.58億円だが、2026年2月12日開示の通期決算短信で通期売上高762.85億円・前期比+3.0%、営業利益37億円が確定済み。四半期累計値ではなく通期実績を採用すべき）。東証プライム9755の上場親会社で連結判定可。300億を大幅超過のため判定は○のまま不変。
2647,001Nn00000ht0RQ,4010401043667,ＮＥＣビジネスインテリジェンス株式会社,架電可（G列訂正あり）,G列訂正：自社サイト「会社データ」に2025年度実績710億円（単体）が掲載されており、G列の439億円は2023年度実績で2期古い,○ 妥当（G列訂正：自社サイト「会社データ」に2025年度実績710億円（単体）が掲載されており、G列の439億円は2023年度実績で2期古い。正しくは710億円（2025年度・単体）に更新すべき）。NEC100%子会社だが単体で300億を大幅超過のため架電可否は○。※2024年4月にNECマネジメントパートナーから現商号へ社名変更済みで、リスト記載の社名は現行商号のため架電時の名乗りに問題なし。
2682,001Nn00000ht0Sh,5180001038918,トランコム株式会社,架電可（G列訂正あり）,G列訂正：単体/連結の別と親子判定が誤り）：トランコムは2024/10/31成立のMBO（ベインキャピタルのSPC「BCJ-86」＋創業家）により2025年1月15日に東証・名証を上場廃止し、SPCの完全子会社,"○ 妥当（G列訂正：単体/連結の別と親子判定が誤り）：トランコムは2024/10/31成立のMBO（ベインキャピタルのSPC「BCJ-86」＋創業家）により2025年1月15日に東証・名証を上場廃止し、SPCの完全子会社となっている。§3-3上は子会社扱いとなり連結1,813億円をそのまま根拠にはできない。単体売上高は非公表で、自社IR業績・有報・決算公告のいずれにも到達できず未取得。確認できた承認ソース値は有報第67期（2024年3月期）連結169,410百万円＝1,694.10億円（前期1,677.60億円）。同社は物流情報サービス事業を本体で運営する事業持株型のため単体でも300億超は堅いが、単体値そのものは未確認。架電可否は○のままとするが、G列は「1,813億円（連結）」ではなく上場廃止・SPC完全子会社化の事実と単体未公表を併記すべき。"
2687,001Nn00000ht0Sz,4260001000671,内山工業株式会社,架電可（G列訂正あり）,G列訂正：単体表記の根拠が不明確）：自社HP会社概要で「売上高566億円（2025年9月現在）」を再現確認,"○ 妥当（G列訂正：単体表記の根拠が不明確）：自社HP会社概要で「売上高566億円（2025年9月現在）」を再現確認。ただし同ページは従業員数を「単体1,006名／グループ7,114名」と併記する一方、売上高には単体・連結（グループ）の別が明示されておらず、G列の「単体」表記は自社サイトで裏取りできない。内山工業はウチヤマグループの親会社（法人番号4260001000671、岡山市）であり、§3-3上は単体でもグループ連結でも300億超であれば可のため架電可否は○のまま。G列は「566億円（2025年9月時点・単体/連結の別は自社サイトに明示なし）」とするのが正確。"
2709,001Nn00000ht0Ud,3010401026945,株式会社フジマック,架電可（G列訂正あり）,"G列訂正：他社の数値が誤って入っている）：既存のG列「717.33億円（2026年3月期・連結売上収益）」およびH列の記載（情報基盤51,620／アプリケーション9,884／医療10,229百万円、techma","○ 妥当（G列訂正：他社の数値が誤って入っている）：既存のG列「717.33億円（2026年3月期・連結売上収益）」およびH列の記載（情報基盤51,620／アプリケーション9,884／医療10,229百万円、techmatrix.co.jpのURL）は、フジマックではなく次行のテクマトリックス株式会社の数値・出典である。1行ずれの転記事故（RULES§5-2）。フジマックの正しい値は自社公式2025年12月期決算短信（2026年2月13日開示）の連結売上高474億3,600万円（前期比+3.9%、経常利益32億7,700万円、当期純利益23億4,300万円）。同社は決算期を3月期から12月期へ移行済みで「2026年3月期」という決算期自体が存在しない。東証スタンダード上場（5965）の親会社のため連結値で可。474.36億円＞300億のため架電可否は○のままだが、G列・H列の全面差し替えが必要。"
2710,001Nn00000ht0Uj,4010401058467,テクマトリックス株式会社,架電可（G列訂正あり）,G列訂正：数値・決算期・出典がすべて他社のもの）：既存のG列「439.54億円（2025年3月期・連結）」とH列のURL（metalart.co.jp＝株式会社メタルアート）はテクマトリックスのものではなく、行,"○ 妥当（G列訂正：数値・決算期・出典がすべて他社のもの）：既存のG列「439.54億円（2025年3月期・連結）」とH列のURL（metalart.co.jp＝株式会社メタルアート）はテクマトリックスのものではなく、行2709と連動した1行ずれの転記事故（RULES§5-2）。テクマトリックスの正しい値は自社公式2026年3月期決算短信〔IFRS〕（2026年5月8日開示）の連結売上収益71,733百万円＝717.33億円（前期比+10.6%、営業利益77億6,000万円・前期比+16.5%、売上総利益225.75億円）。桁検算一致。東証プライム上場（3762）の親会社のため連結で可、§3-7によりIFRSの「売上収益」は売上高と同義として採用。717.33億円＞300億のため架電可否は○のままだが、G列・H列の全面差し替えが必要。"
2711,001Nn00000ht0Uo,9160001013183,株式会社メタルアート,架電可（G列訂正あり）,"G列訂正：G列6,081.42億円は神鋼商事(株)の連結売上高で完全な誤充当）","○ 妥当（G列訂正：G列6,081.42億円は神鋼商事(株)の連結売上高で完全な誤充当）。反証検証：①親子判定＝メタルアートの『親会社等（その他の関係会社）』はダイハツ工業株式会社であり神鋼商事ではない。かつ『その他の関係会社』＝連結子会社ではなく持分法上の関連会社側の表記で、メタルアート自身が東証スタンダード上場・連結決算短信および有報を自ら提出する当事者。§3-3の子会社制限には当たらない。②数値＝2026年3月期連結決算短信（2026/5/14 TDnet）で確認。2025年11月の日経報道で通期予想は前期比1.5%増の446億円へ上方修正されており、実績452.89億円と整合。単体値も同水準で300億を優に超えるため、単体・連結いずれでも架電可。G列は『452.89億円（2026年3月期・連結）』に訂正すべき"
2716,001Nn00000ht0Wh,4120001061083,ウメトク株式会社,架電可（G列訂正あり）,G列訂正：H列URL(ryuseki.co.jp)は株式会社りゅうせきのもので誤充当,"○ 妥当（G列訂正：H列URL(ryuseki.co.jp)は株式会社りゅうせきのもので誤充当。数値792.52億円・決算期『2026年3月期』とも承認ソースで再現できず（ウメトクの決算期は3月期ではない）。自社HP採用サイト『数字で知るウメトク』で売上推移2023年度813億円／2022年度812億円／2021年度732億円、国内約800億円・海外含めグループ約1,000億円を確認。300億超は変わらず架電可。法人番号4120001061083＝大阪法務局管内、本社大阪市北区茶屋町で同名企業の取り違えなし）"
2717,001Nn00000ht0Wn,5360001009256,株式会社りゅうせき,架電可（G列訂正あり）,G列訂正：H列URL(toryusha.co.jp)は別会社で誤充当,"○ 妥当（G列訂正：H列URL(toryusha.co.jp)は別会社で誤充当。『708億円（2025年度・単体）』は承認ソースで再現できず。自社HP会社案内でりゅうせきグループ連結売上高1,103.42億円（2025年3月決算）・グループ従業員1,206名を確認。株式会社りゅうせきはりゅうせきグループの親会社であり§3-3により連結値で可。300億超は変わらず架電可。ただしG列は『単体』表記が誤りで連結（グループ）値に改めるべき）"
2723,001Nn00000ht0Xt,4020001069789,東横化学株式会社,架電可（G列訂正あり）,G列訂正,○ 妥当（G列訂正の要あり：自社HP採用『数字で知る』の売上推移は2021年3月期447.13億→2022年3月期496.99億→2023年3月期517.92億→2024年3月期542.40億→2025年3月期564.26億で増収基調。G列の『519.89億円（2026年3月期）』はこの系列と整合せず、2023年3月期517.92億との混同が疑われる。承認ソースで再現できた直近値は564.26億円（2025年3月期）。いずれの期でも300億を大きく超えるため架電可否は○のまま。法人番号4020001069789＝川崎市中原区で同定一致）
2726,001Nn00000ht0YM,8120001034713,関包スチール株式会社,架電可（G列訂正あり）,G列訂正：『600億円（現行会社情報）』は決算期不明で§3-8違反,"○ 妥当（G列訂正：『600億円（現行会社情報）』は決算期不明で§3-8違反。正しくは単体593.45億円（決算公告 第79期＝2023年3月31日決算／gBizINFO・官報に第79期・第80期とも収録））。反証検証の結果：関包スチール(株)は関包スチールホールディングス(株)（法人番号2120001220104・第6期＝設立が新しい持株会社）傘下の子会社であることを確認（自社サイトに国内9社・海外3社のグループ構成）。よって§3-3で単体値のみ有効。単体593.45億円は基準300億を大きく上回り架電可。グループ連結は日刊鉄鋼新聞（承認ソース＝新聞社、決算期・売上高明記）『関包スチールの2024年3月期連結決算は売上高911億9,900万円（前期比2.2%増）、経常利益54億4,500万円』。自社採用サイト『数字で見るKANPOH』の600億円はグループ値の可能性があり単体根拠には使わないこと。※第79期は2023年3月期で直近3期の境界。第80期（2024年3月期）決算公告での単体値更新を推奨"
2728,001Nn00000ht0YY,8122001025064,日産部品近畿販売株式会社,架電可（G列訂正あり）,G列訂正：数値・決算期の再確認を要す）：日産自動車系の子会社で、自社HP会社概要が当社単体の年間売上高を開示しているためソース種別は適法,"○ 妥当（G列訂正：数値・決算期の再確認を要す）：日産自動車系の子会社で、自社HP会社概要が当社単体の年間売上高を開示しているためソース種別は適法。ただし本検証では379億3,100万円および2023年度381億4,900万円という値が出て、G列の388.90億円（2025年度）を再現できなかった。いずれの値も300億は上回るため架電可否は○のままだが、400億未満で基準に近い水準であり、正確な期と金額の再確認を推奨。"
2741,001Nn00000ht0du,7122001007930,吉田鋼業株式会社,架電可（G列訂正あり）,G列訂正：G列『710億円（2023年・単体）』は自社採用サイトの過去最高売上高で鮮度切れ（§3-8）,"○ 妥当（G列訂正：G列『710億円（2023年・単体）』は自社採用サイトの過去最高売上高で鮮度切れ（§3-8）。日刊鉄鋼新聞（新聞社ソース＝§3-4の承認ソース、決算期と売上高が明記）により直近実績は2025年8月期 売上高609億円（前期比4.3%減）・経常利益30億円。決算期は8月期。G列は『609億円（2025年8月期・単体）』に更新すべき。300億超は変わらず架電可。本社 大阪府東大阪市、1966年11月設立、資本金9,000万円で法人番号7122001007930と整合）"
2754,001Nn00000ht0kM,2500001014252,カミ商事株式会社,架電可（G列訂正あり）,"G列訂正：最新期は2025年6月期1,182億円）：2024年6月期1,162億円という数値自体は正しいが最新ではない","○ 妥当（G列訂正：最新期は2025年6月期1,182億円）：2024年6月期1,162億円という数値自体は正しいが最新ではない。承認ソース上、2023年6月期1,116億円→2024年6月期1,162億円→2025年6月期1,182億円と推移しており、G列は最新期に更新すべき。いずれも1,000億円超で判定は不変。同社はカミ商事グループの親会社（愛媛製紙＝行2750、日本興運等を擁する）で子会社ではない。法人番号2500001014252一致。"
2758,001Nn00000ht0ne,2010401091338,豊通食料株式会社,架電可（G列訂正あり）,G列訂正,○ 妥当（1次のG列訂正注記は撤回。G列は正しい）：豊田通商100%子会社。反証として自社ドメイン（toyotsu-shokuryo.com）に限定して再検索したところ、会社概要／リクルートサイトから2026年3月期売上高801億円を再現でき、G列の「801億円（2026年3月期・単体）」は正確と確認。1次が示した703億円は2025年3月期＝前期値であり、G列の誤りではない。子会社だが単体で300億を大きく上回るため○。
2763,001Nn00000ht0sa,3120001066364,ダイビル株式会社,架電可（G列訂正あり）,G列訂正：525.06億円は連結,○ 妥当（G列訂正：525.06億円は連結。単体は326.65億円）：商船三井の完全子会社（上場廃止済、社債発行のため有報継続提出）で§3-3により単体判定が必要。2026年3月期の営業収益525億600万円（前期比25.44%増）は連結値であり、G列の「単体」表記は誤り。有報「提出会社の経営指標等」の単体営業収益は2025年3月期326.65億円／2024年3月期310.33億円／2023年3月期300.22億円／2022年3月期303.08億円／2021年3月期310.69億円。直近単体326.65億円で300億は上回るため○維持だが、単体は毎期300〜330億で基準ギリギリ。指標は売上高でなく営業収益。
2796,001Nn00000ht1Jj,8030001037849,株式会社アプレ,架電可（G列訂正あり）,"G列訂正：自社公式「数字で見る」は2024年度売上高1,638億円","○ 妥当（G列訂正：自社公式「数字で見る」は2024年度売上高1,638億円。G列の2,187億円は承認ソースで再現できず、出典のhrmos.coは自社ドメイン外の採用媒体で§3-4の承認ソースに該当しない）。いずれの値でも基準300億円を大幅超過するため架電可否は○。なお2019年MBOで非公開化しており（§3-3）、記載値が単体かグループかは公式上は単体かグループかの判別不能。"
2800,001Nn00000ht1M4,8010501020208,富士興産株式会社,架電可（G列訂正あり）,"G列訂正：自社IR決算短信の2025年3月期連結売上高は68,344百万円＝683.44億円","○ 妥当（G列訂正：自社IR決算短信の2025年3月期連結売上高は68,344百万円＝683.44億円。2026年3月期は会社予想82,000百万円＝820億円。G列の「671億円・2026年3月期・単体」は承認ソースで再現できず、同社は東証上場〔5009〕の連結開示会社で単体表記も誤り）。上場親会社のため連結値OKで基準を大幅超過、架電可否は○。"
2803,001Nn00000ht1bA,8170001000594,岡畑産業株式会社,架電可（G列訂正あり）,G列訂正：決算期を明記,○ 妥当（G列訂正：決算期を明記。自社ドメイン内の採用ページ「数字でみる岡畑産業」で2026年3月期売上高445億円を確認。G列の「現行採用公式情報」表記は§3-8の鮮度判定ができないため「445億円（2026年3月期）」に補正）。※同名類似の岡畑興産株式会社（okahata.co.jp・大阪）は別法人。本件は法人番号8170001000594＝神戸の岡畑産業。基準比+48%で余裕は薄め。
2815,001Nn00000ht2MU,1011101062340,大東通商株式会社,架電可（G列訂正あり）,"G列訂正：1,142.07億円は承認ソースで再現不能）：大東通商グループの最上位会社（自社ニュースリリースで子会社の吸収合併を公表＝親会社と確定）、法人格は株式会社","○ 妥当（G列訂正：1,142.07億円は承認ソースで再現不能）：大東通商グループの最上位会社（自社ニュースリリースで子会社の吸収合併を公表＝親会社と確定）、法人格は株式会社。反証としてdaitohnet.co.jpに限定し「114,207百万円」をシード指定して2回検索したが一度も再現せず、会社情報ページからも売上高の数値を取得できなかった。代わりに「単体売上高421億円（2026年3月期）・単体従業員58名」という整合的な値が繰り返し出るが、出所がマイナビ等の禁止ソースである可能性が残る。いずれの値でも300億は超えるため○維持。自社採用サイトの会社データ頁で単体421億円の裏取りを推奨。"
2825,001Nn00000ht33C,8220001007865,株式会社ビーイングホールディングス,架電不可（元△判定が妥当と確認）,"G列訂正：科目は「売上高」ではなく「営業収益」）：株式会社ビーイングホールディングス（東証スタンダード・9145／陸運業）2025年12月期 連結営業収益 33,515百万円＝335.15億円（前期比+11.0","○ 妥当（G列訂正：科目は「売上高」ではなく「営業収益」）：株式会社ビーイングホールディングス（東証スタンダード・9145／陸運業）2025年12月期 連結営業収益 33,515百万円＝335.15億円（前期比+11.0%、営業利益2,304百万円）を2026年2月13日開示の決算短信〔日本基準〕（連結）で再現確認。HDのため連結で判定可（§3-3）。1次回収は「連結売上高」としたが決算短信P/Lのトップラインは営業収益。基準300億に対する余裕は+11.7%と薄い。"
2859,001Nn000013RdIi,8010001135778,ショーボンドホールディングス株式会社,架電可（G列訂正あり）,G列訂正：最新は2026年6月期の連結売上高892億400万円＝892.04億円〔2026/8/10 TDnet決算短信〕,○ 妥当（G列訂正：最新は2026年6月期の連結売上高892億400万円＝892.04億円〔2026/8/10 TDnet決算短信〕。G列の854.2億円・2024年6月期は2期前の値で、§3-8の直近3期内ではあるが最新値に更新すべき）。持株会社のため連結値OK、基準300億円を大幅超過で架電可否は○。
2893,001Nn000013RqAQ,3180001022262,中部水産株式会社,架電可（G列訂正あり）,"G列訂正：最新は2026年3月期の単体〔非連結〕売上高367億6,092万円＝367.61億円〔2026/5/15決算短信〕","○ 妥当（G列訂正：最新は2026年3月期の単体〔非連結〕売上高367億6,092万円＝367.61億円〔2026/5/15決算短信〕。G列の361.46億円・2024年3月期は古い値で、+1.7%の前期＝2025年3月期の数値とも紛らわしい）。名古屋市中央卸売市場の卸売業者で上場〔8145〕、単体決算のため§3-3は問題なし。基準比+22%で余裕は薄い。"
2922,001Nn000013Rt9x,2120001025932,大阪シーリング印刷株式会社,架電可（G列訂正あり）,"G列訂正：正しくは単体983.36億円／OSPグループ1,112.55億円）：反証段階で3クエリ（うち1回は金額「1,000億8,200万円」をシードしosp.co.jpに限定）を投じたが、G列の「1,000.","○ 妥当（G列訂正：正しくは単体983.36億円／OSPグループ1,112.55億円）：反証段階で3クエリ（うち1回は金額「1,000億8,200万円」をシードしosp.co.jpに限定）を投じたが、G列の「1,000.82億円（2026年1月期・単体）」は一度も再現できず、代わりに自社サイト『数字でみるOSP』の整合的な数表（OSPグループ1,112億5,500万円／大阪シーリング印刷単体983億3,600万円）が3回とも一貫して返った。1次値は誤りである可能性が高く、単体1,000.82億円は実際にはグループ値でも単体値でもない。決算期は自社ページに明示がなく、2025年1月期とする記載はマイナビ・Yahoo等の禁止ソース由来のため参考扱い（§3-4）。ただし同社はOSPグループの親会社（上位に持株会社なし）であり§3-3によりグループ値も可、単体983億円でも基準300億円の3倍超のため、いずれの解釈でも架電可否は○で不変。§6-2：法人番号2120001025932＝大阪市の大阪シーリング印刷で一致。"
2932,001Nn000013RtA9,2011101020537,三井ホーム株式会社,架電可（G列訂正あり）,"G列訂正：単体2,329.38億円・2026年3月期","○ 妥当（G列訂正：単体2,329.38億円・2026年3月期。1次の「約2,601億円」は連結値と見られ単体ではない／§6-4）。三井不動産の子会社だが単体で基準の7.8倍のためOK。自社HPに有価証券報告書・決算短信・公告決算公告の各ページを持つ有報提出会社（EDINET E00235）で承認ソースは自社IRから取得可。※1次の「三井不動産有報で連結売上高10%超の注記」は再現できず不採用（単体2,329億円<三井不動産連結2兆7,097億円の10%=2,709.7億円で論理も不整合）。"
2933,001Nn000013RtAA,1180001004741,株式会社ジーフット,架電可（G列訂正あり）,G列訂正：単体→連結）：2026年2月期の売上高569億600万円は決算短信〔日本基準〕【連結】の値であり、G列の『単体』表記は誤り,○ 妥当（G列訂正：単体→連結）：2026年2月期の売上高569億600万円は決算短信〔日本基準〕【連結】の値であり、G列の『単体』表記は誤り。正しくは『569.06億円（2026年2月期・連結）』。ジーフット自身の連結であり親会社イオンのグループ連結ではないため300億基準は満たすが、対象法人“単体”値は未確認（§3-3・§6-4）。また資本異動あり：イオンが2026年4月8日に完全子会社化を発表、6月25日株式併合で完全子会社化・上場廃止（商号変更はなし）。7期連続最終赤字・債務超過・前期比5.1%減収のため次期の300億割れを要監視。
2964,001Nn000013RtAk,4180001009176,株式会社パロマ,架電可,G列訂正,"○ 妥当（架電可を維持）だがH列の根拠は誤りでG列訂正が必要：株式会社パロマは2023年10月設立の株式会社パロマ・リームホールディングス傘下（2024年3月〜）の日本事業会社であり、H列の「グループ中核会社としてグループ連結1兆1,780億円」をそのまま当てるのは§3-3違反（子会社にグループ連結）。今回の反証で追加確認した根拠：①自社HP（§3-4①の承認ソース）に業績ハイライトPDF https://www.paloma.co.jp/vc-files/vs-files/corporate/company/pdf/highlight.pdf が実在し、パロマグループ連結売上高が2022年度907,414百万円＝9,074.14億円、2023年度904,574百万円＝9,045.74億円と明記（百万円単位。904億円ではなく9,045.74億円。§6-1の桁注意）。②パロマ・リームHD公式リリース（2024年12月期連結決算概要）でグループ売上高約1兆円・地域別構成の日本7%＝約700億円。③株式会社パロマ単体は第59期（2024年12月期）712億9,500万円で官報決算公告に記載（出典サイトはcatr.jpのため§7-1未決着に依存、補強材料の扱い）。①〜③が相互に整合し、単体700億円台＝基準300億の約2.4倍で、子会社と見ても親会社と見ても結論は動かない。法人番号4180001009176の登記所コード1800＝名古屋で本社所在地と一致、同名別法人の疑いなし。G列は空欄のままで仕様違反、「712.95億円（2024年12月期・単体）」の記入が必要。残る疑問：単体712.95億円をcatr.jp以外の承認ソース単独で再現できていないこと、およびTOKIUM側がパロマを「HD傘下の子会社」と見るか「パロマグループの発信主体」と見るかで適用条文が変わること。"
3104,001Nn000013S6oU,4011001034569,株式会社バイク王＆カンパニー,架電可（G列訂正あり）,G列訂正：385.74億円（2025年11月期・連結））：東証スタンダード上場3377の親会社で自ら連結決算を開示しているため連結判定可,"○ 妥当（G列訂正：385.74億円（2025年11月期・連結））：東証スタンダード上場3377の親会社で自ら連結決算を開示しているため連結判定可。2025年11月期の連結売上高385億7,400万円（前期比13.6%増）、営業利益5億8,500万円（同104.5%増）、経常利益8億2,900万円（同42.0%増）。G列の『2025年度・単体』は決算期表記と単体/連結の別が誤りで、正しくは2025年11月期・連結385.74億円。金額水準は300億超のため架電可否は○のまま。出典は自社IR業績ハイライト。採用値385億は450億未満の薄マージン。"
3105,001Nn000013S6oZ,6220001009293,株式会社トランテックス,架電可（G列訂正あり）,G列訂正：406億円（2025年度・単体）,"○ 妥当（G列訂正：406億円（2025年度・単体）。1次の『410億円（2024年度）』は1期前の旧版）：反証検索で、出典である自社採用サイト『データで見るトランテックス』の現行表示が2025年度売上高406億円・従業員1,431名（2026年6月時点）に更新済みであることを確認。1次が採用した410億円は従業員1,396名（2025年6月時点）版のスナップショットで、H列記載のURLを今開いても再現しない（監査時に数値不一致となる）。よって数値と決算期をG列で訂正する。ソース自体は§5-3⑨『自社ドメイン内の採用ページ』に該当し承認ソースのまま。親子判定：日野自動車の100%出資連結子会社のため§3-3により単体で300億以上が必要だが、406億は同社単体値であり日野の連結値を流用したものではない。410→406の下方修正後も基準300億を35%上回るため判定は不動、○を維持。"
3111,001Nn000013S6oo,2350001002669,株式会社ソラシドエア,架電不可（元△判定が妥当と確認）,"G列訂正：553.37億円＝55,337百万円（2026年3月期・単体・営業収入、前期比+6.3%で過去最高、営業利益20億円・純利益8.11億円）","○ 妥当（G列訂正：553.37億円＝55,337百万円（2026年3月期・単体・営業収入、前期比+6.3%で過去最高、営業利益20億円・純利益8.11億円）。1次採用の520.13億円は2025年3月期で1期古い）。自社公式リリース『2026年3月期決算について』2026/5/29で開示。原文表記は営業収入だが航空運送事業の売上高そのもの（§3-7の経常収益と同じ扱い）。ANAHD持分法適用で子会社ではない。"
3140,001Nn000013S80N,2010401069169,株式会社テクノプロ,架電可（G列訂正あり）,"G列訂正：2,023億円〈2026年6月期・単体〉","○ 妥当（G列訂正：2,023億円〈2026年6月期・単体〉。G列の「1,856億円（2025年6月期）」は前年度の旧値）：H列が出典とする自社企業情報ページを金額シード検索で再現確認したところ、1,856億円/2025年6月期は現在同ページに存在せず、最新表示は2026年6月期 売上高2,023億円・従業員27,196名（2026年6月末）・122拠点。1次は前年度値を掴んでいる。株式会社テクノプロはテクノプロ・ホールディングス（6028）の事業子会社だが採用値は単体のため§3-3準拠、単体2,023億円は基準300億の約6.7倍で判定は不動。法人番号2010401069169一致。テクノプロ・R&D社/IT社/エンジニアリング社は社内カンパニーで別法人ではない（R&D社単独は2025年6月期108億円で、これを掴むと誤判定になる点に注意）。"
3157,001Nn000013SHWo,2010401044997,株式会社東芝,架電可（G列訂正あり）,G列訂正：単体連結の別／親子判定）：数値自体は正しい,"○ 妥当（G列訂正：単体連結の別／親子判定）：数値自体は正しい。2026年3月期連結売上高3兆7,091億円（前期比6%増、営業利益3,088億円、純利益1兆9,673億円＝キオクシア株評価益等）を報道で確認。ただし東芝は2023/12/20上場廃止でTBJH株式会社（JIP系）の完全子会社であり、§3-3では子会社＝単体判定が必要（ラクスルと同型の論点）。単体売上高は本検証で未取得。連結3.7兆円の中核事業会社であり単体でも300億を大きく下回る余地はないため架電可否は○のまま。2028年度にも再上場予定。社名変更・合併はなし。E列「300億〜1,000億未満」はSF側の誤り。"
3166,001Nn000013SHWy,4010401039979,ＬＩＮＥヤフー株式会社,架電可（G列訂正あり）,G列訂正：単体連結の別／親子判定）：数値は正しい,"○ 妥当（G列訂正：単体連結の別／親子判定）：数値は正しい。2026年3月期決算短信（2026/5/8）の連結売上収益2,036,366百万円＝20,363.66億円（前期比6.2%増）を再現確認、桁検算OK。ただしLINEヤフーはAホールディングス（ソフトバンク・NAVERのJV）が議決権の過半を保有する子会社であり、§3-3では厳密には単体判定。単体（個別業績）の売上高は決算短信で「前期並み」とされるのみで金額は本検証で未取得。国内主要事業を自社で営む会社であり単体でも300億を下回る余地はないため架電可否は○のまま。社名変更・合併なし。"
3204,001Nn000013SHXe,3010401025641,株式会社フォーラムエンジニアリング,架電可（G列訂正あり）,G列訂正：①単体→連結の別が誤り ②決算期は2026年3月期へ更新可）,"○ 妥当（G列訂正：①単体→連結の別が誤り ②決算期は2026年3月期へ更新可）。架電可否は○のまま。【G列訂正1・§6-4】346.83億円は「単体」ではない。2025年5月14日開示の『2025年３月期 決算短信〔日本基準〕（連結）』の連結売上高34,688百万円＝346.88億円（gBizINFO/EDINET表記34,683百万円）であり、正しくは『346.88億円（2025年3月期・連結）』。【単体でも基準クリア・§3-3】当社はKKR（KJ003株式会社）のTOBが2025年12月23日に成立し株式併合によるスクイーズアウトで完全子会社化・上場廃止となったため、子会社ルールにより単体300億円以上が必要。単体の個別売上高は開示上取れなかったが、連結範囲は当社＋連結子会社1社（コグナビサービス提供子会社）のみで、2025年3月期売上高の98.8%が親会社直営のエンジニア派遣サービス。よって単体は340億円前後と推定され300億円を上回る。【G列訂正2・§3-8】2026年3月期の実績が既に出ており2025年3月期は最新でない。2026年3月期は第3四半期累計281.55億円（前年同期比+8.1%）、通期予想382億円（+10.1%）で、単体・連結いずれでも300億円超。【反証できず】数値・親子判定・決算期のいずれも300億円基準を割る材料は出なかったため○を維持。残る疑問は単体（個別）売上高の実額が未取得である点のみ（非公開化後は個別開示が細るため、次回は決算公告ルートを推奨）。"
3210,001Nn000013SHXl,5020001090389,株式会社アルプス技研,架電可（G列訂正あり）,G列訂正,"○ 妥当（G列訂正なし・I列根拠訂正）：親会社（東証プライム4641、上位に親会社なし）。単体406.94億円（40,693,530千円）はgBizINFO/自社会社概要ベースで300億超。ただし1次が根拠に挙げた「2025年12月期連結461億04百万円」は自社IR・一般検索いずれでも再現できず、返るのは2025年12月期連結約526.5億円（通期修正527億円、3Q累計381.90億円と整合）。461億は2023年12月期の連結値を掴んだ可能性が高く、根拠として使うべきでない。単体406.94億／連結約526.5億のいずれでも300億超のため判定は○のまま。単体値が2024年12月期のものである可能性は残る（未解消）。"
3268,001Nn000013ScTd,9290001076250,株式会社フードウェイＨＤ,架電不可（元△判定が妥当と確認）,G列訂正：461.3億円→2026年2月期・グループ合計,○ 妥当（G列訂正：461.3億円→2026年2月期・グループ合計。1次の「420億円・2025年2月期」は前期値）。反証点検＝①法人番号9290001076250は株式会社フードウェイＨＤ（福岡市早良区高取1-2-22、法人番号指定2016/12/28）で持株会社。事業会社の株式会社フードウェイ（8290001022338）とは別法人であり、§3-3「HDはグループ連結300億円超で可」に該当。②グループ売上は2024年2月期367億→2025年2月期420億→2026年2月期461.3億（営業利益14.7億）と決算期明記で連結し、直近3期すべて300億超。③自社HP「ごあいさつ」の「年商はようやく400億を超える規模」と整合。留意：事業会社フードウェイ単体は283.5億円（2026年2月期・スーパー事業）で300億未満のため、架電先を事業会社側に取り違えるとNG。決算期付き数値の出典はNetIB-News（(株)データ・マックス）で§3-4④の新聞社記事扱い。
3284,001Nn000013SdVs,1010501004506,株式会社コバヤシ,架電可（G列訂正あり）,G列訂正：406.03億円は2025年3月期・単体であり2026年3月期ではない）：自社会社概要／新卒採用サイトの掲載値は売上高406億300万円・従業員720名（2025年4月21日現在）で2025年3月期実,○ 妥当（G列訂正：406.03億円は2025年3月期・単体であり2026年3月期ではない）：自社会社概要／新卒採用サイトの掲載値は売上高406億300万円・従業員720名（2025年4月21日現在）で2025年3月期実績。2回の検索でいずれも2025年3月期として返り、2026年3月期の値は承認ソースで確認できず。300億超かつ直近3期以内のため架電可否は○のまま。
3293,001Nn000013SdXB,4010401005007,ＮＴＴＰＣコミュニケーションズ株式会社,架電可（G列訂正あり）,G列訂正：『499億円（2026年3月期・単体）』→『438.95億円（2025年3月期・単体）』）：反証検証で499億円を金額シード指定を含め計3回検索したが一度も返らず、代わりに『2025年3月期 売上高4,"○ 妥当（G列訂正：『499億円（2026年3月期・単体）』→『438.95億円（2025年3月期・単体）』）：反証検証で499億円を金額シード指定を含め計3回検索したが一度も返らず、代わりに『2025年3月期 売上高438億9,500万円（2024年度438億円）』が3回とも一致して返った。1次値499億円・2026年3月期は承認ソースで再現できず誤りの可能性が高い。自社HPの会社概要・『数字で見るNTTPC』・電子公告（計算書類PDF、第38期等）の各ページ存在は確認したがPDF本文は未読。NTTドコモビジネス傘下の子会社だが対象法人“単体”値であり、438億でも499億でも300億を大幅超過するため架電可否は○のまま。"
3294,001Nn000013SdXc,2010001004773,株式会社イノメディックス,架電可（G列訂正あり）,G列訂正：752億円は「2024年10月時点」ではなく2024年10月期・単体）：自社会社概要でAnnual Sales 752億円（2024年10月期）、前期755億円（2023年10月期）を確認,○ 妥当（G列訂正：752億円は「2024年10月時点」ではなく2024年10月期・単体）：自社会社概要でAnnual Sales 752億円（2024年10月期）、前期755億円（2023年10月期）を確認。10月決算のため直近3期以内で可。オリックスが2014年に資本参加しており子会社の可能性があるが、採用値が単体のため§3-3は充足。2025年10月期の値は承認ソースで未確認。
3300,001Nn000013SdYL,5130001019815,石黒メディカルシステム株式会社,架電可（G列訂正あり）,G列訂正：559.88億円・2025年8月期・単体,"○ 妥当（G列訂正：559.88億円・2025年8月期・単体。「2025年実績」では決算期が不明確）：自社サイトの業績推移で2025年8月期売上高559億8,843万円、前期2024年8月期514億円を確認。8月決算で直近3期以内。"
3358,001Nn000013SdaE,4010601008387,株式会社ソミック石川,架電可（G列訂正あり）,G列訂正：687億円が承認ソースで再現できず）：ソミックマネージメントHD傘下の子会社,○ 妥当（G列訂正：687億円が承認ソースで再現できず）：ソミックマネージメントHD傘下の子会社。対象法人自身の売上高規模は646〜647億円台として流通しており（2025年度646.15億円／2023年度647億円、いずれも禁止ソース側の記載）、自社サイト会社概要でも687億円は再現できなかった。どの値でも単体で300億超は動かないため架電可否は○のまま。G列の数値・決算期は自社会社概要で要再確認。
3387,001Nn000013Sdcd,2180301021007,小島プレス工業株式会社,架電可（G列訂正あり）,"G列訂正：単体ではなくグループ値）：小島プレス工業は小島グループ（関係会社30社・従業員7,500人超）の母体＝親会社（非上場）のため、グループ値・単体いずれでも採用可（§3-3）で判定は○のまま","○ 妥当（G列訂正：単体ではなくグループ値）：小島プレス工業は小島グループ（関係会社30社・従業員7,500人超）の母体＝親会社（非上場）のため、グループ値・単体いずれでも採用可（§3-3）で判定は○のまま。ただし自社「会社データ」の売上高2,346億円は同ページの社員1,625名に対し過大で、グループ連結ベースと判断。単体は官報決算公告 第19期（2026年2月掲載・代表者小島栄二／豊田市下市場町が一致）で売上高63,718百万円＝637.18億円。G列は「2,346億円（2025年度・小島グループ）」＋単体637.18億円の併記が正確。単体でも300億超。"
3416,001Nn000013Sddf,9070001016708,株式会社山田製作所,架電可（G列訂正あり）,G列訂正：決算期表記,"○ 妥当（G列訂正：決算期表記。正しくは「381億円（2025年度実績・単独）」。G列の『2026年4月1日現在』は自社会社概要の掲載基準日であって決算期ではない）：株式会社山田製作所（群馬県桐生市広沢町1-2757、法人番号9070001016708）。自社会社概要PDFで売上高381億円（2025年度実績）・資本金20億円・従業員1,250名（2026年3月末現在）・四輪/二輪機能部品を再現確認。連結899億円を持つ親会社側であり子会社規制の対象外。単体381億円は基準300億に対し余裕27%と薄いため次期決算で要再確認。"
3418,001Nn000013Sddh,1010401029009,美和ロック株式会社,架電可（G列訂正あり）,"G列訂正：正しくは486.40億円＝48,640百万円、2025年3月期・第83期・単体）","○ 妥当（G列訂正：正しくは486.40億円＝48,640百万円、2025年3月期・第83期・単体）。G列の471.15億円は岩手県定住財団の就業支援サイト由来で§3-4の承認ソースに該当せず、承認系で再現できない。官報決算公告（第83期）は売上高48,640百万円・当期純利益5,206百万円・利益剰余金797億円で規模も整合。※公告の参照経路がcatr.jp／官報ブログのため§7-1の先方確認対象。美和ロックは非上場の独立系（親会社なし）で、いずれの値でも300億超のため架電可否は○のまま。"
3427,001Nn000013Sddz,9340001011838,マルイ食品株式会社,架電可（G列訂正あり）,G列訂正：正しくは「約382億円（2023年度＝2024年2月期・単体）」,"○ 妥当（G列訂正：正しくは「約382億円（2023年度＝2024年2月期・単体）」。G列の『435億円（2025年度）』は承認ソースで再現できず、金額シード検索でも一度も返らなかった）：マルイ食品株式会社（鹿児島県出水市、法人番号9340001011838）。マルイ農協グループ公式PDF「関連会社一覧」に資本金1億円・年間売上約382億円・従業員1,360名（2024年2月末）と明記。グループ連結約572億円と規模整合。母体はマルイ農業協同組合で同社は子会社だが、単体382億円で§3-3の300億以上を満たすため架電可否は○のまま。ただし余裕27%と薄く、かつ2023年度で§3-8の直近3期の下限。より新しい単体値は未確認。"
3456,001Nn000013Sdex,3430001022088,株式会社北海道新聞社,架電可（G列訂正あり）,"G列訂正：372.97億円（2025年3月期・単体）が正確）：自社プレスリリース「2025年3月期決算等について」（2025年6月3日）で売上高372億9,700万円・前期比1.3%増、経常利益19億2,500","○ 妥当（G列訂正：372.97億円（2025年3月期・単体）が正確）：自社プレスリリース「2025年3月期決算等について」（2025年6月3日）で売上高372億9,700万円・前期比1.3%増、経常利益19億2,500万円・3期ぶり増益を確認。G列の「372億円」は切り捨て表記。株式会社北海道新聞社（法人番号3430001022088）は親会社で単体値採用のため§3-3問題なし。2025年3月期は§3-8の直近3期以内。300億に対する余裕は約73億。"
3466,001Nn000013SdfO,8170001001931,株式会社大黒,架電可（G列訂正あり）,G列訂正：448.1億円（2024年度・単体）が自社会社概要の記載）：daikoku-medical.co.jpをドメイン限定で照会した回を含め2回とも、自社会社概要の記載は「売上高448.1億円（2024年度,○ 妥当（G列訂正：448.1億円（2024年度・単体）が自社会社概要の記載）：daikoku-medical.co.jpをドメイン限定で照会した回を含め2回とも、自社会社概要の記載は「売上高448.1億円（2024年度）・従業員454名（2025年3月31日現在）」。G列の467.9億円（2025年度）は承認ソースで再現できなかった。いずれの値でも300億基準は充足するため架電可否は○。株式会社大黒（法人番号8170001001931）は和歌山の医療機器商社で親会社、単体判定。
3478,001Nn000013Sdik,1180001092373,株式会社アペックス,架電可（G列訂正あり）,G列訂正：372億円は単体でなくアペックス＋アペックス西日本の合算値,"○ 妥当（G列訂正：372億円は単体でなくアペックス＋アペックス西日本の合算値。G列に「グループ合算値」と明記すべき）。①法人同定は確定：法人番号1180001092373は登記所コード1800（名古屋法務局本局）で、gBizINFOの本店＝愛知県大府市柊山町2丁目418番地・設立1963年02月22日・従業員1,409人・「飲料自販機オペレーター」が自社HP会社概要（設立昭和38年2月・資本金5,000万円）と一致。官報決算公告第60〜62期も同法人番号に紐づく。存続法人であることも確認（2023年1月1日に株式会社アペックスPV〈旧・名古屋フーヅ〉を吸収合併して同社が解散、最新登記更新2025年1月6日）。「吸収合併されました」の表記は他社を吸収した側の意味で、本法人の消滅ではない。②数値と鮮度：自社HP会社概要に売上高372億円（2025年12月末時点）。直近期であり§3-8を満たす。③重要な訂正＝372億円は単体ではない：同ページに「社員数・売上高はアペックス西日本を含む」旨の注記があることを検索スニペット経由で2経路から独立に再確認。社員数も900名（単体）／1,400名（グループ計）と書き分けられており、売上高がグループ計であることと整合。サスティナビリティレポート系の旧版会社概要も「390億円（令和3年度実績）／社員数1,500名／営業拠点87ヵ所（令和3年12月末）はアペックス西日本を含む」、2020年版も「530億円（令和元年度実績）…西日本を含む」と一貫して合算表記。④単体は300億未満の公算：西日本の売上高は142億円（2023年12月末）〜185億円が流通しており（マイナビ／Baseconnectで§3-4の禁止ソース。参考値のみ）、差し引くとアペックス単体は約190〜230億円と推定され300億を割る。⑤それでも可となる根拠：本行はアペックスグループの中核親会社（グループ紹介ページを自社運営し、アペックス西日本・日本ベンダー整備・アペックスPVを擁し、アペックスPVを吸収合併済み）。§3-3の「親会社／HDは単体300億未満でもグループ連結300億超ならOK」に該当するため架電可。残る疑問＝372億円は連結ではなくアペックス＋西日本の単純合算であり、親会社であるという前提が崩れると成立しない。"
3481,001Nn000013Sdiw,4010001253022,北日本エネルギー株式会社,架電可（G列訂正あり）,G列訂正：816億円は分割前の旧法人＝現・北日本エネルギーホールディングス株式会社の単体値であり、当社名義の単体決算ではない）：自社サイトをドメイン限定で照会し、①2025年7月1日に持株会社体制へ移行し旧・北,○ 妥当（G列訂正：816億円は分割前の旧法人＝現・北日本エネルギーホールディングス株式会社の単体値であり、当社名義の単体決算ではない）：自社サイトをドメイン限定で照会し、①2025年7月1日に持株会社体制へ移行し旧・北日本石油株式会社（1959年9月設立）が北日本エネルギーホールディングス株式会社へ商号変更、②石油販売事業は新設分割で北日本エネルギー株式会社（法人番号4010001253022）が承継、③当社はHDのグループ企業一覧に列挙される子会社、を確認（§6-7）。会社概要の数値は第66期793億円（令和5年7月〜令和6年6月）、第67期816億円・連結972億円（令和6年7月〜令和7年6月）で、いずれも分割効力発生前の期＝旧法人の実績（793億と816億が同じ「第66期単体」と表示される揺れは期ずれ）。§3-3により子会社は単体300億以上が必要で連結972億円は根拠に使えないため、1次の「連結972億の中核だから可」という論法は採らない。承継したのは石油販売事業そのもの（旧単体816億円の大宗）で実勢は300億を大きく超えるため○を維持するが、当社第1期（2026年6月期）の単体決算は未公表で、当社名義の単体値を示す承認ソースは未取得。架電前に人手確認を推奨。
3494,001Nn000013Sdk9,3120001015362,タイガー魔法瓶株式会社,架電可（G列訂正あり）,G列訂正,"○ 妥当（G列訂正の疑い）：tiger-corporation.comをドメイン限定で照会したところ確認できたのは「4年連続増収・2024年度売上高472億円」で、G列の491億円（49,100百万円）は再現できなかった。またG列の決算期表記「2026年4月20日現在」は決算期になっておらず（正しくは○年○月期）、§3-8の鮮度判定ができない形式。ただし472億円でも491億円でも300億基準は充足するため架電可否は○。タイガー魔法瓶株式会社（法人番号3120001015362）は非上場の親会社で単体判定、§3-3問題なし。自社採用サイト「数字で見る」ページ（numbers.html）に最新値が掲載されている可能性があり、決算期を明記した形へのG列修正を推奨。"
3583,001Nn000013Seum,1010001216147,株式会社陽吉グループ,架電可（G列訂正あり）,G列訂正：決算期は「2026年1月期」ではなく第5期・2026/1/31公表で期末月は非開示,"○ 妥当（G列訂正：決算期は「2026年1月期」ではなく第5期・2026/1/31公表で期末月は非開示。「単体」の裏付けはなく自社ニュースの『年商』表記のためグループ値の可能性）。承認ソース＝自社公式ニュース（§3-4①のニュースリリース）で795億円は基準の2.6倍、判定は不変。3期目600億→4期目950億→5期目795億と減収、2025/3/4自社公表「事業開始3年で年商900億円目前」と不整合でPR値の疑いは残る。事業はリユース（高級時計・ブランド品買取販売）、資本金5,000万円。"
3591,001Nn000013Sex3,1120001086273,株式会社ナベショー,架電可（G列訂正あり）,G列訂正：決算期は「2024年度」ではなく2024年12月期・単体）,"○ 妥当（G列訂正：決算期は「2024年度」ではなく2024年12月期・単体）。反証として1,299億2,900万円をシード指定して3回検索したが承認ソースからは一度も再現せず、掲載元はブンナビ・就活会議・Baseconnect・NIKKEI COMPASS・Metoree等の禁止ソースのみ。別値「2023年度1,340億円」が返る。自社HP会社概要（profile_company.html）の売上高記載有無はWebFetch遮断のため未確認。金額は基準の4倍超で判定は不変だが出典の実在確認が必要（§6-6加藤化学型の懸念）。"
3594,001Nn000013SeyU,1180001034144,盛田エンタプライズ株式会社,架電不可（元△判定が妥当と確認）,"G列訂正：採用値1,656.03億円は盛田エンタプライズの単体値でも連結公表値でもなく、子会社・株式会社イズミック単体の値","○ 妥当（G列訂正：採用値1,656.03億円は盛田エンタプライズの単体値でも連結公表値でもなく、子会社・株式会社イズミック単体の値。G列は「MICSグループ中核子会社イズミック単体1,656.03億円（2025年12月期）／盛田エンタプライズ単体およびグループ連結は非公表」と属性を明記すること）。反証を試みたが○は維持。①izmic.netをドメイン限定で再取得し会社概要の売上高1,656億250万円（2025年12月期）を確認。1,656億+250万円の複合単位を検算し1,656.03億円で桁誤りなし（§6-1クリア）。前期1,674.36億円との整合も可。なお非承認ソースには「イズミック株式会社122億7,500万円（2025年3月実績）」という決算期も社名表記も異なる別法人値が流通しており、これは不採用（§6-2）。②親会社性の裏取り＝MICS化学（旧東証7899／EDINET E02430）の有価証券報告書に、盛田エンタプライズは同社の「その他の関係会社」かつ筆頭株主（普通株式2,608,000株・所有割合49.42%／議決権49.50%）と記載。承認ソース②による親会社性の独立裏付け。③子会社説の否定＝盛田エンタプライズの株主構成は盛田和昭69.66%・カーバル・プリンシパル・インベストメンツ26.66%・自己株式3.66%で、盛田株式会社の傘下ではなくMICSグループ13社の最上位。よって§3-3の「子会社は一律NG」ではなく「親会社/HD」区分の適用が正しい。残る弱点＝グループ連結売上高そのものはどの承認ソースにも未公表で、中核子会社の外部売上1,656.03億円を下限とする推計に依存する。ただし下限でも基準300億円の5.5倍であり、内部取引消去をどう見積もっても判定は反転しない。"
3700,001Nn000013SfLX,8011001012950,株式会社ソフトクリエイトホールディングス,架電可（G列訂正あり）,G列訂正：最新は2026年3月期・連結343.91億円＝343億91百万円、前期比+11.1%,○ 妥当（G列訂正：最新は2026年3月期・連結343.91億円＝343億91百万円、前期比+11.1%。G列の309.51億円は2025年3月期の値で1期古い）。反証検索で自社決算短信PDF（softcreate-holdings.co.jp/cms/html/pdf/press/sof260511.pdf、2026/5/11開示）に直接一致を確認済み。東証上場の持株会社のため連結値採用は§3-3に適合。300億基準への余裕は約44億円と薄い。
3706,001Nn000013SfML,7011101063309,ポールトゥウィンホールディングス株式会社,架電可（G列訂正あり）,"G列訂正：2026年1月期の連結売上高は48,837百万円＝488.37億円、前期比6.5%減","○ 妥当（G列訂正：2026年1月期の連結売上高は48,837百万円＝488.37億円、前期比6.5%減。G列488億円は概ね正しい）。東証上場の持株会社（3657）のため連結値採用は§3-3に適合。当期はメディア・コンテンツ事業から撤退し当期純損失34.79億円だが、売上高基準は充足。"
3974,001Nn000013Sfod,1120001169813,新関西国際空港株式会社,架電可（G列訂正あり）,"G列訂正：単体→連結）：2026年3月期の営業収益622.96億円（62,296百万円）は「単体」ではなく連結値","○ 妥当（G列訂正：単体→連結）：2026年3月期の営業収益622.96億円（62,296百万円）は「単体」ではなく連結値。同期の連結数表で営業収益622億9,600万円（前期比2.53%減）・親会社株主に帰属する当期純利益38.32億円と併記されており、『親会社株主に帰属する』は連結固有の科目。正しいG列表記は「622.96億円（2026年3月期・連結・営業収益）」。判定は不変：国100%出資の特殊会社だが法人格は株式会社（§3-6適合、官公庁そのものではない）、事業会社の親会社を持たないため§3-3の子会社制約はかからず連結採用可。基準300億の約2.1倍で桁検算一致（62,296百万円＝622.96億円）。関西エアポート株式会社（2026年3月期営業収益2,713億円）とは別法人で混同なし。"
4030,001Nn000013Sftu,1122001006789,株式会社万代リテールホールディングス,架電可（G列訂正あり）,"G列訂正：3,292.53億円は2026年2月期「第3四半期累計」の連結値であり通期確定値ではない","○ 妥当（G列訂正：3,292.53億円は2026年2月期「第3四半期累計」の連結値であり通期確定値ではない。G列は『3,292.53億円（2026年2月期第3四半期累計・連結）』と期間を明記すること）。自社公式mandai-hldgs.co.jp会社概要で連結売上高3,292億53百万円＝3,292.53億円・単体45億25百万円を再現確認（桁検算済み）。事業内容は「子会社及びグループ会社の株式保有、経営管理」＝純粋持株会社で、株式会社万代（東大阪市）を完全子会社に持つ最上位法人（旧万代油脂工業が旧万代リテールHDを吸収合併し2024年2月に商号変更）。上位の親会社は確認されず。§3-3のHD＝グループ連結300億超で可に該当し基準の11倍。"
4040,001Nn000013Sfud,2290001079821,ヤマシタヘルスケアホールディングス株式会社,架電可（G列訂正あり）,"G列訂正：2026年5月期の連結売上高は676.47億円＝67,647百万円・前期比4.9%増","○ 妥当（G列訂正：2026年5月期の連結売上高は676.47億円＝67,647百万円・前期比4.9%増。決算短信は2026/7/13公表。G列の641.49億円は前期＝2025年5月期の値の可能性が高く、決算期と数値の対応が誤り）。いずれも300億を大きく超えるため架電可否は○のまま。持株会社の連結値で§3-3適合。"
4178,001Nn000013SgDg,8010001219795,ＤＮホールディングス株式会社,架電可（G列訂正あり）,G列訂正：最新期は2026年6月期・連結381億円,○ 妥当（G列訂正：最新期は2026年6月期・連結381億円。G列の『369.7億円（2025年6月期・連結）』は前期値）：反証検証で2026年6月期通期実績（2026年8月開示）を確認。連結売上高381億円・前期比2.9%増（369.75×1.029≒380.5で桁検算一致）、連結子会社の橋梁耐震補強設計業務の誤り発覚に伴う完成業務補償引当金計上で営業減益。同社が2026/8/26にTDnetで『中期経営計画2029（2026年7月〜2029年6月）』を開示していることが当期終了・実績確定の裏付け。東証スタンダード上場の総合建設コンサルタント持株会社（基幹事業会社＝大日本ダイヤコンサルタント）のため§3-3により連結値の採用でOK。2025年6月期369.7億円も§3-8の直近3期以内で判定自体は覆らないが、最新期採用により300億基準に対する余裕は約70億→約81億に拡大し、1次が挙げた『余裕が薄い』懸念は解消。架電OK。
4231,001Nn000013SgO5,2010001221609,ＴＲＥホールディングス株式会社,架電可（G列訂正あり）,"G列訂正：1,186億円（2025年3月期・連結））","○ 妥当（G列訂正：1,186億円（2025年3月期・連結））。自社統合報告書2025で2025年3月期連結売上高1,186億円・営業利益229億円を確認。G列の928.60億円は2024年3月期の値で、より新しい期の公表値が自社IRに存在するため§3-8の観点で要更新。持株会社のため連結可、架電可否は○のまま。"
4279,001Nn000013Sgh3,6360001000404,株式会社琉球銀行,架電可（G列訂正あり）,G列訂正：803.22億円（2026年3月期・連結・経常収益））,"○ 妥当（G列訂正：803.22億円（2026年3月期・連結・経常収益））。自社2026年3月期決算発表および沖縄タイムス記事（決算期・数値明記の新聞社ソース）で連結経常収益803億2,200万円（前期比16.1%増）・純利益90億円を確認。G列の単体553.45億円は承認ソースで再現できず（確認できたのは2026年3月期第1四半期の単体経常収益13,458百万円のみ）。持株会社体制をとらない独立上場行のため連結値使用可。銀行のため§3-7に従い経常収益を採用。いずれの値でも300億を大きく超え架電可否は○のまま。"
4312,001Nn000018CWQz,4140001070909,伊藤ハムミート販売西株式会社,架電可（G列訂正あり）,"G列訂正：1,537億円〈2024年3月31日現在・単体〉","○ 妥当（G列訂正：1,537億円〈2024年3月31日現在・単体〉。G列の「1,646億円（2026年3月期・単体）」は承認ソースで再現できず）。親会社である伊藤ハム米久ホールディングスの公式採用サイト「グループ会社｜伊藤ハムミート販売西」に、資本金9,000万円・従業員330名（2024年3月31日現在）とあわせて売上高1,537億円の記載を確認。伊藤ハム米久HDの子会社だが、当該法人自身（単体）の売上高が1,500億円超で300億円基準を大きく超過するため§3-3を満たし架電可否は○のまま。決算期表記が2026年3月期となっている点も要訂正（確認できたのは2024年3月末時点の掲載値）。"
4351,001Nn000018CWSJ,9050001018648,京三電機株式会社,架電可（G列訂正あり）,G列訂正：正しくは439.03億円〈2025年3月期・単体〉,"○ 妥当（G列訂正：正しくは439.03億円〈2025年3月期・単体〉。G列の「593億円（2025年実績・単体）」は承認ソースで再現できず）。決算公告で単体売上高を2期分確認：第102期＝439億300万円（2025年3月期）、第101期＝444億5,900万円（2024年3月期／営業利益62億500万円・経常利益107億1,700万円・純利益83億9,000万円。gBizINFO掲載＝§5-3の承認ソース7・公的機関）。2期とも440億円前後で相互整合し、流通する「593億円」「582億円」はどの承認ソースからも再現できなかった（連結値または誤りの疑い）。1次が出典としたhttps://www.kyosan-denki.co.jp/company/ をドメイン限定で直接検索しても売上高の記載自体が確認できず、1次の根拠は数値の裏付けになっていない。京三電機はデンソー子会社（1969年よりデンソーグループ、持株約63%）のため§3-3で単体300億以上が要件だが、439.03億円で基準を46%上回るため架電可否は○のまま。【残る疑義】gBizINFO上「京三電機株式会社」は本件9050001018648と2130001032515（京都）の2件が存在し、決算公告の帰属法人番号までは特定できていない。ただし売上439億・経常107億という規模は古河のデンソー系当社以外に整合しない。"
4360,001Nn000018CWSa,5120001137106,エネクスフリート株式会社,架電可（G列訂正あり）,"G列訂正：3,194億円〈売上収益・単体〉","○ 妥当（G列訂正：3,194億円〈売上収益・単体〉。G列の「3,026億円（2026年3月期・単体）」は承認ソースで再現できず）。1次は「承認ソースで裏取りできず事業実態から○」としていたが、承認ソースを特定できた：親会社・伊藤忠エネクス（東証プライム8133）の有価証券報告書「関係会社の状況」で、エネクスフリートは連結売上収益の10%超を占める特定子会社として掲げられ、「主要な損益情報」に売上収益319,400百万円＝3,194億円が記載（§6-1桁検算OK）。§5-3の承認ソース6（親会社IR資料）に該当し、§3-5の「載せてはいけない」案件ではない。伊藤忠エネクス100%出資の子会社のため§3-3で単体300億以上が要件だが、3,194億円は基準の10倍超で余裕十分。なお金額シード検索で3,026億円は一度も返らず、返るのは319,400百万円系のみ。【要確認】当該有報の事業年度は提出日2025年6月17日から2025年3月期と推定されるが決算期の明示までは取れておらず、G列の「2026年3月期」表記は要訂正。IFRS表記の「売上収益」である点も§3-7によりH列に注記が必要。"
4381,001Nn000018CWTD,3180001024325,株式会社タチヤ,架電可（G列訂正あり）,G列訂正：正しくは384億円〈2025年3月実績・単体〉,"○ 妥当（G列訂正：正しくは384億円〈2025年3月実績・単体〉。G列の「402億円（2025年・単体）」は承認ソースで再現できず）。自社サイト会社概要に「売上高384億円（2025年3月実績）／従業員939名（パート・アルバイト含む）／資本金3,000万円／愛知14・岐阜7・三重2の計23店舗」を確認。株式会社タチヤは株式会社バローホールディングスの子会社（バロー公式のグループ会社ページに掲載）だが、単体384億円で300億円基準を満たすため§3-3クリア、架電可否は○。ただし300億円に対する余裕は約28%（84億円）と薄く、生鮮8割・当日売切りの業態で年変動も出やすいため、トスアップ前に最新期の数値確認を推奨。"
4414,001Nn000018keql,4011101030492,PayPay銀行株式会社,架電可（G列訂正あり）,G列訂正,○ 妥当（G列訂正推奨）：921億円は承認ソースで再現できず、通期版決算参考資料も未確認。自社「2024年度決算参考資料」で2025年3月期・単体・経常収益719.12億円（前期比+114.77億/+18.9%、経常利益116.38億円）、「2026年3月期中間期決算参考資料」で中間期416.30億円を確認。G列は719.12億円（2025年3月期・単体・経常収益＝直近3期内）が安全。いずれも300億超で判定不変。
