取引先 ID,法人番号,取引先名,Web サイト,売上（範囲）,アポインターメモ_検索用,,
001Nn00000eVELJ,1050001001165,常洋水産株式会社,https://www.joyosuisan.com/,"5: 300億円以上~1,000億円未満",,398.64億円（2026年3月期・単体）,○ 自社HP会社概要に「(2026年3月期) 売上高 398.64億円」と明記 https://www.joyosuisan.com/%E4%BC%9A%E7%A4%BE%E6%A6%82%E8%A6%81
001Nn00000eVELT,9300001008400,伊藤ハム米久フーズ株式会社,https://itohamwest.co.jp/,"5: 300億円以上~1,000億円未満",,"1,228億円（2026年3月期・単体）","○ 伊藤ハム米久HDの子会社だが単体で1,228億円。自社HP企業概要に「売上高 1,228億円（2026年3月期）」と明記 https://www.itoham-yonekyu-holdings.com/foods/"
001Nn00000eVELU,2010401046060,フォンテラジャパン株式会社,https://www.fonterra.com/jp/ja.html,"6: 1,000億円以上",,859.71億円（2025年7月期・単体）,"○ 決算公告（官報・第45期、2025年7月31日決算）売上高859億7,100万円。Fonterra(NZ)の日本法人だが単体で300億超 https://catr.jp/companies/620b2/148115/settlements/cc9b1/435657"
001Nn00000eVEba,6180001081173,ヤマザキマザックトレーディング株式会社,,"5: 300億円以上~1,000億円未満",,確認不可,"△ 確認不可。自社HP(mazak.com会社概要)・IR・EDINET・TDnet・gBizINFO・採用ページ・親会社ヤマザキマザックまで確認したが直近3期の記載なし。最新の売上高が非公表。2020年3月期時点では1,445.88億円（官報決算公告第58期） https://catr.jp/companies/6a0df/27605"
001Nn00000eVM5f,7010001034873,カーギルジャパン合同会社,https://www.cargill.co.jp,"6: 1,000億円以上",ツジアイ0612,対象外（合同会社）,× 法人格。直アポ大は株式会社のみ。合同会社のため対象外
001Nn00000eVM5o,2010401082262,東和産業株式会社,https://www.towa-js.co.jp/,"6: 1,000億円以上",サトウリョウト26/08/07,確認不可,△ 確認不可。自社HP企業情報（売上高記載なし）・IR・EDINET・TDnet・gBizINFO・採用ページを確認。官報決算公告は貸借対照表のみで売上高非掲載かつ最新が2020年4月期。禁止ソースのみ https://www.towa-js.co.jp/business/company-information/
001Nn00000eVM5z,1180001093025,加藤化学株式会社,https://www.katokagaku.co.jp/corporate/company.html,"5: 300億円以上~1,000億円未満",／請求書システム導入済み,確認不可,△ 確認不可。自社HP企業情報・採用サイト「数字で見る加藤化学」・IR・EDINET・gBizINFOまで確認したが売上高の記載なし。官報決算公告(2024年3月期)も貸借対照表のみで売上高非掲載。禁止ソースのみ https://catr.jp/companies/612d5/209710
001Nn00000eVM6E,6180001036004,ゴムノイナキ株式会社,http://www.inaki.co.jp,"5: 300億円以上~1,000億円未満",,428.20億円（2026年4月期・単体）,"○ 自社HP会社概要（2026年4月30日現在）売上高42,820百万円＝428.20億円。決算期4月30日 https://inaki.co.jp/company/profile.html"
001Nn00000eVM6U,2180001094419,豊田スチールセンター株式会社,http://www.toyotasc.jp/index.html,"5: 300億円以上~1,000億円未満",,【300億未満】189.65億円（2026年3月期・単体）,× 300億未満（189.65億円・第66期）。豊田通商の子会社で現商号は豊通メタルソリューションズ株。収益認識基準で純額表示化し旧基準では686.64億円(2021年3月期)。官報決算公告 https://catr.jp/companies/f5f17/26831/settlements/f6d91/478256
001Nn00000eVM6a,6010701007411,株式会社ＪＡＬＵＸ,https://www.jalux.com,"5: 300億円以上~1,000億円未満",🔵MC:管理本部／総務人事部／総務課 03-6367-8800 / 橋本政和 取締役（双日常務執行役員人事担当本部長）,426.92億円（2026年3月期・単体）,○ 日本航空の子会社だが単体売上高426.92億円（参考：連結892.26億円/2025年3月期）。第65期決算公告の損益計算書 https://www.jalux.com/documents/ir/jalux_closing_2606.pdf
001Nn00000eVM6f,4100001025387,綿半ソリューションズ株式会社,http://watahan.co.jp/group/solutions,"5: 300億円以上~1,000億円未満",,376.34億円（2026年3月期・単体）,○ 綿半HDの子会社だが単体で376.34億円。綿半HD有価証券報告書(第78期)「関係会社の状況」主要な損益情報等 https://contents.xj-storage.jp/xcontents/AS99965/63896e26/4170/42e8/bd68/2358a3cd6b2d/S100YJZ2.pdf
001Nn00000eVM6p,4500001004796,ヤマキ株式会社,http://www.yamaki.co.jp/,"5: 300億円以上~1,000億円未満",／,524億円（2025年度・単体）,○ 自社HP会社概要に「売上高 524億円（2025年度）」と明記 https://www.yamaki.co.jp/corporate/greeting.html
001Nn00000eVU37,1240001030013,エフピコ商事株式会社,http://www.fp-trading.jp/index.html,"5: 300億円以上~1,000億円未満",6/23シモムラソウノスケ,309億円（2025年3月期・単体）,○ エフピコの子会社だが単体で309億円（親の連結値ではない）。自社HP会社概要に「売上高 309億円（2025年3月期）」と明記 https://www.fp-trading.jp/company/outline/
001Nn00000eVVX8,8140001059873,大和工業株式会社,https://www.yamatokogyo.co.jp/company/summary/,"5: 300億円以上~1,000億円未満",🔵MC:人事部／人事課 079-273-1064 ｜🎯360:人事部／人材開発課 079-257-0350,"1,603.89億円（2026年3月期・連結）","○ 決算短信（2026年4月30日）連結売上高160,389百万円＝1,603.89億円 https://contents.xj-storage.jp/xcontents/AS08507/dff406e5/f5f9/462d/a842/fb3664b7410d/140120260428513638.pdf"
001Nn00000eVVXG,3470001000263,アオイ電子株式会社,https://www.aoi-electronics.co.jp/,"5: 300億円以上~1,000億円未満",／,383.23億円（2026年3月期・連結）,"○ 決算短信（2026年5月8日）連結売上高38,323百万円＝383.23億円 https://www.aoi-electronics.co.jp/wp-content/uploads/2026/05/20260508-1.pdf"
001Nn00000eVVXR,3140001012993,株式会社合食,https://corp.goshoku.co.jp/company,"5: 300億円以上~1,000億円未満",,360.92億円（2026年3月期・単体）,○ みなと新聞2026/7/2「合食、売上高7％減/26年3月期」売上高360億9200万円 https://www.minato-yamaguchi.co.jp/minato/e-minato/articles/163557 ※自社HP会社概要・官報決算公告(BSのみ)には売上高記載なし
001Nn00000eVVXT,4120901008588,株式会社モリタ,https://japan.morita.com/company/profile/index.html,"5: 300億円以上~1,000億円未満",🔵MC:東京本社／人事総務部 03-3834-2801 / Mura Taka 人事総務部 部長 ｜ 🔵MC:東京本社／人事総務部 03-3834-2801 / Mura Taka 人事総務部 部長,"1,081.84億円（2026年3月期）","○ 自社HP会社概要「売上高 1,081億8,366万円（2026年3月末現在）」 https://japan.morita.com/company/profile/index.html ※法人番号4120901008588＝大阪府吹田市垂水町のJ.モリタ（歯科）で一致確認"
001Nn00000eVVXV,5010001008788,株式会社丸山製作所,https://www.maruyama.co.jp/company/outline.html,"5: 300億円以上~1,000億円未満",🔵MC:人事総務部／総務課 03-3252-2271,412.66億円（2025年9月期・連結）,"○ 決算短信（連結売上高41,266百万円＝412.66億円） https://www.maruyama.co.jp/assets/pdf/library/brief/20251114.pdf"
001Nn00000eVVXY,5080401003894,日星電気株式会社,https://www.nissei-el.co.jp/company/group/head_office/,"5: 300億円以上~1,000億円未満",,約460億円（2025年度）,○ 自社採用サイト「データで見る日星電気」売上高2025年度約460億円 https://www.nissei-el.co.jp/recruit/data/ ※自社HP会社概要には売上高記載なし。非上場でIR・EDINET掲載なし
001Nn00000eVVXZ,6010401016712,アボットジャパン合同会社,https://www.abbott.co.jp/about-abbott/profile.html,"5: 300億円以上~1,000億円未満",,対象外（合同会社）,× 法人格。直アポ大は株式会社のみ。合同会社のため対象外
001Nn00000eVVXc,7290001012769,株式会社翔薬,https://www.shoyaku.com/company/companyinfo/index.html,"6: 1,000億円以上",🔵MC:人事総務部 092-471-2201 / 宮道隆広 人事総務部長（総務部長）上席執行役員（旧直通:経営企画室：092-471-2308）,"1,970.68億円（2026年3月期・単体）","○ 官報決算公告(2026/6/23掲載)売上高1,970億6,800万円 https://catr.jp/companies/546e2/14488/settlements/52924/463953 ※スズケン100%子会社だが単体で300億超。自社HP・スズケン有報には売上高記載なし"
001Nn00000eVVXe,1010001034994,日本パーカライジング株式会社,https://www.parker.co.jp/ja/corporate/outline.html,"5: 300億円以上~1,000億円未満",システム　人事,"1,381.55億円（2026年3月期・連結）","○ 有価証券報告書第141期 連結売上高138,155百万円（単体45,776百万円） https://www.parker.co.jp/ja/_pdf/topics/5550697398ab6f5a4e6d4970ccd44a06e9dc94c4.pdf"
001Nn00000eVVXf,7500001014710,ユニ・チャームプロダクツ株式会社,https://www.unicharmproducts.co.jp/,"6: 1,000億円以上",🔵MC:人事総務部／Ｃａｒｅｅｒ形成支援グループ 0875-52-2211,"2,568.87億円（2025年12月期・単体）","○ 自社HP決算公告 第53期損益計算書 売上高256,886,573千円 https://www.unicharmproducts.co.jp/kessan/__icsFiles/afieldfile/2026/03/26/kessan53.pdf ※ユニ・チャーム100%子会社だが単体で300億超"
001Nn00000eVVXi,5190001014736,株式会社グリーンズ,https://www.kk-greens.jp/,"5: 300億円以上~1,000億円未満",,539.98億円（2026年6月期・連結）,"○ 決算短信（連結売上高53,998百万円） https://ssl4.eir-parts.net/doc/6547/tdnet/2871952/00.pdf ※自社IRライブラリ掲載のTDnet決算短信"
001Nn00000eVVXj,6010701026130,東罐興業株式会社,https://www.tokan.co.jp/company/domestic/headoffice/,"5: 300億円以上~1,000億円未満",,670億円（2026年3月期）,○ 自社HP会社概要「売上高 670億円(2026年3月期)」 https://www.tokan.co.jp/company/outline/ ※東洋製罐グループHD子会社だが単体で300億超
001Nn00000eVVXk,3120101026862,株式会社近商ストア,https://www.kinshostore.co.jp/company/overview/,"5: 300億円以上~1,000億円未満",6/29シモムラソウノスケ,581億円（2024年度＝2025年3月期）,○ 自社HP会社概要「売上高 2024年度実績：581億円」 https://www.kinshostore.co.jp/company/overview/ ※近鉄リテールHD100%子会社だが単体で300億超
001Nn00000eVVXr,1010001092605,ヤマト運輸株式会社,https://www.kuronekoyamato.co.jp/ytc/info/info_210818.html,"6: 1,000億円以上",,"16,775.34億円（2026年3月期・単体）","○ 自社HP電子公告 第22期決算公告 損益計算書 営業収益1,677,534百万円 https://www.kuronekoyamato.co.jp/ytc/corp/corporate/pdf/kessan_koukoku_202603.pdf ※運送業のため営業収益。ヤマトHD子会社だが単体で300億超"
001Nn00000eVVaw,1010401021766,株式会社ニッショク,http://www.nisshoku.com/about/,"5: 300億円以上~1,000億円未満",,505.52億円（2025年3月期）,○ 自社HP会社概要「年間売上高 505億52百万円（2025年3月期）」 http://www.nisshoku.com/about/
001Nn00000eVVcg,8010401054826,日本甜菜製糖株式会社,https://www.nitten.co.jp/,"5: 300億円以上~1,000億円未満",シモムラソウノスケ　7/16,686.96億円（2026年3月期・連結）,"○ 決算短信（連結売上高68,696百万円） https://www.nitten.co.jp/dcms_media/other/2026-4Q_Financial_Results.pdf"
001Nn00000eVVci,2290001041302,株式会社リョーユーパン,https://www.ryoyupan.co.jp/about/group/,"5: 300億円以上~1,000億円未満",,474億円（2026年3月期・グループ連結）,○ 自社HP会社概要「年商474億円（2026年3月期 グループ連結）」 https://www.ryoyupan.co.jp/about/ ※同社はリョーユーパングループの親会社のため連結値で判定
001Nn00000eVVjy,4010001102162,株式会社デジタルホールディングス,https://digital-holdings.co.jp/company/outline,"5: 300億円以上~1,000億円未満",,【300億未満】131.02億円（2025年12月期・連結）,"× 300億未満。最新の収益認識基準による連結収益13,102百万円＝131.02億円。旧基準では616.46億円（売上高61,646百万円）。博報堂DYHDの100%子会社。2025年12月期決算短信で検算一致確認済み https://www.digital-holdings.co.jp/files/topics/5586.pdf"
001Nn00000eVVlk,2010401092245,日本マイクロソフト株式会社,https://www.microsoft.com/ja-jp/mscorp/branch/sgt,"5: 300億円以上~1,000億円未満",イワマシリュウ_2026/08/06,1兆223億円（2023年6月期・単体）,○ 非上場のため官報の決算公告のみ。日経クロステック（日経BP）が官報決算公告に基づき2023年6月期（2022年7月～2023年6月）売上高1兆223億円と報道（原文確認済み） https://xtech.nikkei.com/atcl/nxt/column/18/00848/00119/
001Nn00000eVVly,4012401007544,キユーピータマゴ株式会社,https://www.kewpie-egg.co.jp/company/offices.html,"5: 300億円以上~1,000億円未満",,"1,287.50億円（2025年11月期・単体）","○ 親会社キユーピー第113期有価証券報告書「関係会社の状況」注3の主要な損益情報等（売上高128,750百万円） https://www.kewpie.com/ir/pdf/annual_report/2026/ir_20260224_113_yuho.pdf"
001Nn00000eVVlz,2180001104978,ポッカサッポロフード＆ビバレッジ株式会社,http://www.pokkasapporo-fb.jp,"5: 300億円以上~1,000億円未満",,585.16億円（2025年12月期・単体）,"○ 親会社サッポロHD第102期有価証券報告書「関係会社の状況」注9の主要な損益情報等（日本基準・売上高58,516百万円） https://pdf.irpocket.com/C2501/rJAn/y4GQ/W9UW.pdf"
001Nn00000eVVm1,5010901028646,株式会社成城石井,https://www.seijoishii.co.jp/,"5: 300億円以上~1,000億円未満",,"1,125.44億円（2024年2月期・単体）","○ 親会社ローソン第49期有価証券報告書「関係会社の状況」注8の主要な損益情報等（IFRS・営業収益112,544百万円）。ローソンは2024年上場廃止のため以降の有報なし https://www.lawson.co.jp/company/ir/library/pdf/yuuka/yuuka_49.pdf"
001Nn00000eVVm3,4010001074187,株式会社ＢｕｙＳｅｌｌ　Ｔｅｃｈｎｏｌｏｇｉｅｓ,https://buysell-technologies.com/,"5: 300億円以上~1,000億円未満",,"1,006.14億円（2025年12月期・連結）","○ 2025年12月期決算短信（連結売上高100,614百万円） https://ssl4.eir-parts.net/doc/7685/tdnet/2761345/00.pdf"
001Nn00000eVVm4,3470001004116,株式会社ヤマウチ,https://y-grp.com/company/profile/,"5: 300億円以上~1,000億円未満",◆08/17(月)、定時00:00、11:30,531億円（2026年3月期・グループ）,○ 自社HP会社概要「売上高531億円（2026年3月期）※ヤマウチグループ」で確認済み。登録番号T3470001004116で法人番号一致。同社は複数子会社を持つヤマウチグループの親会社 https://y-grp.com/company/profile/
001Nn00000eVVmA,2190001015290,株式会社扇港電機,http://www.senko-grp.co.jp,"5: 300億円以上~1,000億円未満",,"1,229億円（2025年度・2社連結）","○ 自社HP「数字で見る扇港」で確認済み。売上高1,229億円（2025年度実績・(株)扇港電機＋(株)ネスコの2社連結）。扇港電機はネスコの親会社（ネスコ社長が扇港電機取締役） https://www.senko-grp.co.jp/business.html#Numbers"
001Nn00000eVVmB,8010001008810,株式会社リョーサン,https://www.ryosan.co.jp/company/outline.html,"6: 1,000億円以上",🔵MC:人事部 03-3862-4335（旧直通:044-989-7030　情報システム）,"1,450.39億円（2026年3月期・単体）","○ 親会社リョーサン菱洋HD 2026年3月期有価証券報告書「関係会社の状況」注7（単体売上高145,039百万円）。2026年4月1日に菱洋エレクトロを吸収合併しリョーサン菱洋(株)へ商号変更 https://disclosure2dl.edinet-fsa.go.jp/searchdocument/pdf/S100YHJV.pdf"
001Nn00000eVVmC,9120001044397,杉本商事株式会社,http://www.sugi-net.co.jp/,"5: 300億円以上~1,000億円未満",,486.11億円（2026年3月期・連結）,"○ 自社HP IR財務指標（第101期2026年3月期・連結売上高48,611百万円） https://www.sugi-net.co.jp/for_investors/financial_indicator.html"
001Nn00000eVVmK,8060001019712,株式会社キリウ,http://www.kiriu.co.jp,"5: 300億円以上~1,000億円未満",,確認不可,"△ 確認不可。自社HP会社概要で確認済み、連結834億円のみで単体売上高は非公表（単独従業員499名／連結5,965名）。沿革に住友商事による子会社化の記載があり、子会社単体で300億以上か判定不可。親会社住友商事IR・官報決算公告も確認できず https://www.kiriu.co.jp/company/profile/"
001Nn00000eVVmL,2330001009393,合志技研工業株式会社,https://www.goshigiken.com/,"5: 300億円以上~1,000億円未満",🔵MC:事業管理部／総務課／人事労政係 096-248-2431,【300億未満】164.69億円（2026年3月期・単体）,"× 子会社。本田技研工業95%出資の子会社で、第53期決算公告の単体損益計算書の売上高16,468,582千円＝164.69億円（連結72,341,707千円＝723.42億円）を原本PDFで検算一致確認済み。出典 https://www.goshigiken.com/pdf/kessan/53_kessan_ja.pdf"
001Nn00000eVVmP,6040001027017,東洋合成工業株式会社,https://www.toyogosei.co.jp/company/base.html,"5: 300億円以上~1,000億円未満",,419.56億円（2026年3月期・単体）,"○ 2026年3月期決算短信〔日本基準〕(非連結)（売上高41,956百万円） https://www.toyogosei.co.jp/news/20260508_FY2025financial_results.pdf"
001Nn00000eVVmU,8010401024011,株式会社博報堂,https://www.hakuhodo.co.jp/about/access/,"6: 1,000億円以上",,"3,767.28億円（2026年3月期・単体）","○ 親会社博報堂DYHD 2026年3月期有価証券報告書「関係会社の状況」注4（㈱博報堂の収益376,728百万円）。収益認識基準適用のため科目は「収益」表記 https://disclosure2dl.edinet-fsa.go.jp/searchdocument/pdf/S100YHXU.pdf"
001Nn00000eVVmX,6120001045084,ダイダン株式会社,https://www.daidan.co.jp/company/overview/,"6: 1,000億円以上",,"2,562.28億円（2026年3月期・連結）","○ 2026年3月期決算短信（連結売上高256,228百万円） https://www.daidan.co.jp/wp/wp-content/uploads/2026/05/a687a801b4ae9de13699fe6845246e3c.pdf"
001Nn00000eVVmY,5011501002891,日本リーテック株式会社,https://www.j-rietec.co.jp/company/office/,"5: 300億円以上~1,000億円未満",,740億円（2026年3月期・連結）,○ 自社HP会社概要 https://www.j-rietec.co.jp/company/outline/ に「年商 657億円〔連結：740億円〕（2026年3月期）」と記載。東証プライム上場の親会社のため連結を採用。単体657億円でも300億超
001Nn00000eVVma,5020001018027,千代田エクスワンエンジニアリング株式会社,https://www.cks-ykh.co.jp,"5: 300億円以上~1,000億円未満",,937.47億円（2026年3月期・単体）,"○ 親会社・千代田化工建設の有価証券報告書 第98期「関係会社の状況」注2に当社の主要な損益情報等として売上高93,747百万円と記載。EDINET https://disclosure2dl.edinet-fsa.go.jp/searchdocument/pdf/S100YEDH.pdf （8頁）"
001Nn00000eVVmd,9010601041061,セイノースーパーエクスプレス株式会社,https://www.seino.co.jp/ssx/company/about/,"5: 300億円以上~1,000億円未満",,確認不可,△ 確認不可。自社HP会社概要・自社電子公告の第98期決算公告（貸借対照表のみ。注記の関係会社取引高52億円は総売上高ではない）・EDINET・親会社セイノーHD有報の関係会社の状況（10%超は西濃運輸等3社のみで当社は非開示）・決算説明会資料・採用「数字で見る」まで確認したが単体売上高の記載なし
001Nn00000eVVpM,6010601036386,アサヒグループホールディングス株式会社,https://www.asahigroup-holdings.com/company/profile/,"6: 1,000億円以上",,"2兆8,946.76億円（2025年12月期・連結）","○ 有価証券報告書 第102期「主要な経営指標等の推移」の連結売上収益2,894,676百万円。IFRSのため原文表記は「売上収益」。EDINET https://disclosure2dl.edinet-fsa.go.jp/searchdocument/pdf/S100YSGA.pdf （2頁）"
001Nn00000eVVsK,3010401119377,株式会社クレストレード,http://www.crestrade.co.jp/,"5: 300億円以上~1,000億円未満",,確認不可,"△ 確認不可。自社HP・EDINET・官報決算公告（記録なし）・親会社の株式会社西原商会HP（グループ連結1,390億円/2026年2月期の記載のみで子会社別内訳なし。西原商会も非上場でIRなし）・gBizINFOまで確認したが単体売上高の記載なし。禁止ソースのみ"
001Nn00000eVVuD,6011101016060,ニュースキンジャパン株式会社,https://www.nuskin.com/markets/ja_JP/home.html,"5: 300億円以上~1,000億円未満",／,【300億未満】260.80億円（2025年12月期・単体）,"× 300億未満（260.80億円）。親会社Nu Skin Enterprisesの2025年次報告書のセグメント情報でJapanの売上高174,364千米ドル https://www.sec.gov/Archives/edgar/data/1021561/000114036126013156/ef20069502_ars.pdf （60頁）。業界紙・訪販ニュースも同期の日本売上を260億8,011万円（前期比5.1%減）と報道"
001Nn00000eVVuv,3130001000082,アイフル株式会社,https://www.aiful.co.jp/group/corporate/about.html,"6: 1,000億円以上",,"2,146.93億円（2026年3月期・連結）","○ 2026年3月期決算短信〔日本基準〕（連結）の営業収益214,693百万円 https://www.aiful.co.jp/group/ir/pdf/FR202603.pdf 。貸金業のため科目は営業収益。2026年4月にムニノバHDの完全子会社となり上場廃止だが、アイフル自身の数値で300億超"
001Nn00000eVVuz,3010801000723,アルプスアルパイン株式会社,https://www.alpsalpine.com/j/company/net-japan/,"6: 1,000億円以上",🌳★08/17(月)、定時00:00、🔵🌑✳✡👤情シス/DX,1兆194.59億円（2026年3月期・連結）,"○ 有価証券報告書 第93期「主要な経営指標等の推移」の連結売上高1,019,459百万円。EDINET https://disclosure2dl.edinet-fsa.go.jp/searchdocument/pdf/S100YB8V.pdf （2頁）"
001Nn00000eVVv1,2010401054443,シンフォニアテクノロジー株式会社,https://www.sinfo-t.jp/company/,"5: 300億円以上~1,000億円未満",★08/24(月)、定時17:30、🔵🌑✳✡👤経理👤経企,"1,281.97億円（2026年3月期・連結）","○ 2026年3月期決算短信〔日本基準〕（連結）の売上高128,197百万円 https://www.sinfo-t.jp/application/files/3417/7873/4198/20260514.pdf （1頁）"
001Nn00000eVVv6,2010901010581,株式会社不二工機,https://www.fujikoki.co.jp/company/network_japan/,"5: 300億円以上~1,000億円未満",,457.14億円（2026年3月期・単体）,○ 自社HP会社概要 https://www.fujikoki.co.jp/company/about/ に「売上高 457億14百万円（2026年3月期・単体）」と記載。東証プライム上場の親会社であり連結はさらに大きい
001Nn00000eVVvC,4010801012908,ワタミ株式会社,https://www.watami.co.jp/corporate/summary/,"5: 300億円以上~1,000億円未満",コジマコウガ,932.60億円（2026年3月期・連結）,○ 2026年3月期決算説明会資料「グループ業績：2026年3月期実績」の売上高932.6億円 https://www.watami.co.jp/assets/pdf/ir/202603.pdf （3頁）
001Nn00000eVVvG,1011701002852,株式会社江東微生物研究所,https://www.koutou-biken.co.jp/about/company-profile/,"5: 300億円以上~1,000億円未満",,確認不可,"△ 確認不可。自社HP会社概要（資本金5,000万円・従業員1,080名のみ記載）・EDINET（提出なし）・官報決算公告（記録なし）・gBizINFO（財務欄・決算欄とも空）・自社ドメイン内の採用ページまで確認したが売上高の記載なし。禁止ソース（求人・口コミ系）のみ"
001Nn00000eVVvR,3010001133877,ＥＮＥＯＳ　Ｘｐｌｏｒａ株式会社,https://www.eneos-xplora.com/corporate/outline.html,"6: 1,000億円以上",／🌟🚨 総務部/部長/平田　浩旨/※1 経理部/部長/中谷　慎一/※1,361.02億円（2026年3月期・単体）,"○ 自社HP電子公告の第36期（2026年3月期）決算公告・損益計算書の売上高36,102百万円 https://www.eneos-xplora.com/pdf/noex_36.pdf 。ENEOSホールディングスの子会社だが単体で300億超。SF登録の「1,000億以上」は過大"
001Nn00000eVVvW,9010001087242,富士電機ＩＴソリューション株式会社,https://www.fujielectric.co.jp/fsl/information/corporate_profile/,"5: 300億円以上~1,000億円未満",オガタユウ_2026/07/17,"1,340.61億円（2026年3月期・単体）","○ 自社HP会社概要 https://www.fujielectric.co.jp/fsl/information/corporate_profile/ に「売上高 1340億円（2025年度）」と記載。官報の2026年3月期決算公告の売上高1,340億6,100万円とも一致。富士電機の子会社だが単体で300億超"
001Nn00000eVVwZ,1370001021305,株式会社カツヨシ商事,https://meruhengrp.jp/company/,"5: 300億円以上~1,000億円未満",,確認不可,△ 確認不可。自社HP会社情報（資本金700万円・従業員480名のみ）・EDINET（提出なし）・官報の第39期決算公告（令和8年8月6日号外第177号p.88。貸借対照表のみで損益計算書なし）・gBizINFO・親会社カツヨシHD（非上場・IRなし）まで確認したが売上高の記載なし
001Nn00000eVVwb,1240001016937,株式会社エネルギア・ソリューション・アンド・サービス,https://www.e-ess.co.jp/,"5: 300億円以上~1,000億円未満",,713.44億円（2026年3月期・単体）,"○ 自社HP電子公告の決算公告(単体) https://www.e-ess.co.jp/assets/pdf/corporate/2025nendo.pdf 損益計算書の売上高71,344,061千円=713.44億円。中国電力100%出資の子会社だが子会社単体で300億超"
001Nn00000eVVws,7130001024920,オムロンヘルスケア株式会社,http://www.healthcare.omron.co.jp/,"6: 1,000億円以上",7/13シモムラソウノスケ　☆V 07/09〈木〉、定時00:00、🌟🚨🔵🌑✳✡/🌱/🌱,845.19億円（2025年3月期・単体）,○ 官報決算公告(2025年6月23日掲載・単体) https://catr.jp/companies/0f812/11019/settlements/2f389/410086 オムロンの子会社だが単体845.19億円。自社HP会社概要はbot遮断で参照不可・親会社IRは事業セグメント値のみ
001Nn00000eVVwv,2380001010248,白河オリンパス株式会社,https://www.shirakawa.olympus.co.jp/company/outline/,"5: 300億円以上~1,000億円未満",／,確認不可,△ 確認不可。自社HP会社概要/採用・官報決算公告(貸借対照表のみで売上高欄なし)・親会社オリンパス有報の関係会社の状況(10%超の子会社のみ開示で当社は対象外)まで確認したが売上高の記載なし。福島県運営の就職支援サイトに572億円の記載があるが承認ソース外
001Nn00000eVVww,3230001005030,陽進堂ホールディングス株式会社,https://www.yoshindoholdings.jp/company_profile,"5: 300億円以上~1,000億円未満",,536.05億円（2025年3月期・連結）,"○ 自社HP財務情報の業績ハイライト(連結) https://yoshindoholdings.co.jp/company/financial_info 53,605百万円=536.05億円。持株会社のため連結で判定。※リストのyoshindoholdings.jpはDNS不能、正しくは.co.jp"
001Nn00000eVVwy,3120001087781,ニプロファーマ株式会社,https://www.np.nipro-pharma.co.jp/page/map-company.php,"5: 300億円以上~1,000億円未満",,"1,054.01億円（2026年3月期・単体）","○ 官報決算公告(2026年6月23日掲載・単体) https://catr.jp/companies/b0d12/14522/settlements/e08ab/463946 ニプロの子会社だが単体1,054.01億円。自社HP会社概要とニプロ有報には売上高の記載なし"
001Nn00000eVVwz,9080401001457,株式会社杏林堂薬局,https://www.kyorindo.co.jp/,"5: 300億円以上~1,000億円未満",,"1,385.69億円（2026年2月期・単体）","○ 官報決算公告(2026年5月26日掲載・単体) https://catr.jp/companies/b13fb/29967/settlements/517cd/456557 ツルハHDの子会社だが単体1,385.69億円。決算期はツルハに合わせ5月15日から2月末に変更済"
001Nn00000eVVx3,9050001011652,タカノフーズ株式会社,https://www.takanofoods.co.jp/company/corporate/outline/,"5: 300億円以上~1,000億円未満",,990.03億円（2024年3月期・単体）,○ 官報決算公告(2024年12月27日掲載・単体) https://catr.jp/companies/d78a6/148299/settlements/5817a/387753 自社HP会社概要に売上高の記載なし。2025年3月期以降の決算公告は未掲載のため2024年3月期が最新
001Nn00000eVVx5,5010001122630,株式会社宗家源吉兆庵,https://www.kitchoan.co.jp/about/profile/,"5: 300億円以上~1,000億円未満",,確認不可,"△ 確認不可。自社HP会社概要(資本金4,500万円・店舗数のみ) https://www.kitchoan.co.jp/about/profile/ ・自社採用ページ・官報決算公告(2018年2月期の1件のみで売上高欄なし)まで確認したが売上高の記載なし"
001Nn00000eVVxJ,8030001061642,たまご＆カンパニー株式会社,https://www.tandc.inc/company/co_profile/,"5: 300億円以上~1,000億円未満",,確認不可,"△ 確認不可。自社HP会社概要(資本金2,000万円・従業員145名のみ) https://www.tandc.inc/company/co_profile/ ・自社会社案内PDF・官報決算公告(掲載なし)まで確認したが売上高の記載なし。旧イセ食品で2025年3月に更生手続終結"
001Nn00000eVVxs,2130001022029,ニチコン株式会社,http://www.nichicon.co.jp/company/com_network01.html,"6: 1,000億円以上",,"1,697.24億円（2026年3月期・連結）","○ 自社HP会社概要 https://www.nichicon.co.jp/company/about/summary/ 売上高169,724百万円=1,697.24億円(2026年3月期 連結)。東証プライム上場"
001Nn00000eVVyu,1010401063932,株式会社ヴァティー,http://www.vati.co.jp/company/,"5: 300億円以上~1,000億円未満",／,確認不可,"△ 確認不可。自社HP会社概要(資本金1,000万円・従業員3,460名のみ) https://www.vati.co.jp/vati/company.htm ・官報決算公告(2026年2月期まで9期分あるが全て貸借対照表のみで売上高欄なし)まで確認したが売上高の記載なし"
001Nn00000eVVyv,1010001095640,第一三共株式会社,http://www.daiichisankyo.co.jp/,"6: 1,000億円以上",,"21,230.45億円（2026年3月期・連結）","○ 決算短信〔IFRS〕(連結) https://www.daiichisankyo.co.jp/files/investors/library/quarterly_result/2025/FY2025Q4_Financial_Results_J.pdf 2,123,045百万円=21,230.45億円。IFRSのため原文表記は「売上収益」"
001Nn00000eVVzC,4120001078986,小池産業株式会社,http://www.koikesangyo.co.jp/index3.html,"5: 300億円以上~1,000億円未満",システム　人事　経理,334.81億円（2025年9月期・単体）,"○ 自社HP電子公告の第78期決算書・損益計算書(単体) https://www.koikesangyo.co.jp/company/data/settlement_notice4.pdf 売上高33,481,210,299円=334.81億円。会社概要の登録番号T4120001078986で法人番号一致を確認"
001Nn00000eVVzN,5260001020677,株式会社山田養蜂場,http://beekeeper.3838.com/,"5: 300億円以上~1,000億円未満",,確認不可,△ 確認不可。自社HP会社概要 https://beekeeper.3838.com/profile/gaiyo/ ・グループ会社・採用ページ・官報決算公告(掲載なし)まで確認したが売上高の記載なし。禁止ソース(就活サイト等)にしか数字がない
001Nn00000eVVzb,6110001003976,新潟中央青果株式会社,https://www.sinjirsi.co.jp/company/,"5: 300億円以上~1,000億円未満",331億　https://www.sinjirsi.co.jp/employment/data/,確認不可,△ 最新の売上高が非公表。2022年度(2023年3月期)時点では331億円だが直近3期外 https://www.sinjirsi.co.jp/employment/data/ 官報決算公告は9期分とも貸借対照表のみで売上高欄なし。自社HP会社概要にも記載なし
001Nn00000eVVzu,6011101062716,株式会社木下工務店,https://www.kinoshita-koumuten.co.jp/company/,"5: 300億円以上~1,000億円未満",サトウリョウト26/07/17,確認不可,"△ 確認不可。自社HP会社概要・木下グループHP(会社概要/グループ紹介)・EDINET(提出会社でない)・官報決算公告(貸借対照表のみで売上高非開示)まで確認したが単体売上高の記載なし。グループ売上1,200億円の情報は禁止ソースのみ。"
001Nn00000eVVzv,4060001014188,国分関信越株式会社,https://www.kokubu.co.jp/kanshinetsu/company/outline/,"6: 1,000億円以上",,"2,046.90億円（2025年12月期・単体）","○ 自社HP会社概要 https://www.kokubu.co.jp/kanshinetsu/company/outline/ 売上高204,690百万円(2025年12月期)。国分グループ本社傘下だが当社単体で300億超のため対象。"
001Nn00000eVVzx,1011301011097,株式会社ホーク・ワン,https://www.hawk-one.jp/company/profile.html,"5: 300億円以上~1,000億円未満",,"1,639.82億円（2025年9月期・単体）","○ 親会社オープンハウスグループの有価証券報告書(第29期)「関係会社の状況」主要な損益情報等に当社単体売上高163,982百万円 https://openhouse-group.co.jp/ir/upload_file/m005-m005_03/251222_yuhou_260115teisei.pdf"
001Nn00000eVW01,5010601020184,ヤーマン株式会社,http://www.ya-man.com/,"5: 300億円以上~1,000億円未満",,【300億未満】250.40億円（2025年4月期・連結）,"× 300億未満（25,040百万円）。決算短信(TDnet) https://www2.jpx.co.jp/disc/66300/140120260212557536.pdf 決算期変更後の2025年12月期(8ヶ月変則)は172.46億円、2026年12月期予想も275億円で、いずれも300億未満。"
001Nn00000eVW04,3140001024527,本州四国連絡高速道路株式会社,http://www.jb-honshi.co.jp/corp_index,"5: 300億円以上~1,000億円未満",🔵MC:人事部 078-291-1016 ｜ ☆V 07/13〈月〉、定時00:00、✳✡❄/パンチラ,961億円（2025年度・連結）,○ 2025年度(令和7年度)決算 https://www.jb-honshi.co.jp/corp_index/ir/zaimu/pdf/r7kessan.pdf 高速道路会社のため科目は営業収益。連結961億円/個別938億円(うち料金収入702億円)。
001Nn00000eVW05,7180001099223,株式会社コーワペッツコーポレーション,https://kowapets.co.jp/,"5: 300億円以上~1,000億円未満",,確認不可,"△ 確認不可。自社HP企業情報(資本金3,500万円・全国124店舗)を含む全ページ巡回・EDINET(提出会社でない)・官報決算公告(掲載なし)まで確認したが売上高の記載なし。150億円等の数値は禁止ソース/ベンダー導入事例のみ。"
001Nn00000eVW1g,8011101002042,出光タンカー株式会社,http://www.idemitsu.co.jp/tanker,"5: 300億円以上~1,000億円未満",,"1,598億円（2024年度・単体）","○ 自社HP会社概要 https://www.idemitsu.com/jp/tanker/company/profile/index.html 出光興産100%子会社だが当社単体1,598億円で300億超。官報決算公告の2026年3月期は1,665.99億円。"
001Nn00000eVW3E,3130001019528,株式会社日本ケイテム,https://www.keitem.co.jp/company_profiele/,"5: 300億円以上~1,000億円未満",,確認不可,△ 確認不可。自社HP会社概要・グループ情報・採用サイト・キャリアグループHP・EDINET(提出会社でない)・官報決算公告(掲載なし)まで確認したが売上高の記載なし。342億円等の数値は禁止ソースのみ。
001Nn00000eVW3M,3500001012115,日本食研ホールディングス株式会社,https://www.nihonshokken.co.jp/profile.html,"6: 1,000億円以上",,"1,589.73億円（2025年9月期・グループ）","○ 自社HP会社概要 https://www.nihonshokken.co.jp/profile.html 売上高1,589億7,300万円(2025年9月期)。持株会社=グループ親会社のためグループ売上で判定可。"
001Nn00000eVW3N,7290001005789,明治屋産業株式会社,https://www.mj-sangyo.co.jp/company/info/,"5: 300億円以上~1,000億円未満",🔵MC:人事課 092-432-9568 ｜ ☆V 07/13〈月〉、定時00:00、🔵🌑✳✡🌅🔥/パンチラ,467億円（2026年3月期・グループ合計）,○ 自社HP会社概要 https://www.mj-sangyo.co.jp/company/info/ 「467億円('26年3月決算期グループ合計)」。新鋭ミート等を傘下に持つグループ親会社のため連結値で判定可。
001Nn00000eVW3O,7240001022681,株式会社大創産業,https://www.daiso-sangyo.co.jp/company/prof_hist,"6: 1,000億円以上",,"6,983億円（2026年2月期・単体）","○ 自社HP会社概要 https://www.daiso-sangyo.co.jp/company/prof_hist 単体6,983億円/連結7,710億円(2026年2月末現在)。"
001Nn00000eVW3R,2080401001323,株式会社河合楽器製作所,https://www.kawai.co.jp/company/internal/,"5: 300億円以上~1,000億円未満",🔵MC:総務人事部／ＣＳ環境室 053-457-1252 ｜🎯360:楽器教育営業本部／国内管理課 03-6718-4241 ｜ キセカヨ　20260703,720.49億円（2026年3月期・連結）,"○ 決算短信 https://www2.kawai.co.jp/ir/tansin_pdf/2026/20260514_2026dtanren.pdf 連結売上高72,049百万円(2026年3月期)。"
001Nn00000eVW3S,5010001089333,ラディックス株式会社,https://www.radix.ad.jp/corporate/profile.html,"5: 300億円以上~1,000億円未満",,666億円（2025年度・グループ全体）,"○ 自社ドメイン採用サイト https://www.radix.ad.jp/recruit/number.html 「666億円(※グループ全体 2025年度)」。単体値は非公表だが、グループ会社は資本金900万〜5,000万円の小規模6社で当社が中核事業会社。"
001Nn00000eVW3T,3120001001206,株式会社ミルボン,http://www.milbon.com/ja/company/office/japan/office02.html,"5: 300億円以上~1,000億円未満",,528.63億円（2025年12月期・連結）,"○ 決算短信 https://www.milbon.com/ja/news/uploads/docs/20251231_66s4q_tanshin.pdf 連結売上高52,863百万円(2025年12月期)。"
001Nn00000eVW3X,2120001135426,ヤンマーアグリジャパン株式会社,https://www.yanmar.com/jp/about/company/yaj/,"6: 1,000億円以上",／,"1,723.73億円（2026年3月期・単体）","○ 官報決算公告(2026年7月8日掲載) https://catr.jp/companies/d6fbb/23558/settlements/57009/473381 単体売上高1,723億7,300万円。ヤンマーHD傘下だが当社単体で300億超。"
001Nn00000eVW3Z,9011801009121,全日本食品株式会社,https://www.zchain.co.jp/company/access.html,"6: 1,000億円以上",,"1,082億円（2025年8月時点・単体）","○ 自社HP会社概要に「本部年商 1,082億円（2025年8月）」と明記。全日食チェーン本部の自社売上高 https://www.zchain.co.jp/company/"
001Nn00000eVW3a,8010401006612,化研マテリアル株式会社,https://www.kaken-material.co.jp/,"5: 300億円以上~1,000億円未満",,593億円（2026年3月期・単体）,○ 自社HP会社概要に「年商 593億円（2026年3月期）」と明記。非上場・単独 https://www.kaken-material.co.jp/kaken-material/profile.html
001Nn00000eVW3b,4290801014505,トヨタ自動車九州株式会社,https://www.toyota-kyushu.com/company/factory_overview.html,"6: 1,000億円以上",スズキユウガ 26/07/31,"1兆3,969億円（2026年3月期・単体）",○ 日経記事（2026年5月12日／売上高1兆3969億円・前期比3%増）。トヨタ100%子会社だが単体で基準充足。自社HP会社概要には資本金のみで売上高記載なし https://www.nikkei.com/nkd/company/article/?DisplayType=1&ng=DGXZQOJC127JV0S6A510C2000000&scode=7203&ba=1
001Nn00000eVW3d,9180001028444,中央発條株式会社,http://www.chkk.co.jp,"5: 300億円以上~1,000億円未満",ナカムラシュント,"1,108.68億円（2026年3月期・連結）","○ 自社HP会社概要に「売上高 1,108億68百万円(2026年3月期)」と明記。東証スタンダード・名証プレミア上場（5992） https://www.chkk.co.jp/corporate/outline/index.html"
001Nn00000eVW3e,2180301015033,アイシン辰栄株式会社,https://www.aisin-sinei.co.jp/,"5: 300億円以上~1,000億円未満",,581億円（2025年度実績＝2026年3月期・単体）,○ 自社HP会社概要に「売上高 581億円(2025年度実績)」と明記。アイシンの子会社だが単体で基準充足 https://www.aisin-sinei.co.jp/profile/outline/
001Nn00000eVW3g,5080401006071,株式会社ジェイテクトコラムシステム,https://www.column.jtekt.co.jp/about/company/,"6: 1,000億円以上",X,【300億未満】267.55億円（2026年3月期・単体）,"× 子会社。ジェイテクトの子会社で単体26,755百万円＝267.55億円のため対象外。自社グローバル連結は88,349百万円＝883.49億円だが単体は基準未達。出典 自社HP会社概要 https://www.column.jtekt.co.jp/about/company/"
001Nn00000eVW3i,1140001010033,株式会社ニチリン,https://www.nichirin.co.jp/corporate/corporate02,"5: 300億円以上~1,000億円未満",,736億円（2025年12月期・連結）,○ 自社HP会社概要に「売上高 単体349億円、連結736億円（2025年12月31日現在）」と明記。単体・連結とも300億以上 https://www.nichirin.co.jp/corporate/corporate02
001Nn00000eVW3v,6180001002699,日本空調サービス株式会社,http://www.nikku.co.jp,"5: 300億円以上~1,000億円未満",6/29シモムラソウノスケ,692.45億円（2026年3月期・連結）,"○ 決算短信（2026年3月期・売上高69,245百万円） https://data.swcms.net/file/nikku-corp/dam/jcr:3a824d17-3668-49d1-adb2-b95fa4c5ce3d/140120260513528730.pdf"
001Nn00000eVW3w,2010001062912,新日本空調株式会社,https://www.snk.co.jp/about/company-profile/,"6: 1,000億円以上",,"1,548.84億円（2026年3月期・連結）","○ 決算短信（2026年3月期・売上高154,884百万円） https://pdf.irpocket.com/C1952/Kdx3/gtAt/JOO9.pdf"
001Nn00000eVW41,3010601037453,ＡＳＫＵＬ　ＬＯＧＩＳＴ株式会社,http://www.askullogist.co.jp/,"5: 300億円以上~1,000億円未満",／,確認不可,△ 確認不可。自社HP会社概要・採用ページ、親会社アスクルの有価証券報告書第63期「関係会社の状況」（売上高欄なし）、EDINET、gBizINFO、官報決算公告まで確認したが売上高の記載なし。禁止ソース（マイナビ等）のみ
001Nn00000eVW45,8020001018222,ロジスティードエクスプレス株式会社,https://www.logisteed.com/express/jp/corpo/outline/,"5: 300億円以上~1,000億円未満",,338.04億円（2026年3月期・単体）,"○ 決算公告 第74期（2025年4月1日〜2026年3月31日・売上高33,804,242千円）。ロジスティード100%子会社だが単体で基準充足 https://www.logisteed.com/express/jp/upload/d244b5de4565b720e57b672b583444cbd2b024fd.pdf"
001Nn00000eVW4A,2010001008709,鉄建建設株式会社,https://www.tekken.co.jp/info/overview.html,"6: 1,000億円以上",,"1,798.25億円（2026年3月期・連結）","○ 自社HP会社概要に「売上高 1,798億円（2026年3月31日現在）」、IR財務ハイライト連結売上高179,825百万円と一致。東証プライム上場 https://www.tekken.co.jp/info/overview.html"
001Nn00000eVW4H,2180001086250,株式会社ＵＣＳ,https://www.ucscard.co.jp/index.html,"5: 300億円以上~1,000億円未満",,【300億未満】231.20億円（2025年6月期・単体）,"× 300億未満（営業収益23,120,268千円＝231.20億円）。カード事業取扱高1兆2,444億円は取扱高であり売上高ではない。PPIH子会社。出典 決算公告第34期 https://www.ucscard.co.jp/company/ir/koukoku/pdf/kessankoukoku2025.pdf"
001Nn00000eVW4J,6010801003186,キヤノン株式会社,https://global.canon/ja/corporate/location.html,"6: 1,000億円以上",,"4兆6,247.27億円（2025年12月期・連結）","○ 自社HP会社概要に「売上高（連結） 4,624,727百万円（2025年12月31日現在）」と明記 https://global.canon/ja/corporate/profile/"
001Nn00000eVW4K,3010501016202,太陽誘電株式会社,http://www.yuden.co.jp/jp/,"6: 1,000億円以上",,"3,553.41億円（2026年3月期・連結）","○ 自社HP会社概要に「売上高 3,553億41百万円（2026年3月期実績／連結）」と明記 https://www.yuden.co.jp/jp/company/information/"
001Nn00000eVW4M,4010001034802,信越ポリマー株式会社,https://www.shinpoly.co.jp/ja/company/outline.html,"5: 300億円以上~1,000億円未満",,"1,151.16億円（2026年3月期・連結）","○ 決算短信(2026年3月期・連結)で売上高115,116百万円=1,151.16億円。https://www.shinpoly.co.jp/ja/ir/release/auto_20260424510388/pdfFile.pdf"
001Nn00000eVW4N,7010401038697,工機ホールディングス株式会社,https://www.koki-holdings.co.jp/,"6: 1,000億円以上",,696.23億円（2025年3月期・単体）,"○ 官報決算公告(第103期・2025年7月7日掲載)で2025年3月期の単体売上高696億2,300万円。非上場でEDINET提出なし、自社IR「売上収益の推移」は2017年度1,912億円までで更新停止。持株会社のため単体で判定。https://companydata.tsujigawa.com/company/7010401038697/"
001Nn00000eVW4O,1100001024474,シチズンマシナリー株式会社,https://cmj.citizen.co.jp/company/domestic/,"5: 300億円以上~1,000億円未満",🔵MC:管理本部総務部人事課労務係 0267-32-5915 ｜ 【属性】🧸R/👤情シス/DX/情シス/宮沢淳也：管理本部 情報システム課 課長,487.63億円（2026年3月期・単体）,"○ 官報決算公告(第83期・2026年6月26日掲載)で単体売上高487億6,300万円。シチズン時計100%子会社だが子会社単体で300億超。https://catr.jp/companies/519b9/21429/settlements/eeb63/467460"
001Nn00000eVW4P,7220001011983,株式会社小松村田製作所,http://www.murata.com/ja-jp/group/komatsumurata,"6: 1,000億円以上",,確認不可,△ 確認不可。自社HP会社概要(資本金3億円・728名/売上高記載なし)、親会社村田製作所の有価証券報告書第90期「関係会社の状況」(議決権100%のみで主要な損益情報等の記載なし)、EDINET(自社提出なし)、官報決算公告(貸借対照表のみ)、gBizINFO、採用ページまで確認したが売上高の記載なし
001Nn00000eVW4R,9010501010505,日本電計株式会社,https://www.n-denkei.co.jp/company/profile/,"6: 1,000億円以上",,"1,331.48億円（2026年3月期・連結）","○ 決算短信(2026年3月期・連結)で売上高133,148百万円=1,331.48億円。https://ssl4.eir-parts.net/doc/9908/tdnet/2805854/00.pdf"
001Nn00000eVW6X,2010001143282,株式会社シミズ・ビルライフケア,http://www.sblc.co.jp,"5: 300億円以上~1,000億円未満",,778.25億円（2026年3月期・単体）,"○ 自社HP電子公告の第40期決算公告(2026年3月期)で売上高77,825,442千円=778.25億円。清水建設100%子会社だが子会社単体で300億超。https://www.sblc.co.jp/koukoku/kessanKoukoku40.pdf"
001Nn00000eVW6Y,6180001022383,東邦ガスエナジーエンジニアリング株式会社,,"6: 1,000億円以上",,【300億未満】187.62億円（2026年3月期・単体）,"× 300億未満（187.62億円）。自社HP会社概要の業績情報グラフで2025年度18,762百万円(前年度21,754百万円)。東邦ガス100%子会社で単体は300億に届かない。SF登録「1,000億円以上」は誤り。http://thg-group.tohogas.co.jp/thge/company/outline/"
001Nn00000eVW8a,7180001021269,株式会社京楽,https://www.kyoraku.co.jp/company/kyoraku.php,"5: 300億円以上~1,000億円未満",,確認不可,"△ 確認不可。法人番号7180001021269で照合(名古屋市天白区中砂町420・設立1974年・資本金1,500万円・従業員177名・遊技場3店舗運営)。京楽産業.株式会社とは別法人。自社HP会社概要・EDINET(該当なし)・官報決算公告(掲載なし)・gBizINFOまで確認したが売上高の記載なし"
001Nn00000eVW98,6011101000700,アジア航測株式会社,http://www.ajiko.co.jp/,"5: 300億円以上~1,000億円未満",イワマシリュウ_2026/08/10,415.91億円（2025年9月期・連結）,"○ 決算短信(2025年9月期・連結)で売上高41,591百万円=415.91億円。https://www.ajiko.co.jp/ir/doc/20251114_kessantanshin.pdf"
001Nn00000eVW9J,9180001031737,豊通エネルギー株式会社,https://www.toyotsuene.co.jp,"5: 300億円以上~1,000億円未満",,649億円（2026年3月期・単体）,○ 自社HP会社概要に「年商649億円(2026年3月期)」。豊田通商100%子会社だが子会社単体で300億超。https://www.toyotsuene.co.jp/aboutus/corporateprofile/
001Nn00000eVW9k,1010401128000,大東建託リーシング株式会社,https://www.kentaku-leasing.co.jp/company/,"6: 1,000億円以上",／,345.30億円（2026年3月期・単体）,"○ 自社HP決算公告(令和8年3月期)の損益計算書で売上高34,530百万円=345.30億円。大東建託の子会社だが単体で300億超。SF登録「1,000億円以上」は過大。https://www.kentaku-leasing.co.jp/wp-content/uploads/2026/06/224d3e91d6997afdebe1fdc7e8b3d0b3-2.pdf"
001Nn00000eVW9o,1010401075845,株式会社三陽商会,http://www.sanyo-shokai.co.jp/company/,"5: 300億円以上~1,000億円未満",🌳★08/17(月)、定時00:00、✳✡,584.48億円（2026年2月期・連結）,"○ 決算短信(2026年2月期・連結)で売上高58,448百万円=584.48億円。https://ssl4.eir-parts.net/doc/8011/tdnet/2789920/00.pdf"
001Nn00000eVW9s,1010901011705,三菱電機システムサービス株式会社,https://www.melsc.co.jp/company/about/,"5: 300億円以上~1,000億円未満",オカモトアツキ　0530,873.04億円（2026年3月期・単体）,"○ 自社HP会社概要に「年間売上高87,304百万円(2026年3月期)」=873.04億円。三菱電機の子会社だが単体で300億超。https://www.melsc.co.jp/company/about/"
001Nn00000eVW9u,5260001003112,株式会社ＪＲ西日本中国メンテック,https://www.j-c-maintec.co.jp/,"5: 300億円以上~1,000億円未満",,確認不可,"△ 確認不可。自社HP会社概要(資本金8,000万円・2,073名/売上高記載なし)、親会社JR西日本の有価証券報告書第39期「関係会社の状況」(議決権100%のみ)、EDINET(自社提出なし)、官報決算公告(第26〜29期は貸借対照表のみで売上高非開示)、gBizINFO、採用ページまで確認したが記載なし"
001Nn00000eVW9w,6011101029715,ビーウィズ株式会社,https://www.bewith.net/company/address/map-shinjuku.html,"5: 300億円以上~1,000億円未満",🌳★07/27(月)、定時00:00、🔵🌑✳✡,363.22億円（2026年5月期・連結）,"○ 決算短信(2026年5月期・連結)で売上高36,322百万円=363.22億円。https://contents.xj-storage.jp/xcontents/AS94590/d52a7f47/705d/44a5/b84b/a9b7d2134c00/140120260713592010.pdf"
001Nn00000eVW9x,6010401041867,パーソルダイバース株式会社,https://persol-diverse.co.jp/company/about/,"5: 300億円以上~1,000億円未満",🌳◆08/21(金)、定時00:00、,確認不可,△ 確認不可。自社HP会社概要・自社電子公告(決算公告は貸借対照表のみでPLなし)・EDINET・gBizINFO(財務N/A)・親会社パーソルHDの有価証券報告書「関係会社の状況」まで確認したが売上高の記載なし https://persol-diverse.co.jp/public/
001Nn00000eVWAB,3370001022383,いすゞ自動車東北株式会社,https://www.isuzu-tohoku.co.jp/,"5: 300億円以上~1,000億円未満",6/29シモムラソウノスケ,確認不可,△ 確認不可。自社HP会社概要・官報決算公告(第13期・貸借対照表の要旨のみでPLなし)・EDINET・親会社いすゞ自動車の有価証券報告書「関係会社の状況」まで確認したが売上高の記載なし https://info.gbiz.go.jp/hojin/ichiran?hojinBango=3370001022383
001Nn00000eVWAD,4180001057902,株式会社グッドスピード,http://goodspeed-group.co.jp,"5: 300億円以上~1,000億円未満",🔵MC:人事総務部／総務課 052-933-4092,598.76億円（2024年9月期・単体）,"○ 自社HP第22期決算公告 売上高59,876百万円。宇佐美鉱油の完全子会社だが単体で300億超 https://goodspeed-group.co.jp/main/wp-content/uploads/2026/02/ir_20260226.pdf"
001Nn00000eVWAE,2011101022797,リリカラ株式会社,https://www.lilycolor.co.jp/company/about/profile.html,"5: 300億円以上~1,000億円未満",カワハラアユウ2026/07/01,332.07億円（2025年12月期・単体）,"○ EDINET半期報告書「主要な経営指標等の推移」第85期(2025年1-12月)売上高33,207,091千円。連結財務諸表は非作成のため単体 https://ssl4.eir-parts.net/doc/9827/yuho_pdf/S100YUJV/00.pdf"
001Nn00000eVWAK,5430001053338,トヨタ自動車北海道株式会社,https://www.tmh.co.jp/,"6: 1,000億円以上",スズキユウガ 26/07/31,"2,264億円（2026年3月期・単体）","○ 自社HP企業情報 売上高2,264億円。トヨタ自動車100%子会社だが単体で300億超 https://www.tmh.co.jp/profile/"
001Nn00000eVWAL,5020001007855,株式会社ニフコ,https://www.nifco.com/company/overview.html,"5: 300億円以上~1,000億円未満",,"3,526億円（2026年3月期・連結）","○ 自社HP会社概要 売上高3,526億円(連結)／990億円(単体) https://www.nifco.com/company/overview.html"
001Nn00000eVWAM,9290801012529,株式会社デンソー九州,https://www.denso-kyushu.co.jp/company/outline/,"5: 300億円以上~1,000億円未満",,640.0億円（2025年度=2026年3月期・単体）,○ 自社HP会社概要 売上高640.0億(2025年度)[IFRS基準]。デンソー100%子会社だが単体で300億超 https://www.denso-kyushu.co.jp/company/outline/
001Nn00000eVWAc,8120001064792,株式会社ＪＲ西日本コミュニケーションズ,https://www.jcomm.co.jp/company/aboutus/,"5: 300億円以上~1,000億円未満",⭐◆08/28(金)、定時00:00、,確認不可,△ 確認不可。自社HPは「取扱高356億円(2025年度)」のみで売上高の記載なし(広告業の取扱高≠売上高)。EDINET・親会社JR西日本の有価証券報告書「関係会社の状況」にも売上高なし https://www.jcomm.co.jp/company/
001Nn00000eVWAd,1010801018437,水ｉｎｇ株式会社,https://www.swing-w.com/company/overview/index.html,"5: 300億円以上~1,000億円未満",,829.37億円（2025年3月期・連結）,"○ インフロニアHD適時開示「当該会社の最近3年間の連結経営成績」水ing連結売上高82,937百万円。自社HPは「売上836億円(2025年度)※子会社含む」。単体は非公表 https://www.infroneer.com/jp/blog_assets/attachments/1347/20260414_01.pdf"
001Nn00000eVWAg,7010001034956,松井建設株式会社,https://www.matsui-ken.co.jp/about/summary,"5: 300億円以上~1,000億円未満",,960.37億円（2026年3月期・連結）,"○ 決算短信 連結売上高96,037百万円(単体94,552百万円) https://www.matsui-ken.co.jp/module/wp-content/uploads/2026/05/2026%E5%B9%B43%E6%9C%88%E6%9C%9F-%E6%B1%BA%E7%AE%97%E7%9F%AD%E4%BF%A1.pdf"
001Nn00000eVWAs,5120001026309,株式会社鴻池組,https://www.konoike.co.jp/company/profile.html,"6: 1,000億円以上",,"3,017億円（2025年12月期・連結）","○ 自社HP「決算の概況」決算ハイライト R7/12期 売上高 連結3,017億円／個別2,702億円 https://www.konoike.co.jp/company/account.html"
001Nn00000eVWAt,4140001053517,株式会社タクマ,https://www.takuma.co.jp/,"5: 300億円以上~1,000億円未満",シモムラ ソウノスケ,"1,656.20億円（2026年3月期・連結）","○ 自社HP会社概要 売上高〔連結〕165,620百万円〔単体〕94,575百万円 https://www.takuma.co.jp/company/outline.html"
001Nn00000eVWB0,6013301028166,株式会社建築資料研究社,https://www.ksknet.co.jp/profile/outline.aspx,"5: 300億円以上~1,000億円未満",,確認不可,△ 確認不可。自社HP会社概要・会社案内・採用ページ・EDINET・gBizINFO(財務N/A・決算公告の掲載なし)まで確認したが売上高の記載なし。非上場でIR・決算公告ページなし https://www.ksknet.co.jp/profile/outline.aspx
001Nn00000eVWB2,5140001058614,グローリー株式会社,https://www.glory.co.jp/company/information/corporate/,"6: 1,000億円以上",🌳★09/01(火)、定時00:00、🌟🚨🔵🌑✳✡👤人事👤営業👤経企　※次回経理宛,"3,395.82億円（2026年3月期・連結）","○ 決算短信〔IFRS〕連結 原文表記「売上収益」339,582百万円。単体は有報で1,526.15億円 https://pdf.irpocket.com/C6457/WUpy/L3mU/lcRT.pdf"
001Nn00000eVWFt,9120001090689,村中医療器株式会社,https://www.muranaka.co.jp/,"5: 300億円以上~1,000億円未満",🔵MC:総務部／人事課 0725-53-5529（旧直通:0725-53-5527） ｜ X,確認不可,△ 確認不可。自社HP会社概要(資本金・従業員のみ)・事業案内・新卒/キャリア採用サイト・英文サイト・EDINET・gBizINFO(財務N/A・決算公告の掲載なし)まで確認したが売上高の記載なし https://www.muranaka.co.jp/company/overview/
001Nn00000eVWFv,7021001037824,荒井商事株式会社,https://www.arai-group.co.jp/company/profile/,"6: 1,000億円以上",,【300億未満】238億円（2025年9月期・単体）,"× 300億未満（238億円・2025年9月実績）。自社HP会社概要に「売上高238億円／取扱高2,705億円」と明記。取扱高は当社が取り扱った商品総額で売上高ではない。https://www.arai-group.co.jp/company/profile/"
001Nn00000eVWMV,5110001004983,北陸瓦斯株式会社,http://www.hokurikugas.co.jp/recruit/new_graduate/outline/index.html,"5: 300億円以上~1,000億円未満",,644.36億円（2026年3月期・連結）,"○ 2026年3月期決算短信（連結売上高64,436百万円）https://www.hokurikugas.co.jp/company/pdf/press/2026/20260515tanshin.pdf"
001Nn00000eVWMW,8010701019462,株式会社日立ソリューションズ,https://www.hitachi-solutions.co.jp/company/about/,"6: 1,000億円以上",,"2,212.62億円（2026年3月期・単体）","○ 日立製作所の100%子会社だが単体で300億超。第56期決算公告の損益計算書に売上高221,262百万円。https://www.hitachi-solutions.co.jp/-/media/Project/DefaultSite/Company/ir_y_56.ashx"
001Nn00000eVWMX,8010001039574,株式会社オービック,https://www.obic.co.jp/company/tokyo_office.html,"6: 1,000億円以上",／,"1,352.09億円（2026年3月期・連結）","○ 2026年3月期決算短信（連結売上高135,209百万円）https://www.obic.co.jp/ir/pdf/financial_result/594q.pdf"
001Nn00000eVWMo,1370001011272,積水ハウスシャーメゾンＰＭ東北株式会社,https://www.sekisuihouse-f-tohoku.co.jp/company/about/,"5: 300億円以上~1,000億円未満",,370.18億円（2026年1月期・単体）,"○ 積水ハウス不動産HDの子会社だが単体で300億超。第43期決算公告の損益計算書に営業収益37,018,225千円（不動産業のため営業収益）。https://www.sekisuihouse-f-tohoku.co.jp/company/ir/pdf/announce043.pdf"
001Nn00000eVWNU,4180001050948,ＣＣＮｅｔ株式会社,https://www.ccnw.co.jp/company/profile.html,"5: 300億円以上~1,000億円未満",ツジアイ0630,確認不可,△ 確認不可。CNCIの連結子会社。親会社IRではグループ12社合計の連結売上高627.24億円は確認できるが、CCNet単体売上高の直接開示なし。https://www.cnci.co.jp/uploads/2026/05/20260527_press.pdf
001Nn00000eVWNe,1013301016233,株式会社北電子,http://www.kitadenshi.co.jp/,"5: 300億円以上~1,000億円未満",定時09:00~17:00,368億円（2025年3月期）,○ 自社HP「株式会社北電子」企業情報に売上高368億（2025年3月期）。北電子HDの傘下だがHD側の企業情報には売上高欄がなく本体側に記載。https://www.kitadenshi.co.jp/company/kitadenshi/
001Nn00000eVWO0,6010001137834,株式会社ジーシー,https://www.gcdental.co.jp/index.html,"5: 300億円以上~1,000億円未満",,確認不可,"△ 確認不可。最新の売上高が非公表。2022年3月期（会計期間変更に伴う6か月決算）時点では単体売上高339.7億円（官報決算公告・第109期）。自社HP会社概要・CSRレポートはGC Holding AG傘下のグループ連結1,554億円のみで単体記載なし。EDINET/TDnet提出なし"
001Nn00000eVWO1,3010401035013,株式会社日本ケアサプライ,https://www.caresupply.co.jp/profile/overview/,"5: 300億円以上~1,000億円未満",,349.29億円（2026年3月期・連結）,"○ 2026年3月期決算短信（連結売上高34,929百万円）。有報の単体売上高も34,531,975千円＝345.32億円。https://www.caresupply.co.jp/ir/upload_file/m005-m005_02/2393_20260511523714_P01_.pdf"
001Nn00000eVWO2,8010001028040,株式会社ユニスマイル,https://unismile.co.jp/corporate/about/,"5: 300億円以上~1,000億円未満",,544億円（2025年3月期）,○ 自社HP「数字で見るユニスマイル」に売上高544億円（2025年3月期）。スズケンの子会社だが単体で300億超。https://unismile.co.jp/activity/unismile-number/
001Nn00000eVWO3,7011001019237,株式会社ビー・エム・エル,https://www.bml.co.jp/corporate/data.html,"6: 1,000億円以上",,"1,502.62億円（2026年3月期・連結）","○ 2026年3月期決算短信（連結売上高150,262百万円）https://www.bml.co.jp/news/assets/pdf/20260513_IR_3.pdf"
001Nn00000eVWON,9120901026420,株式会社フジサニーフーズ,https://www.fujisunnyfoods.co.jp/company/index.html,"5: 300億円以上~1,000億円未満",,【300億未満】272億円（2025年度）,× 300億未満（年商272億円・2025年度）。不二製油の子会社。自社HP会社概要に「年商272億円（2025年度）／従業員167名」と記載。2025年10月にフジフレッシュフーズと統合済みだが統合後の売上高は未公表。https://www.fujisunnyfoods.co.jp/company/
001Nn00000eVWP4,5180001004127,株式会社三洋物産,https://www.sanyobussan.co.jp,"5: 300億円以上~1,000億円未満",🔵MC:管理本部／総務人事部 052-733-3401,確認不可,△ 確認不可。自社HP会社概要・沿革に売上高の記載なし（決算12月）。非上場でEDINET/TDnet提出なし、官報決算公告も未掲載。親会社なし。禁止ソース（就活会議等）にしか数値がない。https://www.sanyobussan.co.jp/corporate/outline.html
001Nn00000eVWP8,3110001005348,株式会社マルタケ,https://www.kk-marutake.co.jp/,"5: 300億円以上~1,000億円未満",,確認不可,△ 確認不可。自社HP会社概要・採用サイトDATA・新潟県公式「新潟企業情報ナビ」いずれも売上高の記載なし（資本金1億円・従業員482名のみ）。官報決算公告も未掲載。禁止ソースのみ。https://www.kk-marutake.co.jp/company_s01/
001Nn00000eVWPB,7100001000742,北野建設株式会社,http://www.kitano.co.jp/,"5: 300億円以上~1,000億円未満",TK 787.9億 https://www.kitano.co.jp/wp-content/uploads/2026/06/%E7%AC%AC81%E6%9C%9F-%E6%9C%89%E4%BE%A1%E8%A8%BC%E5%88%B8%E5%A0%B1%E5%91%8A%E6%9B%B8.pdf,787.91億円（2026年3月期・連結）,"○ 第81期有価証券報告書（連結売上高78,791百万円、単体75,552百万円）https://www.kitano.co.jp/wp-content/uploads/2026/06/%E7%AC%AC81%E6%9C%9F-%E6%9C%89%E4%BE%A1%E8%A8%BC%E5%88%B8%E5%A0%B1%E5%91%8A%E6%9B%B8.pdf"
001Nn00000eVWPE,3012401011662,ニラックス株式会社,https://nilax.jp/company/profile,"5: 300億円以上~1,000億円未満",,確認不可,△ 確認不可。自社HP会社概要・決算公告(第39期/2025年12月期はBSのみで売上高なし)・親会社すかいらーくHDの有価証券報告書(EDINET)・自社採用ページまで確認したが売上高の記載なし。禁止ソース(求人媒体)のみ。決算公告 https://nilax.jp/company/financial
001Nn00000eVWPb,5100001010883,株式会社ミマキエンジニアリング,https://japan.mimaki.com/,"5: 300億円以上~1,000億円未満",🔵MC:管理本部／人事部 0268-64-2282 / 出野厚一 グローバル人財総務本部副本部長兼総務部長（旧直通:経営情報システム部：0268-80-0055） ｜ ヤナギダタツヤ0709　リンモチハウスからいってって言われてるのでリスト申請中です,837.25億円（2026年3月期・連結）,"○ 自社IRサイト「売上高の内訳」2026/03期 合計83,725百万円＝837.25億円（連結） https://ir.mimaki.com/performance/sale.html"
001Nn00000eVWPc,9180001022372,東邦液化ガス株式会社,https://www.tohoekika.jp/company/gaiyo.html,"5: 300億円以上~1,000億円未満",,857億円（2026年3月期）,○ 自社HP会社概要「売上高857億円（2026年3月期）」 https://www.tohoekika.jp/company/gaiyo.html ※東邦ガス系列だが当社自体の売上高で300億超
001Nn00000eVWPx,3380001006170,株式会社ニラク,https://www.niraku.co.jp/company/outline.php,"6: 1,000億円以上",,【300億未満】277.78億円（2026年3月期・単体）,"× 300億未満（277.78億円）。自社HP掲載の決算公告 損益計算書「売上高27,778,355千円」(自2025年4月1日至2026年3月31日) https://www.niraku.co.jp/company/assets/4f05a0529f44ef7b4c1311a1f5dd5f87057a882b.pdf 会社概要の1,490.54億円は総貸玉収入（旧総額表示）"
001Nn00000eVWPy,5013301019125,株式会社コンチェルト,https://www.concerto-inc.jp/company/profile.html,"5: 300億円以上~1,000億円未満",,411億円（2026年3月期）,○ 自社HP会社概要「売上高411億円」2026年3月期 https://www.concerto-inc.jp/company/profile.html 官報決算公告でも2020年3月期512.74億円と同基準。近年の公告はBSのみで売上高非開示 https://catr.jp/companies/634e5/21903
001Nn00000eVWPz,8020001070990,日揮触媒化成株式会社,http://www.jgccc.com/profile/,"5: 300億円以上~1,000億円未満",7/17シモムラソウノスケ,407.13億円（2026年3月期・単体）,○ 官報決算公告 第68期(2026年6月22日掲載)売上高407億1300万円 https://catr.jp/companies/400ed/9886/settlements/fcea4/463221 日揮HD100%子会社だが子会社単体で300億超
001Nn00000eVWQ0,1010001012983,株式会社大塚商会,https://www.otsuka-shokai.co.jp/corporate/about/outline/,"6: 1,000億円以上",,"13,227.91億円（2025年12月期・連結）","○ 自社HP会社概要の売上高推移 連結1,322,791百万円＝1兆3,227.91億円／単体1,163,138百万円＝1兆1,631.38億円（2025年12月期） https://www.otsuka-shokai.co.jp/corporate/about/outline/"
001Nn00000eVWQ3,7011101033773,ＳＢテクノロジー株式会社,https://www.softbanktech.co.jp/,"5: 300億円以上~1,000億円未満",／,対象外（2026年4月1日ソフトバンク(株)に吸収合併・法人格消滅）,× 法人格。2026/4/1にソフトバンク(株)へ吸収合併され解散、登記閉鎖2026/4/15(gBizINFO)。最終開示売上高は657.04億円(2024年3月期・連結)。合併開示 https://www2.jpx.co.jp/disc/94340/140120251126509167.pdf 自社告知 https://www.softbanktech.co.jp/
001Nn00000eVWQT,1010401078212,古河産業株式会社,https://www.furusan.co.jp/company/profile.html,"6: 1,000億円以上",,"1,269億円（2024年3月期・連結）","○ 自社HP会社概要「売上高1,269億円（2024年3月：連結）」＝HP掲載の最新値 https://www.furusan.co.jp/company/profile.html 古河電工100%子会社だが当社連結で300億超"
001Nn00000eVWQt,7010001050391,千代田工販株式会社,http://www.chiyodakohan.co.jp/,"5: 300億円以上~1,000億円未満",,559.73億円（2026年3月期）,○ 官報決算公告 2026年3月期 売上高559億7300万円（2025年3月期577.26億円） https://catr.jp/companies/53de3/96657 有報提出は第98期(2023年3月期・連結409.99億円)で終了
001Nn00000eVWRX,2010001135668,ＭＳＤ株式会社,https://www.msd.co.jp/about/summary/,"6: 1,000億円以上",7/13シモムラソウノスケ　🌱☆V 07/09〈木〉、定時00:00、🌟🚨🔵🌑✳✡/直通探る必要あり/💰・財務部門/執行役員 財務部門統括 兼 財務部門長/浦辺 史子/※2💰・情報システム部門/執行役員 情報システム部門統括/松谷 アデラ/※2,"3,595.26億円（2025年12月期）","○ 官報決算公告 第63期(2026年4月14日掲載・2025年1〜12月)売上高3,595億2,600万円 https://catr.jp/companies/87b8e/5246/settlements/327b8/450638"
001Nn00000eVWSf,3011101061927,テクノエフアンドシー株式会社,http://techno-fc.misawa.co.jp/company/base.html,"5: 300億円以上~1,000億円未満",ニシカワコタロウ,【300億未満】220億円（2026年3月期・連結）,× 300億未満（220億円）。自社HP会社概要「売上高（年商）220億円（2026年3月期 連結）」 https://techno-fc.misawa.co.jp/company/company.html ミサワホーム(株)100%出資の子会社
001Nn00000eVWSj,5080401002723,セキスイハイム東海株式会社,https://www.816t.jp/about-us/headquarters-and-branches/,"5: 300億円以上~1,000億円未満",,450.06億円（2025年3月期・単体）,"○ 自社HP会社概要 売上高450億557万円（セキスイハイム東海単体）／グループ全体631億5,664万円・2025年3月期 https://www.816t.jp/about-us/outline/"
001Nn00000eVWV6,9180001056841,日産プリンス名古屋販売株式会社,https://np-nagoya.nissan-dealer.jp/,"5: 300億円以上~1,000億円未満",,確認不可,△ 確認不可。自社HP会社概要・官報決算公告(第19期/2025年3月期はBSのみ売上高非開示)・親会社日産自動車のIR/プレスリリースまで確認したが売上高記載なし。禁止ソースのみ。※2026/4/1に愛知日産と統合し日産愛知販売(株)へ商号変更(法人番号同一) https://catr.jp/companies/f7e8b/31685
001Nn00000eVWVA,8120001059636,栗原工業株式会社,https://www.kurihara.co.jp/corporate/company/,"5: 300億円以上~1,000億円未満",,959.62億円（2025年9月期）,"○ 官報決算公告 第83期(2025年12月19日掲載・2024年10月〜2025年9月)売上高959億6,200万円 https://catr.jp/companies/3237f/36799/settlements/cd352/439512"
001Nn00000eVWaS,1080401018715,株式会社ＲＯＫＩ,https://www.roki-jp.com/,"5: 300億円以上~1,000億円未満",,確認不可,△ 確認不可。自社HP企業情報・採用ページ・EDINET・官報決算公告(2021/3期はBSのみ)・親会社ROKIホールディングス公告まで確認したが売上高の記載なし。静岡県「しずおか就職net」に650億円(連結)とあるが決算期不明のため採用不可。
001Nn00000eVWbF,1011801030720,株式会社サンベルクス,https://sunbelx.com/company/info.html,"5: 300億円以上~1,000億円未満",★08/24(月)、定時00:00、⭐🌟🚨🌅経理宛かsansan訴求。 ・情報システム部/マネージャー/町澤様/優しい40代男性/t-machizawa@belx.co.jp/新店舗出店につき2025/9～10月多忙。,"1,402億円（2026年2月期・単体）","○ 自社HP会社概要「売上高1,402億円(2026年2月決算)」。同ページの適格請求書番号T1011801030720で法人番号一致。店舗数53・従業員6,739名。 https://sunbelx.com/company/info.html"
001Nn00000eVWcQ,7180001097417,東晃鋼業株式会社,http://www.torkor.co.jp,"5: 300億円以上~1,000億円未満",,確認不可,△ 確認不可。自社HP企業概要(http://www.torkor.co.jp/company.html)・採用ページ・EDINET・官報決算公告まで確認。公告はBSのみで売上高の記載なし(第76期・総資産195.7億円/純利益2.9億円)。資本金1億円・従業員71名。
001Nn00000eVWhb,7120001079932,サノヤス・エンジニアリング株式会社,https://www.sanoyas.co.jp/eng/company/office.html,"5: 300億円以上~1,000億円未満",,【300億未満】66.62億円（2026年3月期・単体）,"× 子会社。サノヤスHD(7022)の100%連結子会社で単体66.62億円(6,662百万円)のため対象外。親会社有報「関係会社の状況」主要な損益情報等。出典 https://disclosure2dl.edinet-fsa.go.jp/searchdocument/pdf/S100YDDF.pdf"
001Nn00000eVWi2,7160001019629,オプテックス株式会社,https://www.optex.co.jp/our-company/corporateinfo.html,"5: 300億円以上~1,000億円未満",6/23シモムラソウノスケ,【300億未満】160.44億円（2025年12月期・単体）,"× 子会社。オプテックスグループ(6914)の100%子会社で単体160.44億円(16,044百万円)のため対象外。親会社有報「関係会社の状況」。出典 https://disclosure2dl.edinet-fsa.go.jp/searchdocument/pdf/S100XU36.pdf"
001Nn00000eVWiP,1220001012764,小松マテーレ株式会社,https://www.komatsumatere.co.jp,"5: 300億円以上~1,000億円未満",,415.63億円（2026年3月期・連結）,"○ 決算短信(売上高41,563百万円・東証プライム3580) https://www.komatsumatere.co.jp/cms/wp-content/uploads/2026/05/7dc74827be307d9698e5ebf27042cdd4.pdf"
001Nn00000eVWlU,3180001032179,株式会社ニューギン,https://www.newgin.co.jp/company/overview/,"5: 300億円以上~1,000億円未満",イワマシリュウ_2026/08/10,確認不可,△ 確認不可。自社HP会社概要(https://www.newgin.co.jp/company/overview/)・EDINET・官報決算公告(ニューギンHD含む)・業界紙ランキングまで確認したが売上高の記載なし。非上場で売上高非公表。
001Nn00000eVWlp,4200001019024,株式会社オンダ製作所関工場,http://www.onda.co.jp/,"5: 300億円以上~1,000億円未満",／,【300億未満】242億円（2025年度・親会社オンダ製作所）,× 子会社。株式会社オンダ製作所の製造子会社(親会社HPにグループ会社として明記)。親会社自体の年間売上が242億円(2025年度)で300億未満、関工場単体は非公表。出典 https://www.onda.co.jp/company/about/index.html
001Nn00000eVWls,9140001065623,ＮＩＳＳＨＡプレシジョン・アンド・テクノロジーズ株式会社,https://www.nissha.com/company/office/npt.html,"6: 1,000億円以上",／,確認不可,△ 確認不可。NISSHA(7915)の100%子会社。親会社有報「関係会社の状況」に主要な損益情報の開示なし、官報決算公告もBSのみ(2025/12期・総資産140.1億円)で売上高の記載なし。単体売上高は非公表。
001Nn00000eVWlu,9010401009424,原子燃料工業株式会社,https://www.nfi.co.jp/company/access,"5: 300億円以上~1,000億円未満",🔵MC:人事総務部 045-500-6300 / 木村栄作 人事総務部長（東海事業所長）執行役員（旧直通:情報システム部：029-287-8206） ｜ ／,【300億未満】173.45億円（2026年3月期・単体）,× 300億未満(173.45億円/第54期)。官報決算公告。前期2025/3期も217.39億円で300億未満。自社HP会社案内に売上高記載なし。出典 https://catr.jp/companies/d3b82/27199/settlements/56b54/480479
001Nn00000eVWly,5010001045369,サンワテクノス株式会社,https://www.sunwa.co.jp/about/network/domestic/,"6: 1,000億円以上",🔵MC:人事部 03-5202-4012 ｜🎯360:人事部／採用教育課 03-5202-4012,"1,483.29億円（2026年3月期・連結）","○ 決算短信(売上高148,329百万円・東証プライム8137) https://www2.jpx.co.jp/disc/81370/140120260507518270.pdf"
001Nn00000eVWlz,6180301014031,株式会社サーテックカリヤ,http://www.surteckariya.jp,"5: 300億円以上~1,000億円未満",キクチリョウスケ,【300億未満】61.85億円（2026年3月期・単体）,× 子会社。2025/7よりセレンディップHD(7318)僘下。親会社有報で単体61.85億円。買収時TDnetも単体約128億円/連結約216億円(2024年12月期)で300億未満。出典 https://disclosure2dl.edinet-fsa.go.jp/searchdocument/pdf/S100YI8U.pdf
001Nn00000eVWm0,1010501016237,日本マタイ株式会社,https://www.matai.co.jp/,"5: 300億円以上~1,000億円未満",🔵MC:総務・人事部 03-3843-2111 ｜ 🔵MC:総務・人事部 03-3843-2111 ｜ ／,451.20億円（2026年3月期・単体）,"○ 官報決算公告(2026/6/18掲載・第97期売上高451億2,000万円)。自社HP会社概要には売上高記載なし。出典 https://catr.jp/companies/727ca/9957/settlements/a5d11/461806"
001Nn00000eVWm2,1080401018079,株式会社スズキ部品製造,https://www.suzukipmc.co.jp/,"5: 300億円以上~1,000億円未満",★08/17(月)、定時17:15、⭐🌟🚨🔵🌑✳✡🔥👤情シス/DX👤経理,513億円（2025年度・単体）,○ 自社HP会社概要「売上高513億円(2025年度実績)」従業員936名。スズキの子会社だが単体で300億超のためOK。 https://www.suzukipmc.co.jp/about_us/outline.html
001Nn00000eVWpM,9040001043044,株式会社ティエフケー,https://satstfk.com/,"5: 300億円以上~1,000億円未満",🔵MC:羽田支店／人財部　03-5579-7903,確認不可,△ 確認不可。自社HP企業情報(https://satstfk.com/company/)・EDINET・官報決算公告(2018/3期〜2026/3期は全てBSのみで売上高記載なし・26/3期総資産144.6億円)・親会社SATS(シンガポール上場)開示まで確認したが単体売上高の記載なし。
001Nn00000eVX5V,9220001013235,株式会社秀光ビルド,https://shukobuild.com/,"5: 300億円以上~1,000億円未満",ナカムラシュント,確認不可,△ 確認不可。自社HPは「520億円 2026年8月期※予定」の予定値のみ。自社掲載の決算公告は貸借対照表のみで売上高実績の記載なし
001Nn00000eVX5Y,4011101011880,大成建設株式会社,https://www.taisei.co.jp/,"6: 1,000億円以上",,"20,890.91億円（2026年3月期・連結）",○ 2026年3月期決算短信 https://www.nikkei.com/nkd/disclosure/tdnr/20260511523850/
001Nn00000eVX5Z,9260001019261,山佐株式会社,https://www.yamasa.co.jp/,"5: 300億円以上~1,000億円未満",／,確認不可,△ 確認不可。自社HP会社概要（従業員32名）に売上高の記載なし。非上場でIR・決算公告も非公表
001Nn00000eVX5a,3010401016070,ＡＬＳＯＫ株式会社,https://www.alsok.co.jp/company/info/outline.html,"6: 1,000億円以上",,"5,970.26億円（2026年3月期・連結）",○ 2026年3月期決算短信 https://www.alsok.co.jp/ir/library/pdf/results/2026_3/20260512kessantanshin.pdf
001Nn00000eVX7q,8130001028747,群馬森紙業株式会社,https://morishigyo-gr.co.jp/,"5: 300億円以上~1,000億円未満",イシマツハル,確認不可,△ 確認不可。森紙業グループの事業会社。グループHPに個社別売上高の記載なし
001Nn00000eVXBP,3360001000497,株式会社沖縄ファミリーマート,https://www.okinawa-familymart.jp/corporate,"5: 300億円以上~1,000億円未満",,確認不可,△ 確認不可。自社HP企業情報に売上高の記載なし。ファミリーマートのエリアFC会社で単体売上高は非公表
001Nn00000eVXBU,9010701002351,かどや製油株式会社,https://www.kadoya.com/company/page06.html,"5: 300億円以上~1,000億円未満",6/23シモムラソウノスケ,400.30億円（2026年3月期・連結）,○ 2026年3月期決算短信 https://www.kadoya.com/ir/system/wp-content/uploads/2026/05/5650fb54242be4231dadeac88d45a85c.pdf
001Nn00000eVXBX,2180001094757,中部飼料株式会社,http://www.chubushiryo.co.jp/,"6: 1,000億円以上",🔵MC:総務人事部 052-204-3050 / 水葉希 執行役員、総務人事部長（旧直通:情シス/0522043055）,"2,118億円（2026年3月期・連結）",○ 自社IR業績ハイライト https://www.chubushiryo.co.jp/ir/highlight.html
001Nn00000eVXBY,1140001060846,ハリマ共和物産株式会社,https://www.harimakb.co.jp/,"5: 300億円以上~1,000億円未満",360°評価,598.44億円（2026年3月期・連結）,"○ 自社IR財務ハイライト（連結59,844百万円） https://www.harimakb.co.jp/ir/finance/"
001Nn00000eVXBZ,1120001087841,ピップ株式会社,https://www.pipjapan.co.jp/,"6: 1,000億円以上",,"2,215億円（2025年度）",○ 自社HP会社概要 https://www.pipjapan.co.jp/company/profile.html
001Nn00000eVXBe,5010001033027,株式会社日本キャンパック,https://nihoncanpack.jp/company/,"5: 300億円以上~1,000億円未満",ナガオユイコ,確認不可,△ 確認不可。自社HP会社情報に売上高の記載なし。ホッカンHD傘下だが個社売上高は非開示
001Nn00000eVXBm,4180001033060,名鉄観光サービス株式会社,https://www.mwt.co.jp/profile/gaiyo.shtml,"6: 1,000億円以上",ナガオユイコ,確認不可,△ 確認不可。自社HPは「年間取扱額764億円（2026年3月期）」のみ。取扱高であり売上高の記載なし
001Nn00000eVXBn,8013301012440,株式会社ＲＹＯＤＥＮ,https://www.ryoden.co.jp/,"6: 1,000億円以上",,"2,127.72億円（2026年3月期・連結）",○ 2026年3月期決算短信 https://www.nikkei.com/nkd/disclosure/tdnr/20260410501501/
001Nn00000eVXBx,8060001013525,キヤノンメディカルシステムズ株式会社,https://jp.medical.canon/,"6: 1,000億円以上",,確認不可,△ 確認不可。自社HP会社概要に売上高の記載なし。キヤノンの子会社で単体売上高は非開示
001Nn00000eVXBy,1430001010672,株式会社ツルハ,https://www.tsuruha.co.jp/company/info/,"6: 1,000億円以上",シモムラ ソウノスケ,確認不可,△ 確認不可。ツルハHDの子会社。自社HP会社概要・HD開示とも株式会社ツルハ単体の売上高は非公表
001Nn00000eVXI1,2120001029347,株式会社辰巳商会,https://www.tatsumi-cs.co.jp/company/outline.php,"6: 1,000億円以上",,"1,834億円（2025年5月現在・グループ全体）","○ 自社HP会社概要「売上高（グループ全体）1,834億円（2025年5月現在）」 https://www.tatsumi-cs.co.jp/company/outline.php ※辰巳グループの親会社（従業員906名）。単体売上高は非公表"
001Nn00000eVXI3,7021001007190,東邦チタニウム株式会社,https://www.toho-titanium.co.jp/company/profile/,"5: 300億円以上~1,000億円未満",イワタトモヤ,824.25億円（2026年3月期・単体）,"○ 決算短信(TDnet) 個別売上高82,525百万円=824.25億円／連結833.89億円 https://www2.jpx.co.jp/disc/57270/140120260508519377.pdf ※2026/6/1にJX金属の完全子会社化・上場廃止だが単体でも300億超"
001Nn00000eVXI4,7180301013981,株式会社コジマ,https://c3c-kojima.co.jp/,"5: 300億円以上~1,000億円未満",ヘイトウミユウ0527,585億円（2026年3月期・グループ）,○ 自社HP会社概要「売上高585億円※2026年3月期」（関連会社含む） https://c3c-kojima.co.jp/about-us/outline/ ※愛知県刈谷市の親会社。宇都宮の家電量販「コジマ」(法人番号2060001001667)とは別法人
001Nn00000eVXLW,7020001014874,相鉄ホールディングス株式会社,https://www.sotetsu.co.jp/about/companies/sotetsu-holdings/,"6: 1,000億円以上",,"3,075.72億円（2026年3月期・連結営業収益）","○ 決算短信(TDnet) 連結営業収益307,572百万円=3,075.72億円 https://www2.jpx.co.jp/disc/90030/140120260427512011.pdf ※鉄道持株会社のため科目は営業収益。前期(2025年3月期)は2,921.78億円"
001Nn00000eVXNm,1020001052483,オートコムジャパン株式会社,https://corporate.autocj.co.jp/,"5: 300億円以上~1,000億円未満",／,897億円（2024年9月期）,○ 自社HP会社概要「売上高 2024年9月期／897億円」 https://corporate.autocj.co.jp/company/ ※適格請求書登録番号T1020001052483で法人番号一致。同ページ最新掲載が2024年9月期（2023年9月期754億円）
001Nn00000eVXNp,1260001022339,株式会社エルジオ,https://www.elgeo.co.jp/,"5: 300億円以上~1,000億円未満",／,308億円（2025年9月期）,○ 自社HP企業データ「年商308億円（令和7年9月期）」 https://www.elgeo.co.jp/company ※旧・玉野石油。登記上本店=玉野事業所(岡山県玉野市日比5-9-7)で法人番号一致。エルジオグループの親会社
001Nn00000eVXNu,1430001024094,中道リース株式会社,https://www.nakamichi-leasing.co.jp/company/companyinfo/,"5: 300億円以上~1,000億円未満",イシマツハル,512.34億円（2025年12月期・単体）,"○ 2025年12月期決算短信〔日本基準・非連結〕売上高51,234百万円=512.34億円 https://www.nakamichi-leasing.co.jp/wp-content/uploads/2026/02/140120260212557837_02.pdf ※札証8594"
001Nn00000eVXOQ,8080401000765,エンケイ株式会社,https://www.enkei.co.jp/corporate/overview/,"6: 1,000億円以上",,"2,064億円（2025年度・連結）","○ 自社HP会社概要「売上高 2,064億円（連結）※2025年度」 https://www.enkei.co.jp/corporate/overview/ ※国内12社・海外16社を束ねるエンケイグループの親会社（従業員7,319名）"
001Nn00000eVXOa,7150001001265,株式会社ホンダネットキンキ,https://www.net-kinki.co.jp/about/company/,"5: 300億円以上~1,000億円未満",,329.6億円（2024年度・合併前2社合算）,○ 自社HP会社概要「329.6億円（2024年度実績・ホンダネット京奈／スーパーホンダ和歌山合算）」 https://www.net-kinki.co.jp/about/company/ ※国税庁法人番号で令和7年4月1日にスーパーホンダ和歌山を吸収合併＋旧商号ホンダネット京奈と確認済。合算値＝現法人の実体
001Nn00000eVXOc,8180301013980,株式会社コーリツ,http://www.koritsu.co.jp/krtwp/company_top/information/,"5: 300億円以上~1,000億円未満",クボタミナミ,確認不可,"△ 確認不可。自社HP会社概要 http://www.koritsu.co.jp/krtwp/company_top/information/ ・採用ページ・EDINET・官報決算公告まで確認したが売上高の記載なし。非上場かつ親会社なし（従業員665名・資本金2,000万円）。禁止ソースの推定レンジのみ"
001Nn00000eVXOt,2360001009201,町田機工株式会社,https://machida-kiko.co.jp/company,"5: 300億円以上~1,000億円未満",◆08/07(金)、定時00:00、11:15,確認不可,"△ 確認不可。自社HP会社案内 https://machida-kiko.co.jp/company ・採用ページ・EDINET・官報決算公告まで確認したが売上高の記載なし。沖縄県中城村の建機レンタル業（従業員170名・資本金9,550万円）で法人番号一致。非上場・IR開示なし"
001Nn00000eVXPW,5180001085976,中部抵抗器株式会社,https://chutei.com,"5: 300億円以上~1,000億円未満",,確認不可,"△ 確認不可。自社HP会社概要 http://chutei.com/corporate/profile/ ・新卒/キャリア採用ページ・EDINET・官報決算公告まで確認したが売上高の記載なし。三菱電機向け製造（従業員480名・資本金2,400万円）。非上場・親会社なし"
001Nn00000eVXPb,5330001011181,株式会社再春館製薬所,https://www.saishunkan.co.jp,"5: 300億円以上~1,000億円未満",,確認不可,△ 確認不可。自社HP会社情報 https://www.saishunkan.co.jp/company/ ・EDINET（提出義務者に非該当）・官報決算公告まで確認したが売上高の記載なし。非上場の独立系（従業員828名）でIR開示なし。禁止ソースにしか数値がない
001Nn00000eVXTR,6070001030414,株式会社朝びき若鶏,http://www.asabikiwakadori.co.jp/company.html,"5: 300億円以上~1,000億円未満",,確認不可,△ 確認不可。株式会社神戸物産(3038)の100%連結子会社で単体売上高は非開示。親会社の有価証券報告書(第40期)関係会社の状況 https://www.kobebussan.co.jp/upload/ir/report/40/40_securities_report.pdf まで確認。自社HP・官報決算公告にも記載なし
001Nn00000eVXTg,8120101044042,双日ロイヤルインフライトケイタリング株式会社,https://www.sojitz-sric.com/,"6: 1,000億円以上",,確認不可,△ 確認不可。自社HP会社概要 https://www.sojitz-sric.com/company/overview.html で株主=双日60%／ロイヤルHD40%と判明するが売上高は非開示。双日の主要グループ会社ページ・EDINET・官報決算公告まで確認したが単体売上高の記載なし
001Nn00000eVXTj,4080001013964,日本ハムファクトリー株式会社,https://www.nipponham-factory.co.jp/company/,"5: 300億円以上~1,000億円未満",,766.00億円（2026年3月期）,○ 日本ハムの子会社だが同社単体の会社概要記載値で300億超。自社HP会社概要 https://www.nipponham-factory.co.jp/company/
001Nn00000eVXVO,8080001002864,静岡鉄道株式会社,https://www.shizutetsu.co.jp/,"6: 1,000億円以上",,"1,902.25億円（2026年3月期・連結）","○ 静鉄グループの親会社のため連結可。鉄道業のため営業収益（1,902億2千5百万円）。連結決算概況 https://www.shizutetsu.co.jp/media/pages/news/2026/hp20260526/bca880251a-1779776262/hp20260526.pdf"
001Nn00000eVXVS,7330001003045,九州東邦株式会社,https://kyushu-toho.co.jp/company/,"5: 300億円以上~1,000億円未満",,"1,260.00億円（2026年3月期）","○ 東邦薬品（東邦HD傘下）の子会社だが同社単体1,260億円。自社HP会社概要 https://kyushu-toho.co.jp/company/"
001Nn00000eVXVV,4260001018284,シーピー化成株式会社,http://www.cpkasei.co.jp,"5: 300億円以上~1,000億円未満",🌳★07/15(水)、定時17:00、🔵🌑🔥,695.00億円（2025年2月期）,○ 岡山県井原市の独立系（法人番号一致）。自社HP会社概要 https://www.cpkasei.co.jp/corporate/cpprofile
001Nn00000eVXVY,1250001003050,ＵＢＥマシナリー株式会社,https://www.ubemachinery.co.jp/company/profile.html,"5: 300億円以上~1,000億円未満",／,502.74億円（2026年3月期・単体）,"○ UBE株式会社100%子会社だが単体502億7,400万円で300億超。決算公告（官報2026/6/22掲載） https://catr.jp/companies/af060/14784/settlements/792bc/463394"
001Nn00000eVXVZ,3140001023842,株式会社コベルコＥ＆Ｍ,https://www.kobelco-em.jp/info/outline.html,"5: 300億円以上~1,000億円未満",／　受付✖,690.00億円（2025年度・2026年3月期）,○ 神戸製鋼所100%子会社だが同社単体690億円で300億超。自社HP会社概要 https://www.kobelco-em.jp/info/outline.html
001Nn00000eVXVd,5120001046991,株式会社フジキン,https://www.fujikin.co.jp/ja/company/outline/,"5: 300億円以上~1,000億円未満",,"2,212.00億円（2026年3月期・連結）","○ フジキングループの親会社のため連結可。自社HP会社概要（連結売上高2,212億円） https://www.fujikin.co.jp/ja/company/outline/"
001Nn00000eVXVi,7010001012986,大塚製薬株式会社,https://www.otsuka.co.jp/company/overview/,"6: 1,000億円以上",,"6,655.79億円（2025年12月期・単体）","○ 大塚HDの完全子会社だが単体売上高665,579百万円で300億超。自社指定の電子公告・第62期決算公告（損益計算書） https://kmasterplus.pronexus.co.jp/release/25312491/1227716.pdf"
001Nn00000eVXax,8010001037330,伊藤忠ＴＣ建機株式会社,https://www.icm.co.jp/common/corporate_profile.html,"5: 300億円以上~1,000億円未満",,383.35億円（2026年3月期・単体）,"○ 伊藤忠商事50%・東京センチュリー50%出資だが単体383億3,500万円で300億超。決算公告（官報2026/6/30掲載） https://catr.jp/companies/c1efe/13549/settlements/d8d7a/469892"
001Nn00000eVXbC,3010701001763,エミック株式会社,http://www.emic-net.co.jp,"5: 300億円以上~1,000億円未満",,確認不可,"△ 確認不可。自社HP会社概要・沿革・採用、IR無し、EDINET/TDnet非提出、決算公告（資本金9,080万円の中小会社のため貸借対照表のみで売上高非開示）、独立系で親会社なし、まで確認したが売上高の記載なし。マイナビ等の禁止ソースのみ。"
001Nn00000eVXeb,4020001071266,東芝デバイス株式会社,http://www3.toshiba.co.jp/tdec,"5: 300億円以上~1,000億円未満",,364.53億円（2026年3月期・単体）,"○ 東芝デバイス＆ストレージ100%子会社だが単体売上高36,452,512千円で300億超。自社HP電子公告・第66期決算公告 https://www3.toshiba.co.jp/tdec/assets/pdf/public_notice_66_period.pdf"
001Nn00000eVXei,7010001008720,中外鑛業株式会社,https://www.chugaikogyo.co.jp/,"6: 1,000億円以上",／,"2,816.92億円（2026年3月期・連結）","○ 東証1491の親会社のため連結可（登記名は中外鑛業、上場名は中外鉱業で同一法人）。売上高281,692,181千円。決算短信 https://www.chugaikogyo.co.jp/wp/wp-content/uploads/2026/05/2026年３月期-決算短信〔日本基準〕（連結）.pdf"
001Nn00000eVXnE,8070001018234,グローバルピッグファーム株式会社,http://www.gpf.co.jp/co-division.html,"5: 300億円以上~1,000億円未満",,396.00億円（2024年度実績）,○ 養豚農家出資による独立系（親会社なし）。自社HP会社情報 https://www.gpf.co.jp/co-about.html
001Nn00000eVXnU,4140001009659,株式会社ドンク,https://donq.co.jp/company/aboutus/,"5: 300億円以上~1,000億円未満",ヤナギダタツヤ,確認不可,△ 確認不可。自社HP会社概要・採用「データで見るDONQ」、IR無し、EDINET/TDnet非提出、決算公告（官報）は貸借対照表のみで売上高非開示、ドンクが持株側で親会社なし、まで確認したが売上高の記載なし。マイナビ等の禁止ソースのみ。
001Nn00000eVXp4,9010001034863,東邦亜鉛株式会社,https://www.toho-zinc.co.jp/company/outline.html,"6: 1,000億円以上",／,"1,255.50億円（2026年3月期・連結）","○ 東証プライム5707の親会社のため連結可。売上高1,255億50百万円。決算短信 https://www.toho-zinc.co.jp/ir/library/pdf/202603_kessan.pdf"
001Nn00000eVXp5,9240001029584,ローツェ株式会社,http://www.rorze.com/,"5: 300億円以上~1,000億円未満",,"1,287.94億円（2026年2月期・連結）","○ 決算短信（2026年2月期・連結売上高128,794百万円） https://www.rorze.com/wp_rorze/wp-content/uploads/2026/04/20260409_2026_Q4.pdf"
001Nn00000eVXp9,6010701009572,三菱電機フィナンシャルソリューションズ株式会社,https://www.mefs.co.jp/company/03gaiyo/,"5: 300億円以上~1,000億円未満",🎯360:総務部／人材開発グループ 03-5496-5421,789.88億円（2026年3月期・単体）,"○ 官報決算公告 第57期（2026/6/29掲載）売上高789億8,800万円。三菱電機／三菱HCキャピタルの子会社だが単体で300億超。自社HP会社概要は取扱高のみで売上高記載なし。 https://catr.jp/companies/8dfbc/14771/settlements/d4c13/468841"
001Nn00000eVXpJ,4010001105371,デンヨー株式会社,http://www.denyo.co.jp,"5: 300億円以上~1,000億円未満",🔵MC:人事部 03-6861-1208 / 嶋津智郎 執行役員、管理部門総務部長 ｜🎯360:開発研修センター／サービス部／研修課 049-280-7775 ｜ 🔵MC:人事部 03-6861-1208 / 嶋津智郎 執行役員、管理部門総務部長 ｜🎯360:開発研修センター／サービス部／研修課 049-280-7775（旧直通:03-6861-1111） ｜ 🌳★07/15(水)、定時00:00、✳✡👤経理👤人事,722.44億円（2026年3月期・連結）,"○ 決算短信（2026年3月期・連結売上高72,244百万円） https://www.denyo.co.jp/pdf/ir/2026_3_tansin.pdf"
001Nn00000eVXqg,5011101056883,株式会社ＴＨＥグローバル社,https://www.the-g.co.jp/,"5: 300億円以上~1,000億円未満",,473.19億円（2025年6月期・単体）,"○ 2026/7/31付で大東建託の完全子会社（7/28上場廃止）。子会社単体でも473.19億円で300億超。2025年6月期決算短信＝連結61,747／個別47,319百万円 https://ssl4.eir-parts.net/doc/3271/tdnet/2672154/00.pdf"
001Nn00000eVXsy,9350001008560,株式会社ミヤチク,https://miyachiku.jp/about/,"5: 300億円以上~1,000億円未満",,652.82億円（2026年3月期・単体）,"○ 官報決算公告 第48期（2026/7/23掲載）売上高652億8,200万円。自社HP会社概要も「652億（令和7年度実績）」。宮崎県農業協同組合の子会社だが単体で300億超。 https://catr.jp/companies/33222/23076/settlements/b7c8c/478182"
001Nn00000eVXt1,5180001038884,トヨタカローラ名古屋株式会社,https://www.c-nagoya.co.jp/corporate,"5: 300億円以上~1,000億円未満",,688.74億円（2026年3月期・単体）,"○ 官報決算公告 第79期（2026/7/21掲載）売上高688億7,400万円。自社HP会社概要には売上高の記載なし。 https://catr.jp/companies/71002/26031/settlements/268f0/477245"
001Nn00000eVXt3,2020001028235,株式会社日新,http://www.nissin-tw.com/,"6: 1,000億円以上",,"1,908.06億円（2025年3月期・連結）","○ 2025年3月期決算短信＝連結1,908.06億円／単体1,004.64億円。※B列法人番号2020001028235は2026/4/1に「株式会社日新アセットマネジメント」へ商号変更、事業は新法人4010001253823（株式会社日新・同HP/同住所）が承継 https://pdf.irpocket.com/C9066/vAfC/SPiB/ZyV0.pdf"
001Nn00000eVXt4,3080101001770,株式会社マキヤ,https://www.makiya-group.co.jp/about/history/,"5: 300億円以上~1,000億円未満",🔵MC:人事部 0545-36-1000 / 佐藤学 総務、取締役兼執行役員人事部長 ｜ 🔵MC:人事部 0545-36-1000 / 佐藤学 総務、取締役兼執行役員人事部長,930.44億円（2026年3月期・連結）,"○ 決算短信（2026年3月期）連結売上高93,044百万円（営業収益は936.73億円、個別営業収益856.40億円） https://ssl4.eir-parts.net/doc/9890/tdnet/2803844/00.pdf"
001Nn00000eVXt5,3090001002315,株式会社山梨中央銀行,https://www.yamanashibank.co.jp/aboutus/about/profile/,"5: 300億円以上~1,000億円未満",,861.04億円（2026年3月期・連結）,"○ 銀行のため経常収益。2026年3月期決算短信・連結経常収益86,104百万円 https://ssl4.eir-parts.net/doc/8360/tdnet/2809428/00.pdf"
001Nn00000eVXt7,7230001000473,株式会社大阪屋ショップ,https://www.ohsakaya-shop.jp/company/,"5: 300億円以上~1,000億円未満",,988億円（2025年6月期・連結）,○ 自社HP会社概要「売上高988億円（2025年6月期：連結総売上高）」。官報決算公告は貸借対照表のみで売上高の記載なし。 https://www.ohsakaya-shop.jp/company/
001Nn00000eVXtA,8010701016022,東芝テック株式会社,https://www.toshibatec.co.jp/company/corporate/info/,"6: 1,000億円以上",,"5,692.65億円（2026年3月期・連結）","○ 決算短信（2026年3月期）連結売上高569,265百万円・個別売上高268,861百万円 https://www.toshibatec.co.jp/company/ir/pdf/info25_4q_1.pdf"
001Nn00000eVXtB,2013301002884,株式会社クレディセゾン,https://corporate.saisoncard.co.jp/company/about_cs/,"6: 1,000億円以上",,"5,462.71億円（2026年3月期・連結）","○ 有価証券報告書 第76期。IFRS連結「収益合計」546,271百万円（純収益472,770百万円）、提出会社営業収益343,857百万円 https://corporate.saisoncard.co.jp/ir/securities_report/pdf/securities_report_76.pdf"
001Nn00000eVXtC,1180001001037,株式会社ＥＶＥＲＹＦＯＯＤ,https://www.ngf-penguin.co.jp/,"5: 300億円以上~1,000億円未満",／,401.52億円（2025年8月期・単体）,○ 自社HP会社概要「年間売上高401億52百万円（2025/8末）」。旧社名は日本ゼネラルフード（2025年9月に商号変更）。EVERY HOLDINGSの子会社だが単体で300億超。 https://everygroup.co.jp/ef/company/
001Nn00000eVXvR,9060001019406,両毛丸善株式会社,https://page.ryomomaruzen.co.jp/index.php/aboutus/,"5: 300億円以上~1,000億円未満",,441億円（2024年8月期）,○ 自社HP会社概要「売上高441億円（令和6年8月）」。事業年度は9/1〜8/31。官報決算公告は貸借対照表のみで売上高の記載なし。 https://page.ryomomaruzen.co.jp/index.php/aboutus/
001Nn00000eVXvW,8110001002068,サトウ食品株式会社,https://www.satosyokuhin.co.jp/corp/outline.html,"5: 300億円以上~1,000億円未満",,517.75億円（2026年4月期・連結）,"○ 決算短信（2026年4月期・連結売上高51,775百万円） https://www.satosyokuhin.co.jp/resources/2026/06/260612_kessan4q.pdf"
001Nn00000eVXw2,4460101001310,株式会社日専連ジェミス,https://www.nissenrenjemis.jp/about/company/,"5: 300億円以上~1,000億円未満",イワマシリュウ_2026/08/10,確認不可,△ 自社HPは「取扱高502億円（2024年3月）」のみ。取扱高は売上高ではなく、売上高・営業収益の記載なし
001Nn00000eVY0E,3011801011909,本町化学工業株式会社,https://www.honchochem.jp/,"5: 300億円以上~1,000億円未満",,確認不可,△ 自社HPは沿革に「2009年に年商300億円突破」とあるのみで直近期の売上高は非公表。非上場で決算非開示
001Nn00000eVY17,7020001015765,浜銀ファイナンス株式会社,https://www.h-fc.co.jp/company,"5: 300億円以上~1,000億円未満",,確認不可,△ 自社HP会社概要 https://www.h-fc.co.jp/company は決算期(3月)のみで売上高・営業収益の記載なし。非上場で単体業績非開示
001Nn00000eVY2N,9011001036346,テルウェル東日本株式会社,http://www.telwel-east.co.jp/,"5: 300億円以上~1,000億円未満",,607億円（2025年度）,○ 自社HP会社概要 https://www.telwel-east.co.jp/company/outline/
001Nn00000eVY2U,2010901041404,楽天モバイル株式会社,https://corp.mobile.rakuten.co.jp/about/overview/,"5: 300億円以上~1,000億円未満",,確認不可,△ 自社HP会社概要に売上高の記載なし。楽天グループはモバイルをセグメント開示するのみで、当社単体の売上高は非公表
001Nn00000eVY2V,4010401023000,日本たばこ産業株式会社,https://www.jti.co.jp/,"6: 1,000億円以上",,確認不可,△ jti.co.jp・jt.com とも決算短信/IR資料ページが403で取得不可。承認ソースで数値を確認できず（要手動確認）
001Nn00000eVY2i,6140001015952,株式会社オイシス,https://oisis.co.jp/company/outline/,"5: 300億円以上~1,000億円未満",,322億円（2025年3月期）,○ 自社HP会社概要 https://oisis.co.jp/company/outline/
001Nn00000eVY2l,8260001013868,大黒天物産株式会社,https://www.e-dkt.co.jp/about/profile.html,"6: 1,000億円以上",,"3,192.08億円（2026年5月期・連結）",○ 決算短信 https://www.e-dkt.co.jp/ir/pdfs/library/tanshin_20260709.pdf
001Nn00000eVY2n,8013401001062,株式会社京王ストア,https://www.keiostore.co.jp/company/outline.html,"5: 300億円以上~1,000億円未満",,確認不可,△ 自社HP会社案内 https://www.keiostore.co.jp/company/outline.html に売上高の記載なし。非上場で単体業績非公表、禁止ソースのみ
001Nn00000eVY2p,1180001030531,株式会社ジェイアール東海高島屋,https://www.jr-takashimaya.co.jp/company/,"6: 1,000億円以上",,"2,154億円（2025年2月期）",○ 自社HP会社概要 https://www.jr-takashimaya.co.jp/company/
001Nn00000eVY2u,7140001005647,兼松株式会社,https://www.kanematsu.co.jp/company/network/japan/kobe.html,"6: 1,000億円以上",オガタユウ_2026/07/17,"10,676.65億円（2026年3月期・連結）",○ 決算短信 https://ssl4.eir-parts.net/doc/8020/tdnet/2800395/00.pdf ※IFRSのため原文表記は「収益」
001Nn00000eVY2v,8010001057337,丸文株式会社,http://www.marubun.co.jp/,"6: 1,000億円以上",X,"2,134.25億円（2026年3月期・連結）",○ 決算短信（自社HP） https://www.marubun.co.jp/info/2026/82743/
001Nn00000eVY2x,7120001049019,ＴＯＹＯ　ＴＩＲＥ株式会社,https://www.toyotires.co.jp/corporate/network/,"6: 1,000億円以上",,"5,949.23億円（2025年12月期・連結）",○ 決算短信（TDnet/JPX） https://www2.jpx.co.jp/disc/51050/140120260212558643.pdf
001Nn00000eVY2y,9310001006519,株式会社大島造船所,https://jp.osy.co.jp/,"6: 1,000億円以上",ナカムラシュント,"2,165億円（2026年3月期）",○ 自社HP会社概要 https://jp.osy.co.jp/company-information/corporate-profile/
001Nn00000eVY30,9180001092622,東海興業株式会社,https://tokaikogyo.co.jp/,"5: 300億円以上~1,000億円未満",,確認不可,△ 自社HP会社概要・サステナビリティレポートとも売上高はグラフのみで数値記載なし。承認ソースで確認できず
001Nn00000eVY32,8080101005362,臼井国際産業株式会社,http://www.usui.co.jp/jp/profile/companyinfo/index.html,"6: 1,000億円以上",,"1,699億円（2025年12月期・連結）",○ 自社HP会社概要 https://www.usui.co.jp/profile/companyinfo/
001Nn00000eVY3A,3010701007835,日本ペイント株式会社,https://www.nipponpaint.co.jp/about/company/,"5: 300億円以上~1,000億円未満",,確認不可,"△ 日本ペイントHDの事業子会社。HD連結1兆7,742億円は開示だが当社単体の売上高は公式非開示。禁止ソースにしか数字がなく確認不可"
001Nn00000eVY3E,2180001075740,株式会社クラウン・パッケージ,https://crown-grp.co.jp/company/outline/,"5: 300億円以上~1,000億円未満",,556億円（2026年3月期）,○ 自社HP会社概要 https://crown-grp.co.jp/company/outline/
001Nn00000eVY3H,4180001010571,株式会社シーテック,https://www.ctechcorp.co.jp/company/outline/,"5: 300億円以上~1,000億円未満",,767億円（2024年度）,○ 自社HP会社概要 https://www.ctechcorp.co.jp/company/outline/
001Nn00000eVY3J,1010001051916,東洋熱工業株式会社,http://www.tonets.co.jp/,"5: 300億円以上~1,000億円未満",,963.50億円（2026年3月期・完成工事高）,○ 自社HP財務・業績 https://www.tonets.co.jp/profile/tabid/133/Default.aspx ※工事業のため科目は「完成工事高」
001Nn00000eVY3N,1010001150008,国際興業株式会社,https://www.kokusaikogyo.co.jp/about/profile/,"5: 300億円以上~1,000億円未満",◆08/04(火)、定時00:00、13:00以降 再コール,"2,324億円（2025年3月期・グループ）",○ 自社HP会社案内 https://www.kokusaikogyo.co.jp/corporateprofilebook/pageindices/index24.html ※国際興業グループの数値。単体売上高は非開示
001Nn00000eVY3O,8080401017124,遠州トラック株式会社,https://www.enshu-truck.co.jp/company/fieldoffice,"5: 300億円以上~1,000億円未満",,499.47億円（2026年3月期・連結）,○ 自社HP財務ハイライト https://www.enshu-truck.co.jp/ir/financial_highlights.html ※運輸業のため科目は「営業収益」
001Nn00000eVY3V,7010401085351,ヴェオリア・ジェネッツ株式会社,https://www.veolia.jp/ja/about-us/veolia-jenets,"5: 300億円以上~1,000億円未満",,確認不可,△ 自社HP会社概要（veolia.jp）に売上高の記載なし。売上高は非公開で、禁止ソースにしか数字がなく確認不可
001Nn00000eVY3b,8010601027383,トヨタファイナンス株式会社,https://www.toyota-finance.co.jp/company/data.html,"6: 1,000億円以上",,"3,041.82億円（2026年3月期・連結）","○ 第38期有報 https://www.toyota-finance.co.jp/ir/financial/pdf/%E7%AC%AC38%E6%9C%9F%E6%9C%89%E4%BE%A1%E8%A8%BC%E5%88%B8%E5%A0%B1%E5%91%8A%E6%9B%B8.pdf ※単体1,959.56億円。金融業のため「営業収益」"
001Nn00000eVY3r,9010001026704,株式会社パレスホテル,https://www.palacehoteltokyo.com/,"5: 300億円以上~1,000億円未満",,423.54億円（2025年12月期・連結）,○ 第81期有価証券報告書（EDINET） https://disclosure2dl.edinet-fsa.go.jp/searchdocument/pdf/S100XV6R.pdf
001Nn00000eVY3t,5140001044630,株式会社神戸物産,https://www.kobebussan.co.jp/company/company.php,"6: 1,000億円以上",,"5,517億円（2025年10月期・連結）",○ 自社HP IRトップメッセージ https://www.kobebussan.co.jp/ir/
001Nn00000eVY4P,9010001008702,ヒューリック株式会社,https://www.hulic.co.jp/corporate/access.html,"6: 1,000億円以上",,"7,274.47億円（2025年12月期・連結）",○ 第96期有価証券報告書（EDINET） https://disclosure2dl.edinet-fsa.go.jp/searchdocument/pdf/S100XR5L.pdf ※不動産業のため科目は「営業収益」
001Nn00000eVY4S,8040001008246,株式会社千葉ステーションビル,https://www.perie.co.jp/corporate/outline.html,"5: 300億円以上~1,000億円未満",⭐／,確認不可,△ 自社HP・ESG報告書の556億円は「テナント売上高」で自社の売上高ではない。JR東日本子会社で単体売上高は非開示のため確認不可
001Nn00000eVY4m,8010001013769,関東電化工業株式会社,https://www.kantodenka.co.jp/company/profile.html,"5: 300億円以上~1,000億円未満",,654.00億円（2026年3月期・連結）,○ 自社HP IRトップメッセージ https://www.kantodenka.co.jp/ir/message/
001Nn00000eVYAg,4120901010817,株式会社フードリエ,https://www.foodlier.co.jp/corp/summary.html,"5: 300億円以上~1,000億円未満",受付NG系,349億円（2026年2月期）,○ 自社HP会社概要 https://www.foodlier.co.jp/corp/summary.html
001Nn00000eVYAx,1370201003103,伊藤ハム米久プラント株式会社,https://www.itoham-yonekyu-holdings.com/plant/,"5: 300億円以上~1,000億円未満",🔵MC:人事総務部 04-7132-3111,"1,454.00億円（2026年3月期・単体）","○ 自社サイト企業概要「売上高1,454億円（2026年3月期）」 https://www.itoham-yonekyu-holdings.com/plant/ 伊藤ハム米久HDの子会社だが単体で1,454億円。決算公告(第53期)はBSのみで売上高記載なし。"
001Nn00000eVYIB,1010001142079,兼松ペトロ株式会社,http://www.kanematsu-oilgas.co.jp/,"6: 1,000億円以上",🌳★08/17(月)、定時17:30、🔵🌑✳✡🔥 ・IT企画グループ/,【300億未満】287.39億円（2026年3月期・単体）,"× 300億未満（287.39億円）。兼松の100%子会社・単体。官報決算公告 第31期 https://catr.jp/companies/3e287/27186/settlements/df325/478679 自社HPの「取扱高1,589億円」は売上高でなく取扱高。収益認識基準(総額→純額)適用前の旧基準では1,321.24億円(2020年3月期)。"
001Nn00000eVYIU,9420001009898,青森オリンパス株式会社,https://www.aomori.olympus.co.jp/company/outline/,"5: 300億円以上~1,000億円未満",イワマシリュウ_2026/08/10,確認不可,△ 確認不可。自社HP会社概要 https://www.aomori.olympus.co.jp/company/outline/ ・官報決算公告(BSのみで売上高欄なし)・親会社オリンパスのIR資料/有報まで確認したが単体売上高の記載なし。禁止ソース(口コミ/企業DB)のみ。
001Nn00000eVYIX,6200001014428,株式会社ユタカファーマシー,https://www.d-yutaka.co.jp/,"5: 300億円以上~1,000億円未満",,812.00億円（2026年3月期・単体）,○ 自社HP会社概要「売上高812億円（2026年3月期決算）」 https://www.d-yutaka.co.jp/corporate/outline 富士薬品グループだが単体で812億円。
001Nn00000eVYIZ,2040001050435,株式会社川島コーポレーション,https://www.sunnylife-group.co.jp/,"6: 1,000億円以上",,確認不可,△ 確認不可。自社HP会社概要 https://www.sunnylife-group.co.jp/company ・自社採用サイト・官報決算公告(同社の掲載なし、川島HDも売上高欄なし)・介護業界紙(高齢者住宅新聞/シルバー産業新聞=上場企業のみ)まで確認したが売上高の記載なし。
001Nn00000eVYIr,3230001012407,株式会社ＭＥＲＦ,https://www.merf.co.jp/,"5: 300億円以上~1,000億円未満",,824.13億円（2025年8月期・連結）,"○ 決算短信(東証スタンダード3168) https://www2.jpx.co.jp/disc/31680/140120251007569248.pdf 連結売上高82,413百万円。8月決算のため2025年8月期が直近本決算。"
001Nn00000eVYJD,7180001025105,株式会社カノークス,http://www.canox.co.jp/index.htm,"6: 1,000億円以上",,"1,587.51億円（2026年3月期・連結）","○ 決算短信 https://www2.jpx.co.jp/disc/80760/140120260420507034.pdf 連結158,751百万円・個別158,575百万円。東証スタンダード/名証メイン上場の親会社。"
001Nn00000eVYJQ,9011101039728,シュッピン株式会社,http://www.syuppin.co.jp,"5: 300億円以上~1,000億円未満",,519.24億円（2026年3月期・単体）,"○ 決算短信〔日本基準・非連結〕 https://www2.jpx.co.jp/disc/31790/140120260512526224.pdf 売上高51,924百万円。東証3179。"
001Nn00000eVYJd,4120001044419,株式会社スズキ自販近畿,https://www.suzuki.co.jp/dealer/27111951.sj-kinki/,"5: 300億円以上~1,000億円未満",,471.20億円（2025年3月期・単体）,○ 自社HP企業情報「売上高471億2000万円(2025年3月期)」 https://www.suzuki.co.jp/dealer/sj-kinki/corporate/ スズキ直営販社だが単体で471.2億円。
001Nn00000eVYJk,2010401024066,株式会社バンザイ,https://www.banzai.co.jp/company/outline.html,"5: 300億円以上~1,000億円未満",／,430.00億円（2026年3月期・単体）,"○ 自社HP会社概要「売上高 実績430億円（2026年3月期）」 https://www.banzai.co.jp/company/outline.html 業界紙(整備界)の第100期決算報道430億6,200万円とも一致。"
001Nn00000eVYTQ,2030001074253,川口土木建築工業株式会社,https://www.kawado.co.jp/company/profile/,"5: 300億円以上~1,000億円未満",,344.00億円（2024年9月期・単体）,○ 自社HP会社概要「年商344億円（2024年9月期）」 https://www.kawado.co.jp/company/profile/ 9月決算。自社採用サイトも同数値。最新期の売上高は自社HP未更新のため2024年9月期を採用。
001Nn00000eVYVU,3050001020246,日鉄スラグ製品株式会社,http://www.slag.nipponsteel.com/,"5: 300億円以上~1,000億円未満",,515.95億円（2025年3月期・単体）,"○ 自社HP IR情報 2024年度(2025年3月期)売上高51,595百万円 https://www.slag.nipponsteel.com/company/ir.html 日本製鉄100%子会社だが単体で515.95億円。"
001Nn00000eVYVb,8020001059729,コマツ物流株式会社,https://www.btr-komatsu.co.jp/,"5: 300億円以上~1,000億円未満",,901.00億円（2026年3月期・単体）,○ 自社HP会社概要「売上高901億円（2026年3月期）」 https://www.btr-komatsu.co.jp/company/outline.html コマツの子会社だが単体で901億円。
001Nn00000eVYVl,5200001002598,株式会社十六銀行,https://www.juroku.co.jp/aboutus/info/profile/,"5: 300億円以上~1,000億円未満",ヤナギダタツヤ0707,"1,339.61億円（2026年3月期・単体／経常収益）","○ 銀行のため経常収益。十六FG決算短信の【十六銀行単体】経常収益133,961百万円(2026年3月期) https://www2.jpx.co.jp/disc/73800/140120260513529880.pdf 十六FG子会社だが銀行単体で1,339.61億円。"
001Nn00000eVYVm,9010401021486,ニチアス株式会社,https://www.nichias.co.jp/,"6: 1,000億円以上",,"2,519.10億円（2026年3月期・連結）","○ 決算短信 https://www2.jpx.co.jp/disc/53930/140120260511521410.pdf 連結売上高251,910百万円。東証プライム5393の親会社。"
001Nn00000eVYVn,5060001001359,株式会社キッズコーポレーション,https://kc.holdings/company/access/,"5: 300億円以上~1,000億円未満",,確認不可,△ 持株会社サイト（kc.holdings）会社概要に売上高の記載なし。自社HP・IR・決算公告いずれの承認ソースでも売上高を確認できず
001Nn00000eVYY2,4120001059664,椿本興業株式会社,https://www.tsubaki.co.jp/ja/company/outline/,"6: 1,000億円以上",,"1,310.32億円（2026年3月期・連結）",○ 決算短信 https://ssl4.eir-parts.net/doc/8052/tdnet/2801349/00.pdf
001Nn00000eVYY6,2140001080645,ケイ低温フーズ株式会社,http://www.k-teionfoods.co.jp/,"6: 1,000億円以上",イワマシリュウ_2026/08/10,"1,178億円（2025年度・営業収益）",○ 自社HP会社案内 https://www.k-teionfoods.co.jp/company.html ※同社表記は「営業収益」（売上高表記の開示なし）
001Nn00000eVYYW,5120001000750,株式会社たけでん,http://www.takeden.co.jp/,"5: 300億円以上~1,000億円未満",,"1,075.51億円（2026年3月期・令和8年3月期）",○ 自社HP業績推移「売上高」 http://www.takeden.co.jp/corporate/achievement.html
001Nn00000eVYYc,5012401011628,株式会社日本マイクロニクス,https://www.mjc.co.jp/corporate/about/,"5: 300億円以上~1,000億円未満",／,701.73億円（2025年12月期・連結）,○ 決算短信 https://ssl4.eir-parts.net/doc/6871/tdnet/2760895/00.pdf
001Nn00000eVYYe,9011101044273,ブリストル・マイヤーズスクイブ株式会社,https://www.bms.com/jp,"6: 1,000億円以上",,"1,915億円（2025年）",○ 自社HP会社概要（日本法人） https://www.bms.com/jp/about-us/key-facts.html
001Nn00000eVYYi,8010001008711,株式会社帝国ホテル,http://www.imperialhotel.co.jp/,"5: 300億円以上~1,000億円未満",,562.67億円（2026年3月期・連結）,○ 決算短信 https://www.imperialhotel.co.jp/system/files/file/2026-05/93d4c84b0a286575e619b258ed9936a0.pdf
001Nn00000eVYcn,4290801020346,株式会社ワールドインテック,http://www.witc.co.jp/,"5: 300億円以上~1,000億円未満",260401 追客終了,988.57億円（2025年12月期・単体）,○ 親会社ワールドHD第33期有価証券報告書「関係会社の状況」注14 https://world-hd.co.jp/app/wp-content/uploads/2026/03/202603_Release-1.pdf
001Nn00000eVYf4,7010001041523,キグナス石油株式会社,http://kygnus.jp/index.html,"6: 1,000億円以上",,"3,477億円（2026年3月期・第56期）",○ 自社HP決算短信（2025年度決算のお知らせ） https://corp.kygnus.jp/pdf/56kimatsu.pdf
001Nn00000eVYfU,7010001049087,大成有楽不動産株式会社,https://www.taisei-yuraku.co.jp/company/overview.html,"6: 1,000億円以上",,"1,186.17億円（2026年3月期・営業収益）",○ 決算公告 損益計算書 https://www.taisei-yuraku.co.jp/company/files/financial-notice-20260331.pdf ※P/L最上段は「営業収益」表記
001Nn00000eVYfX,8010001031325,大成有楽不動産販売株式会社,https://www.taisei-yuraku-hanbai.co.jp/,"6: 1,000億円以上",🔵MC:管理本部／人事室 03-6667-0705 ｜ ヤナギダタツヤ,【300億未満】83.88億円（2026年3月期・営業収益）,"× 決算公告 損益計算書 https://www.taisei-yuraku-hanbai.co.jp/news/pdf/20260623.pdf ※自社HPの「取扱高1,204億円」は仲介取扱高で売上高ではない。300億円未満"
001Nn00000eVYfe,7180001024676,株式会社アルペン,https://store.alpen-group.jp/corporate,"6: 1,000億円以上",,"2,859.54億円（2026年6月期・連結）",○ 決算短信 https://www.alpen-group.jp/corporate/ir/files/pdf/79adcd61dc4c4f7bee24cc05583ec4a1.pdf
001Nn00000eVYfg,4010801009318,日研トータルソーシング株式会社,https://www.nikken-totalsourcing.jp/company/corporate.html,"5: 300億円以上~1,000億円未満",／⭐,確認不可,△ 自社HP会社概要に売上高の記載なし。非上場で決算公告も未掲載。承認ソースで売上高を確認できず
001Nn00000eVYfr,2170001002092,株式会社オークワ,https://www.okuwa.net/store/wakayama/295.html,"6: 1,000億円以上",,"2,395.49億円（2026年2月期・連結）","○ 決算短信 連結損益計算書 https://www.okuwa.net/ir/pdf/2026pdf/2026-2-kessantansin4.pdf ※営業収益（売上高＋営業収入）は2,526.55億円"
001Nn00000eVYft,5360001004315,金秀商事株式会社,https://kanehide.co.jp/group/,"5: 300億円以上~1,000億円未満",,確認不可,"△ 金秀グループサイトに当社単体の売上高記載なし。公表は金秀グループ連結1,122.98億円（2026年3月期）のみで単体は確認できず"
001Nn00000eVYfv,6140001024862,兵庫日産自動車株式会社,https://ni-hyogo.nissan-dealer.jp/company/about.html,"5: 300億円以上~1,000億円未満",／,確認不可,△ 自社HP会社概要・採用サイトとも売上高の記載なし。承認ソースで確認できず（禁止ソースのみ）
001Nn00000eVYfw,6080401010213,ローランド株式会社,https://www.roland.com/jp/,"5: 300億円以上~1,000億円未満",／,"1,009.52億円（2025年12月期・連結）",○ 決算短信 https://data.swcms.net/file/roland-ir/dam/jcr:6068e749-eadb-490e-ae8a-5e10af77f24a/140120260209552345.pdf
001Nn00000eVYfx,1040001004788,ダイハツ千葉販売株式会社,https://www.daihatsu-chiba.co.jp/Shop/chiba_suehiro,"5: 300億円以上~1,000億円未満",🎯360:管理本部／人財開発グループ 043-224-0522,393.66億円（2025年度）,○ 自社HP会社概要 https://www.daihatsu-chiba.co.jp/company/outline/
001Nn00000eVYg1,4010001001752,加賀電子株式会社,https://www.taxan.co.jp/jp/company/outline.php,"6: 1,000億円以上",,"6,589.41億円（2026年3月期・連結）",○ 2026年3月期決算説明資料 https://www.taxan.co.jp/jp/ir/upload_file/m008-m008_01/presentation202603note.pdf
001Nn00000eVYg5,5020001074318,プレス工業株式会社,https://www.presskogyo.co.jp/corporate/overview/,"6: 1,000億円以上",／カワハラアユウ2026/07/13,"2,021.67億円（2026年3月期・連結）",○ 自社HP業績ハイライト https://www.presskogyo.co.jp/ir/finance/highlights/
001Nn00000eVYgA,8060001016528,ＧＫＮドライブラインジャパン株式会社,http://www.pref.tochigi.lg.jp/kogyo/index.html,"5: 300億円以上~1,000億円未満",🔵MC:人事管理部 0282-29-7517,確認不可,△ 自社HP・栃木県公表資料とも売上高の記載なし。承認ソースで確認できず
001Nn00000eVYgC,8030001006457,日本ピストンリング株式会社,https://www.npr.co.jp/company/company06.html,"5: 300億円以上~1,000億円未満",🔵MC:総務部／人事労務グループ　048-856-5012 ｜🎯360:総務部／キャリア開発グループ　048-856-5012 ｜担当:長島昭夫,確認不可,△ リケンNPR(株)の子会社で単体売上高は非公表。2026年4月に(株)リケンNPRプレシジョンへ商号変更
001Nn00000eVYgF,8010001008769,三菱製紙株式会社,https://www.mpm.co.jp/,"6: 1,000億円以上",,"1,574.55億円（2026年3月期・連結）",○ 決算短信 https://www.mpm.co.jp/news/pdf/2026/20260514-2.pdf
001Nn00000eVYgG,9380001008095,ＡＧＣエレクトロニクス株式会社,https://www.agcel.co.jp/company.html,"5: 300億円以上~1,000億円未満",／,確認不可,△ AGC(株)の子会社。自社HP会社概要に売上高の記載なし。承認ソースで確認できず
001Nn00000eVYgL,4120001086023,ナカバヤシ株式会社,https://www.nakabayashi.co.jp/company/osaka-head-office/,"5: 300億円以上~1,000億円未満",,615.98億円（2026年3月期・連結）,○ 決算短信 https://www.nakabayashi.co.jp/_files/News/1/1351/file/2026年3月期_決算短信〔日本基準〕（連結）.pdf
001Nn00000eVYgT,8030001071633,アサヒロジスティクス株式会社,https://www.asahilogistics.co.jp/company/guide/,"5: 300億円以上~1,000億円未満",,666億円（2026年3月期・連結）,○ 自社HP会社概要 https://www.asahilogistics.co.jp/company/guide/ ※単体は517億円
001Nn00000eVYgV,3010001011918,全農物流株式会社,https://www.zennoh-butsuryu.co.jp/business/about/,"5: 300億円以上~1,000億円未満",,確認不可,△ 自社HP会社概要 https://www.zennoh-butsuryu.co.jp/business/about/ ※自社公表の計画値。決算実績の売上高は非公表
001Nn00000eVYgr,1190001013337,株式会社ＮＴＮ三重製作所,https://ntn-mie.com/,"5: 300億円以上~1,000億円未満",🔵MC:管理部／人事労政課 0594-48-7137 ｜ 🌳★08/17(月)、定時17:00、⭐🌟🚨🔵🌑✳✡🌅💎🔥※17時以降は警備室に繋がる。,確認不可,△ NTN(株)の子会社。自社HP会社概要に売上高の記載なし。承認ソースで確認できず
001Nn00000eVYh6,9010001006111,株式会社日建設計,https://www.nikken.co.jp/ja/about/portfolio/overview.html,"5: 300億円以上~1,000億円未満",,確認不可,△ 自社HP会社概要に売上高の記載なし。承認ソースで確認できず（禁止ソースのみ）
001Nn00000eVYh7,7010001130664,株式会社ＮＴＴデータ先端技術,https://www.intellilink.co.jp/plan/corporate/index.html,"5: 300億円以上~1,000億円未満",,795億円（2026年3月期・単体）,○ 自社HP会社概要 https://www.intellilink.co.jp/plan/corporate/index.html ※グループ会社120億円は別
001Nn00000eVYhB,4020001037424,株式会社快活フロンティア,https://kaikatsufrontier.co.jp/company/about.html,"5: 300億円以上~1,000億円未満",,735.91億円（2026年3月期）,○ 自社HP会社概要 https://kaikatsufrontier.co.jp/company/about.html ※AOKIHD子会社だが単体で300億超
001Nn00000eVYhF,5060001002844,株式会社ＴＫＣ,https://www.tkc.jp/company/location/hq_tochigi,"5: 300億円以上~1,000億円未満",,834.76億円（2025年9月期・連結）,○ 決算短信 https://www.tkc.jp/media_library/ir/account/docs/59kimatsu.pdf
001Nn00000eVYhH,4120001054120,株式会社ＮＴＴデータ関西,https://www.nttdata-kansai.co.jp/company/outline.aspx,"5: 300億円以上~1,000億円未満",,466.66億円（2026年3月期・単体）,○ 自社HP会社概要 https://www.nttdata-kansai.co.jp/company/outline.aspx ※2025年度実績
001Nn00000eVYhJ,9470001001883,株式会社ＳＴＮｅｔ,https://www.stnet.co.jp/about/profile/,"5: 300億円以上~1,000億円未満",【属性】🧸/👤情シス/DX：常務取締役 情報システム本部長 村井　賢治　直通有！,488.49億円（2026年3月期・単体）,○ 自社HP決算公告 https://www.stnet.co.jp/about/public-notice/pdf/kessan2025.pdf
001Nn00000eVYna,5180001024059,名古屋製酪株式会社,http://www.sujahta.co.jp,"6: 1,000億円以上",,確認不可,△ 自社HP会社概要はグループ全体情報のみで単体売上高の記載なし。承認ソースで確認できず
001Nn00000eVYnb,1010001098858,麒麟麦酒株式会社,https://www.kirin.co.jp/,"6: 1,000億円以上",／,確認不可,△ キリンHDの子会社。単体売上高を記載した承認ソースの直リンクを確認できず
001Nn00000eVYq0,8220001015851,石川サンケン株式会社,https://www.sanken-ele.co.jp/ishikawa/company/about-us/,"5: 300億円以上~1,000億円未満",【属性】🧸/👤情シス/DX：SG業務サポートセンター業務二課　宇田　070-8810-5472　y.uda@sanken-ele.co.jp,373億円（2024年度）,○ 自社HP会社概要 https://www.sanken-ele.co.jp/ishikawa/company/about-us/ ※サンケン電気子会社だが単体で300億超
001Nn00000eVYq2,3180001083916,モリリン株式会社,https://www.moririn.co.jp/office-location,"6: 1,000億円以上",,874億円（2026年2月期）,○ 自社HP会社概要 https://www.moririn.co.jp/company
001Nn00000eVYq3,5310001006118,山下医科器械株式会社,https://www.yamashitaika.co.jp/,"5: 300億円以上~1,000億円未満",🔵MC:福岡本社／人事戦略本部／人材課 092-402-2901 / 矢田部律夫 経営企画室次長（総務室長）（旧直通:0942-85-1167） ｜ ★08/17(月)、定時18:00、💎🔥🌐👤情シス/DX,確認不可,△ 自社HP会社概要・IR電子公告とも直近の売上高記載なし。承認ソースで確認できず
001Nn00000eVYt1,9030001023988,株式会社草加デリカ,,"5: 300億円以上~1,000億円未満",,確認不可,△ 公式サイトを特定できず。承認ソースで売上高を確認できず
001Nn00000eVYtR,6340001004241,南日本くみあい飼料株式会社,http://www.j-bee.com/mks/,"5: 300億円以上~1,000億円未満",,846億円（令和7年度）,○ 自社HP会社案内 https://www.mks-f.co.jp/company/
001Nn00000eVYtS,5010401048070,サンヨー食品販売株式会社,https://www.sanyofoods.co.jp/company/about/,"5: 300億円以上~1,000億円未満",,確認不可,△ サンヨー食品㈱の子会社。自社HPのグループ企業一覧に当社単体の売上高記載なし https://www.sanyofoods.co.jp/company/about/
001Nn00000eVYtU,7140001002355,日和産業株式会社,http://www.nichiwasangyo.co.jp/docs/index.html,"5: 300億円以上~1,000億円未満",,455.79億円（2026年3月期・連結）,○ 決算短信 https://www.nichiwasangyo.co.jp/wp-content/uploads/2026年3月期決算短信〔日本基準〕（連結）.pdf
001Nn00000eVYtl,7010001025939,株式会社ニッセーデリカ,https://www.nisseydelica.co.jp/company/about.html,"6: 1,000億円以上",,333億円（2026年3月期）,○ 自社HP会社案内「売上高333億（2026年3月決算）」 https://www.nisseydelica.co.jp/company/about.html
001Nn00000eVYuj,4010701026116,東洋ガラス株式会社,http://www.toyo-glass.co.jp/,"5: 300億円以上~1,000億円未満",🔵MC:経営本部／総務部人事課 03-4514-2060 / 山崎浩 執行役員、経営本部総務部長（旧直通:経営本部／総務部総務ＣＳＲ課：03-4514-2060） ｜ 🌳★07/21(火)、定時00:00、🔵🌑✳✡🔥👤総務/管理,347億円（2026年3月期）,○ 自社HP会社概要「年間売上高347億円（2026年3月実績）」 https://toyo-glass.co.jp/corporate/about/
001Nn00000eVYum,1011401011162,日本金属株式会社,https://www.nipponkinzoku.co.jp/,"5: 300億円以上~1,000億円未満",🔵MC:管理本部／管理部門／人事総務部 03-5765-8100 / 谷川伸一 常務執行役員（執行役員管理部門総務）人事（旧直通:管理本部／管理部門／情報システム部／ＩＣＴ推進課：03-5765-8101）,496.19億円（2026年3月期・連結）,○ 決算短信 https://www.nipponkinzoku.co.jp/assets/images/2026/05/119_4Q.pdf
001Nn00000eVYvD,7030001012852,武蔵コーポレーション株式会社,https://www.musashi-corporation.com/aboutus/,"5: 300億円以上~1,000億円未満",時期改め,334億円（2025年8月期・連結）,○ 自社HP会社概要「売上高（連結）334億円（令和7年8月期）」 https://www.musashi-corporation.com/aboutus/
001Nn00000eVYvF,5013202007220,トリックスターズ・アレア株式会社,http://trickster-recruit.com/profile.html,"5: 300億円以上~1,000億円未満",,確認不可,△ 自社サイト会社概要 http://trickster-recruit.com/profile.html 決算期・単体連結の別が未記載のため要確認
001Nn00000eVYvf,5120001158234,パナソニックエイジフリー株式会社,https://panasonic.co.jp/paf/company/outline.html,"5: 300億円以上~1,000億円未満",,確認不可,△ パナソニックHDの子会社。自社HP会社概要に売上高なし。決算公告も貸借対照表のみで売上高非公表 https://panasonic.co.jp/paf/company/accounts.html
001Nn00000eVYwF,7330001004951,株式会社レイメイ藤井,http://www.raymay.co.jp/,"5: 300億円以上~1,000億円未満",,【300億未満】273.80億円（2025年6月期）,"× 自社HP会社概要「273億7,965万円（2025年6月期決算）」 https://www.raymay.co.jp/company/overview.html 300億円未満のため対象外"
001Nn00000eVYwL,1180001023411,カネ美食品株式会社,https://www.kanemi-foods.co.jp,"5: 300億円以上~1,000億円未満",,866.53億円（2026年2月期）,○ 自社HP「数字で見るカネ美食品」2026年2月28日現在 https://www.kanemi-foods.co.jp/data/
001Nn00000eVYwq,4180001033069,株式会社名鉄百貨店,http://www.e-meitetsu.com/mds/company/index.html,"5: 300億円以上~1,000億円未満",🔵MC:総務人事部　052-585-2361 ｜既存:経営企画室：052-585-7203,確認不可,△ 自社HPに売上高の記載なし。2026年3月に外商事業を㈱名鉄生活創研へ承継し百貨店事業は終了 https://www.meitetsu-souken.co.jp/profile/2022042714474966.html
001Nn00000eVYwr,8230001003153,株式会社光岡自動車,https://www.mitsuoka-motor.com/company/,"5: 300億円以上~1,000億円未満",,373億円（2025年12月期・連結）,○ 自社HP会社概要「単体321億円、連結373億円（2025年度12月期）」 https://mitsuoka-global.com/company/overview/
001Nn00000eVYzF,9490001008860,株式会社玉井,http://www.tamai-777.com/profile.html,"5: 300億円以上~1,000億円未満",イワマシリュウ_2026/08/10,確認不可,△ 自社HP会社案内に売上高の記載なし。IR・決算公告ページもなし http://www.tamai-777.com/profile.html
001Nn00000eVYzc,9010001024113,東洋エンジニアリング株式会社,http://www.toyo-eng.com/jp/,"6: 1,000億円以上",,"1,829.41億円（2026年3月期・連結）",○ 決算短信 https://contents.xj-storage.jp/xcontents/AS05120/d26534ed/8298/4341/9e5c/c5fc8cc16f36/140120260513529468.pdf
001Nn00000eVYzm,9180001031803,セキスイハイム中部株式会社,https://www.816chubu.jp/company/,"5: 300億円以上~1,000億円未満",イシマツハル,383.5億円（2025年度）,○ 自社HP会社概要 https://www.816chubu.jp/company/ 積水化学工業100%子会社だが単体で300億円超
001Nn00000eVYzr,7010001008844,株式会社日立製作所,https://www.hitachi.co.jp/about/corporate/hitachi/,"6: 1,000億円以上",,"105,867.81億円（2026年3月期・連結売上収益）","○ 自社HP企業情報 https://www.hitachi.co.jp/about/corporate/hitachi/ IFRSのため原文は「連結売上収益」表記。単体売上高は18,431.73億円"
001Nn00000eVYzs,1021001009556,三菱電機照明株式会社,https://www.mitsubishi-lighting.co.jp/company/,"5: 300億円以上~1,000億円未満",,確認不可,△ 三菱電機㈱の子会社。自社HP会社概要に売上高の記載なし https://www.mitsubishi-lighting.co.jp/company/
001Nn00000eVYzx,3010701002068,シグマロジスティクス株式会社,https://www.sigma-logi.jp/,"5: 300億円以上~1,000億円未満",,確認不可,△ 自社HP会社概要に売上高の記載なし。IR・決算公告ページもなし https://www.sigma-logi.jp/company/profile.html
001Nn00000eVYzy,8011101001721,イカリ消毒株式会社,https://www.ikari.co.jp/company/overview/,"5: 300億円以上~1,000億円未満",,確認不可,△ 自社HP会社概要に売上高の記載なし。IR・決算公告ページもなし https://www.ikari.co.jp/company/overview/
001Nn00000eVZ08,6050001002695,株式会社山新,https://www.yamashin-grp.co.jp/company/aboutus/,"5: 300億円以上~1,000億円未満",【属性】🦁R/👤人事：総務部 採用・教育課/記載なし/大澤 咲絵,565億円（2026年2月期）,○ 自社HP会社概要「売上高565億円（2026年2月期）」 https://www.yamashin-grp.co.jp/company/aboutus/
001Nn00000eVZ09,9290001042145,株式会社ドラッグイレブン,https://www.drugeleven.com/company/profile/,"5: 300億円以上~1,000億円未満",,確認不可,△ 最新の売上高が非公表。自社HP沿革に「2018年2月 年商500億円を突破」の記載のみ https://www.drugeleven.com/company/profile/
001Nn00000eVZ0D,7030001003018,埼玉ダイハツ販売株式会社,https://saitama.dd.daihatsu.co.jp/company/profile,"5: 300億円以上~1,000億円未満",🔵MC:管理本部／人事・経理部 048-865-0116,443.13億円（2024年度実績）,"○ 自社HP会社概要「443億1,330万円（2024年度実績）」 https://saitama.dd.daihatsu.co.jp/company/profile"
001Nn00000eVZ0F,1040001008905,シャープマーケティングジャパン株式会社,https://smj.jp.sharp/bs/corporate/map/map_yao.html,"6: 1,000億円以上",,確認不可,△ シャープ㈱の子会社。自社HP会社概要は決算日3月31日の記載のみで売上高は非公表 https://smj.jp.sharp/company/
001Nn00000eVZ0J,8020001076641,ジャパンマリンユナイテッド株式会社,https://www.jmuc.co.jp/,"6: 1,000億円以上",,確認不可,△ 自社HP会社概要は資本金575億円等のみで売上高の記載なし。IR・決算公告ページもなし https://www.jmuc.co.jp/company/profile/
001Nn00000eVZ0L,6012801002309,株式会社タチエス,https://www.tachi-s.co.jp/company/overview.html,"6: 1,000億円以上",,"2,690億円（2026年3月期・連結）",○ 自社HP会社概要 https://www.tachi-s.co.jp/company/overview.html ／単体998億円
001Nn00000eVZ0M,8180301014236,津田工業株式会社,https://www.tsuda-inc.co.jp/,"5: 300億円以上~1,000億円未満",,674億円（2025年度・連結）,○ 自社HP会社情報 https://www.tsuda-inc.co.jp/company_info.html ／単体516億円
001Nn00000eVZ0T,2190001005234,トリックス株式会社,https://www.trix-net.co.jp/company_profile.html,"5: 300億円以上~1,000億円未満",,585億円（2025年度・連結）,○ 自社HP会社概要の業績推移 https://www.trix-net.co.jp/company_profile.html ／単独405億円
001Nn00000eVZ0U,4160001001498,日本電気硝子株式会社,http://www.neg.co.jp,"6: 1,000億円以上",,"3,114.02億円（2025年12月期・連結）",○ 半期報告書(EDINET提出書類)主要な経営指標等の推移 https://pdf.irpocket.com/C5214/xoA3/tx0r/mvO2/iePi.pdf
001Nn00000eVZ0V,7350001006608,旭有機材株式会社,https://www.asahi-yukizai.co.jp/about_overview/,"5: 300億円以上~1,000億円未満",,800.81億円（2026年3月期・連結）,○ 自社HP会社概要 https://www.asahi-yukizai.co.jp/about_overview/
001Nn00000eVZ0X,9120001077380,大塚化学株式会社,https://www.otsukac.co.jp/company/profile.html,"5: 300億円以上~1,000億円未満",,813.01億円（2025年度・連結）,○ 自社HP会社概要 https://www.otsukac.co.jp/company/profile.html ／単体382.26億円
001Nn00000eVZ0Y,8010001058095,三菱製鋼株式会社,https://www.mitsubishisteel.co.jp/company/outline/,"5: 300億円以上~1,000億円未満",,"1,545億円（2026年3月期・連結）",○ 自社HP会社概要 https://www.mitsubishisteel.co.jp/company/outline/ ／単独776億円
001Nn00000eVZ0j,5290001048690,久留米運送株式会社,https://www.kurumeunsou.co.jp/sales_office/honsya.php,"5: 300億円以上~1,000億円未満",X,483.47億円（2025年度）,○ 自社HP「数字で見る久留米運送」直近5年の売上 https://www.kurumeunsou.co.jp/in_numbers.php
001Nn00000eVZ0k,2120901019851,阪急阪神ホールディングス株式会社,https://www.hankyu-hanshin.co.jp/corporate/data/,"6: 1,000億円以上",🔵MC:人事総務室 06-6373-5120 ｜ 🌱☆V 07/09〈木〉、定時00:00、🌟🚨✳✡直通有/キーマン不明,"1兆2,035億円（2026年3月期・連結）",○ 決算短信 https://www.hankyu-hanshin.co.jp/2026/05/484f18e866c003be864c2c6f73e378f2580acf47.pdf ／持株会社のため科目は営業収益
001Nn00000eVZ35,4140001008108,神栄株式会社,https://www.shinyei.co.jp/what/profile/index.html,"5: 300億円以上~1,000億円未満",,432.67億円（2026年3月期・連結）,○ 決算短信 https://www.shinyei.co.jp/pdf/results/202603-4-RepGr.pdf
001Nn00000eVZ3T,5120001125102,株式会社大紀アルミニウム工業所,https://www.dik-net.com/overview/,"6: 1,000億円以上",,"3,311.09億円（2026年3月期・連結）",○ 決算短信 https://contents.xj-storage.jp/xcontents/AS03525/b23aa346/bdeb/47c6/b295/46e862872aa5/140120260513528112.pdf
001Nn00000eVZ3W,1020001022180,レーザーテック株式会社,https://www.lasertec.co.jp,"6: 1,000億円以上",,"2,304.85億円（2026年6月期・連結）",○ 決算短信(TDnet) https://www.release.tdnet.info/inbs/140120260806511603.pdf
001Nn00000eVZ3e,1180001037535,ダイナパック株式会社,https://www.dynapac-gr.co.jp/company/about/index.html,"5: 300億円以上~1,000億円未満",,670.83億円（2025年12月期・連結）,○ 自社HP会社概要 https://www.dynapac-gr.co.jp/company/about/index.html
001Nn00000eVZ3f,5120001067360,帝人フロンティア株式会社,https://www2.teijin-frontier.com/company/outline/,"6: 1,000億円以上",／,"2,096.27億円（2026年3月期・単体）",○ 決算公告 第45期損益計算書 https://www2.teijin-frontier.com/static/img_corp/ir/public_notice/kessan2026.pdf ／帝人の子会社だが単体で300億超
001Nn00000eVZDn,4240001003271,広成建設株式会社,https://www.koseikensetsu.co.jp/,"5: 300億円以上~1,000億円未満",X,699.13億円（2026年3月期・単体）,○ 自社HP財務情報 第85期損益計算書 https://www.koseikensetsu.co.jp/upload/save/page/76b5419a40b908ac877a144bddb0c9cb.pdf
001Nn00000eVZDv,2010801012579,株式会社リコー,https://jp.ricoh.com/about/facts,"6: 1,000億円以上",／,"2兆6,083億円（2026年3月期・連結）",○ 自社HP会社概要 https://jp.ricoh.com/about/facts
001Nn00000eVZDw,5010401072079,三井住友ファイナンス＆リース株式会社,https://www.smfl.co.jp/corporate/about/profile/,"6: 1,000億円以上",🌳★08/06(木)、定時00:00、🔵🌑✳✡🔥👤情シス/DX👤経理,"2兆6,057億円（2026年3月期・連結）",○ 自社開示 2026年3月期決算概要(連結) https://www.smfl.co.jp/news/assets/260513.pdf
001Nn00000eVZDx,3050001006732,株式会社日立ハイテクマニファクチャ＆サービス,https://www.hitachi-hightech.com/hms/,"5: 300億円以上~1,000億円未満",,確認不可,△ 日立ハイテクの子会社。自社HPはアクセス制限で閲覧不可、承認ソースで単体売上高の開示を確認できず
001Nn00000eVZDy,9120901011562,株式会社酉島製作所,https://www.torishima.co.jp/outline/olinfo/au/,"5: 300億円以上~1,000億円未満",★08/17(月)、定時17:00、🌐👤情シス/DX👤経理👤人事,929.27億円（2025年度・連結）,○ 自社HP会社概要 https://www.torishima.co.jp/outline/olinfo/au/
001Nn00000eVZE3,7010501023269,株式会社大都技研,https://www.daitogiken.com/,"5: 300億円以上~1,000億円未満",,420億円（2026年3月期）,○ 自社HP会社概要 https://www.daitogiken.com/company/profile.html
001Nn00000eVZE7,5120001070356,ホテルモントレ株式会社,https://www.hotelmonterey.co.jp/grasmere_osaka/,"5: 300億円以上~1,000億円未満",,確認不可,△ 自社HP会社概要は資本金・従業員数のみで売上高の記載なし。IR開示もなく承認ソースで確認できず
001Nn00000eVZE8,2010701026019,株式会社クリエイト・レストランツ,https://www.createrestaurants.com/company/profile/,"5: 300億円以上~1,000億円未満",,確認不可,△ クリエイト・レストランツHDの事業子会社。承認ソースで当社単体の売上高開示を確認できず
001Nn00000eVZEM,7010401078520,株式会社ＩＮＰＥＸ,https://www.inpex.com/company/accessmap/,"6: 1,000億円以上",,2兆113億円（2025年12月期・連結）,○ 決算短信 https://www.inpex.com/ir/library/upload/result20260212.pdf ／IFRSのため原文表記は「売上収益」
001Nn00000eVZEO,1020001028459,株式会社日立ソリューションズ・クリエイト,https://www.hitachi-solutions-create.co.jp/company/about/,"5: 300億円以上~1,000億円未満",／,988.68億円（2026年3月期）,○ 自社HP会社概要 https://www.hitachi-solutions-create.co.jp/company/about/
001Nn00000eVZFM,9011501005395,安立運輸株式会社,https://www.anritsutransport.co.jp/,"5: 300億円以上~1,000億円未満",,確認不可,△ 自社HP会社概要に売上高の記載なし。承認ソースで確認できず
001Nn00000eVZFq,4010001098723,帝人ヘルスケア株式会社,https://www.teijin-pharma.co.jp/,"5: 300億円以上~1,000億円未満",,確認不可,△ 自社HP会社概要 https://www.teijin-pharma.co.jp/company/outline/thh.html に売上高の記載なし。帝人の子会社で単体売上高は非公表。
001Nn00000eVZFr,7010001034790,ゼリア新薬工業株式会社,https://www.zeria.co.jp/,"5: 300億円以上~1,000億円未満",キクチリョウスケ0730,891.59億円（2026年3月期・連結）,○ 決算短信 https://www.zeria.co.jp/media/kessan202603_004.pdf
001Nn00000eVZFt,4120001070786,マルホ株式会社,https://www.maruho.co.jp/index.html,"5: 300億円以上~1,000億円未満",,789.24億円（2025年9月期）,○ 自社HP会社概要 https://www.maruho.co.jp/about/corporate/profile/
001Nn00000eVZFv,5011501002900,中外製薬株式会社,https://cpmc.chugai-pharm.co.jp/profile/about/index.html,"6: 1,000億円以上",,"12,579億円（2025年12月期・連結）",○ IFRSのため原文表記は「売上収益」。決算発表資料 https://www.chugai-pharm.co.jp/news/detail/20260129170004_1552.html
001Nn00000eVZFy,5013201013203,伊藤ハムミート販売東株式会社,http://www.itoham.co.jp/corporate/company/saiyo/recruit/company/meat_east.html,"5: 300億円以上~1,000億円未満",,確認不可,△ 伊藤ハム米久HDの子会社。単体売上高の公表なし。シート記載URL（伊藤ハム採用ページ）も現在は移転し売上高の記載なし。
001Nn00000eVZGf,3180001034126,伊勢久株式会社,https://www.isekyu-jp.com/company/,"5: 300億円以上~1,000億円未満",,319億円（2025年9月期）,○ 自社HP会社概要 https://isekyu.co.jp/company/
001Nn00000eVZGm,1011101039347,ＪＡ全農たまご株式会社,http://www.jz-tamago.co.jp/,"5: 300億円以上~1,000億円未満",／,"1,302億円（2025年度・3月期）",○ 自社HP会社概要 https://www.jz-tamago.co.jp/corporate/outline/
001Nn00000eVZGn,4180001038563,東海エレクトロニクス株式会社,https://www.tokai-ele.com/company/d_bases.html,"5: 300億円以上~1,000億円未満",,393億円（2026年3月期・連結）,○ 自社HP会社概要 https://www.tokai-ele.com/company/about_us.html
001Nn00000eVZGt,1180301013657,アイシン開発株式会社,https://www.aisin-ad.co.jp/profile/outline/,"5: 300億円以上~1,000億円未満",／,337.81億円（2025年3月期・連結）,○ 単独は322.31億円。自社HP会社概要 https://www.aisin-ad.co.jp/profile/outline/
001Nn00000eVZIN,3100001039090,リスト株式会社,,"5: 300億円以上~1,000億円未満",,597億円（2025年12月期・連結）,○ 自社HP会社概要 https://list.co.jp/company/outline
001Nn00000eVZPz,4290801000117,株式会社リードヘルスケア,https://www.reed-hc.co.jp/company/about/,"5: 300億円以上~1,000億円未満",★09/25(月)、🔵🌑🌅🔥🐧,624億円（2026年3月期）,○ 自社HP会社概要 https://www.reed-hc.co.jp/company/about/
001Nn00000eVZQI,8430001023833,株式会社セイコーフレッシュフーズ,https://www.seicofreshfoods.co.jp/company.html,"6: 1,000億円以上",ヘイトウミユウ,確認不可,△ 自社HP会社概要 https://www.seicofreshfoods.co.jp/company.html に売上高の記載なし。IR開示もなく承認ソースで確認不可。
001Nn00000eVZQO,8012801002521,フォスター電機株式会社,https://www.foster.co.jp/about/profile/index.html,"5: 300億円以上~1,000億円未満",,"1,376.07億円（2025年3月期・連結）",○ 決算短信 https://www.foster.co.jp/news/pdf/20250515_kessan_tanshin.pdf
001Nn00000eVZQU,1240001009503,広島トヨペット株式会社,http://h-toyopet.com/,"5: 300億円以上~1,000億円未満",🔵MC:人事部 082-503-5204 ｜🎯360:人事部／人財開発室 082-503-5204（旧直通:総務部：082-503-5210） ｜ ★08/18(火)、定時18:30、⭐🌟🚨💎🔥🌐👤人事👤情シス/DX,462.49億円（2026年3月期）,○ 自社HP会社概要 https://www.h-toyopet.com/corporate
001Nn00000eVZQm,2010901023732,カーディナルヘルス株式会社,https://www.cardinalhealth.jp/ja_jp/about-us.html,"5: 300億円以上~1,000億円未満",,確認不可,△ 米Cardinal Healthの日本法人。自社サイトに売上高の記載なし。単体売上高は非公表。
001Nn00000eVZaL,7180001017589,株式会社メニコン,https://www.menicon.co.jp/company/info/profile/,"5: 300億円以上~1,000億円未満",,"1,256.05億円（2026年3月期・連結）",○ 決算短信 https://contents.xj-storage.jp/xcontents/AS08353/3d1c6cd8/6d4c/486e/8db2/b22de950d289/140120260511521762.pdf
001Nn00000eVZaO,9130001002387,ニデック株式会社,https://www.nidec.com/jp/corporate/network/hq/nidec/,"6: 1,000億円以上",,"26,070.94億円（2025年3月期・連結）",○ 2026年3月期は決算発表延期のため2025年3月期を採用。決算短信 https://www.nidec.com/files/user/www-nidec-com/ir/library/earnings/2025/FY24Q4_3_jp.pdf
001Nn00000eVZaQ,7010001090826,株式会社日立産機システム,https://www.hitachi-ies.co.jp/corporate/about/,"6: 1,000億円以上",オガタユウ_2026/07/14,確認不可,△ 自社HP会社概要 https://www.hitachi-ies.co.jp/corporate/about/ に売上高の記載なし。日立製作所の子会社で単体売上高は非公表。
001Nn00000eVZaR,9120001038564,上新電機株式会社,http://www.joshin.co.jp/,"6: 1,000億円以上",7/14シモムラソウノスケ　🌿小熊様,"4,366.50億円（2026年3月期・連結）",○ 短信上の上場会社名は「株式会社Ｊｏｓｈｉｎ」に商号変更。決算短信 https://data.swcms.net/file/joshin/dam/jcr:b0ff5f0c-73d9-4996-87cb-21f2b4ce913c/140120260508519597.pdf
001Nn00000eVZaS,8200001031520,株式会社バロー,https://valor.jp/company/,"6: 1,000億円以上",,確認不可,△ バローホールディングスの子会社。自社HP会社概要 https://valor.jp/company/ に売上高の記載なし。単体売上高は非公表。
001Nn00000eVZdl,6010001020197,住商アグロインターナショナル株式会社,https://www.summit-agro.co.jp/company/overview.html,"5: 300億円以上~1,000億円未満",,確認不可,△ 自社HPは「取扱高（単体）470億円（2025年度）」の記載のみで売上高の開示なし https://www.summit-agro.co.jp/company/overview.html
001Nn00000eVZdo,4120001050532,ヒロセホールディングス株式会社,https://www.hirose-grp.com/,"5: 300億円以上~1,000億円未満",ヤナギダタツヤ,"1,468億円（2026年3月期・連結）",○ 自社HP会社概要 https://www.hirose-grp.com/company/about/
001Nn00000eVZfc,1010601021483,日本電技株式会社,https://www.nihondengi.co.jp/company/outline.html,"5: 300億円以上~1,000億円未満",,463.71億円（2026年3月期・連結）,○ 決算短信 https://www2.jpx.co.jp/disc/17230/140120260501516969.pdf
001Nn00000eVZff,7130001041734,グンゼ株式会社,http://www.gunze.co.jp/,"5: 300億円以上~1,000億円未満",,"1,309.18億円（2026年3月期・連結）",○ 決算短信 https://www2.jpx.co.jp/disc/30020/140120260512524473.pdf
001Nn00000eVZfj,8500001014833,ユニ・チャーム株式会社,http://www.unicharm.co.jp/index.html,"6: 1,000億円以上",,"9,452.68億円（2025年12月期・連結）","○ 決算短信。2025年12月期連結売上高945,268百万円。https://www.unicharm.co.jp/ja/ir/library/earnings.html"
001Nn00000eVZfl,9010701022696,株式会社テイクアンドギヴ・ニーズ,https://www.tgn.co.jp/company/,"5: 300億円以上~1,000億円未満",,357.09億円（2025年12月期・連結）,"○ 自社IR。2025年12月期連結売上高35,709百万円。https://www.tgn.co.jp/ir/financial/highlights/"
001Nn00000eVZfn,4011101062271,株式会社ネオキャリア,https://www.neo-career.co.jp/,"5: 300億円以上~1,000億円未満",,482億円（2026年2月期）,○ 自社HP会社概要。売上高482億円（2026年2月期）。https://www.neo-career.co.jp/company/company-outline/
001Nn00000eVZfy,1021001004499,株式会社ロピア,https://lopia.jp/,"5: 300億円以上~1,000億円未満",キセカヨ　20260630,確認不可,"△ 子会社。自社HPは年商6,404億円（2026年2月期）を「グループ合算」と明記。OICグループ公式・gBizINFO・公取委・自社採用も確認したがロピア単体売上なし。https://lopia.jp/company"
001Nn00000eVZfz,9210001007535,ゲンキー株式会社,http://genky.co.jp/,"5: 300億円以上~1,000億円未満",,"2,206.38億円（2026年6月期・単体）","○ 自社HP会社概要。ゲンキー(株)売上高2,206億38百万円（2026年6月期）。https://genky.co.jp/sp/company/outline.html"
001Nn00000eVZg7,7240001005439,ティーエスアルフレッサ株式会社,https://www.ts-alfresa.net/,"6: 1,000億円以上",,"1,826.7361億円（2026年3月期・単体）","○ 自社採用HP「数字で見る」。売上高1,826億7,361万円（2026年3月期）。https://www.ts-alfresa.net/recruit/about/data/"
001Nn00000eVZgV,1010401015438,世紀東急工業株式会社,https://www.seikitokyu.co.jp/ir/shareholders/procedure,"5: 300億円以上~1,000億円未満",,900.41億円（2026年3月期）,○ 自社HP会社概要。売上高900億41百万円（2025年度）。https://www.seikitokyu.co.jp/company/profile/
001Nn00000eVZgW,4110001002922,第一建設工業株式会社,http://www.daiichi-kensetsu.co.jp/,"5: 300億円以上~1,000億円未満",,600億円（2026年3月期・単体）,○ 自社HP会社概要・財務ハイライト。売上高600億円（2025年度実績）。https://www.daiichi-kensetsu.co.jp/company/outline/
001Nn00000eVZgX,2010001131980,ショーボンド建設株式会社,https://www.sho-bond.co.jp/company/about.html,"5: 300億円以上~1,000億円未満",,716.67億円（2025年6月期・単体）,"○ 親会社のEDINET有価証券報告書「主要な損益情報等」。ショーボンド建設の売上高71,667百万円。https://disclosure2dl.edinet-fsa.go.jp/searchdocument/pdf/S100WQS8.pdf"
001Nn00000eVZga,9180001033543,株式会社エス・ディ・ロジ,https://sdlogi.com/philosophy/,"5: 300億円以上~1,000億円未満",,468億円（2025年度・単体）,○ 自社HP「数字で見る」。売上高2025年度468億円（グループ売上とは別掲）。https://sdlogi.com/number/
001Nn00000eVZgj,7220001003337,澁谷工業株式会社,https://www.shibuya.co.jp/outline/index.html,"5: 300億円以上~1,000億円未満",◆08/03 (月) 事前確認、定時09:00~17:40、🌟🚨アポイント実施 08/04 (火) 15:00~16:00,"1,290.17億円（2025年6月期・連結）","○ 自社IR。2025年6月期連結売上高1,290億17百万円。https://www.shibuya.co.jp/ir/financial-results/overview-and-forecast/"
001Nn00000eVZgk,3011301002350,株式会社小泉,https://www.koizumig.co.jp/about/overview/,"6: 1,000億円以上",,"1,560.88億円（2026年3月期・単体）","○ 自社HP第80期決算概略。単体売上高156,088百万円（2025/3/21〜2026/3/20）。https://www.koizumig.co.jp/about/summary/"
001Nn00000eVZgm,7020001074662,三菱化工機株式会社,https://www.kakoki.co.jp/company/outline.html,"5: 300億円以上~1,000億円未満",,740.99億円（2026年3月期・単体）,○ 自社HP会社概要。2026年3月期売上高740億99百万円（単体）。https://www.kakoki.co.jp/company/outline.html
001Nn00000eVZiG,2240001029715,株式会社アキタフーズ,https://www.akitatamago.co.jp/corporate/company/,"5: 300億円以上~1,000億円未満",,確認不可,△ 確認不可。自社HP会社概要・ニュース、gBizINFO、EDINET、決算公告、新聞系、自社採用まで確認したが直近3期の承認ソースで売上高なし。禁止ソースの数値は不採用。https://www.akitatamago.co.jp/corporate/company/
001Nn00000eVZiU,5120001140828,株式会社アペックス西日本,https://www.apex-co.co.jp/profile/offices.html,"5: 300億円以上~1,000億円未満",,確認不可,△ 子会社。親会社アペックス公式は売上高372億円（2025年12月期）を「アペックス西日本を含む」と明記。自社/親会社HP・グループ情報・決算公告まで確認したが単体売上高なし。https://www.apex-co.co.jp/profile/profile.html
001Nn00000eVZiV,2010001029465,日清丸紅飼料株式会社,https://www.mn-feed.com/company/affiliate,"6: 1,000億円以上",,"1,915億円（2025年3月期）","○ 自社採用HP「データで見る日清丸紅飼料」。2025年3月期売上高1,915億円。https://www.mn-feed.com/recruit/data/"
001Nn00000eVZiW,3010601030301,東洋冷蔵株式会社,https://www.toyoreizo.com/,"6: 1,000億円以上",,"1,881億円（2025年度）","○ 自社HP会社概要。売上高1,881億円（2025年度）。https://www.toyoreizo.com/outline/data.html"
001Nn00000eVZiX,1120901010241,わらべや日洋インターナショナル株式会社,,"6: 1,000億円以上",,確認不可,△ 子会社。親会社IRの2025/2026年決算公告・有報、gBizINFO、自社/親会社HPまで確認。直近3期のわらべや日洋インターナショナル単体売上高を承認ソースで確定できず。https://www.warabeya.co.jp/ja/ir/stock/accounting.html
001Nn00000eVZn3,1011101078898,株式会社マイナビワークス,https://mynavi-works.jp/company/detail.html,"5: 300億円以上~1,000億円未満",,確認不可,△ 確認不可。自社HP会社概要・決算公告・親会社情報を確認したが売上高記載なし。マイナビ掲載の225億円はルール上禁止ソースのため不採用。https://mynavi-works.jp/company/detail.html
001Nn00000eVZpc,9012401011830,北辰商事株式会社,http://www.rogers.co.jp,"5: 300億円以上~1,000億円未満",,確認不可,△ 自社HP会社概要では売上高500億円だが2020年3月期実績で古く、直近3期条件を満たさない。直近の承認ソースを確認できず。https://www.rogers.co.jp/company/outline.html
001Nn00000eVZpf,3030001023283,埼玉日産自動車株式会社,http://www.saitama-nissan.co.jp/index.html,"5: 300億円以上~1,000億円未満",,440億円（2024年度）,○ 日産販売会社グループ公式採用情報。埼玉日産自動車の売上高440億円（2024年度実績）。https://dealersaiyo.nissan.co.jp/saiyou/fresh/saitama/
001Nn00000eVZpl,1180001054828,東建コーポレーション株式会社,http://www.token.co.jp,"6: 1,000億円以上",【🏠】情報システム部　部長　y-hishino@token.co.jp,"3,865.37億円（2026年4月期・連結）","○ 自社IR決算概要。2026年4月期連結売上高3,865億3,700万円。https://www.token.co.jp/ir/performance/outline/"
001Nn00000eVZqt,7120001059653,センコーグループホールディングス株式会社,http://www.senkogrouphd.co.jp/,"6: 1,000億円以上",,"8,996.20億円（2026年3月期・連結）","○ EDINET有価証券報告書ベース。2026年3月期連結売上高899,620百万円。https://disclosure2dl.edinet-fsa.go.jp/"
001Nn00000eVZrH,7120001071567,ヤンマーパワーテクノロジー株式会社,https://www.yanmar.com/jp/about/company/power_technology/company.html,"6: 1,000億円以上",,"2,837.43億円（2025年3月期・単体）","○ gBizINFO決算公告。2025年3月期単体売上高283,743百万円。https://info.gbiz.go.jp/hojin/financialstatement?kessanJohoId=357bf015-a29d-4a6e-8256-2c4120518b8f"
001Nn00000eVZs6,6010601036378,株式会社ＩＨＩ回転機械エンジニアリング,https://www.ihi.co.jp/irm/company/outline/index.html,"5: 300億円以上~1,000億円未満",,447億円（2025年3月期）,○ 自社HP会社概要。2025年3月期売上高447億円。https://www.ihi.co.jp/irm/company/outline/index.html
001Nn00000eVZsF,4010001137274,タイムズ２４株式会社,https://www.times24.co.jp/company/profile.html,"6: 1,000億円以上",,"1,966.68億円（2025年10月期・単体）","○ 自社HP決算公告。第15期（2025年10月期）売上高196,668百万円。https://www.times24.co.jp/assets/docs/15th_202510.pdf"
001Nn00000eVZsL,8280001003421,株式会社島根富士通,https://www.fujitsu.com/jp/group/sfj/,"5: 300億円以上~1,000億円未満",260317 条件外のためリリース,確認不可,△ 子会社。自社HP・親会社富士通クライアントコンピューティング会社案内・決算公告を確認したが、直近3期の島根富士通単体売上高を承認ソースで確認できず。https://www.fmv.com/group/sfj/about.html
001Nn00000eVZsQ,7010401063729,ヤマト・スタッフ・サプライ株式会社,https://www.y-staff-supply.co.jp/company/,"5: 300億円以上~1,000億円未満",,確認不可,△ 子会社。自社HP・親会社ワールドHD/YHD開示・決算公告を確認。2023年3月期279.18億円は確認できるが直近3期条件を満たす最新単体売上高を確定できず。https://www.yamato-hd.co.jp/news/2023/newsrelease_20230727_1.html
001Nn00000eVZsZ,2120001077362,伊藤忠食品株式会社,http://www.itochu-shokuhin.com/,"6: 1,000億円以上",,"7,202.17億円（2026年3月期・連結）","○ 自社IR決算短信。2026年3月期連結売上高720,217百万円。https://www.itochu-shokuhin.com/ir/library/pdf/260430.pdf"
001Nn00000eVZsa,4030001055722,株式会社ヤオコー,https://www.yaoko-net.com/corporate/profile.html,"6: 1,000億円以上",🌿バイネーム　7/13シモムラソウノスケ,"6,099.81億円（2026年3月期・単体）","○ 親会社ブルーゾーンHDの有価証券報告書。ヤオコー単体売上高609,981百万円。https://disclosure2dl.edinet-fsa.go.jp/"
001Nn00000eVZsb,9290001044133,株式会社ドラッグストアモリ,https://www.doramori.co.jp/company/outline/,"6: 1,000億円以上",サトウリョウト26/06/26,"2,281億円（2026年3月期）","○ 自社HP会社概要。売上高2,281億円（2026年3月期）。https://www.doramori.co.jp/company/outline/"
001Nn00000eVZse,9120001001646,株式会社カノー,https://www.kk-kano.co.jp/company/outline/,"5: 300億円以上~1,000億円未満",20260807キクチリョウスケ,確認不可,△ 確認不可。自社HP会社概要・関連ページを確認したが直近3期の売上高記載なし。求人媒体掲載のグループ合算640億円は承認ソース外のため不採用。https://www.kk-kano.co.jp/company/outline/
001Nn00000eVZsk,4010401019485,株式会社ネクスティエレクトロニクス,https://www.nexty-ele.com/company/corporate-profile/,"6: 1,000億円以上",,確認不可,△ 子会社。自社HP・親会社豊田通商の開示・ニュースを確認。2030年度売上高1兆円目標は確認できるが、直近3期のネクスティ単体売上高を承認ソースで確定できず。https://www.nexty-ele.com/company/corporate-profile/
001Nn00000eVZsm,7020001073375,杉本電機産業株式会社,http://www.e-sugimoto.co.jp/,"5: 300億円以上~1,000億円未満",,616.1679億円（2026年3月期）,"○ 自社HP会社概要。令和8年3月期売上高616億1,679万円。https://www.e-sugimoto.co.jp/company/about/"
001Nn00000eVZsp,2021001001140,アイシンシロキ株式会社,https://www.shiroki.co.jp/company/outline/,"6: 1,000億円以上",7/11シモムラソウノスケ,"1,129.14億円（2025年3月期・単体）","○ 自社HP会社概要。単独売上高1,129億1,400万円（2025年3月31日現在）。https://www.shiroki.co.jp/company/outline/"
001Nn00000eVZsz,3010501030582,ＡＧＣグラスプロダクツ株式会社,https://www.agc-gp.co.jp/company/sales-office/,"5: 300億円以上~1,000億円未満",／ DX推進グループ：03-5806-6350 経理部：03-5806-6301,563.78億円（2025年）,"○ 自社HP会社概要。2025年売上高56,378百万円。https://www.agc-gp.co.jp/company/"
001Nn00000eVZt1,8120001031181,第一稀元素化学工業株式会社,https://www.dkkk.co.jp/company/profile.html,"5: 300億円以上~1,000億円未満",,357.51億円（2026年3月期・連結）,"○ 決算短信。2026年3月期連結売上高35,751百万円。https://www2.jpx.co.jp/disc/40820/140120260513528057.pdf"
001Nn00000eVZt2,6010401055173,パナック株式会社,https://www.panac.co.jp/company/summary/,"5: 300億円以上~1,000億円未満",,確認不可,△ 自社HP会社概要・決算公告導線等を確認したが承認ソース上で直近売上高を確認できず。二次サイトの2025年3月期200.71億円は不採用。https://www.panac.co.jp/company/summary/
001Nn00000eVZt7,8011101010326,新菱冷熱工業株式会社,https://www.shinryo.com/corp/outline.html,"6: 1,000億円以上",,"3,414億円（2025年9月期・連結）","○ 自社HP決算概要。2025年9月期連結売上高3,414億円。https://www.shinryo.com/news/20251208_01.html"
001Nn00000eVZtA,3010701005946,大成温調株式会社,https://www.taisei-oncho.co.jp/company/overview/,"5: 300億円以上~1,000億円未満",,617.19億円（2026年3月期・連結）,"○ 自社IR決算短信。2026年3月期連結売上高61,719百万円。https://www.taisei-oncho.co.jp/ir/files/2026/05.13.26_1.pdf"
001Nn00000eVZtC,3010405007306,全国酪農業協同組合連合会,https://www.zenrakuren.or.jp/about/office/,"6: 1,000億円以上",,対象外（農業協同組合連合会）,× 法人格。直アポ大は株式会社のみ。全国酪農業協同組合連合会のため対象外。https://www.zenrakuren.or.jp/about/gaiyo/
001Nn00000eVZtD,7010601014110,株式会社ヒューテックノオリン,http://www.hutechnorin.co.jp/company/profile.html,"5: 300億円以上~1,000億円未満",,確認不可,△ 子会社。自社HP・親会社SGホールディングスの開示・決算公告を確認したが、承認ソースで直近3期のヒューテックノオリン単体売上高を確定できず。https://www.hutechnorin.co.jp/company/
001Nn00000eVZtF,5020001022615,相模鉄道株式会社,https://www.sotetsu.co.jp/about/companies/sagami-railway/,"5: 300億円以上~1,000億円未満",,確認不可,△ 子会社。自社/相鉄グループ公式、親会社IR・有価証券報告書を確認したが、直近3期の相模鉄道単体売上高を承認ソースで確定できず。https://www.sotetsu.co.jp/about/companies/sagami-railway/
001Nn00000eVZtL,8120001059652,積水ハウス株式会社,http://www.sekisuihouse.co.jp/,"6: 1,000億円以上",,"41,979.22億円（2026年1月期・連結）","○ 自社IR決算短信。2026年1月期連結売上高4,197,922百万円。https://www.sekisuihouse.co.jp/company/financial/library/ir_document/_227230/2025_kessan/t20260305.pdf"
001Nn00000eVZtM,6011401007577,株式会社ハウステック,https://www.housetec.co.jp/company/overview/,"5: 300億円以上~1,000億円未満",／🌟🚨情報システム部:03-6903-5386,648億円（2025年度・連結）,○ 自社HP会社概要。2025年度連結売上高648億円。https://www.housetec.co.jp/company/overview/
001Nn00000eVZtO,8430001001789,岩田地崎建設株式会社,https://www.iwatachizaki.jp/kigyo/gaiyou.html,"5: 300億円以上~1,000億円未満",カワハラアユウ2026/05/15,"1,050.51億円（2025年度）","○ 自社HP業績推移。令和7年度売上高合計105,051百万円。https://www.iwatachizaki.jp/kigyo/zaimu/gyoseki.html"
001Nn00000eVZtP,5120001083408,大末建設株式会社,http://www.daisue.co.jp/,"5: 300億円以上~1,000億円未満",／,"1,055億円（2026年3月期）","○ 自社HP企業情報。2026年3月期売上高1,055億円。https://www.daisue.co.jp/company/introduction/"
001Nn00000eVZtV,8120001059660,ダイキン工業株式会社,https://www.daikin.co.jp/,"6: 1,000億円以上",7/27シモムラソウノスケ　☆V 07/09〈木〉、定時00:00、🌟🚨✳✡DX、財務/・財務高効率化推進部/部長/小室 勝/※1,"50,150.36億円（2026年3月期・連結）","○ 自社IR決算短信。2026年3月期連結売上高5,015,036百万円。https://www.daikin.co.jp/press/2026/20260512_7"
001Nn00000eVZtW,8080001003160,太陽建機レンタル株式会社,https://www.taiyokenki.co.jp/index.html,"5: 300億円以上~1,000億円未満",／,"1,121億円（2025年5月期）","○ 自社HP会社概要。2025年5月期売上高1,121億円。https://www.taiyokenki.co.jp/company/post.html"
001Nn00000eVZtY,6100001020948,ルビコン株式会社,https://www.rubycon.co.jp/company/overview/,"5: 300億円以上~1,000億円未満",オカモトアツキ　0714,668億円（2026年3月期・連結）,○ 自社HP会社概要。2026年3月期連結売上高668億円。https://www.rubycon.co.jp/company/overview/
001Nn00000eVZtx,9010001123947,明治ホールディングス株式会社,http://www.meiji.com/,"5: 300億円以上~1,000億円未満",★07/17(金)、定時00:00、⭐🌟🚨🔵🌑 ・グループDX戦略部(03-3273-0762)/無/青影　翔子様/080-1057-4306/shouko.aokage@meiji.com,"11,736億円（2026年3月期・連結）","○ 決算短信。2026年3月期連結売上高11,736億円。https://www2.jpx.co.jp/disc/22690/140120260513529411.pdf"
001Nn00000eVZwv,1011001006587,共立建設株式会社,https://www.kyoritsu-con.co.jp/company/office/,"5: 300億円以上~1,000億円未満",,531.55億円（2025年度）,"○ 自社HP会社概要・業績。2025年度売上高53,155百万円。https://www.kyoritsu-con.co.jp/company/info/"
001Nn00000eVZx1,4120001051530,株式会社キーエンス,http://www.keyence.co.jp,"6: 1,000億円以上",,"11,692.89億円（2026年3月期・連結）","○ 有価証券報告書。2026年3月20日期連結売上高1,169,289百万円。https://info.gbiz.go.jp/hojin/ichiran?hojinBango=4120001051530"
001Nn00000eVZx2,7010501002116,オリエンタルモーター株式会社,https://www.orientalmotor.co.jp/,"5: 300億円以上~1,000億円未満",シモムラ ソウノスケ,754億円（2026年3月期・連結）,○ 自社HP会社概要。2026年3月期連結売上高754億円。https://www.orientalmotor.co.jp/ja/company/profile/overview
001Nn00000eVZx3,4080001007512,株式会社アイエイアイ,https://www.iai-robot.co.jp/company/profile/index.html,"5: 300億円以上~1,000億円未満",／,366億円（2024年・単体）,"○ 自社環境レポート。2024年売上高36,600百万円。https://www.iai-robot.co.jp/company/environment/pdf/EA21_report_2024.pdf"
001Nn00000eVZx4,2010701015797,日立チャネルソリューションズ株式会社,https://www.hitachi-ch.co.jp/company/office.html,"6: 1,000億円以上",／,818.03億円（2024年3月期・単体）,"○ gBizINFO決算公告。2024年3月期単体売上高81,803百万円。https://info.gbiz.go.jp/hojin/financialstatement?kessanJohoId=f9a3a00e-4194-48a2-bf84-a15b5894ece7"
001Nn00000eVZxC,6011101002696,株式会社エイチ・アイ・エス,https://www.his.co.jp/,"6: 1,000億円以上",,"3,731億円（2025年10月期・連結）","○ 自社HP会社概要。2025年10月期連結売上高3,731億円。https://www.his.co.jp/company/about_us/"
001Nn00000eVZxE,4180001082132,株式会社壱番屋,https://www.ichibanya.co.jp/comp/info/outline/,"5: 300億円以上~1,000億円未満",,655.18億円（2026年2月期・連結）,"○ 自社IR主要財務データ。2026年2月期連結売上高65,518百万円。https://www.ichibanya.co.jp/comp/ir/finance/highlight/table.html"
001Nn00000eVZxU,7020001107604,株式会社ソシオネクスト,https://www.socionext.com/jp/about/overview.html,"5: 300億円以上~1,000億円未満",,"2,008.34億円（2026年3月期・連結）","○ 自社IR決算短信。2026年3月期連結売上高200,834百万円。https://www.socionext.com/jp/ir/library/index.html?library=tab-2"
001Nn00000eVZxn,5013301004663,株式会社サンシャインシティ,https://co.sunshinecity.co.jp/about/outline.html,"5: 300億円以上~1,000億円未満",,確認不可,△ 自社HP「財産及び損益の状況」は2025年度営業収益356.51億円のみ。判定基準は売上高で、営業収益は採用不可。官報二次サイトの売上高は未承認のため不採用。https://co.sunshinecity.co.jp/about/financial.html
001Nn00000eVZy4,8060001014498,東京鐵鋼株式会社,http://www.tokyotekko.co.jp/,"5: 300億円以上~1,000億円未満",🔵MC:総務・人事部 03-5276-9700,725.40億円（2026年3月期・連結）,"○ 自社IR決算短信。2026年3月期連結売上高72,540百万円。https://data.swcms.net/file/tokyotekko/ja/news/auto_20260507517526/pdfFile.pdf"
001Nn00000eVZyy,1100001012982,キッセイ薬品工業株式会社,https://www.kissei.co.jp/abouts/gaiyou/,"5: 300億円以上~1,000億円未満",,974.06億円（2026年3月期・連結）,"○ 自社IR財務ハイライト。2026年3月期連結売上高97,406百万円。https://www.kissei.co.jp/investor/highlight/"
001Nn00000eVZz0,2011101016254,日本光電工業株式会社,http://www.nihonkohden.co.jp/,"6: 1,000億円以上",,"2,350億円（2026年3月期・連結）","○ 自社HP会社概要。2026年3月期連結売上高2,350億円。https://www.nihonkohden.co.jp/ja/information/company/company.html"
001Nn00000eVZz3,8080401003784,日本エスエルシー株式会社,http://www.jslc.co.jp/,"5: 300億円以上~1,000億円未満",／,確認不可,△ 確認不可。自社HP・公的/開示情報を確認したが直近3期の承認ソースで売上高を確認できず。2017年の旧開示は14.48億円だが鮮度条件外。http://www.jslc.co.jp/
001Nn00000eVZzZ,2190001014805,株式会社交洋,http://www.kohyoj.co.jp/,"5: 300億円以上~1,000億円未満",,772億円（2025年6月期）,○ 三重県公式企業情報。2025年6月売上高772億円。https://www.oshigoto.pref.mie.lg.jp/kigyonavi/1688
001Nn00000eVZzo,2020001057820,株式会社エスビーティー,https://www.sbtjapan.co.jp/company/info.html,"5: 300億円以上~1,000億円未満",／,"1,471.14億円（2025年9月期・単体）","○ gBizINFO決算公告。2025年9月期単体売上高147,114百万円。https://info.gbiz.go.jp/hojin/financialstatement?kessanJohoId=d15861b9-26ad-437e-9048-caec1efea755"
001Nn00000eVZzr,7260001014586,藤徳物産株式会社,https://www.fuzitoku.com/corp/about.html,"5: 300億円以上~1,000億円未満",オカモトアツキ,520億円（2025年3月期）,○ 自社採用HP会社概要。2025年3月期売上高520億円。https://www.fuzitoku.com/saiyo/about/
001Nn00000eVa01,8140001062159,株式会社やよい,https://www.kk-yayoi.co.jp/company/overview.html,"5: 300億円以上~1,000億円未満",,340億円（2025年6月期）,○ 自社HP会社概要。令和7年6月売上高340億円。https://www.kk-yayoi.co.jp/company/overview.html
001Nn00000eVa6F,4180001034174,株式会社井高,http://www.idaka.co.jp/index.html,"5: 300億円以上~1,000億円未満",,確認不可,△ 確認不可。自社HP・公的情報を確認したが直近売上高の承認ソースなし。457.2億円は求人/就活媒体のみでルール上不採用。http://www.idaka.co.jp/index.html
001Nn00000eVa6R,4020001062892,株式会社トランストロン,https://www.transtron.com/company/outline.html,"5: 300億円以上~1,000億円未満",,確認不可,△ 子会社。自社HPは2025年度547億円を連結ベースと明記。子会社は単体売上高のみ可のため、単体値を承認ソースで確認できず。https://www.transtron.com/company/outline.html
001Nn00000eVa6a,8013301013364,サミー株式会社,https://www.sammy.co.jp,"6: 1,000億円以上",,903.80億円（2025年3月期・単体）,"○ 親会社セガサミーHD有価証券報告書「主要な損益情報等」。サミー単体売上高90,380百万円。https://info.gbiz.go.jp/hojin/edinetDownload?docId=S100W28S"
001Nn00000eVa85,9010401017501,第一リアルター株式会社,http://www.d1rc.com/,"5: 300億円以上~1,000億円未満",,確認不可,△ 確認不可。自社HPの売上高ページ・EDINET等を確認したが直近3期の自社売上高を確定できず。他社有報には取引額のみで自社売上高ではない。https://www.d1rc.com/
001Nn00000eVa8N,3011001030833,アリアケジャパン株式会社,https://www.ariakejapan.com/ja/company/outline.html,"5: 300億円以上~1,000億円未満",【属性】🧸/👤経理：つながる・経理部/部長/取締役/松本 幸一,669.57億円（2026年3月期・連結）,"○ 自社IR財務ハイライト。2026年3月期連結売上高66,957百万円。https://www.ariakejapan.com/ja/ir/finance/highlight.html"
001Nn00000eVa8R,3100001002453,株式会社Ｕホールディングス,https://www.nagano-toyota.jp/?_ga=2.36874784.1827443458.1541661879-1570709199.1541661879,"5: 300億円以上~1,000億円未満",,963.9269億円（2026年3月期・グループ）,"○ HD対象。ユーグループ公式会社概要で2026年3月末グループ売上高963億9,269万円。https://www.toyota-ugroup.com/company/overview/"
001Nn00000eVaA2,1130001011420,任天堂株式会社,https://www.nintendo.co.jp/corporate/offices/map_kyoto.html,"6: 1,000億円以上",,"23,130.51億円（2026年3月期・連結）","○ 自社IR決算短信。2026年3月期連結売上高2,313,051百万円。https://www.nintendo.co.jp/ir/pdf/2026/260508.pdf"
001Nn00000eVaA3,2010001046023,株式会社松竹マルチプレックスシアターズ,https://www.smt-cinema.com/company/index.html,"5: 300億円以上~1,000億円未満",260317 条件外のためリリース,320.92億円（2026年2月期・単体）,"○ 親会社松竹の有価証券報告書「主要な損益情報等」。松竹マルチプレックスシアターズ単体売上高32,092百万円。https://www.shochiku.co.jp/company/ir/library/yuho/"
001Nn00000eVaAC,1140001068336,株式会社関電システムズ,https://kanden-sys.jp/about/about.html,"5: 300億円以上~1,000億円未満",／,528.53億円（2025年度・単体）,"○ 自社HP会社概要。2025年度売上高52,853百万円。https://kanden-sys.jp/about/about.html"
001Nn00000eVaAP,8010001121670,大林新星和不動産株式会社,https://osre.co.jp/,"5: 300億円以上~1,000億円未満",,692億円（2025年度・単体）,○ 自社HP会社概要。2025年度売上高692億円。https://www.osre.co.jp/company/outline/
001Nn00000eVaAg,5160001010473,旭化成住工株式会社,https://www.asahi-kasei.co.jp/jyukou/company/outline.htm/,"5: 300億円以上~1,000億円未満",,370億円（2025年度・単体）,○ 自社HP会社概要。2025年度売上高370億円。https://www.asahi-kasei.co.jp/jyukou/company/outline.htm/
001Nn00000eVaBD,3120901017607,株式会社アミューズ,http://www.amuse-p.com/company/info.php,"5: 300億円以上~1,000億円未満",,確認不可,"△ 自社IR・有価証券報告書・gBizINFOを確認。直近は「営業収入」44,249百万円表記で、判定基準の売上高ではないため不採用。https://info.gbiz.go.jp/hojin/ichiran?hojinBango=5011001029386"
001Nn00000eVaBd,2020001007809,株式会社日本アメニティライフ協会,http://www.jala.co.jp/,"5: 300億円以上~1,000億円未満",,309.2342億円（2025年3月期・連結）,"○ 自社HP会社概要。連結売上高309億2,342万円（2024/4/1〜2025/3/31）。https://jala.co.jp/aboutus/"
001Nn00000eVaBf,1010401023721,ハーゲンダッツジャパン株式会社,http://www.haagen-dazs.co.jp/,"5: 300億円以上~1,000億円未満",／,確認不可,△ 子会社。自社HP・gBizINFO決算公告・関連公的情報を確認したが、直近3期のハーゲンダッツジャパン単体売上高を確認できず。https://info.gbiz.go.jp/
001Nn00000eVaBj,3190001015397,太陽化学株式会社,https://www.taiyokagaku.com/corporate/outline_history/,"5: 300億円以上~1,000億円未満",🔵MC:コーポレート本部／人事・総務グループ 059-340-0801（旧直通:本社059-340-0800）,524.84億円（2026年3月期・連結）,○ 自社HP会社概要。2026年3月期連結売上高524億84百万円。https://www.taiyokagaku.com/corporate/outline_history/
001Nn00000eVaBo,1140001005982,株式会社アプレ,,"6: 1,000億円以上",／,確認不可,△ 同名企業を法人番号1140001005982で照合。神戸市の法人で、gBizINFO/法人公表情報・承認ソースを確認したが直近3期売上高なし。台東区apre-g.com（法人番号8030001037849）は別法人。
001Nn00000eVaC3,9240001011682,株式会社ミカサ,https://mikasasports.co.jp/company/profile/,"5: 300億円以上~1,000億円未満",,確認不可,△ 自社公式では83.8億円（2019年11月期）まで確認できるが鮮度条件外。gBizINFOも決算売上高なし。直近の求人媒体数値は承認ソース外。https://info.gbiz.go.jp/hojin/ichiran?hojinBango=9240001011682
001Nn00000eVaCG,3160001012942,ダイキンレクザムエレクトロニクス株式会社,https://www.dkr.daikin.co.jp/office,"5: 300億円以上~1,000億円未満",,389億円（2025年度・単体）,○ 自社HP会社概要。2025年度売上高389億円。https://www.dkr.daikin.co.jp/company
001Nn00000eVaCK,5010001034859,中央魚類株式会社,https://www.chuogyorui.com/,"5: 300億円以上~1,000億円未満",,"1,585.98億円（2026年3月期・連結）","○ JPX決算短信。2026年3月期連結売上高158,598百万円。https://www2.jpx.co.jp/disc/80300/140120260509521073.pdf"
001Nn00000eVaCL,5180001033150,森定興商株式会社,http://www.morisada.jp/,"5: 300億円以上~1,000億円未満",,確認不可,△ 自社HP・gBizINFO・公的情報を確認したが承認ソース上の直近売上高なし。2025年度403億円はYahoo!しごとカタログのみのため不採用。https://info.gbiz.go.jp/hojin/ichiran?hojinBango=5180001033150
001Nn00000eVaCa,5180001022946,株式会社名給,http://www.meikyu.co.jp/,"5: 300億円以上~1,000億円未満",【属性】R/ 👤人事：総務部　青木さまがご対応　気前のいい方　多分役職者 いまいまは現場から課題上がっていないとのことで一旦お断り　ちゃんと掘れば取れる層,確認不可,"△ 自社HP・gBizINFO・公的情報を確認したが承認ソース上の直近売上高なし。34,540百万円はdoda掲載値のため不採用。https://info.gbiz.go.jp/hojin/ichiran?hojinBango=5180001022946"
001Nn00000eVaCf,3010401063385,シャディ株式会社,http://shaddy.jp/ir,"5: 300億円以上~1,000億円未満",／,343億円（2025年12月期）,○ 自社HP会社概要。2025年12月期売上高343億円。https://origin.shaddy.jp/ir/company/
001Nn00000eVaCh,3011101042662,株式会社ＪＲ東日本クロスステーション,https://www.jr-cross.co.jp/,"6: 1,000億円以上",,確認不可,"△ 子会社。自社HPは2025年度「営業収益」2,830億円・店舗売上高4,098億円表記。判定基準の売上高ではないため不採用。https://www.jr-cross.co.jp/corp/"
001Nn00000eVaD6,6500001007070,株式会社よんやく,https://www.yonyaku.com/company/outline,"5: 300億円以上~1,000億円未満",🔵MC:管理本部／総務人事部 089-990-4141（旧直通:089-990-4152） ｜ 【🐰】 👤人事：管理本部 総務人事部　部長　氏名確認できず 👤人事：人事課　採用担当　氏名確認できず,853.41億円（2026年3月期・単体）,"○ 自社HP会社概要。2026年3月期よんやく売上高85,341百万円。https://www.yonyaku.com/company/outline/"
001Nn00000eVaHD,5180001031328,積水ハウスシャーメゾンＰＭ中部株式会社,https://www.sekisuihouse-f-chubu.co.jp/company/outline.html,"6: 1,000億円以上",,確認不可,"△ 子会社。自社IRは2026年1月期の単体136,508百万円を「営業収益」として開示。売上高ではないため不採用。https://www.sekisuihouse-f-chubu.co.jp/company/ir.html"
001Nn00000eVaHK,4010001116880,東芝ライフスタイル株式会社,https://www.toshiba-lifestyle.co.jp/,"6: 1,000億円以上",,確認不可,"△ 子会社。自社HP・gBizINFO・決算公告導線を確認したが承認ソースで単体売上高を確認できず。二次サイトの1,924.87億円は不採用。https://info.gbiz.go.jp/hojin/ichiran?hojinBango=4010001116880"
001Nn00000eVaHQ,4070001006952,サンヴァーテックス株式会社,https://www.sunvertex.co.jp/company/,"5: 300億円以上~1,000億円未満",,確認不可,△ 子会社。自社HP・親会社太陽誘電開示・gBizINFO・決算公告を確認したが、直近3期の単体売上高を承認ソースで確認できず。https://www.sunvertex.co.jp/company/
001Nn00000eVaHW,4110001023241,株式会社ヤヨイサンフーズ,https://www.yayoi-sunfoods.co.jp/company/profile.html,"5: 300億円以上~1,000億円未満",,391億円（2025年度・単体）,○ 自社HP会社概要。年商391億円（2025年度）。https://www.yayoi-sunfoods.co.jp/company/profile.html
001Nn00000eVaHX,3040001072503,キッコーマン食品株式会社,https://www.kikkoman.com/jp/corporate/about/group/kfp.html,"5: 300億円以上~1,000億円未満",,"1,035.55億円（2024年3月期・単体）","○ 親会社キッコーマン有価証券報告書「関係会社の状況」。キッコーマン食品の売上収益103,555百万円。IFRS売上収益として採用。https://www.kikkoman.com/jp/ir/lib/yuho/"
001Nn00000eVaHY,2220001008745,株式会社クスリのアオキ,https://www.kusuri-aoki.co.jp/history/,"6: 1,000億円以上",,"5,101.79億円超（2026年5月期・単体）","○ 親会社有報でクスリのアオキ売上高は連結売上高566,865百万円の90%超と明記。よって単体相当の外部売上は5,101.79億円超で300億超確定。https://kusuri-aoki-hd.co.jp/ir/"
001Nn00000eVaHa,8040001028302,株式会社くすりの福太郎,https://www.kusurinofukutaro.co.jp/company/info/,"5: 300億円以上~1,000億円未満",,615億円（2025年2月期・単体）,○ 自社HP会社概要。業績615億円（2025年2月期、9.5か月変則決算）。https://www.kusurinofukutaro.co.jp/company/info/
001Nn00000eVaHi,6290001007068,株式会社キシヤ,http://www.kishiya.co.jp/,"5: 300億円以上~1,000億円未満",🔵MC:管理部／人事課 092-303-3870 ｜ ヤナギダタツヤ0809,確認不可,△ 自社HP・公的情報・決算公告を確認したが、承認ソースで直近売上高を確認できず。754.66億円はYahoo!しごとカタログ/catr.jpのみのため不採用。https://www.kishiya.co.jp/
001Nn00000eVaHo,4120001039435,ニッタ株式会社,https://www.nittagroup.com/jp/company/overview/,"5: 300億円以上~1,000億円未満",,918.34億円（2026年3月期・連結）,"○ 自社IR決算短信。2026年3月期連結売上高91,834百万円。https://pdf.irpocket.com/C5186/Kdx3/cZp7/JZXA.pdf"
001Nn00000eVaHp,2180301015669,エヌティーテクノ株式会社,http://www.nt-techno.co.jp/,"5: 300億円以上~1,000億円未満",,確認不可,△ 自社HP・公開開示情報・公的情報を確認したが承認ソースで直近売上高を確認できず。業界団体資料の373億円は承認ソース要件外のため不採用。https://www.nt-techno.co.jp/company/profile/
001Nn00000eVaHq,6160001006140,株式会社ディーアクト,https://www.d-act.co.jp/company/overview/,"5: 300億円以上~1,000億円未満",カワハラアユウ2026/06/02,510.29億円（2026年3月期・単体）,"○ 自社HP会社概要。2026年3月期売上高51,029百万円。https://www.d-act.co.jp/company/overview/"
001Nn00000eVaHw,6140001058935,山陽特殊製鋼株式会社,https://www.sanyo-steel.co.jp/,"6: 1,000億円以上",🔵MC:人材企画部 079-235-6000 ｜ 受付ブロック強め　基本電話取次してない,"3,418億円（2025年度・連結）","○ 自社HP会社概要。2025年度実績・連結年間売上高3,418億円。https://www.sanyo-steel.co.jp/company/about.php"
001Nn00000eVaHx,4010001120354,旭化成建材株式会社,https://www.asahikasei-kenzai.com/company/,"5: 300億円以上~1,000億円未満",オカモトアツキ　0530,663.41億円（2025年3月期・単体）,"○ 親会社旭化成公式の第49期決算公告。旭化成建材単体売上高66,341百万円。https://www.asahi-kasei.com/jp/ir/affiliates/pdf/2025/con_25kenzai.pdf"
001Nn00000eVaI5,7430001021532,株式会社北海電工,https://www.hokkaidenko.co.jp/company/profile/,"5: 300億円以上~1,000億円未満",★09/07(月)、🔵🌑✳🐧 👤情シス/DX,724.45億円（2026年3月期・連結）,"○ 自社IR決算資料。2026年3月期連結売上高72,445百万円。https://www.hokkaidenko.co.jp/uploads/2026/04/"
001Nn00000eVaIA,7050001023567,ロジスティード東日本株式会社,https://www.hitachi-transportsystem.com/jp/eastjapan/,"5: 300億円以上~1,000億円未満",,"1,957.63億円（2026年3月期・単体）","○ 自社HP決算公告。第71期（2026年3月期）売上高195,763百万円。https://www.logisteed.com/eastjapan/corpo/publicnotice/pdf/r08_3.pdf"
001Nn00000eVaIB,7010601012155,京成電鉄株式会社,https://www.keisei.co.jp/,"6: 1,000億円以上",,"3,324億円（2026年3月期・連結）","○ 自社HP「よくわかる京成グループ」。2026年3月期グループ売上高3,324億円。親会社対象のため連結採用。https://www.keisei.co.jp/keisei/corporate/feature/"
001Nn00000eVaIC,5180001075515,愛知陸運株式会社,https://www.airiku.co.jp/about/,"5: 300億円以上~1,000億円未満",オカモトアツキ,457億円（2025年度・単体）,○ 自社HP会社概要。年間売上457億円（2025年度）。https://www.airiku.co.jp/about/
001Nn00000eVaID,5010601039191,株式会社新開トランスポートシステムズ,https://www.stsnet.jp/corporate/overview.html,"5: 300億円以上~1,000億円未満",,444億円（2026年3月期・単体）,○ 自社HP会社概要。2026年3月期売上高444億円。https://www.stsnet.jp/corporate/overview.html
001Nn00000eVaIF,2120001030809,サントリーロジスティクス株式会社,http://www.suntorylogistics.co.jp/,"5: 300億円以上~1,000億円未満",◆08/10(月)、定時00:00、,"1,270億円（2025年度・単体）","○ 自社HP会社概要。2025年度売上高1,270億円。https://www.suntorylogistics.co.jp/company/outline/"
001Nn00000eVaIH,7010801014496,日本空港ビルデング株式会社,http://www.tokyo-airport-bldg.co.jp/,"6: 1,000億円以上",,"2,898.23億円（2026年3月期・連結）","○ 自社IR決算資料。2026年3月期連結売上高289,823百万円。https://www.tokyo-airport-bldg.co.jp/files/ir/000017262.pdf"
001Nn00000eVaIT,6010801007501,株式会社ディスコ,https://www.disco.co.jp/jp/corporate/outline/index.html,"6: 1,000億円以上",,"4,368.89億円（2026年3月期・連結）","○ 自社IR決算資料。2026年3月期連結売上高436,889百万円。https://www.disco.co.jp/jp/ir/library/doc/fr/fr20260422.pdf"
001Nn00000eVaIV,1100001020696,ＫＯＡ株式会社,https://www.koaglobal.com/,"5: 300億円以上~1,000億円未満",,722.87億円（2025年度・連結）,"○ 自社HP会社概要。2025年度連結売上高72,287百万円。親会社対象のため連結採用。https://www.koaglobal.com/corporate/profile"
001Nn00000eVaIY,3130001010115,株式会社堀場エステック,http://www.horiba-stec.jp,"5: 300億円以上~1,000億円未満",,875.14億円（2025年12月期・単体）,"○ HORIBAグループ公式採用HP。堀場エステック2025年12月期売上高875億1,400万円。https://recruit.horiba.com/recruit/fresher.html"
001Nn00000eVaIb,1200001020323,レシップ株式会社,https://www.lecip.co.jp/lecip/company/company_01.html,"5: 300億円以上~1,000億円未満",🌳★07/27(月)、定時17:25、🔵🌑✳✡🌅💎🔥 ・経理責任者/チカノ様,【300億未満】238.74億円（2025年3月期・単体）,"× 子会社。親会社の有価証券報告書「主要な損益情報等」でレシップ単体売上高23,873,535千円。300億未満のため対象外。https://www.lecip.co.jp/hd/ir/library/"
001Nn00000eVaIj,1011101070467,イーピーエス株式会社,https://www.eps.co.jp/ja/,"5: 300億円以上~1,000億円未満",／,確認不可,△ 子会社。自社HP/採用サイト、親会社EPSホールディングス旧有報、公的情報を確認したが直近3期のイーピーエス単体売上高を承認ソースで確認できず。https://www.eps.co.jp/ja/company_profile.php
001Nn00000eVaIk,5240001006942,中外テクノス株式会社,http://www.chugai-tec.co.jp/,"5: 300億円以上~1,000億円未満",,確認不可,△ 確認不可。自社HP・公的情報・決算公告を確認したが承認ソースで直近売上高なし。2025年8月期182.5057億円はマイナビ掲載値のため不採用。https://www.chugai-tec.co.jp/
001Nn00000eVaIs,3130001003894,株式会社マルハン,http://www.maruhan.co.jp/,"6: 1,000億円以上",,"15,170億円（2026年3月期）","○ 自社HP会社概要。2026年3月期売上高1兆5,170億円。法人番号照合済み。https://www.maruhan.co.jp/corporate/"
001Nn00000eVaIu,3010001057408,丸善石油化学株式会社,https://www.chemiway.co.jp/company/headoffice.html,"6: 1,000億円以上",,"3,180.89億円（2024年度・単体）","○ 自社採用HP「データで見る丸善石油化学」。売上高3,180億8,900万円、注記※2=2024年度実績。https://chemiway.sakura.ne.jp/about/data/"
001Nn00000eVaJE,3290001012434,積水ハウスシャーメゾンＰＭ九州株式会社,https://www.sekisuihouse-f-kyushu.co.jp/company/profile/,"5: 300億円以上~1,000億円未満",,確認不可,△ 子会社。自社HP第46期決算公告を確認したが科目は営業収益394.37億円で、判定基準の売上高ではないため不採用。https://www.sekisuihouse-f-kyushu.co.jp/company/accounts/pdf/kessan_r8.pdf
001Nn00000eVaJQ,2290801009242,株式会社菅原,https://www.kk-sugahara.co.jp/,"5: 300億円以上~1,000億円未満",／,980億円（2025年度・単体）,○ 自社HP会社概要。売上高980億円（2025年度）。https://www.kk-sugahara.co.jp/gaiyou/gaiyou.html
001Nn00000eVaJX,3070001008818,株式会社セキチュー,http://www.sekichu.co.jp,"5: 300億円以上~1,000億円未満",,310.19億円（2026年2月期・単体）,"○ JPX決算短信。2026年2月期の売上高31,018,934千円（不動産賃貸の営業収入を除外）。https://www2.jpx.co.jp/disc/99760/140120260325588801.pdf"
001Nn00000eVaJZ,4120001083078,株式会社ダイコク,http://daikokudrug.com,"5: 300億円以上~1,000億円未満",,942.12億円（2025年8月期・グループ）,"○ 自社HP会社概要。グループ売上高94,212百万円（2025年8月期）。ダイコクはグループ親会社のため採用。https://daikokudrug.com/company/"
001Nn00000eVaJc,3250001003858,長州産業株式会社,https://www.choshu.co.jp,"5: 300億円以上~1,000億円未満",オカモトアツキ,確認不可,△ 確認不可。自社HP・公的情報・決算公告を確認したが承認ソースで直近売上高なし。求人媒体の653億円（2026年3月期）は禁止ソースのため不採用。https://www.choshu.co.jp/
001Nn00000eVaJf,3120001077469,株式会社竹中工務店,https://www.takenaka.co.jp/corp/outline/,"6: 1,000億円以上",,"16,147億円（2025年度・連結）","○ 自社HP決算概要。2025年度連結売上高1兆6,147億円余。https://www.takenaka.co.jp/news/2026/02/04/"
001Nn00000eVaJg,1010501002402,ＪＦＥシビル株式会社,https://www.jfe-civil.com/,"5: 300億円以上~1,000億円未満",キクチリョウスケ0714,確認不可,"△ 子会社。自社HP財務情報・第55期単体決算公告まで確認。公開HTMLの1,128.87億円はJFEシビルグループ合算値であり、子会社単体条件に使えないため単体売上高を確定できず。https://www.jfe-civil.com/company/finance.html"
001Nn00000eVaOK,5010001032615,ジェイフィルム株式会社,https://www.jfilm.co.jp/aboutus/index.html,"5: 300億円以上~1,000億円未満",,318億円（2026年3月期・単体）,○ 自社HP会社情報。売上高318億円（令和8年3月期）。https://www.jfilm.co.jp/company/
001Nn00000eVaRX,2220001008159,アパマンション株式会社,,"5: 300億円以上~1,000億円未満",,確認不可,△ 法人番号2220001008159で石川県金沢市のアパマンションを照合。gBizINFO・自社系サイト・公的情報を確認したが直近3期の承認ソースで売上高を確認できず。https://info.gbiz.go.jp/hojin/ichiran?hojinBango=2220001008159
001Nn00000eVaTi,1200001001546,株式会社喜久家,http://www.p-kikuya.co.jp/,"5: 300億円以上~1,000億円未満",【属性】R/ 👤人事：人事部　主任　仲井 裕貴 親会社：独立系　🔵MC:名古屋本部／人事・総務・経理部 052-587-2680（旧直通:058-262-1146）,728億円（2025年度・単体）,○ 自社HP会社概要。売上高728億円（2025年度実績）。https://www.p-kikuya.co.jp/top/company-information/profile-ranking/
001Nn00000eVaU3,2010401047109,株式会社ホギメディカル,https://www.hogy.co.jp/company/profile.html,"5: 300億円以上~1,000億円未満",／,385.31億円（2025年3月期・単体）,"○ 自社有価証券報告書。2025年3月期提出会社売上高38,531百万円。https://www.hogy.co.jp/news/2025yh.pdf"
001Nn00000eVaU4,9010401018375,あすか製薬株式会社,https://www.aska-pharma.co.jp/company/outline.html,"5: 300億円以上~1,000億円未満",△,590.51億円（2026年3月期・単体）,"○ 親会社有価証券報告書「主要な損益情報等」。あすか製薬単体売上高59,051百万円。https://www.aska-pharma-hd.co.jp/invest/library/securities_note.html"
001Nn00000eVaU8,5260001002857,株式会社ザグザグ,http://www.zagzag.co.jp/,"5: 300億円以上~1,000億円未満",,"1,053億円（2025年8月実績・単体）","○ 自社HP企業情報。年商1,053億円（2025年8月実績）。https://www.zagzag.co.jp/company/"
001Nn00000eVaU9,7430001069398,株式会社アインファーマシーズ,http://www.ainj.co.jp/about/group.html#chiiki,"5: 300億円以上~1,000億円未満",,"3,619.32億円（2025年4月期・単体）","○ 親会社有価証券報告書「主要な損益情報等」。アインファーマシーズ単体売上高361,932百万円。https://www.ainj.co.jp/corporate/ir/library/securities-report/"
001Nn00000eVaUF,2120901025775,マリンフード株式会社,https://www.marinfood.co.jp/com/office/,"5: 300億円以上~1,000億円未満",🌟🚨,437.7824億円（2025年12月期・連結）,"○ 自社HP会社グループ概要。総売上高437億7,824万円（連結・2025年12月）。https://www.marinfood.co.jp/com/summary/"
001Nn00000eVaV9,7010001131745,第一三共エスファ株式会社,https://www.daiichisankyo-ep.co.jp/,"6: 1,000億円以上",,確認不可,△ 子会社。自社HP・親会社第一三共の開示・gBizINFO決算情報を確認したが、直近3期の第一三共エスファ単体売上高を承認ソースで確認できず。https://info.gbiz.go.jp/hojin/ichiran?hojinBango=7010001131745
001Nn00000eVaVC,5140001068588,株式会社ケー・シー・エス,https://www.c-kcs.co.jp/office/nishinomiya/,"5: 300億円以上~1,000億円未満",,確認不可,△ 自社HP・環境レポート・gBizINFOを確認。自社公式で売上高723億円（2020年度）までは確認できるが鮮度条件外。直近3期の承認ソースなし。https://www.c-kcs.co.jp/company.html
001Nn00000eVaVH,9010001034839,株式会社巴コーポレーション,https://www.tomoe-corporation.co.jp/,"5: 300億円以上~1,000億円未満",,349.51億円（2026年3月期・連結）,"○ 自社HP会社概要。2026年3月期売上高34,951百万円。https://www.tomoe-corporation.co.jp/company/"
001Nn00000eVaZi,5010701015324,三菱重工エンジンシステム株式会社,http://www.mhi-eng.com/index.html,"5: 300億円以上~1,000億円未満",オガタユウ_2026/07/14,【300億未満】193.23億円（2024年度・単体）,"× 子会社。三菱重工グループ公式採用ページで2024年度売上高19,323百万円。単体300億未満のため対象外。https://www.mhi.com/jp/group/mhies/recruit/outline"
001Nn00000eVaaC,4010701013411,ＦＣＬコンポーネント株式会社,https://www.fcl-components.com/about/about.html,"5: 300億円以上~1,000億円未満",【属性】🐻‍❄️/👤情シス/DX：DX推進セクション/エキスパート/Koichi Kondoh,確認不可,△ 子会社。自社HP会社概要・事業情報・公的情報を確認したが、直近3期の単体売上高を承認ソースで確認できず。求人/口コミサイトの数値は不採用。https://www.fcl-components.com/about/about.html
001Nn00000eVaaM,5010001039024,荏原実業株式会社,https://www.ejk.co.jp/,"5: 300億円以上~1,000億円未満",🔵MC:管理本部／人事部 03-5565-2883（旧直通:管理本部/ITシステム推進室：03-5565-2888） ｜ ★08/17(月)、定時00:00、⭐🌟🚨💎🔥👤情シス/DX👤管理/総務✖TOKIUM✖BillOne✖sansan：フラグNG,412.11億円（2025年12月期・連結）,"○ 自社株主総会招集通知。2025年12月期連結売上高41,211百万円。https://www.ejk.co.jp/wp-content/uploads/2026/02/260227_2026%E5%B9%B4%E5%AE%9A%E6%99%82%E6%A0%AA%E4%B8%BB%E7%B7%8F%E4%BC%9A%E6%8B%9B%E9%9B%86%E9%80%9A%E7%9F%A5.pdf"
001Nn00000eVaaN,3011001049510,フリュー株式会社,https://www.furyu.jp/company/profile.html,"5: 300億円以上~1,000億円未満",★08/03(月)、定時00:00、⭐🌟🚨🔵🌑💎🔥,447億円（2026年3月期・連結）,○ 自社IRトップメッセージ。2026年3月期連結売上高447億円。https://www.furyu.jp/ir/message.html
001Nn00000eVaaO,2010701018429,巴工業株式会社,https://www.tomo-e.co.jp/company/profile.html,"5: 300億円以上~1,000億円未満",シモムラソウノスケ　7/16,593.65億円（2025年10月期・連結）,"○ 自社HP会社概要。2025年10月期連結売上高59,365百万円。https://www.tomo-e.co.jp/company/profile.html"
001Nn00000eVaaU,2010701012943,住友建機販売株式会社,https://www.sumitomokenkihanbai.co.jp/company/overview.html,"5: 300億円以上~1,000億円未満",,883億円（2024年度・単体）,○ 自社採用HP「数字で見る」。2024年度売上高883億円（2025年度は未確定）。https://www.sumitomokenkihanbai.co.jp/recruit/numbers.html
001Nn00000eVaci,5010601030910,株式会社伊藤製鐵所,https://www.onicon.co.jp/company/overview/,"5: 300億円以上~1,000億円未満",,【300億未満】294.19億円（2026年3月期・単体）,"× 自社HP業績情報。2026年3月期売上高29,419百万円。300億未満のため対象外。https://www.onicon.co.jp/company/results/"
001Nn00000eVaft,2010701026159,東洋エアゾール工業株式会社,https://www.toyoa.co.jp/profile/office/,"5: 300億円以上~1,000億円未満",🧱,【300億未満】270億円（2026年3月期・単体）,× 子会社。自社HP会社概要で2026年3月期売上高270億円。単体300億未満のため対象外。https://www.toyoa.co.jp/profile/info/
001Nn00000eVag0,4090001009986,富士急行株式会社,https://www.fujikyu.co.jp/,"5: 300億円以上~1,000億円未満",,確認不可,"△ 自社IR決算短信では2026年3月期53,517百万円を「営業収益」と開示。売上高ではないため判定値として不採用。https://www.fujikyu.co.jp/soumu/investors/pdf/2026-03kessantanshin.pdf"
001Nn00000eVai9,6120901000808,ゴウダ株式会社,,"5: 300億円以上~1,000億円未満",,325億円（2025年実績・単体）,○ 自社採用HP「数字で見るゴウダ」。2025年実績売上高約325億円。https://www.goda-j.co.jp/corporate/recruit/saiyo/about-data.html
001Nn00000eValz,2010401059681,三菱電機インフォメーションネットワーク株式会社,http://www.mind.co.jp/,"5: 300億円以上~1,000億円未満",,確認不可,"△ 法人番号2010401059681は2025年の統合後「三菱電機デジタルイノベーション」に商号変更。親会社公式の1,468億円は事業部門値で旧MIND単体値ではないため不採用。https://info.gbiz.go.jp/hojin/ichiran?hojinBango=2010401059681"
001Nn00000eVaoL,7011101079619,ニフティ株式会社,https://www.nifty.co.jp/,"5: 300億円以上~1,000億円未満",🔵MC:経営管理統括部／人事総務グループ 03-6807-4522 / Shiori Kudo 人事総務グループ（旧直通:03-5860-7600） ｜ オカモトアツキ　0530,確認不可,△ 子会社。自社HP・gBizINFO・親会社ノジマ開示を確認したが、直近3期のニフティ単体売上高を承認ソースで確認できず。https://info.gbiz.go.jp/hojin/ichiran?hojinBango=7011101079619
001Nn00000eVawQ,8011801003488,株式会社タカラトミー,https://www.takaratomy.co.jp/,"5: 300億円以上~1,000億円未満",,"2,704.55億円（2026年3月期・連結）","○ 2026年3月期決算短信。連結売上高270,455百万円。自社IRで決算発表日確認済み。https://www.takaratomy.co.jp/ir/etc/calendar.html"
001Nn00000eVawW,7120001082721,千寿製薬株式会社,http://www.senju.co.jp/,"5: 300億円以上~1,000億円未満",,457億円（2026年3月期・単体）,○ 自社HP会社概要。売上高457億円（2026年3月期）。https://www.senju.co.jp/about/outline.html
001Nn00000eVawb,8470001010919,テーブルマーク株式会社,http://www.tablemark.co.jp/index.html,"6: 1,000億円以上",🔵MC:人事総務部 03-3546-6805 / 杉山剛 執行役員人事総務担当（旧直通:番号移行　770-026-800）,確認不可,"△ 子会社。自社HP・親会社JT統合報告書・決算開示を確認したが、承認ソース上でテーブルマーク単体売上高を確認できず。catr.jpの1,167.52億円は承認可否未確定のため不採用。https://www.jt.com/investors/results/integrated_report/report/2025/business/domain-processedfood/index.html"
001Nn00000eVawc,9011101003378,エプソン販売株式会社,https://www.epson.jp/corporate/about/profile.htm,"6: 1,000億円以上",イワマシリュウ_2026/08/10,"1,680億円（2026年3月期・単体）","○ 自社HP会社概要。2025年度（2026年3月期）売上高1,680億円（IFRS）。https://www.epson.jp/corporate/about/profile"
001Nn00000eVawd,6010901021914,いすゞ自動車首都圏株式会社,https://www.isuzu-syutoken.co.jp/office/office010/,"6: 1,000億円以上",,"2,064億円（2026年3月期・単体）","○ 自社HP会社案内。売上高2,064億円（2026年3月末）。https://www.isuzu-syutoken.co.jp/company/"
001Nn00000eVawe,1120001041352,因幡電機産業株式会社,https://www.inaba.co.jp/corporate/branch_office/,"6: 1,000億円以上",,"4,000億円超（2026年3月期・連結）","○ 自社社長メッセージで2026年3月期売上高4,000億円突破を明記。300億超が確定。https://www.inaba.co.jp/corporate/message/"
001Nn00000eVawf,5012801004462,フランスベッド株式会社,https://www.francebed.co.jp,"5: 300億円以上~1,000億円未満",,539.53億円（2025年3月期・単体）,"○ 自社HP第102期決算公告。2025年3月期単体売上高53,953百万円。https://francebed.co.jp/sheet/102plbs.pdf"
001Nn00000eVawh,6370001005600,株式会社デンコードー,https://www.ksdenki.co.jp/denkodo/,"6: 1,000億円以上",イワマシリュウ_2026/08/10,"1,637.44億円（2025年3月期・単体）","○ 自社HP第61期決算公告。2025年3月期単体売上高163,744百万円。https://www.ksdenki.co.jp/denkodo/assets/docs/2025_61_03_account.pdf"
001Nn00000eVb1X,3010601021671,株式会社ユーニック,http://www.u-nic.co.jp,"5: 300億円以上~1,000億円未満",／,確認不可,△ 自社HP会社概要・グループ情報・公的情報を確認したが、直近3期の承認ソースで売上高を確認できず。https://u-nic.co.jp/about-us/
001Nn00000eVb1d,4310001005806,株式会社エレナ,https://www.ellena.co.jp/corporate/profile/,"5: 300億円以上~1,000億円未満",／🌟🚨,確認不可,△ 自社HP会社概要には売上高記載なし。604億円（2025年）はマイナビ掲載のみで禁止ソースのため不採用。公的情報・決算公告も確認したが承認ソースで確定できず。https://www.ellena.co.jp/corporate/profile/
001Nn00000eVb5V,9010001003835,ジュピターコーヒー株式会社,http://www.jupiter-coffee.com,"5: 300億円以上~1,000億円未満",,確認不可,△ 自社HP会社情報・gBizINFO・公的情報を確認したが、直近3期の承認ソースで売上高を確認できず。https://www.jupiter-coffee.com/company.html
001Nn00000eVb5c,5011001056835,Ｈ＆Ｍ　Ｈｅｎｎｅｓ　＆　Ｍａｕｒｉｔｚ　Ｊａｐａｎ　ＫＫ　エイチ・アンド・エムヘネス・アンド・マウリッツ・ジャパン株式会社,http://www2.hm.com/ja_jp/index.html,"5: 300億円以上~1,000億円未満",,確認不可,△ 日本法人。H&M Group年次報告・gBizINFO・日本法人情報を確認したが、H&M Japan単体売上高は非開示。グループ世界売上は子会社判定に使えない。https://info.gbiz.go.jp/hojin/ichiran?hojinBango=5011001056835
001Nn00000eVb5g,6010601023987,株式会社アサヒファシリティズ,https://asahifm.com/company/office/tokyo.html,"5: 300億円以上~1,000億円未満",X,確認不可,△ 子会社。自社HP・Corporate Reportを確認したが、直近3期の売上高を承認ソースで確認できず。自社公式で確認できる旧年度値は鮮度条件外。https://asahifm.com/company/
001Nn00000eVb5h,7240001026187,中国木材株式会社,http://www.chugokumokuzai.co.jp/,"5: 300億円以上~1,000億円未満",／,"1,225億円（2025年6月期・単体）","○ 自社HP会社概要。売上1,225億円（2025年6月期）。https://www.chugokumokuzai.co.jp/company/"
001Nn00000eVb6p,1180001008726,辰巳屋興業株式会社,https://www.tmy-net.co.jp/company/profile/,"5: 300億円以上~1,000億円未満",,710億円（2025年度・単体）,○ 自社HP会社概要の売上高推移。2025年売上高710億円。https://www.tmy-net.co.jp/company/profile/
001Nn00000eVb6q,7140001002248,白鶴酒造株式会社,https://www.hakutsuru.co.jp/corporate/gaiyo.html,"5: 300億円以上~1,000億円未満",,【300億未満】274億円（2026年3月期・単体）,× 自社HP会社概要。年商274億円（2026年3月期）。300億未満のため対象外。https://www.hakutsuru.co.jp/corporate/gaiyo.html
001Nn00000eVb6w,2020001016727,ＪＦＥテクノス株式会社,http://www.jfe-technos.co.jp/company/overview,"5: 300億円以上~1,000億円未満",✖TOKIUM 指定のシステム有。,325億円（2025年度・単体）,○ 自社HP会社概要。売上高325億円（2025年度実績）。https://www.jfe-technos.co.jp/company/overview/
001Nn00000eVb70,8320001001949,株式会社トキハインダストリー,https://www.tokiwa-industry.co.jp/company/about.html,"5: 300億円以上~1,000億円未満",／,確認不可,△ 確認不可。自社HP会社概要・gBizINFO・公的情報・決算情報を確認したが、直近3期の承認ソースで売上高を確認できず。https://info.gbiz.go.jp/hojin/ichiran?hojinBango=8320001001949
001Nn00000eVb76,7120001049002,株式会社住友倉庫,https://www.sumitomo-soko.co.jp/corporate/summary.html,"6: 1,000億円以上",,確認不可,"△ 自社IR決算短信・決算説明資料を確認したが、2026年3月期は「営業収益」1,962.44億円の開示。売上高ではないため判定値として不採用。https://www.sumitomo-soko.co.jp/ir/"
001Nn00000eVb77,2120101005074,トヨタカローラ南海株式会社,https://nankai.corolla-dealer.jp/store/suwanomori,"5: 300億円以上~1,000億円未満",,746.53億円（2025年3月期・単体）,"○ 自社HP会社概要。売上高746億5,300万円（2025年3月期）。https://nankai.corolla-dealer.jp/corporate"
001Nn00000eVb79,6130001022108,株式会社ハートフレンド,https://www.super-fresco.co.jp/company/profile/,"5: 300億円以上~1,000億円未満",X,573億円（2025年・単体）,○ 自社採用HP「数字で見る」。売上高573億円（2025年）。https://recruit.super-fresco.co.jp/works/number/
001Nn00000eVb7D,7190001012102,株式会社柿安本店,https://www.kakiyasuhonten.co.jp/corp/about/,"5: 300億円以上~1,000億円未満",,360.72億円（2026年4月期・連結）,"○ 自社HP企業概要。売上高360億7,200万円（第58期・連結、2026年4月30日現在）。https://www.kakiyasuhonten.co.jp/corp/about/"
001Nn00000eVb7E,5120001158218,パナソニックホールディングス株式会社,https://holdings.panasonic/jp/,"6: 1,000億円以上",,"80,487.22億円（2026年3月期・連結）","○ 自社IR通期決算資料。2026年3月期連結売上高8,048,722百万円。HD対象のため連結採用。https://holdings.panasonic/jp/corporate/investors.html"
001Nn00000eVb7F,6220001017593,株式会社ＰＦＵ,https://www.pfu.ricoh.com/facilities/,"6: 1,000億円以上",,確認不可,"△ 子会社。自社HP会社概要は2025年度「売上収益1,240億円（連結）」のみ。子会社は単体値のみ可のため、PFU単体売上高を承認ソースで確認できず。https://www.pfu.ricoh.com/about/profile/"
001Nn00000eVb7H,8010401057011,日立グローバルライフソリューションズ株式会社,https://corp.hitachi-gls.co.jp/about/outline,"6: 1,000億円以上",,"3,608億円（2026年3月期・単体）","○ 自社HP会社概要。売上高3,608億円（2026年3月期決算）。https://corp.hitachi-gls.co.jp/about"
001Nn00000eVb99,3290001017747,西日本プラント工業株式会社,https://www.npc21.jp/corporate/profile/,"5: 300億円以上~1,000億円未満",オカモトアツキ,751億円（2025年度・単体）,○ 自社HP会社概要。売上高751億円（2025年度）。https://www.npc21.jp/corporate/profile/
001Nn00000eVb9D,4190001014423,株式会社永和商事,http://www.eiwa-shoji.jp/,"5: 300億円以上~1,000億円未満",,確認不可,△ 法人番号4190001014423で照合。自社系サイト・gBizINFO・公的情報・決算情報を確認したが、直近3期の承認ソースで売上高を確認できず。https://info.gbiz.go.jp/hojin/ichiran?hojinBango=4190001014423
001Nn00000eVbCG,1180001028138,佐久間特殊鋼株式会社,https://www.sakuma-ss.co.jp/company/profile/,"5: 300億円以上~1,000億円未満",,652億円（2025年12月期・単体）,○ 自社HP会社概要。年商652億円（2025年12月期）。https://www.sakuma-ss.co.jp/company/profile/
001Nn00000eVbET,6160001007171,株式会社リカーマウンテン,http://www.likaman.co.jp/,"5: 300億円以上~1,000億円未満",,確認不可,△ 子会社。自社HPは売上高792億円を「グループ連結（2026年1月期）」と明記。別法人リカマンHDが存在するため、対象法人単体売上高としては不採用。https://www.likaman.co.jp/outline/company.html
001Nn00000eVbEU,1180001023980,株式会社東京めいらく,https://www.sujahta.co.jp/company/gaiyo.html,"5: 300億円以上~1,000億円未満",,確認不可,△ 自社グループHP・事業所情報・公的情報を確認したが、株式会社東京めいらく単体の直近3期売上高を承認ソースで確定できず。グループ値との混同を避け不採用。https://www.sujahta.co.jp/company/gaiyo/
001Nn00000eVbEV,1021001014754,プライムデリカ株式会社,https://www.primedelica.com/profile.html,"5: 300億円以上~1,000億円未満",／,950.36億円（2026年3月期・単体）,"○ 自社HP会社概要。2026年3月期売上高95,036百万円。https://www.primedelica.com/profile.html"
001Nn00000eVbFm,7120001004931,株式会社奥村組,https://www.okumuragumi.co.jp/corporate/info/,"6: 1,000億円以上",,"3,072.02億円（2026年3月期・連結）","○ 自社IR FACT BOOK。2026年3月期連結売上高307,202百万円。https://www.okumuragumi.co.jp/ir/irinfo/data/20260515_kessan_fact.pdf"
001Nn00000eVbIR,7180001066933,株式会社東郷製作所,http://www.togoh.co.jp/,"5: 300億円以上~1,000億円未満",サトウリョウト26/07/31,427億円（2025年・単体）,○ 自社HP会社概要。売上高427億円（2025年）。https://www.togoh.co.jp/company/
001Nn00000eVbIS,4122001021273,株式会社メイワパックス,https://meiwa.mpx-group.jp/company/outline.html,"5: 300億円以上~1,000億円未満",／,確認不可,△ 自社HP会社概要・公的情報・決算公告を確認したが、承認ソースで直近3期の売上高を確認できず。309.27億円はYahoo!しごとカタログのみのため不採用。https://meiwa.mpx-group.jp/company/outline.html
001Nn00000eVbKT,8390001006215,酒田共同火力発電株式会社,http://www.sakata-power.co.jp/,"5: 300億円以上~1,000億円未満",,確認不可,△ 子会社。自社HP・親会社東北電力開示・公的情報を確認したが、直近売上高の直接値は未承認catr.jpのみのため不採用。https://www.sakata-power.co.jp/company/outline.html
001Nn00000eVbLF,7120001090121,丸紅インテックス株式会社,https://www.marubeni-intex.co.jp/,"5: 300億円以上~1,000億円未満",イワマシリュウ_2026/08/10,558億円（2025年度・単体）,○ 自社HP会社概要。年商558億円（2025年度）。https://www.marubeni-intex.co.jp/company/outline.html
001Nn00000eVbRc,8010001045300,株式会社サンヨー堂,https://www.sunyo-do.co.jp/company/,"5: 300億円以上~1,000億円未満",,確認不可,△ 自社HP・公的情報・決算公告を確認したが、343.49億円（2025年10月期）の直接値はYahoo!しごとカタログ/catr.jpのみ。未承認ソースのため不採用。https://www.sunyo-do.co.jp/company/
001Nn00000eVbRt,2290001023226,東海シープロ株式会社,http://www.tokai-seapro.co.jp/company/,"5: 300億円以上~1,000億円未満",／,確認不可,△ 自社HP会社概要・公的情報・決算公告を確認したが、直近3期の承認ソースで売上高を確認できず。http://www.tokai-seapro.co.jp/company/
001Nn00000eVbS4,4010001034851,大都魚類株式会社,http://www.daitogyorui.co.jp/,"6: 1,000億円以上",,874.95億円（2024年度・単体）,○ 自社HP会社情報。売上高874億95百万円（2024年度）。https://www.daitogyorui.co.jp/company
001Nn00000eVbSC,8010001024015,東亜商事株式会社,https://wine.toashoji.com/cmn/corporate.html,"6: 1,000億円以上",🔵MC:管理本部／総務部／人事課 03-3292-2301,"1,827億円（2025年9月期・単体）","○ 自社HP会社概要。年商1,827億円（第70期・2025年9月）。https://www.toashoji.com/outline/"
001Nn00000eVbSH,2010101001836,株式会社スーパーアルプス,http://superalps.info/,"5: 300億円以上~1,000億円未満",キセカヨ,647億円（2026年3月期・単体）,○ 自社HP企業情報。売上高647億円（2026年3月）。https://superalps.info/company/
001Nn00000eVbWD,6122001015843,株式会社光新星,https://www.hikarishinsei.co.jp,"5: 300億円以上~1,000億円未満",,【300億未満】258.86億円（自社HP掲載値）,"× 自社HP会社概要。年商258億8,600万円。300億未満のため対象外。https://www.hikarishinsei.co.jp/kaisya-gaiyou"
001Nn00000eVbWE,7120001080989,シークス株式会社,http://www.siix.co.jp,"5: 300億円以上~1,000億円未満",,"2,894.92億円（2025年12月期・連結）","○ 自社HP会社情報。2025年12月期連結売上高289,492百万円。https://www.siix.co.jp/corporate/"
001Nn00000eVbWT,3420001009375,弘前航空電子株式会社,http://www.hae.jae.co.jp,"5: 300億円以上~1,000億円未満",,確認不可,△ 子会社。親会社JAE・青森県公式・gBizINFOを確認。青森県公式の現行ページは売上非開示、2018年415億円は鮮度条件外。求人/二次サイト値は不採用。https://aomori-job.jp/company/%E5%BC%98%E5%89%8D%E8%88%AA%E7%A9%BA%E9%9B%BB%E5%AD%90%E3%80%80%E6%A0%AA%E5%BC%8F%E4%BC%9A%E7%A4%BE/
001Nn00000eVbWU,6480001005283,四国化工機株式会社,http://www.shikoku-kakoki.co.jp,"5: 300億円以上~1,000億円未満",🔵MC:人事部／人事課 088-698-4142（旧直通:経営企画管理部／法務・広報課：088-698-4142）,650億円（2026年3月期・単体）,○ 自社HP会社概要。売上高650億円（2026年3月期、連結732億円と別掲）。https://www.shikoku-kakoki.co.jp/company/profile.html
001Nn00000eVbYz,3010401084332,東光東芝メーターシステムズ株式会社,http://www.t2ms.co.jp/index_j.htm,"5: 300億円以上~1,000億円未満",,【300億未満】206億円（2024年度・単体）,× 自社採用HP「数字でわかる会社情報」。2024年度売上高206億円。300億未満のため対象外。https://www.t2ms.co.jp/recruit/companydata.htm
001Nn00000eVbZP,1120001019349,アイコム株式会社,https://www.icom.co.jp/corporate/domestic/osaka/,"5: 300億円以上~1,000億円未満",,369.59億円（2026年3月期・連結）,"○ 自社IR・決算短信。2026年3月期連結売上高36,959百万円。https://www.icom.co.jp/ir/financial_result/"
001Nn00000eVbZQ,8050001021256,日鉄溶接鋼管マネジメント株式会社,https://www.nspc.nipponsteel.com/,"6: 1,000億円以上",／,確認不可,△ 子会社。自社/親会社日本製鉄・公的情報を確認したが、2025・2026年3月期は売上高非開示。2024年3月期50.4億円は未承認catr.jp由来のため不採用。https://www.nspc.nipponsteel.com/
001Nn00000eVbZR,8080001016484,大王パッケージ株式会社,https://www.daio-package.co.jp/company/about/,"5: 300億円以上~1,000億円未満",,確認不可,△ 子会社。自社HP会社概要は2025年3月期「連結」売上高551億円のみ。子会社は単体値のみ可のため、大王パッケージ単体売上高を確認できず。https://www.daio-package.co.jp/company/about/
001Nn00000eVbex,3280001000877,三菱マヒンドラ農機株式会社,https://www.mam.co.jp/company/company.html,"5: 300億円以上~1,000億円未満",,確認不可,△ 子会社。自社HP・ニュース・公的情報を確認。自社公式で確認できた連結売上高473億円は2022年3月期で鮮度条件外。直近3期の単体売上高を確認できず。https://www.mam.co.jp/
001Nn00000eVbf8,4040001027431,株式会社富士エコー,https://fujiecho.com/company/company.html,"6: 1,000億円以上",,確認不可,△ 自社HP会社概要・公的情報・決算公告を確認したが、直近3期の承認ソースで売上高を確認できず。https://fujiecho.com/company/company.html
001Nn00000eVbiB,6010001080308,ＪＦＥホールディングス株式会社,http://www.jfe-holdings.co.jp/,"5: 300億円以上~1,000億円未満",,"45,392.70億円（2026年3月期・連結）","○ 有価証券報告書・決算短信。2026年3月期連結売上収益4,539,270百万円。IFRS売上収益として採用。https://www.jfe-holdings.co.jp/investor/library/annual_securities_report/"
001Nn00000eVbm1,7020001010527,古河電池株式会社,https://www.furukawadenchi.co.jp/,"5: 300億円以上~1,000億円未満",,848.18億円（2025年3月期・連結）,"○ 自社IR決算資料。2025年3月期連結売上高84,818百万円。https://corp.furukawadenchi.co.jp/ja/ir/main/08.html"
001Nn00000eVbp9,4370001005032,株式会社高速,https://www.kohsoku.com/corporates/profile.html,"5: 300億円以上~1,000億円未満",🔵MC:人事総務部 022-259-1611 / 岩沢みゆき 取締役兼常務執行役員（上席執行役員）人事,"1,241.91億円（2026年3月期・連結）","○ 自社HP会社概要。2026年3月期連結売上高124,191百万円。https://www.kohsoku.com/corporates/profile.html"
001Nn00000eVbpD,1010001034202,東海東京フィナンシャル・ホールディングス株式会社,https://www.tokaitokyo-fh.jp/corporate/profile/,"5: 300億円以上~1,000億円未満",★08/20(木)、定時00:00、⭐🌟🚨✳✡👤情シス/DX👤経理,確認不可,△ 自社IRでは2026年3月期「営業収益」977.16億円を開示。売上高ではなく、銀行・保険の経常収益例外にも該当しないため判定値として不採用。https://www.tokaitokyo-fh.jp/ir/
001Nn00000eVbpF,1010001008767,三井物産株式会社,https://www.mitsui.com/jp/ja/company/outline/map/index.html,"6: 1,000億円以上",,確認不可,△ 自社HP・IRでは2026年3月期「収益」14.00兆円を開示。判定ルール上「収益」は売上高として採用不可のため確認不可。https://www.mitsui.com/jp/ja/company/
001Nn00000eVbpG,7290801005328,山九株式会社,https://www.sankyu.co.jp/company/network/ja.html,"6: 1,000億円以上",,"6,315.73億円（2026年3月期・連結）","○ 自社採用HP会社概要。2026年3月期連結売上高6,315億7,300万円。https://www.sankyu.co.jp/recruit-east/new-grads/"
001Nn00000eVbwK,8370001016975,ヒューネッツジャパン株式会社,https://www.lets-club.jp/shop/tomizawa/company.html,"5: 300億円以上~1,000億円未満",／,確認不可,△ 法人番号8370001016975で対象を照合。自社系HP・公的情報・決算情報を確認したが、直近3期の承認ソースで売上高を確認できず。https://www.lets-club.jp/shop/tomizawa/company.html
001Nn00000eVbwh,4010003024801,株式会社ＫＯＫＵＳＡＩ　ＥＬＥＣＴＲＩＣ,https://www.kokusai-electric.com/,"6: 1,000億円以上",,"2,350.79億円（2026年3月期・連結）","○ 有価証券報告書。2026年3月期連結売上収益235,079百万円。IFRS売上収益として採用。https://www.kokusai-electric.com/ja/ir"
001Nn00000eVbwj,3120001049022,日米ユナイテッド株式会社,https://servicestation.jp/くるとく大阪/company,"5: 300億円以上~1,000億円未満",,確認不可,△ 自社系サイト・公的情報・決算公告を確認したが、2024〜2026年3月期の承認ソースで売上高を確認できず。未承認catr.jpも売上高非開示。https://servicestation.jp/
001Nn00000eVbwx,3180001025521,株式会社サンゲツ,https://www.sangetsu.co.jp/showroom/nagoya/,"6: 1,000億円以上",,"2,064億円（2026年3月期・連結）","○ 自社HP企業概要。2026年3月期連結売上高2,064億円。https://www.sangetsu.co.jp/company/companyprofile/overview.html"
001Nn00000eVbx9,9040001018558,フジフーズ株式会社,https://www.fuji-foods.com/corporate/factory/hq.html,"5: 300億円以上~1,000億円未満",,確認不可,△ 自社HP会社情報・工場情報・公的情報・決算情報を確認したが、直近3期の承認ソースで売上高を確認できず。https://www.fuji-foods.com/corporate/
001Nn00000eVbxA,9011301002072,株式会社グレープストーン,https://www.grapestone.co.jp/company/,"5: 300億円以上~1,000億円未満",,確認不可,△ 自社HP会社概要・ニュース・公的情報・決算情報を確認したが、直近3期の承認ソースで売上高を確認できず。https://www.grapestone.co.jp/company/
001Nn00000eVbxB,9290001025414,株式会社コスモス薬品,http://www.cosmospc.co.jp,"6: 1,000億円以上",,"10,998.53億円（2026年5月期・連結）","○ 自社IR業績指標。2026年5月期連結売上高1,099,853百万円。https://www.cosmospc.co.jp/ir/ir_indicator/"
001Nn00000eVbxD,6030001051892,株式会社セキ薬品,https://www.sekiyakuhin.co.jp/outline,"6: 1,000億円以上",★08/29(木)、定時00:00、🔵🌑✳✡🌅🌐👤情シス/DX👤人事,"1,045億円（2026年3月期・単体）","○ 自社HP会社概要。売上高1,045億円（2026年3月末現在）。https://www.sekiyakuhin.co.jp/outline"
001Nn00000eVbxE,5290001025962,日産福岡販売株式会社,https://np-fukuoka.nissan-dealer.jp/company/about.html,"5: 300億円以上~1,000億円未満",◆08/21(金)、定時00:00、11:30 担当者再コール,736億円（2024年度・単体）,○ 日産販売会社グループ公式採用情報。日産福岡販売の2024年度売上高736億円。https://dealersaiyo.nissan.co.jp/saiyou/fresh/prince-fukuoka/
001Nn00000eVbxG,7240001032020,株式会社ププレひまわり,http://himawarinews.com/,"5: 300億円以上~1,000億円未満",,452.26億円（2025年2月期・単体）,"○ 親会社ウエルシアHD決算説明資料の会社別業績。ププレひまわり売上高45,226百万円。https://www.welcia.co.jp/ja/ir/library/presentation/main/016/teaserItems1/0/linkList/09/link/IR%20Presentation%20Material%20%28FYE%20February%2028%2C%202025%29JPN_20250414.pdf"
001Nn00000eVbxH,8010801001097,株式会社稲葉製作所,http://www.inaba-ss.co.jp,"5: 300億円以上~1,000億円未満",,419.05億円（2025年7月期・連結）,"○ 自社IR業績ハイライト。2025年7月期連結売上高41,905百万円。https://www.inaba-ss.co.jp/ir/gyouseki/"
001Nn00000eVbxP,1180301017773,アイシン高丘株式会社,http://www.at-takaoka.co.jp,"6: 1,000億円以上",イワマシリュウ_2026/08/10,確認不可,△ 子会社。自社HP・親会社アイシン開示・公的情報を確認したが、アイシン高丘単体の直近3期売上高を承認ソースで確認できず。子会社エンジニアリング社の数値は別法人のため不採用。http://www.at-takaoka.co.jp/
001Nn00000eVbxR,5240001026775,株式会社オンド,http://www.ondo.co.jp/company,"5: 300億円以上~1,000億円未満",,確認不可,△ 自社HP会社情報・公的情報・決算情報を確認したが、直近3期の承認ソースで株式会社オンドの売上高を確認できず。http://www.ondo.co.jp/company
001Nn00000eVbxZ,4010401082995,太平洋セメント株式会社,https://www.taiheiyo-cement.co.jp/company/compdata.html,"6: 1,000億円以上",,"8,984億円（2026年3月期・連結）","○ 自社HP会社概要。2026年3月期連結売上高8,984億円（単体3,392億円）。https://www.taiheiyo-cement.co.jp/company/compdata.html"
001Nn00000eVbxj,5010601035686,ダイキンエアテクノ株式会社,https://www.daikin-at.co.jp/company/about/,"5: 300億円以上~1,000億円未満",,708億円（2026年3月期・単体）,○ 自社採用HP「数字でみる」。2026年3月期売上高約708億円。別ページの画像抽出で72億と欠落するため再検証済み。https://www.daikin-at.co.jp/recruit/career/
001Nn00000eVbxn,3010001005556,株式会社図書館流通センター,https://www.trc.co.jp/company/location.html,"5: 300億円以上~1,000億円未満",,574.80億円（2026年1月期・単体）,"○ 自社HP会社概要。2026年1月期売上高57,480百万円。https://www.trc.co.jp/company/organization.html"
001Nn00000eVbxo,4030001042118,株式会社シーエックスカーゴ,https://www.cx-cargo.co.jp/access/okegawaryutucenter/,"5: 300億円以上~1,000億円未満",,確認不可,△ 自社HP・ニュース・公的情報・決算情報を確認したが、直近3期の承認ソースで売上高を確認できず。自社記事は売上高への言及のみで数値なし。https://www.cx-cargo.co.jp/ja/whats_new/20231210_coop-news.html
001Nn00000eVbxp,9020001019401,ＡＬＲマネジメント株式会社,https://www.alps-logistics.com/,"5: 300億円以上~1,000億円未満",【属性】🌱/👤経理】：直通なし/・財務部/部長/大内 寛之,537.35億円（2024年3月期・単体）,"○ gBizINFO/EDINET。法人番号9020001019401、2024年3月期提出会社売上高53,735百万円。現在のALRマネジメントと法人番号一致。https://info.gbiz.go.jp/hojin/ichiran?hojinBango=9020001019401"
001Nn00000eVbxx,4010401023652,株式会社乃村工藝社,https://www.nomurakougei.co.jp/corporate/outline/,"6: 1,000億円以上",,"1,251.45億円（2026年2月期・単体）","○ Gビズインフォ（EDINET有価証券報告書）売上高125,145百万円 https://info.gbiz.go.jp/hojin/ichiran?hojinBango=4010401023652"
001Nn00000eVbxy,6010501010276,株式会社ノダ,https://www.noda-co.jp/corporate/info/outline.html,"5: 300億円以上~1,000億円未満",イワマシリュウ_2026/08/10,447.55億円（2025年11月期・単体）,"○ Gビズインフォ（EDINET有価証券報告書）売上高44,755,171千円 https://info.gbiz.go.jp/hojin/ichiran?hojinBango=6010501010276"
001Nn00000eVby0,3010401031409,りんかい日産建設株式会社,https://www.rncc.co.jp/company/profile_network.html,"5: 300億円以上~1,000億円未満",,704.50億円（2024年3月期・単体）,"○ 自社HP会社案内PDF。売上高70,450百万円 https://www.rncc.co.jp/company/"
001Nn00000eVby2,9010001070784,株式会社オリエントコーポレーション,https://www.orico.co.jp/,"6: 1,000億円以上",,"2,476.31億円（2026年3月期・連結・営業収益）","○ 自社IR業績情報。原文表記は営業収益247,631百万円 https://www.orico.co.jp/company/ir/"
001Nn00000eVby9,3020001020736,株式会社ソディック,https://www.sodick.co.jp/company/outline.html,"5: 300億円以上~1,000億円未満",🔵MC:コーポレート本部／管理統括部／人事部 045-942-3111 ｜ 【属性】🦁/👤経理：財務/💰・コーポレート本部/本部長/高木 正人/,455.04億円（2025年12月期・単体）,"○ Gビズインフォ（EDINET有価証券報告書）売上高45,504百万円 https://info.gbiz.go.jp/hojin/ichiran?hojinBango=3020001020736"
001Nn00000eVbyE,2180001000574,株式会社進和,https://www.shinwa-jpn.co.jp/index.html,"5: 300億円以上~1,000億円未満",,713.33億円（2025年8月期・単体）,"○ Gビズインフォ（EDINET有価証券報告書）売上高71,333,478千円 https://info.gbiz.go.jp/hojin/ichiran?hojinBango=2180001000574"
001Nn00000eVbyX,8010401050387,三菱重工業株式会社,https://www.mhi.com/jp,"6: 1,000億円以上",,"50,271.76億円（2025年3月期・連結・売上収益）","○ 自社IR決算情報。IFRS売上収益5,027,176百万円 https://www.mhi.com/jp/finance/"
001Nn00000eVc2z,8060001001208,株式会社カンセキ,https://www.kanseki.co.jp/company/,"5: 300億円以上~1,000億円未満",🔵MC:総務人事部 028-658-8123 / 野尻昌彦 専門店事業部長（総務人事兼コンプライアン ｜🎯360:総務人事部／人事教育グループ 028-659-3111,365億円（2025年2月期・単体）,○ 自社HP会社概要 https://www.kanseki.co.jp/company/
001Nn00000eVc30,4400001003957,みちのくコカ・コーラボトリング株式会社,https://www.michinoku.ccbc.co.jp/company/profile/,"5: 300億円以上~1,000億円未満",,確認不可,△ 自社HP会社概要・Gビズインフォ・決算公告・新聞検索を確認したが直近3期の売上高を承認ソースで確認できず https://www.michinoku.ccbc.co.jp/
001Nn00000eVc31,9010001052774,中島水産株式会社,https://nakajimasuisan.co.jp/about/profile/,"5: 300億円以上~1,000億円未満",,確認不可,△ 自社HP・公式採用・Gビズインフォ・決算公告を確認。公式で確認できる288.02億円は2021年度で3期超のため不採用 https://www.nakajimasuisan.co.jp/
001Nn00000eVc32,6040001013529,株式会社日産フィナンシャルサービス,https://www.nissan-fs.co.jp/,"5: 300億円以上~1,000億円未満",,確認不可,△ 日産系子会社。自社HP電子公告・Gビズインフォ・親会社資料を確認したが直近3期の単体営業収益/売上高を特定できず https://www.nissan-fs.co.jp/
001Nn00000eVc35,6140001000905,ＪＣＲファーマ株式会社,http://www.jcrpharm.co.jp/,"5: 300億円以上~1,000億円未満",イワマシリュウ_2026/08/10,403.19億円（2026年3月期・単体）,"○ Gビズインフォ（EDINET有価証券報告書）売上高40,319百万円 https://info.gbiz.go.jp/hojin/ichiran?hojinBango=6140001000905"
001Nn00000eVc39,2010701020987,日本ライフライン株式会社,https://www.jll.co.jp/aboutus/overview.html,"5: 300億円以上~1,000億円未満",◆08/12(水)、定時00:00、16:15 再コール,591.87億円（2026年3月期・連結）,"○ 自社IR業績ハイライト。売上高59,187百万円 https://www.jll.co.jp/investors/financial/"
001Nn00000eVc3E,4010401054474,日本板硝子株式会社,https://www.nsg.co.jp/ja-jp,"6: 1,000億円以上",,"8,794.62億円（2026年3月期・連結）","○ 自社IR決算情報。売上高879,462百万円 https://www.nsg.com/ja-jp/investors/financial-information"
001Nn00000eVc3G,7030001001979,カッパ・クリエイト株式会社,https://www.kappa-create.co.jp/company/profile.html,"5: 300億円以上~1,000億円未満",,578.05億円（2026年3月期・単体）,"○ Gビズインフォ（EDINET有価証券報告書）売上高57,805百万円 https://info.gbiz.go.jp/hojin/ichiran?hojinBango=7030001001979"
001Nn00000eVc6Y,2180001022115,大東魚類株式会社,https://www.nagoya-daitoh.co.jp/,"5: 300億円以上~1,000億円未満",,確認不可,"△ 自社HPは取扱高42,869百万円で売上高ではない。Gビズインフォ・親会社資料・決算公告も確認したが単体売上高を特定できず https://www.daitohgyorui.co.jp/"
001Nn00000eVc6r,3180001026123,株式会社種清,https://www.tanesei.com/,"5: 300億円以上~1,000億円未満",,919億円（2026年3月期・単体）,○ 自社HP会社概要。売上高919億円（令和8年3月実績） https://www.tanesei.com/company/history/
001Nn00000eVc6s,1011101023020,株式会社ロッテホールディングス,https://lotte-hd.com/,"6: 1,000億円以上",,確認不可,△ 自社HPグループ情報・Gビズインフォを確認。公式の約7.7兆円は日韓を含むロッテグループ総売上で当該法人の連結値と断定できず不採用 https://lotte-hd.com/group/
001Nn00000eVc6z,6020001015642,日本農産工業株式会社,https://www.nosan.co.jp/corp/outline/,"6: 1,000億円以上",,確認不可,"△ 三菱商事100%子会社。自社HPは2026年3月期連結2,007億円のみ。Gビズインフォ・親会社資料も確認したが単体売上を特定できず https://www.nosan.co.jp/corporate/outline/"
001Nn00000eVc70,9080101001988,米久株式会社,http://www.yonekyu.co.jp/,"6: 1,000億円以上",,確認不可,△ 伊藤ハム米久HD子会社。自社HP・親会社有報/IR・Gビズインフォ・決算公告を確認したが直近単体売上を特定できず https://www.yonekyu.co.jp/
001Nn00000eVc71,7010601019092,アサヒ飲料株式会社,https://www.asahiinryo.co.jp/,"6: 1,000億円以上",,確認不可,△ アサヒグループ子会社。自社HP・親会社IR/有報・Gビズインフォ・決算公告を確認したが日本法人単体売上を特定できず https://www.asahiinryo.co.jp/
001Nn00000eVcC7,6290801002202,第一交通産業株式会社,https://www.daiichi-koutsu.co.jp/company/overview/,"5: 300億円以上~1,000億円未満",,"1,124億円（2026年3月期・連結）","○ 自社HP会社概要。連結売上高1,124億円 https://www.daiichi-koutsu.co.jp/company/overview/"
001Nn00000eVcCE,7100001016929,株式会社ＩＨＩアグリテック,https://www.ihi.co.jp/iat/company/office/index.html,"5: 300億円以上~1,000億円未満",,確認不可,△ IHI子会社。自社HP・親会社IR・Gビズインフォを確認。確認できる公式売上272億円は2018年3月期で3期超のため不採用 https://www.ihi.co.jp/iat/
001Nn00000eVcCI,6011101009270,昭栄化学工業株式会社,https://www.shoeichem.co.jp/,"5: 300億円以上~1,000億円未満",,確認不可,△ 自社HP会社概要・Gビズインフォ・決算公告・新聞検索を確認したが直近3期の売上高を承認ソースで確認できず https://www.shoeichem.co.jp/
001Nn00000eVcCM,5010001039767,王子物流株式会社,http://oji-logistics.co.jp/,"5: 300億円以上~1,000億円未満",,843.42億円（2025年度・単体）,"○ 自社HP会社概要。単体売上高843億4,210万円 https://oji-logistics.co.jp/company/index.html"
001Nn00000eVcCV,8140001014630,神戸トヨペット株式会社,https://www.kobetoyopet.com/shop/honsha,"5: 300億円以上~1,000億円未満",イワマシリュウ_2026/08/06,875.49億円（2025年・単体）,"○ 豊岡市公的企業情報。売上高8,754,864万円 https://job-navi.city.toyooka.lg.jp/company/ktoyopet"
001Nn00000eVcCW,2010001034977,日本冶金工業株式会社,https://www.nyk.co.jp/about/introduction.html,"6: 1,000億円以上",,"1,482.52億円（2024年度・単体）","○ 自社統合報告書2025。単体売上高148,252百万円 https://www.nyk.co.jp/ir/library/"
001Nn00000eVcCX,5120001012382,ザ・パック株式会社,https://www.thepack.co.jp/company/infomation.html,"5: 300億円以上~1,000億円未満",🔵MC:コーポレート本部／人事部／人事課 06-4967-1230 ｜🎯360:コーポレート本部／人事部／人材開発課 03-3469-1221,884.37億円（2025年12月期・単体）,"○ Gビズインフォ（EDINET有価証券報告書）売上高88,437百万円 https://info.gbiz.go.jp/hojin/ichiran?hojinBango=5120001012382"
001Nn00000eVcCa,3370001011329,東北発電工業株式会社,https://www.tohatu.co.jp/company/gaiyou.html,"5: 300億円以上~1,000億円未満",,738億円（2026年3月期・単体）,○ 自社HP会社概要。売上高738億円 https://www.tohatu.co.jp/company/gaiyou.html
001Nn00000eVcCd,1180001081319,オークマ株式会社,https://www.okuma.co.jp/access/,"6: 1,000億円以上",キセカヨ,"2,359億円（2025年度・連結）","○ 自社HP「OKUMAダイジェスト」連結売上高2,359億円 https://www.okuma.co.jp/about/okuma_digest.php"
001Nn00000eVcEx,7100001013785,鍋林株式会社,https://www.nabelin.co.jp/company/about,"5: 300億円以上~1,000億円未満",,931.51億円（2026年4月期・単体）,○ 自社HP会社概要。年商931億51百万円 https://www.nabelin.co.jp/company/about
001Nn00000eVcFz,6180301018610,アイシン高丘エンジニアリング株式会社,https://www.at-takaoka.co.jp/profile/profile.html,"5: 300億円以上~1,000億円未満",イワマシリュウ_2026/08/10,【300億未満】291億円（2024年度・単体）,× 300億未満。自社HP会社情報の2024年度売上高291億円 https://at-e.at-takaoka.co.jp/company/
001Nn00000eVcH3,3011101001453,旭化成ホームズ株式会社,https://www.asahi-kasei.com/jp/company/subsidiaries/homes/,"6: 1,000億円以上",,確認不可,"△ 旭化成子会社。自社HPの10,343億円は2026年3月期連結。Gビズインフォ・親会社資料を確認したが単体売上を特定できず https://www.asahi-kasei.co.jp/j-koho/company/profile/"
001Nn00000eVcH8,9260001022389,株式会社トンボ,https://www.tombow.gr.jp/corporate/gaiyo.html,"5: 300億円以上~1,000億円未満",🔵MC:人事部／人事課 086-232-0311（旧直通:岡山本社／システム部：086-232-6270） ｜ 【属性】🧸R/👤情シス/DX：/DX推進担当/イケガワ様/過去通電済み,確認不可,△ 自社HP・Gビズインフォ・決算公告を確認。外部事例/求人媒体には連結461.85億円があるが承認ソースで直近売上を確認できず https://www.tombow.gr.jp/corporate/
001Nn00000eVcHA,9020001071212,デル・テクノロジーズ株式会社,https://www.dell.com/ja-jp,"5: 300億円以上~1,000億円未満",🔵MC:人事本部　03-6883-9026 ｜担当:カールペロウィツ・デイビッド,確認不可,△ Dell Technologiesの日本法人。自社公式・Gビズインフォ・決算公告を確認したが日本法人単体売上を承認ソースで確認できず https://www.dell.com/ja-jp/dt/corporate/about-us/
001Nn00000eVcHC,4060001009477,パナソニック住宅設備株式会社,https://panasonic.co.jp/phs/pheq/corp/,"5: 300億円以上~1,000億円未満",,確認不可,"△ パナソニック ハウジングソリューションズ子会社。親会社公式4,461億円は連結値。自社単体売上を確認できず https://panasonic.co.jp/phs/pheq/corp/"
001Nn00000eVcHG,8012401019180,大新東株式会社,https://daishinto.co.jp/company/information/,"6: 1,000億円以上",,【300億未満】229.53億円（公式サイト現行値）,"× 300億未満。自社HP現行ページに売上高229億5,300万円 https://daishinto.co.jp/lp2/"
001Nn00000eVcHO,2120001049881,シノブフーズ株式会社,https://www.shinobufoods.co.jp/,"5: 300億円以上~1,000億円未満",🔵MC:管理本部／総務人事部 06-6477-0113 ｜ 【属性R/👤人事：人事総務部　岡本 真理子,619.74億円（2026年3月期・単体）,"○ Gビズインフォ（EDINET有価証券報告書）売上高61,974百万円 https://info.gbiz.go.jp/hojin/ichiran?hojinBango=2120001049881"
001Nn00000eVcHQ,4430001015958,イオン北海道株式会社,https://www.aeon-hokkaido.jp/corporation/profile/company/,"6: 1,000億円以上",,"3,800億円（2026年2月期・単体）",○ 自社HP会社概要 https://www.aeon-hokkaido.jp/corporation/profile/company/
001Nn00000eVcHS,6011101063012,株式会社キャンドゥ,https://www.cando-web.co.jp/corporate/profile/,"5: 300億円以上~1,000億円未満",,870.57億円（2026年2月期・連結）,○ 自社HP会社概要。年商870億57百万円 https://www.cando-web.co.jp/corporate/profile/
001Nn00000eVcHU,8120001077472,イオンマーケット株式会社,https://aeonmarket.co.jp/about_peacock.php,"5: 300億円以上~1,000億円未満",,対象外（吸収合併・法人消滅）,× 法人格消滅。イオン公式発表で2026/3/1イオンフードスタイルへ吸収合併 https://www.aeon.info/news/release_101922/
001Nn00000eVcHX,8010001014420,共立製薬株式会社,https://www.kyoritsuseiyaku.co.jp/company/company.html,"5: 300億円以上~1,000億円未満",,確認不可,△ 自社HP・Gビズインフォ・官報決算公告を確認したが直近3期の売上高開示なし https://www.kyoritsuseiyaku.co.jp/company/company.html
001Nn00000eVcHZ,5120001108073,トラスコ中山株式会社,https://www.trusco.co.jp/company/outline/,"6: 1,000億円以上",,"3,200.43億円（2025年12月期・連結）","○ 自社IR決算情報。売上高320,043百万円 https://www.trusco.co.jp/ir/financial/settlement/"
001Nn00000eVcHa,5120001061479,尾家産業株式会社,https://www.oie.co.jp/,"6: 1,000億円以上",🔵MC:人事総務部 06-6375-0151,"1,293.21億円（2026年3月期・単体）","○ 自社IR財務データ。売上高129,321百万円 https://www.oie.co.jp/ir/financial_data.php"
001Nn00000eVcHe,3021001037076,日産車体株式会社,http://www.nissan-shatai.co.jp/,"6: 1,000億円以上",,"3,942.62億円（2026年3月期・単体）","○ Gビズインフォ（EDINET有価証券報告書）売上高394,262百万円 https://info.gbiz.go.jp/hojin/ichiran?hojinBango=3021001037076"
001Nn00000eVcHg,2030001032632,株式会社デンソーワイパシステムズ,https://www.denso.com/group/denso-wipersystems/,"5: 300億円以上~1,000億円未満",🔵MC:企画管理部／人事総務室／人事総務１課 0480-67-1101（旧直通:0480-67-1101）,確認不可,△ デンソー子会社。自社HP・親会社IR/有報・Gビズインフォ・決算公告を確認したが単体売上高の開示なし https://www.denso.com/group/denso-wipersystems/company/information/
001Nn00000eVcHh,7500001011179,今治造船株式会社,https://www.imazo.co.jp/company/profile/,"6: 1,000億円以上",🔵MC:広島人事総務グループ／総務チーム 0848-69-3302,"6,005億円（2025年度）","○ 自社公式2026年定例記者会見で2025年度売上6,005億円 https://www.imazo.co.jp/news/260724/"
001Nn00000eVcHo,3120101003399,株式会社シマノ,http://www.shimano.com/jp/index.html,"6: 1,000億円以上",,"4,662.43億円（2025年12月期・連結）","○ 自社IR/有価証券報告書。連結売上高466,243百万円 https://www.shimano.com/jp/ir/"
001Nn00000eVcHp,1010401053834,ポリプラスチックス株式会社,https://www.polyplastics-global.com/jp/aboutus/profile.html,"6: 1,000億円以上",,"1,198.13億円（2026年3月期・単体）","○ 親会社ダイセル有価証券報告書「直前事業年度の経営成績」売上高119,813百万円 https://www.daicel.com/ir/"
001Nn00000eVcHq,5011401004245,株式会社Ｔ＆Ｋ　ＴＯＫＡ,https://www.toka-global.com/corp/about/outline.html,"5: 300億円以上~1,000億円未満",🔵MC:管理統括本部／総務部／人事課 049-258-1611（旧直通:ＩＴ統括部／情報システム課：049-290-1717）,確認不可,△ 自社IR・Gビズインフォ・決算公告を確認。承認ソースで確認できる実績が直近3期外のため最新売上を判定できず https://www.toka-global.com/corp/ir/
001Nn00000eVcHu,4010501029335,ＴＯＰＰＡＮコミュニケーションプロダクツ株式会社,https://www.toppan-c.co.jp/company/,"5: 300億円以上~1,000億円未満",／,確認不可,△ TOPPAN HD子会社。自社HP・親会社有報・Gビズインフォ・決算公告を確認したが単体売上高の開示なし https://www.toppan-c.co.jp/company/
001Nn00000eVcHy,7010001008811,ライト工業株式会社,https://www.raito.co.jp/,"5: 300億円以上~1,000億円未満",,"1,152.55億円（2026年3月期・単体）","○ Gビズインフォ（EDINET有価証券報告書）売上高115,255百万円 https://info.gbiz.go.jp/hojin/ichiran?hojinBango=7010001008811"
001Nn00000eVcID,3120001051770,サムティ株式会社,http://www.samty.co.jp/,"6: 1,000億円以上",,"1,521.67億円（2024年12月期・単体）","○ 自社HP決算公告・損益計算書。売上高152,167百万円 https://www.samty.co.jp/ja/company/IR.html"
001Nn00000eVcIT,1010401009745,株式会社小糸製作所,http://www.koito.co.jp/,"6: 1,000億円以上",サトウリョウト26/08/10,"3,364.68億円（2026年3月期・単体）","○ 自社HP会社概要。単独売上高336,468百万円 https://www.koito.co.jp/corp/profile/"
001Nn00000eVcIV,4120001077591,株式会社ヨドコウ,https://www.yodoko.co.jp/company/profile/,"6: 1,000億円以上",7/13シモムラソウノスケ　☆B 07/09〈木〉、定時00:00、🌟🚨🔵🌑🔴💡🌅❄🔥/DX、経理あり/・💰本社経営企画本部ＩＣＴ推進部/部長/林 賢治/※1　・💰本社管理本部経理部/副部長/篠原 裕明/※1,"1,173億円（2026年3月期・単体）","○ 自社HP会社概要。年間売上高1,173億円 https://www.yodoko.co.jp/company/profile.html"
001Nn00000eVcIw,5010701007313,株式会社日医リース,https://www.nichii-lease.com/company/,"5: 300億円以上~1,000億円未満",,確認不可,△ 自社HP・Gビズインフォ・官報決算公告・親会社資料を確認したが売上高の承認元URLを特定できず。民間集約値は不採用 https://www.nichii-lease.com/company/
001Nn00000eVcJQ,9011101021173,持田製薬株式会社,http://www.mochida.co.jp/,"5: 300億円以上~1,000億円未満",イワマシリュウ_2026/08/10,"1,169.51億円（2026年3月期・連結）","○ 自社HP会社概要。連結売上高1,169億51百万円 https://www.mochida.co.jp/company/summary/"
001Nn00000eVcJR,1010001027024,富士フイルムヘルスケアマニュファクチャリング株式会社,https://fftp.fujifilm.co.jp/aboutus/outline/,"5: 300億円以上~1,000億円未満",,確認不可,△ 富士フイルムグループ子会社。自社HP・親会社IR/有報・Gビズインフォ・決算公告を確認したが単体売上を特定できず https://fftp.fujifilm.co.jp/aboutus/outline/
001Nn00000eVcJY,1460001001644,株式会社マルサ笹谷商店,https://www.sennosuke.net/onlineshop/company,"5: 300億円以上~1,000億円未満",,確認不可,△ 自社HP・Gビズインフォ・公的機関資料・決算公告を確認。直近の厳密な売上高を承認ソースで確認できず https://www.sennosuke.net/onlineshop/company
001Nn00000eVcJZ,2370001004465,株式会社仙台水産,https://www.sendaisuisan.co.jp/company/,"5: 300億円以上~1,000億円未満",◆08/12(水)、定時00:00、13:15 /総務部/部長/鈴木 由佳/,531.69億円（2025年度・単体）,"○ 自社HP会社概要。売上高531億6,900万円 https://www.sendaisuisan.co.jp/company/"
001Nn00000eVcKG,3010401057619,株式会社富士通パーソナルズ,https://www.fujitsu.com/jp/group/personal/about/profile/,"6: 1,000億円以上",⭐,確認不可,△ 富士通グループ子会社。自社HP・親会社IR/有報・Gビズインフォ・決算公告を確認したが単体売上を特定できず https://www.fujitsu.com/jp/group/personal/about/profile/
001Nn00000eVcKH,1010401042424,アルコニックス株式会社,https://www.alconix.com/index.php,"5: 300億円以上~1,000億円未満",／,"2,197億円（2026年3月期・連結）","○ 自社HP会社概要。連結売上高2,197億円 https://www.alconix.com/company/summary/"
001Nn00000eVcKJ,9011801020788,株式会社エナリス,https://www.eneres.co.jp/company/profile,"5: 300億円以上~1,000億円未満",🔵MC:経営管理本部／人事部 03-4226-2612 / Otomo Mika 人事 my purpose『働くを楽しく（旧直通:経営戦略本部／経営企画部：03-4226-2604）,"1,451.44億円（2024年3月期・単体）","○ Gビズインフォ第20期決算公告。売上高145,144百万円 https://info.gbiz.go.jp/hojin/financialstatement?kessanJohoId=9327842e-880c-424a-9381-da05342a5aa6"
001Nn00000eVcKQ,6120001038071,小浦石油株式会社,https://www.ruo-oura.com/company/,"5: 300億円以上~1,000億円未満",,377.50億円（2025年9月期・単体）,"○ 自社HP会社概要。売上高377億5,000万円 https://www.ruo-oura.com/company/"
001Nn00000eVcKS,6040001019014,ユアサ・フナショク株式会社,https://www.yuasa-funashoku.com/company/outline/,"6: 1,000億円以上",,"1,121.82億円（2026年3月期・単体）","○ Gビズインフォ（EDINET有価証券報告書）売上高112,182百万円 https://info.gbiz.go.jp/hojin/ichiran?hojinBango=6040001019014"
001Nn00000eVcKT,8011001038855,株式会社オープンハウス・ディベロップメント,http://www.ohd.co.jp/,"6: 1,000億円以上",,"4,523.65億円（2025年9月期・単体）","○ 親会社オープンハウスG有価証券報告書「主要な損益情報等」売上高452,365百万円 https://openhouse-group.co.jp/ir/"
001Nn00000eVcKY,7260001008191,セキスイハイム中四国株式会社,http://www.816c.jp/,"5: 300億円以上~1,000億円未満",◆08/28(金)、定時00:00、13:00以降に改め,【300億未満】237億円（2025年3月期・単体）,× 300億未満。積水化学公式リリースの会社情報で単体売上高237億円 https://www.sekisuiheim.com/info/press/20250825.html
001Nn00000eVcKe,3120001057850,阪和工材株式会社,http://hanwa-net.co.jp/,"5: 300億円以上~1,000億円未満",🔵MC:人事総務部 06-6392-3031（旧直通:経営企画部／企画グループ：06-6392-3031）,754億円（2025年3月期・単体）,○ 自社HP会社情報 https://www.hanwa-net.co.jp/company/profile/
001Nn00000eVcNx,4010001034876,築地魚市場株式会社,http://www.tsukiji-uoichiba.co.jp/,"5: 300億円以上~1,000億円未満",,532.67億円（2025年3月期・単体）,○ 自社公式採用ページ「数字で見る築地魚市場」 https://www.tsukiji-uoichiba.co.jp/recruit/
001Nn00000eVcNy,6140001069164,エスフーズ株式会社,https://sfoods.co.jp/,"6: 1,000億円以上",X,"4,445億円（2025年2月期・連結）","○ 自社HP会社概要。グループ年間売上高4,445億円 https://sfoods.co.jp/company03.html"
001Nn00000eVcOB,4013201011513,ＩＨミートパッカー株式会社,http://www.itoham-mp.com/,"5: 300億円以上~1,000億円未満",／,485.9億円（2026年3月期・単体）,○ 自社HP会社概要。売上高485.9億円 https://www.itoham-mp.com/company/
001Nn00000eVcOF,8010001133971,日本食品化工株式会社,https://www.nisshoku.co.jp/about/profile.html,"5: 300億円以上~1,000億円未満",🔵MC:総務人事部 0545-52-3781（旧直通:【富士本社・富士工場】 TEL：0545-52-3781） ｜ 【属性】R/👤人事： ・💰総務人事部/部長/山本 浩章/※1 ・💰総務人事部/総務課長/森谷 和正/※2,629.93億円（2026年3月期・単体）,"○ Gビズインフォ（EDINET有価証券報告書）売上高62,993百万円 https://info.gbiz.go.jp/hojin/ichiran?hojinBango=8010001133971"
001Nn00000eVcOH,3010401097029,株式会社ＧＦＦ,http://www.global-foodfactory.jp/,"5: 300億円以上~1,000億円未満",,確認不可,△ ゼンショーHD子会社。自社HP・親会社IR/有報・Gビズインフォ・決算公告を確認したがGFF単体売上を特定できず http://www.global-foodfactory.jp/
001Nn00000eVcOI,2010001017726,株式会社サンデリカ,https://www.sundelica.co.jp/company/jigyosho/honsha.html,"6: 1,000億円以上",,"1,191億円（2025年12月期・単体）","○ 自社HP会社概要。売上高1,191億円 https://www.sundelica.co.jp/company/"
001Nn00000eVcQz,8010001034971,ラサ工業株式会社,https://www.rasa.co.jp/,"5: 300億円以上~1,000億円未満",,325.95億円（2026年3月期・単体）,"○ Gビズインフォ（EDINET有価証券報告書）単体売上高32,595百万円 https://info.gbiz.go.jp/hojin/ichiran?hojinBango=8010001034971"
001Nn00000eVcRf,2050001020172,鹿島共同火力株式会社,http://www.tgn.or.jp/ksk/index.html,"5: 300億円以上~1,000億円未満",,確認不可,△ JERA・日本製鉄共同出資。自社HPの2024〜2026年決算公告・Gビズインフォを確認したが取得可能な本文で売上高を特定できず https://kashima-ktp.co.jp/about/
001Nn00000eVcV0,6290801006558,株式会社スターフライヤー,https://www.starflyer.jp/starflyer/corporate/outline.html,"5: 300億円以上~1,000億円未満",X　ツジアイ0630,447.95億円（2026年3月期・単体）,"○ Gビズインフォ（EDINET有価証券報告書）売上高44,795百万円 https://info.gbiz.go.jp/hojin/ichiran?hojinBango=6290801006558"
001Nn00000eVcV3,5010001141787,株式会社丸運,https://www.maruwn.co.jp/corporate/data/,"5: 300億円以上~1,000億円未満",,400.88億円（2025年3月期・単体・営業収益）,"○ Gビズインフォ（EDINET有価証券報告書）。原文表記は営業収益40,088百万円 https://info.gbiz.go.jp/hojin/ichiran?hojinBango=5010001141787"
001Nn00000eVcV6,4290801010231,株式会社高田工業所,http://www.takada.co.jp/,"5: 300億円以上~1,000億円未満",,469.69億円（2026年3月期・単体）,○ Gビズインフォ（EDINET有価証券報告書） https://info.gbiz.go.jp/hojin/ichiran?hojinBango=4290801010231
001Nn00000eVcV8,9120001020423,シャープエネルギーソリューション株式会社,https://www.sharp-sesj.co.jp/,"5: 300億円以上~1,000億円未満",,確認不可,△ シャープ子会社。自社HP会社概要・Gビズインフォ・親会社IR・決算公告を確認したが直近単体売上高を特定できず https://www.sharp-sesj.co.jp/
001Nn00000eVcVF,6010401020516,東京瓦斯株式会社,https://www.tokyo-gas.co.jp/about/profile/index.html,"6: 1,000億円以上",／,"20,727.59億円（2026年3月期・単体）",○ Gビズインフォ（EDINET有価証券報告書） https://info.gbiz.go.jp/hojin/ichiran?hojinBango=6010401020516
001Nn00000eVcVG,6120001090378,京セラドキュメントソリューションズ株式会社,http://www.kyoceradocumentsolutions.co.jp/,"6: 1,000億円以上",,確認不可,△ 京セラ子会社。自社HP・親会社有報/IR・Gビズインフォ・決算公告を確認したが子会社単体売上高を特定できず https://www.kyoceradocumentsolutions.co.jp/
001Nn00000eVcVH,9230001002212,株式会社富山村田製作所,https://www.murata.com/ja-jp/group/toyamamurata,"5: 300億円以上~1,000億円未満",X,確認不可,△ 村田製作所子会社。自社HP・親会社IR/有報・Gビズインフォ・決算公告を確認したが単体売上高の開示なし https://corporate.murata.com/ja-jp/group/toyamamurata/profile/overview
001Nn00000eVcVJ,9010401032062,ローレルバンクマシン株式会社,https://www.lbm.co.jp/,"5: 300億円以上~1,000億円未満",,確認不可,△ 自社HP会社概要・Gビズインフォ・決算公告を確認したが直近3期の売上高を確認できず https://www.lbm.co.jp/company/
001Nn00000eVcVN,8100001003190,株式会社前田製作所,https://www.maesei.co.jp/corporate/outline/,"5: 300億円以上~1,000億円未満",🔵MC:経営管理本部／人事部 026-292-6319 ｜ 【属性】R/👤人事：人事部（新井）026-292-6319（人事部直通）,確認不可,△ インフロニアHD子会社。自社HP・親会社IR・Gビズインフォを確認。公的に取れる売上値は2021年度で3期超のため不採用 https://www.maesei.co.jp/corporate/outline/
001Nn00000eVcVO,3110001025890,キヤノントッキ株式会社,https://tokki.canon/corporate/outline.html,"5: 300億円以上~1,000億円未満",,確認不可,△ キヤノン子会社。自社HP・親会社有報/IR・Gビズインフォ・決算公告を確認したが単体売上高を特定できず https://tokki.canon/corporate/outline.html
001Nn00000eVcVS,9430001001078,株式会社アレフ,https://www.aleph-inc.co.jp/,"5: 300億円以上~1,000億円未満",,594億円（2026年3月期・単体）,○ 自社HP会社概要 https://www.aleph-inc.co.jp/company/overview/
001Nn00000eVcVb,3290001004134,株式会社ミスターマックス・ホールディングス,https://www.mrmaxhd.co.jp/company/companyprofile.html,"6: 1,000億円以上",,"1,476.84億円（2026年2月期・連結・営業収益）",○ 持株会社のため連結値を採用。自社IR株主通信 https://www.mrmaxhd.co.jp/ir/ir-library/information/202605_000705.html
001Nn00000eVcVc,9010401029819,八洲電機株式会社,https://www.yashimadenki.co.jp/company/data.html,"5: 300億円以上~1,000億円未満",シモムラソウノスケ　7/16,508.60億円（2026年3月期・単体）,○ Gビズインフォ（EDINET有価証券報告書） https://info.gbiz.go.jp/hojin/ichiran?hojinBango=9010401029819
001Nn00000eVcVg,9010001061924,日本瓦斯株式会社,https://www.nichigas.co.jp/corporate/aboutus,"6: 1,000億円以上",,"1,937.70億円（2026年3月期・単体）",○ Gビズインフォ（EDINET有価証券報告書） https://info.gbiz.go.jp/hojin/ichiran?hojinBango=9010001061924
001Nn00000eVcWB,5120001074101,野村貿易株式会社,http://www.nomuratrading.co.jp/,"5: 300億円以上~1,000億円未満",,確認不可,△ 自社HP第50期連結財務諸表・有報まで確認したがPDF数値を直接検証できず、二次集約値は不採用 https://www.nomuratrading.co.jp/about/financial
001Nn00000eVcWR,3120001075217,株式会社エーアイテイー,https://www.ait-jp.com/company/companyinfo/,"5: 300億円以上~1,000億円未満",,307.98億円（2026年2月期・単体・営業収益）,"○ 自社決算短信の個別業績。営業収益30,798百万円 https://www.ait-jp.com/docs/ir/library/202604141200001.pdf"
001Nn00000eVcWV,8010701012186,イースタン・カーライナー株式会社,http://www.ecl.co.jp/,"5: 300億円以上~1,000億円未満",,839.31億円（2026年3月期・連結）,○ 自社HP企業概要 https://www.ecl.co.jp/corporate/outline/
001Nn00000eVcWY,5370001009734,株式会社日専連ライフサービス,https://www.nissenren-sendai.or.jp/company/profile.html,"6: 1,000億円以上",,確認不可,"△ 自社HP・Gビズインフォ・決算公告を確認。公式は年間取扱高1,146億円であり売上高ではないため判定根拠に不採用 https://www.nissenren-sendai.or.jp/company/profile.html"
001Nn00000eVcX7,6320001012898,旭化成メディカルＭＴ株式会社,https://www.asahi-kasei.co.jp/medical/company/summary/,"5: 300億円以上~1,000億円未満",,確認不可,△ 旭化成子会社。自社HP・親会社IR/有報・Gビズインフォ・決算公告を確認したが単体売上高を特定できず https://www.asahi-kasei.co.jp/medical/company/summary/
001Nn00000eVcXB,9011101019705,ボストン・サイエンティフィックジャパン株式会社,https://www.bostonscientific.com/jp-JP/,"5: 300億円以上~1,000億円未満",,確認不可,△ 外資系日本法人。自社公式・Gビズインフォ・決算公告・親会社公開資料を確認したが日本法人単体売上高を特定できず https://www.bostonscientific.com/jp-JP/
001Nn00000eVcXD,4180301011237,株式会社ニデック,https://www.nidek.co.jp/about-us/,"5: 300億円以上~1,000億円未満",,424.8億円（2026年3月期・単体）,○ 自社HP会社概要 https://www.nidek.co.jp/about-us/
001Nn00000eVcXE,8012701003116,株式会社フロンティア,http://www.frontier-ph.com/,"5: 300億円以上~1,000億円未満",,確認不可,△ 自社HPはグループ売上608億円のみ。単体業績推移・Gビズインフォ・決算公告を確認したがテキストで単体値を確定できず https://www.frontier-ph.com/about-frontier/
001Nn00000eVcXF,5010001093327,ＩＱＶＩＡサービシーズジャパン合同会社,https://www.iqvia.com/ja-jp/locations/japan/about-iqvia-japan,"6: 1,000億円以上",,対象外（合同会社）,× 法人格。直アポ大は株式会社のみ。合同会社のため対象外
001Nn00000eVcXL,1011701005145,月島食品工業株式会社,http://tsukishima.co.jp/index.html,"5: 300億円以上~1,000億円未満",／,520億円（2025年12月期・単体）,○ 自社HP会社概要 https://www.tsukishima.co.jp/company/outline/
001Nn00000eVcXb,5021001037207,株式会社ＪＲ横浜湘南シティクリエイト,https://www.jryscc.co.jp/,"5: 300億円以上~1,000億円未満",,確認不可,△ 自社HPはショップ売上高769億円で会社売上高ではない。Gビズインフォ・決算公告・親会社資料も確認したが単体売上高を特定できず https://www.jryscc.co.jp/company/
001Nn00000eVcYA,6430001014917,国分北海道株式会社,http://www.kokubu.co.jp/hokkaido,"5: 300億円以上~1,000億円未満",【属性】R/👤人事：現部長　萩庭寿人　執行役員、経営統括部長兼人事総務部長,"1,056.93億円（2025年12月期・単体）","○ 自社HP会社概要。売上高105,693百万円 https://www.kokubu.co.jp/hokkaido/company/outline/"
001Nn00000eVcZE,5010001034875,三菱地所レジデンス株式会社,https://www.mec-r.com/company/outline.html,"5: 300億円以上~1,000億円未満",★08/25(火)、定時00:00、🌟🚨🔵🌑✳✡👤経理👤人事👤総務,確認不可,△ 三菱地所子会社。自社HP・親会社IR/有報・Gビズインフォ・決算公告を確認したが子会社単体売上高を特定できず https://www.mec-r.com/company/outline.html
001Nn00000eVcZL,4021001013588,株式会社ノジマ,https://www.nojima.co.jp/shop/kanagawa/sagamihara/,"6: 1,000億円以上",イワマシリュウ_2026/08/10,"3,475.64億円（2026年3月期・単体）","○ Gビズインフォ（EDINET有価証券報告書）売上高347,564百万円 https://info.gbiz.go.jp/hojin/ichiran?hojinBango=4021001013588"
001Nn00000eVcZb,9240001021698,株式会社ツルハグループドラッグ＆ファーマシー西日本,https://www.tsuruha-hd.com/tgn/company.html,"6: 1,000億円以上",,"1,260.20億円（2025年2月期・単体）","○ 自社HP会社概要。年商1,260億1,954万円 https://www.tsuruha-hd.com/tgn/company.html"
001Nn00000eVcZc,7010001028883,株式会社ベルパーク,https://www.bellpark.co.jp/company/summary/,"6: 1,000億円以上",／,"1,256.12億円（最新有報・単体）","○ Gビズインフォ（EDINET有価証券報告書）売上高125,611,600千円 https://info.gbiz.go.jp/hojin/ichiran?hojinBango=7010001028883"
001Nn00000eVcZd,4080001003255,株式会社タカラ・エムシー,https://foodmarket-mom.com/corporate/company.html,"5: 300億円以上~1,000億円未満",,確認不可,△ 自社HP会社情報・Gビズインフォ・決算公告を確認したが直近3期の売上高を承認ソースで確認できず https://foodmarket-mom.com/corporate/company.html
001Nn00000eVcZe,9010501013251,大和ハウスリアルティマネジメント株式会社,https://www.dh-realty.co.jp/company/profile/,"5: 300億円以上~1,000億円未満",,確認不可,"△ 大和ハウス子会社。自社公式は2025年度グループ売上2,738億円のみ。単体決算書まで確認したが数値検証未完のため不採用 https://www.dh-realty.co.jp/company/ir/"
001Nn00000eVcZf,1240001018413,いすゞ自動車中国四国株式会社,http://www.isuzu-chushi.co.jp,"5: 300億円以上~1,000億円未満",🔵MC:管理本部／総務人事部 082-922-1411 ｜🎯360:管理本部／総務人事部／人材開発グループ 082-299-1711（旧直通:管理本部／経営企画グループ：082-922-1413） ｜ 🌳★08/17(月)、定時00:00、⭐🌟🚨🔵🌑✳✡🔥👤人事👤総務/管理,712億円（2026年3月期・単体）,○ 自社HP会社概要 https://isuzu-chushi.co.jp/aboutus/
001Nn00000eVcZo,3110001023135,日本精機株式会社,https://www.nippon-seiki.co.jp/corp_profile/,"6: 1,000億円以上",イワタトモヤ,"1,287.69億円（2026年3月期・単体）","○ Gビズインフォ（EDINET有価証券報告書）売上高128,769百万円 https://info.gbiz.go.jp/hojin/ichiran?hojinBango=3110001023135"
001Nn00000eVcZy,3130001009314,三洋化成工業株式会社,https://www.sanyo-chemical.co.jp/company/overview,"6: 1,000億円以上",,"1,040.74億円（2026年3月期・単体）","○ Gビズインフォ（EDINET有価証券報告書）売上高104,074百万円 https://info.gbiz.go.jp/hojin/ichiran?hojinBango=3130001009314"
001Nn00000eVcZz,1011501003539,日本特殊塗料株式会社,https://www.nttoryo.co.jp/company/access.html,"5: 300億円以上~1,000億円未満",,486.32億円（2026年3月期・単体）,"○ Gビズインフォ（EDINET有価証券報告書）売上高48,632百万円 https://info.gbiz.go.jp/hojin/ichiran?hojinBango=1011501003539"
001Nn00000eVca7,5013301030602,株式会社日立プラントサービス,https://www.hitachi-hps.co.jp/corporate/network/index.html,"5: 300億円以上~1,000億円未満",,"1,173億円（2025年度・単体）",○ 自社HP「3分でわかる日立プラントサービス」 https://www.hitachi-hps.co.jp/corporate/3minutes/
001Nn00000eVca8,1470001002096,四電エンジニアリング株式会社,https://www.yon-e.co.jp/,"5: 300億円以上~1,000億円未満",,506億円（2025年度・単体）,○ 自社HP会社情報 https://www.yon-e.co.jp/company/information/
001Nn00000eVca9,9010401025405,日比谷総合設備株式会社,http://www.hibiya-eng.co.jp/home,"5: 300億円以上~1,000億円未満",,862.88億円（2026年3月期・単体）,"○ Gビズインフォ（EDINET有価証券報告書）売上高86,288百万円 https://info.gbiz.go.jp/hojin/ichiran?hojinBango=9010401025405"
001Nn00000eVcaA,5013201006108,ユニオン建設株式会社,https://www.union-k.co.jp/company/profile.html,"5: 300億円以上~1,000億円未満",,455億円（2024年度・単体）,○ 自社HP会社概要 https://www.union-k.co.jp/company/profile.html
001Nn00000eVcaP,7120001125364,セキスイハイム近畿株式会社,http://www.816kinki.com/,"5: 300億円以上~1,000億円未満",,確認不可,△ 積水化学子会社。自社HP・積水化学グループ情報・Gビズインフォ・決算公告を確認したが単体売上高を特定できず https://www.sekisui.co.jp/company/network/japan/housing/1178261_39947.html
001Nn00000eVcaQ,6010001008845,株式会社みずほ銀行,https://www.mizuhobank.co.jp/,"6: 1,000億円以上",,"63,794.76億円（2026年3月期・単体・経常収益）","○ 銀行のため経常収益を採用。Gビズインフォ（EDINET有価証券報告書）6,379,476百万円 https://info.gbiz.go.jp/hojin/ichiran?hojinBango=6010001008845"
001Nn00000eVcaX,1010001086672,テプコ・ソリューション・アドバンス株式会社,https://www.tepco-sa.co.jp/ssl/,"5: 300億円以上~1,000億円未満",／,確認不可,△ 東京電力系子会社。自社HP・Gビズインフォ・親会社資料・直近決算公告を確認したが売上高記載なし https://www.tepco-sa.co.jp/ssl/
001Nn00000eVcaY,1010001146146,三井住友トラスト・パナソニックファイナンス株式会社,https://www.smtpfc.jp/company/about.html,"6: 1,000億円以上",★V08/01(水)、定時00:00定時17:30、⭐🌟🚨🔵🌑✳✡❄,確認不可,△ 金融子会社。自社HP・Gビズインフォ・親会社資料・決算公告を確認したが直近の営業収益を承認ソースで特定できず https://www.smtpfc.jp/company/about.html
001Nn00000eVcac,4122001020003,ホシデン株式会社,https://www.hosiden.com/company/profile/overview.html,"6: 1,000億円以上",／,"3,950.13億円（2026年3月期・単体）","○ Gビズインフォ（EDINET有価証券報告書）売上高395,013百万円 https://info.gbiz.go.jp/hojin/ichiran?hojinBango=4122001020003"
001Nn00000eVcae,3030001044098,三井住友金属鉱山伸銅株式会社,https://www.msmmbc.co.jp/company/,"5: 300億円以上~1,000億円未満",,確認不可,△ 住友金属鉱山/三井住友系子会社。自社HP・株主各社IR・Gビズインフォ・決算公告を確認したが単体売上高を特定できず https://www.msmmbc.co.jp/company/
001Nn00000eVcap,8010001129227,株式会社ＦＰパートナー,https://fpp.jp/overview/profile/,"5: 300億円以上~1,000億円未満",,321.04億円（最新有報・単体）,"○ Gビズインフォ（EDINET有価証券報告書）売上高32,104,060千円 https://info.gbiz.go.jp/hojin/ichiran?hojinBango=8010001129227"
001Nn00000eVcav,5290001049739,株式会社ユーコー,http://www.yuko-lucky.com/,"6: 1,000億円以上",★V07/15(水)、定時00:00、🌑🌅 ・総務部/係長/小野様/優しい40代男性/DX担当/ono-s@yuko-group.co.jp,868億円（2024年11月期・グループ）,○ 自社HP会社概要。対象会社がグループ運営主体としてグループ売上868億円を公表 https://www.yuko-lucky.com/corporate/company/overview/index.html
001Nn00000eVcb1,5200001003514,株式会社電算システム,https://www.densan-s.co.jp/company/about.html,"5: 300億円以上~1,000億円未満",,確認不可,△ 2021年に持株会社体制へ移行。GビズINFOの電算システム単体値は2020年で古い。現行自社/HD IR・決算公告を確認したが子会社単体最新値を特定できず
001Nn00000eVcb6,3120001089729,株式会社出前館,https://corporate.demae-can.com/,"5: 300億円以上~1,000億円未満",,397.21億円（2025年8月期・単体）,"○ Gビズインフォ（EDINET有価証券報告書）売上高39,721百万円 https://info.gbiz.go.jp/hojin/ichiran?hojinBango=3120001089729"
001Nn00000eVcb9,3021001077618,Ｍｅｉｊｉ　Ｓｅｉｋａファルマテック株式会社,https://www.meiji-seika-pharma.co.jp/pharmatech/outline/,"6: 1,000億円以上",🔵MC:人事総務部 0465-47-4111（旧直通:経営戦略部：0465-47-4111） ｜ イワマシリュウ_2026/08/10,確認不可,△ 明治HD子会社。自社HP・親会社IR資料・Gビズインフォ・決算公告を確認したが当該法人単体売上高を特定できず https://www.meiji-seika-pharma.co.jp/pharmatech/outline/
001Nn00000eVch9,4010001118786,大塚ホールディングス株式会社,https://www.otsuka.com/jp/company/overview/,"6: 1,000億円以上",,"24,689億円（2025年度・連結・売上収益）",○ 持株会社のため連結値を採用。自社IR At a Glance https://www.otsuka.com/jp/ir/individual/ataglance.html
001Nn00000eVchE,9120001036072,株式会社ノースイ,https://www.nosui.co.jp/company/tokyo.php,"5: 300億円以上~1,000億円未満",,751.08億円（2026年3月期・単体）,○ 自社HP会社概要。売上高751億8百万円 https://www.nosui.co.jp/company/profile.php
001Nn00000eVchJ,4260001006487,株式会社源吉兆庵,http://www.kitchoan.co.jp/site/shops/okayama_honten.html,"5: 300億円以上~1,000億円未満",🔵MC:人事部 086-364-1028（旧直通:代表：086-364-1001） ｜ 【属性】R/ 👤人事：人事部　担当　原 秀之（採用担当・人事窓口）,確認不可,△ シート法人名と法人番号の現行法人名が一致せず（gBizでは株式会社K.MINAMOTO）。自社HP・法人番号を照合したが同一性を確定できないため不採用
001Nn00000eVchK,8010001083622,合同酒精株式会社,https://www.oenon.jp/company/group/godo.html,"5: 300億円以上~1,000億円未満",,確認不可,△ オエノンHD子会社。自社HP・親会社IR/有報・Gビズインフォ・決算公告を確認したが合同酒精単体売上高を特定できず https://www.oenon.jp/company/group/godo.html
001Nn00000eVchL,6180001092088,株式会社Ｍｉｚｋａｎ　Ｊ　ｐｌｕｓ　Ｈｏｌｄｉｎｇｓ,https://www2.mizkangroup.co.jp/customer/group/customer.html,"6: 1,000億円以上",,確認不可,△ Mizkan Holdings子会社。公式グループ情報・Gビズインフォ・決算公告を確認したが承認ソースで単体売上高を特定できず。catr.jpの数値は未承認のため不採用
001Nn00000eVchu,2010001107072,郷商事株式会社,https://www.gohshoji.com/aboutus/network/tokyo,"5: 300億円以上~1,000億円未満",,471億円（2026年3月期・単体）,○ 自社HP会社概要 https://www.gohshoji.com/company/outline
001Nn00000eVciC,3010701012439,日本石油輸送株式会社,https://www.jot.co.jp/company/profile/,"5: 300億円以上~1,000億円未満",カワハラアユウ2026/05/22,323.35億円（2026年3月期・単体）,"○ Gビズインフォ（EDINET有価証券報告書）売上高32,335百万円 https://info.gbiz.go.jp/hojin/ichiran?hojinBango=3010701012439"
001Nn00000eVciW,9360001001812,株式会社ピータイム,https://p-time.co.jp/company/,"5: 300億円以上~1,000億円未満",カワハラアユウ2026/06/08,確認不可,△ 自社HPはグループ売上472億円（2026年4月期）のみ。当該法人単体売上をGビズインフォ・決算公告まで確認したが特定できず https://p-time.co.jp/company/
001Nn00000eVciw,3140001012176,日本イーライリリー株式会社,https://www.lilly.co.jp/,"6: 1,000億円以上",,"2,760億円（2025年度・単体）",○ 自社HP会社概要/プレスリリース https://www.lilly.com/jp/who-we-are/lilly-japan-overview
001Nn00000eVcix,5011001034163,株式会社ベネッセスタイルケア,https://www.benesse-style-care.co.jp/company/profile/,"5: 300億円以上~1,000億円未満",,"1,434億円（2025年3月期・単体）","○ 自社公式採用サイト会社概要。2024年度（2025年3月期）売上高1,434億円 https://saiyo.benesse-style-care.co.jp/kaigo/new_graduate/kaigai/company/"
001Nn00000eVcjF,9120001145113,物産アニマルヘルス株式会社,https://www.bussan-ah.com/html/info/outline.html,"5: 300億円以上~1,000億円未満",★08/26(水)、定時00:00、💎🐧,確認不可,△ 三井物産系子会社。自社HP会社概要・Gビズインフォ・親会社公開資料・決算公告を確認したが単体売上高を特定できず https://www.bussan-ah.com/html/info/outline.html
001Nn00000eVcjn,6010001063213,ぺんてる株式会社,http://www.pentel.co.jp/,"5: 300億円以上~1,000億円未満",,確認不可,△ B列法人番号6010001063213はGビズインフォ上「アストラム株式会社」で、シート記載のぺんてる株式会社と不一致。同名取り違え防止のため判定不可 https://info.gbiz.go.jp/hojin/ichiran?hojinBango=6010001063213
001Nn00000eVck1,5290001009619,株式会社博多大丸,https://www.daimaru-fukuoka.jp/company/,"5: 300億円以上~1,000億円未満",🔵MC:人事・総務部 092-712-8181,603.53億円（2025年2月期・単体）,"○ 自社HP企業情報。売上高603億5,263万円 https://www.daimaru-fukuoka.jp/company/"
001Nn00000eVcoM,3250001012776,小松物産株式会社,http://www.komatsu-bussan.com/,"5: 300億円以上~1,000億円未満",,確認不可,△ 自社HP・Gビズインフォ・決算公告・新聞検索を確認したが直近3期の売上高を承認ソースで確認できず http://www.komatsu-bussan.com/
001Nn00000eVcoT,9180301001869,マルサンアイ株式会社,https://www.marusanai.co.jp/company/profile/about/,"5: 300億円以上~1,000億円未満",,324.60億円（2025年9月期・単体）,"○ Gビズインフォ（EDINET有価証券報告書）売上高32,460,315千円 https://info.gbiz.go.jp/hojin/ichiran?hojinBango=9180301001869"
001Nn00000eVcoV,2120001149525,株式会社京阪ザ・ストア,http://www.keihan-the-store.jp/,"5: 300億円以上~1,000億円未満",,確認不可,△ 京阪HD等の子会社。自社HP会社概要・Gビズインフォ・親会社公開資料・決算公告を確認したが単体売上高を特定できず https://www.keihan-the-store.jp/corporate/outline.html
001Nn00000eVcoW,1011001016231,株式会社アトレ,https://www.atre.co.jp/company/corporate/overview/,"6: 1,000億円以上",／,477.82億円（2026年3月期・単体）,"○ 自社HP2025年度決算公告・損益計算書。売上高47,781,912千円 https://www.atre.co.jp/assets/pdf/announcement/financial_information2025.pdf"
001Nn00000eVcuk,4010001071688,株式会社トーメンデバイス,https://www.tomendevices.co.jp/company/outline.html,"6: 1,000億円以上",,"2,194.89億円（2026年3月期・単体）","○ Gビズインフォ（EDINET有価証券報告書）売上高219,489百万円 https://info.gbiz.go.jp/hojin/ichiran?hojinBango=4010001071688"
001Nn00000eVcz1,4010001029496,丸紅パワー＆インフラシステムズ株式会社,,"5: 300億円以上~1,000億円未満",,【300億未満】11億円（2024年度・単体）,× 300億未満。自社HP会社概要で売上高11億円（2024年度） https://www.marubeni-mpsc.com/company/overview/
001Nn00000eVd09,2120001096131,京阪電鉄不動産株式会社,,"5: 300億円以上~1,000億円未満",,確認不可,△ 京阪HD子会社。自社HP企業概要・Gビズインフォ・親会社IR/有報・決算公告を確認したが単体売上高を特定できず https://www.keihan-kiss.co.jp/company/outline/
001Nn00000eVdA4,4260001001001,岡山県貨物運送株式会社,https://www.okaken.co.jp/company/associated,"5: 300億円以上~1,000億円未満",,331.85億円（2026年3月期・単体・営業収益）,"○ Gビズインフォ（EDINET有価証券報告書）。原文表記は営業収益33,184,661千円 https://info.gbiz.go.jp/hojin/ichiran?hojinBango=4260001001001"
001Nn00000eVdBW,3070001031919,コーセーインダストリーズ株式会社,http://www.kose.co.jp/company/ja/info/bases/,"5: 300億円以上~1,000億円未満",,確認不可,△ コーセー子会社。自社/親会社公式・Gビズインフォ・決算公告を確認したが当該法人単体売上高を特定できず https://www.kose.co.jp/company/ja/info/bases/
001Nn00000eVdBa,7060001001200,環境整備株式会社,https://www.kankyouseibi.co.jp/,"5: 300億円以上~1,000億円未満",,確認不可,△ 自社HP・Gビズインフォ・決算公告・新聞検索を確認したが直近3期の売上高を承認ソースで確認できず https://www.kankyouseibi.co.jp/
001Nn00000eVdBe,9010401092148,ＮＸキャリアロード株式会社,https://www.careerroad.co.jp/company,"5: 300億円以上~1,000億円未満",サトウリョウト26/07/17,確認不可,△ NXHD100%子会社。自社HP・親会社事業報告/IR・Gビズインフォ・決算公告を確認したが単体売上高を特定できず https://www.careerroad.co.jp/company
001Nn00000eVdBk,2010001138365,株式会社すかいらーくホールディングス,http://www.skylark.co.jp/,"6: 1,000億円以上",,"2,311.29億円（2025年12月期・単体）","○ Gビズインフォ（EDINET有価証券報告書）売上高231,129百万円 https://info.gbiz.go.jp/hojin/ichiran?hojinBango=2010001138365"
001Nn00000eVdBm,1180001016877,敷島製パン株式会社,https://www.pasconet.co.jp/corporate/about/,"6: 1,000億円以上",ナカムラシュント,"1,740.08億円（2024年8月期・単体）","○ 自社CSR報告書2024会社概要。売上高174,008百万円 https://www.pasconet.co.jp/csr/assets/pdf/csr/2024.pdf"
001Nn00000eVdBp,6300001004245,ダイレックス株式会社,https://www.ds-direx.co.jp/company/outline/,"6: 1,000億円以上",システム課/0952-32-6511(取次ぎ可能),"3,641億円（2026年3月期・単体）","○ 親会社サンドラッグ公式グループ企業情報。売上高3,641億円 https://www.sundrug.co.jp/company/group"
001Nn00000eVdBq,4110001013829,アークランズ株式会社,https://www.arclands.co.jp/ja/company/outline.html,"6: 1,000億円以上",,"2,430.05億円（2026年2月期・単体）","○ Gビズインフォ（EDINET有価証券報告書）売上高243,005百万円 https://info.gbiz.go.jp/hojin/ichiran?hojinBango=4110001013829"
001Nn00000eVdBr,8010901028635,小田急商事株式会社,http://www.odakyu-shoji.jp/,"5: 300億円以上~1,000億円未満",,674億円（2025年度・単体）,○ 自社公式採用サイト「データで見る小田急商事」2025年度売上高674億円 https://www.odakyu-shoji.jp/recruit/new_graduate/minutes/
001Nn00000eVdBu,3370401000427,株式会社ウジエスーパー,https://ujiesuper.com/会社概要/,"5: 300億円以上~1,000億円未満",ヤナギダタツヤ0715　🌿バイネーム(消さないで、、),確認不可,△ 確認不可。自社HP会社概要・Gビズインフォ・新聞記事を確認したが承認ソースで直近売上高を確認できず。求人媒体等の数値は不採用 https://ujiesuper.com/
001Nn00000eVdBw,4140001068093,エコートレーディング株式会社,http://echotd.co.jp/info/aboutus/,"6: 1,000億円以上",,"1,003.98億円（2026年2月期・単体）",○ 自社HP会社概要 https://echotd.co.jp/info/aboutus/
001Nn00000eVdBy,1120001079483,小西医療器株式会社,https://www.kns-md.co.jp/,"6: 1,000億円以上",キセカヨ,"1,497億円（2026年3月期・単体）",○ 自社HP会社概要 https://www.kns-md.co.jp/company/outline/
001Nn00000eVdBz,7180301005698,ササキ株式会社,http://www.sasaki-kk.co.jp,"5: 300億円以上~1,000億円未満",🤷‍♂️☆V 07/08〈水〉、定時00:00、🚨✳✡🔥　情シス選手交代,730億円（2026年3月期・単体）,○ 自社HP会社概要 https://www.sasaki-kk.co.jp/corporate/profile/overview.php
001Nn00000eVdC3,9180001021390,愛知機械工業株式会社,https://www.aichikikai.co.jp/company/outline.php,"6: 1,000億円以上",,確認不可,△ 確認不可。自社HP会社概要は「出荷金額」表記で売上高ではない。Gビズインフォ・決算公告・新聞記事も検索したが承認ソースで直近売上高を確認できず https://www.aichikikai.co.jp/company/outline.php
001Nn00000eVdC4,2300001003151,トヨタ紡織九州株式会社,https://www.tb-kyushu.co.jp/outline,"5: 300億円以上~1,000億円未満",,894億円（2023年度・単体）,○ 自社HP社長年頭挨拶（2023年度実績） https://www.tb-kyushu.co.jp/2025/01/post-4816
001Nn00000eVdC5,8010001034724,曙ブレーキ工業株式会社,https://www.akebono-brake.com/corporate/profile/index.html,"5: 300億円以上~1,000億円未満",8/6シモムラソウノスケ　【属性】🧸/👤経理：経営企画・事業管理部門 財務部/部長/細野 哲郎,644.46億円（2026年3月期・単体）,○ Gビズインフォ（EDINET有価証券報告書） https://info.gbiz.go.jp/hojin/ichiran?hojinBango=8010001034724
001Nn00000eVdC6,1011501001724,三恵技研工業株式会社,https://www.sankei-gk.co.jp/corporate/profile/,"6: 1,000億円以上",,"1,481億円（2026年3月期・連結）",○ 自社HP会社概要 https://www.sankei-gk.co.jp/corporate/profile/
001Nn00000eVdC7,7180001022424,株式会社トヨタレンタリース名古屋,http://www.trl-nagoya.co.jp,"5: 300億円以上~1,000億円未満",,335.87億円（2025年度・単体）,○ 自社HP会社概要 http://www.trl-nagoya.co.jp/company/
001Nn00000eVdCC,9010001098041,日鉄ケミカル＆マテリアル株式会社,https://www.nscm.nipponsteel.com/,"6: 1,000億円以上",,"2,579億円（2025年度・単体）",○ 自社HP決算情報 https://www.nscm.nipponsteel.com/company/account.html
001Nn00000eVdCE,2120001093269,日本精線株式会社,https://www.n-seisen.co.jp/company/overview/,"5: 300億円以上~1,000億円未満",,415.36億円（2026年3月期・単体）,○ Gビズインフォ（EDINET有価証券報告書） https://info.gbiz.go.jp/hojin/ichiran?hojinBango=2120001093269
001Nn00000eVdCL,9010001034987,株式会社ＮＩＰＰＯ,https://www.nippo-c.co.jp/company/network/honsha.html,"6: 1,000億円以上",,"2,237.39億円（2026年3月期・単体）",○ Gビズインフォ（EDINET有価証券報告書） https://info.gbiz.go.jp/hojin/ichiran?hojinBango=9010001034987
001Nn00000eVdCN,3240001009220,株式会社ソルコム,http://www.solcom.co.jp/,"5: 300億円以上~1,000億円未満",,確認不可,△ 子会社。自社HP電子公告・Gビズインフォ・親会社ミライト・ワンEDINETを確認。親会社資料は「ソルコム」セグメント値で単体売上と断定できないため不採用 https://www.solcom.co.jp/publicnotice/
001Nn00000eVdCR,3011101005999,京王電鉄株式会社,https://www.keio.co.jp/company/corporate/summary/,"6: 1,000億円以上",◆07/09(木)、定時00:00,"1,491.28億円（2026年3月期・単体・営業収益）",○ Gビズインフォ（EDINET有価証券報告書）。原文表記は営業収益 https://info.gbiz.go.jp/hojin/ichiran?hojinBango=3011101005999
001Nn00000eVdCW,9130001026717,ＳＧホールディングス株式会社,http://www.sg-hldgs.co.jp/,"6: 1,000億円以上",★08/17(月)、定時17:30、⭐🌟🚨✳✡ 👤情シス/DX,"16,447.62億円（2026年3月期・連結・営業収益）",○ 自社IR業績ハイライト。原文表記は営業収益 https://www.sg-hldgs.co.jp/ir/financial/highlight/
001Nn00000eVdFP,1180001025507,クロスプラス株式会社,http://www.crossplus.co.jp/,"5: 300億円以上~1,000億円未満",／,573.06億円（2026年1月期・単体）,○ 自社HP会社概要 https://www.crossplus.co.jp/company/profile/
001Nn00000eVdHx,8013301007523,マーレジャパン株式会社,https://www.jp.mahle.com/ja/mahle-in-japan/mahle-japan-ltd/,"5: 300億円以上~1,000億円未満",,373億円（2024年度・単体）,○ 自社HP会社概要 https://www.jp.mahle.com/ja/mahle-in-japan/mahle-japan-ltd/
001Nn00000eVdMI,4011701010514,スターツＣＡＭ株式会社,https://www.starts-cam.co.jp/company/outline/,"5: 300億円以上~1,000億円未満",,760.50億円（2025年3月期・単体）,○ 親会社スターツコーポレーション有価証券報告書「主要な損益情報等」 https://www.starts.co.jp/docs/pdf_w/ir%E6%9C%89%E5%A0%B12503_1.pdf
001Nn00000eVdMK,3010001151409,旭ファイバーグラス株式会社,https://www.afgc.co.jp/company/profile.html,"5: 300億円以上~1,000億円未満",,確認不可,△ 子会社。自社HP会社概要・決算公告・親会社情報を確認したが承認ソースで直近単体売上高を確認できず。求人媒体等の数値は不採用 https://www.afgc.co.jp/company/profile.html
001Nn00000eVdMR,3240001009146,広島アルミニウム工業株式会社,https://www.hai.co.jp/,"5: 300億円以上~1,000億円未満",🎯360:人材開発室／人材開発課 0826-52-7780（旧直通:082-233-2175　情報管理部）,990億円（2025年12月期・単体）,○ 自社HP会社概要 https://www.hai.co.jp/company/company_profile/
001Nn00000eVdMU,6180301021663,トリニティ工業株式会社,http://www.trinityind.co.jp,"5: 300億円以上~1,000億円未満",,343.40億円（2026年3月期・単体）,"○ 自社HP会社概要。単独売上高34,340百万円 https://www.trinityind.co.jp/company/companyprofile.php"
001Nn00000eVdMV,8020001032660,芝浦メカトロニクス株式会社,https://www.shibaura.co.jp/company/info.html,"5: 300億円以上~1,000億円未満",🔵MC:総務人事管理本部 045-897-2421 / 末永秀隆 執行役員、総務人事管理本部長兼横浜事業所,880.39億円（2025年度・連結）,○ 自社HP会社概要 https://www.shibaura.co.jp/company/info.html
001Nn00000eVdMb,8010001013240,株式会社ニュー・オータニ,https://www.newotani.co.jp/,"5: 300億円以上~1,000億円未満",,522.39億円（2025年3月期・単体）,○ 自社HP会社概要 https://www.newotani.co.jp/group/company/profile/
001Nn00000eVdMl,7013201016303,株式会社パン・パシフィック・インターナショナルホールディングス,https://ppih.co.jp/corp/address/,"5: 300億円以上~1,000億円未満",,"24,452.60億円（2026年6月期・連結）",○ 自社IR連結業績。持株会社のため連結採用 https://ppih.co.jp/ir/highlight/forecast/
001Nn00000eVdMr,3010701015631,富士石油株式会社,https://www.foc.co.jp/ja/corporate/profile.html,"6: 1,000億円以上",🔵MC:人事部／勤労厚生グループ 0438-63-7002 / 中山元宏 執行役員（総務部長） ｜🎯360:川畑尚之 代表取締役人財育成部担当（生産管理部担当,"8,321.41億円（2025年3月期・単体）","○ Gビズインフォ（EDINET有価証券報告書）売上高832,141百万円 https://info.gbiz.go.jp/hojin/ichiran?hojinBango=3010701015631"
001Nn00000eVdMs,8010401056384,エフサステクノロジーズ株式会社,https://www.fsastech.com/about/,"6: 1,000億円以上",イワマシリュウ_2026/08/10,確認不可,△ 富士通子会社。自社HP・Gビズインフォ・親会社富士通公開資料・決算公告を確認したが直近単体売上高を承認ソースで特定できず。求人媒体等の数値は不採用 https://www.fsastech.com/about/
001Nn00000eVdO0,7290801010170,株式会社ゾーン,https://zonegroup.co.jp/company,"5: 300億円以上~1,000億円未満",,303億円（2025年9月実績・単体）,○ 自社HP会社概要 https://zonegroup.co.jp/company
001Nn00000eVdON,2430001016743,株式会社ムトウ,https://www.wism-mutoh.jp/,"6: 1,000億円以上",,"1,793億円（2025年6月期・グループ計）",○ 自社HP会社概要。ムトウが子会社群を持つ親会社のためグループ計を採用 https://www.wism-mutoh.jp/company/company/
001Nn00000eVdOO,1500001004428,株式会社レデイ薬局,https://www.lady-drug.co.jp/company/outline/,"5: 300億円以上~1,000億円未満",,913.22億円（2026年2月期・単体）,"○ 自社HP業績ハイライト。売上高91,322百万円 https://www.lady-drug.co.jp/company/highlight/"
001Nn00000eVdOP,5011101054870,株式会社木下の介護,https://www.kinoshita-kaigo.co.jp/company,"5: 300億円以上~1,000億円未満",,確認不可,△ 子会社。自社HP会社情報・Gビズインフォ・決算公告を確認したが承認ソースで直近単体売上高を確認できず。求人・口コミ媒体の数値は不採用 https://www.kinoshita-kaigo.co.jp/company
001Nn00000eVdOV,4010401081444,サントリー株式会社,https://www.suntory.co.jp/company/group/spirits/index.html,"5: 300億円以上~1,000億円未満",,確認不可,△ サントリーHD子会社。自社公式グループ企業情報・公的情報を確認したがサントリー株式会社単体の直近売上高を確認できず。HD連結値は子会社判定に不採用 https://www.suntory.co.jp/company/group/spirits/
001Nn00000eVdOv,6010001065085,三菱地所・サイモン株式会社,http://www.premiumoutlets.co.jp/company,"5: 300億円以上~1,000億円未満",／,609億円（2024年度・単体）,○ 自社公式採用サイト。2024年度は過去最高売上、売上高609億円 https://www.premiumoutlets.co.jp/recruit/freshers/aboutus/
001Nn00000eVdPO,5140001080460,ハウスウェルネスフーズ株式会社,https://www.house-wf.co.jp/company/information.html,"5: 300億円以上~1,000億円未満",,確認不可,△ ハウス食品G子会社。自社HP・Gビズインフォ・親会社IRを確認。健康食品事業169億円はセグメント値で単体売上と断定できないため不採用 https://www.house-wf.co.jp/company/information.html
001Nn00000eVdPT,9010401074848,ヴァーレ・ジャパン株式会社,http://valejapan.com/?page_id=18,"5: 300億円以上~1,000億円未満",／,327.96億円（2025年12月期・単体）,"○ Gビズインフォ第61期決算公告。売上高32,796百万円 https://info.gbiz.go.jp/hojin/financialstatement?kessanJohoId=ea278c52-a7c6-4bcf-a0c1-59bab78a468b"
001Nn00000eVdSN,3013201006101,株式会社ユカ,http://www.yukanet.co.jp/,"5: 300億円以上~1,000億円未満",,【300億未満】278億円（2025年12月期・単体）,× 300億未満。自社HP会社概要に年商278億円（2025年12月税抜実績） https://www.yukanet.co.jp/yuka_hp/c_company/company01_j.html
001Nn00000eVdTH,1240001033073,株式会社青山キャピタル,https://www.aoyama-card.co.jp/,"6: 1,000億円以上",ミヤケ様　穏やかだが部署異動で顧客対応の部署に回った　今後私宛の電話は遠慮いただきたいと,確認不可,△ 青山商事グループ子会社。自社HP企業情報・Gビズインフォ・金融庁登録情報・決算公告を確認したが売上高/営業収益を承認ソースで確認できず https://www.aoyama-card.co.jp/company/about/
001Nn00000eVdUV,3120001066397,大和ライフネクスト株式会社,https://www.daiwalifenext.co.jp/,"5: 300億円以上~1,000億円未満",,"1,195.51億円（2026年3月期・単体）","○ 自社HP会社概要。売上高1,195億5,132万円 https://www.daiwalifenext.co.jp/company/company.html"
001Nn00000eVdUW,5120901008067,株式会社ビケンテクノ,http://www.bikentechno.co.jp/,"5: 300億円以上~1,000億円未満",／,300.99億円（2026年3月期・単体）,"○ Gビズインフォ（EDINET有価証券報告書）売上高30,099,473千円 https://info.gbiz.go.jp/hojin/ichiran?hojinBango=5120901008067"
001Nn00000eVdUZ,6240001006652,積水ハウスシャーメゾンＰＭ中国四国株式会社,https://sumusite.sekisuihouse.co.jp/chushikoku/office/,"5: 300億円以上~1,000億円未満",,確認不可,△ 積水ハウスグループ子会社。自社/親会社公式サイト・Gビズインフォ・決算公告を確認したが直近単体売上高を承認ソースで確認できず。二次サイトの692億円は不採用 https://www.sekisuihouse.co.jp/company/info/outline/
001Nn00000eVdUe,3190001008789,パナソニックライティングシステムズ株式会社,https://panasonic.co.jp/ew/plsys/company/,"5: 300億円以上~1,000億円未満",,確認不可,△ パナソニックG子会社。自社HP会社情報・2024〜2026年決算公告・Gビズインフォを確認したが売上高を直接確認できず。求人媒体の373億円は不採用 https://panasonic.co.jp/ew/plsys/accounts/index.html
001Nn00000eVdUq,4011001040690,サッポロビール株式会社,https://www.sapporobeer.jp/,"6: 1,000億円以上",,対象外（吸収合併により法人格消滅）,× 法人格消滅。Gビズインフォで2026年7月1日「合併による解散等」を確認 https://info.gbiz.go.jp/hojin/ichiran?hojinBango=4011001040690
001Nn00000eVdUr,5260001001660,オハヨー乳業株式会社,https://www.ohayo-milk.co.jp/,"5: 300億円以上~1,000億円未満",,465億円（2026年3月期・単体）,○ 自社HP会社概要 https://www.ohayo-milk.co.jp/company/
001Nn00000eVdUt,4200001020808,中部薬品株式会社,https://www.vdrug.co.jp/company/overview/,"6: 1,000億円以上",,"1,834.92億円（2026年3月期・単体）",○ 自社HP会社概要 https://www.vdrug.co.jp/company/overview/
001Nn00000eVdUv,3040001004935,株式会社千葉薬品,https://yacs.jp/company/outline/,"5: 300億円以上~1,000億円未満",ナカムラシュント,確認不可,△ 最新売上高が非公表。自社HP会社概要・公式採用・Gビズインフォ・決算公告を確認。公式で確認できる売上高は491億円（2017年度）までで3期超 https://yacs.jp/home/recruit/company/outline/index.html
001Nn00000eVdUx,1011101058470,株式会社エンパワー,https://www.en-power.jp/,"5: 300億円以上~1,000億円未満",🔵MC:人事部 03-6304-5806 ｜ ★09/09(月)、定時00:00、🔵🌑✳✡💡🌅🔥👤情シス/DX※経理宛,977億円超（2025年度・単体）,○ 自社公式採用ページ https://www.en-power.jp/recruit/requirements/
001Nn00000eVdUy,3360001009464,株式会社野嵩商会,https://union-okinawa.com/about/company/,"5: 300億円以上~1,000億円未満",／🌟🚨,378億円（2025年3月期・単体）,○ 自社HP会社概要 https://union-okinawa.com/about/company/
001Nn00000eVdV2,4010501024971,株式会社シモジマ,https://www.shimojima.co.jp/aboutus/outline.html,"5: 300億円以上~1,000億円未満",,581.81億円（2026年3月期・単体）,○ Gビズインフォ（EDINET有価証券報告書） https://info.gbiz.go.jp/hojin/ichiran?hojinBango=4010501024971
001Nn00000eVdV6,6230001012346,アイシン軽金属株式会社,http://www.aisin-ak.co.jp/,"5: 300億円以上~1,000億円未満",,952億円（2025年度・単体）,○ 自社HP会社概要。アイシン子会社だが単独売上952億円 https://www.aisin.com/jp/group/aisin-ak/jp/company/outline.php
001Nn00000eVdV7,1180001080700,株式会社今仙電機製作所,https://www.imasen.co.jp/company/profile_profile/,"5: 300億円以上~1,000億円未満",,434.81億円（2026年3月期・単体）,"○ Gビズインフォ（EDINET有価証券報告書）売上高43,481百万円 https://info.gbiz.go.jp/hojin/ichiran?hojinBango=1180001080700"
001Nn00000eVdV8,6080101015719,コイト電工株式会社,https://www.koito-ind.co.jp/company/data.html,"5: 300億円以上~1,000億円未満",,391.59億円（2026年3月期・単体）,○ 自社HP会社概要 https://www.koito-ind.co.jp/company/data.html
001Nn00000eVdVA,8180301018138,アラコ株式会社,https://www.araco.co.jp/company/outline.html,"5: 300億円以上~1,000億円未満",イワマシリュウ_2026/08/10,610億円（2024年度・単体）,○ 自社公式採用資料「数字で見るアラコ」 https://www.araco.co.jp/highschool/pdf/araco-suuji2025.pdf
001Nn00000eVdVB,1180301013673,アスカ株式会社,https://www.aska.co.jp/,"5: 300億円以上~1,000億円未満",【属性】🦁👤経理：　受付〇・管理本部/取締役 管理本部副本部長兼経理部長/磯貝 啓治,360.03億円（2025年11月期・単体）,"○ Gビズインフォ（EDINET有価証券報告書）売上高36,002,692千円 https://info.gbiz.go.jp/hojin/ichiran?hojinBango=1180301013673"
001Nn00000eVdVD,4350001004184,株式会社デンソー宮崎,https://www.denso.com/group/denso-miyazaki/,"5: 300億円以上~1,000億円未満",🔵MC:経営企画部／総務人事課 0985-75-1236,361億円（2024年度・単体）,○ デンソー宮崎公式会社概要。デンソー100%子会社だが単体売上361億円 https://www.denso.com/group/denso-miyazaki/company-profile/about-company/
001Nn00000eVdVG,1200001001471,岐阜プラスチック工業株式会社,https://www.risu.co.jp/group/company/gifu-plastic-industry/,"5: 300億円以上~1,000億円未満",,"1,137億円（2024年度・グループ連結）",○ 自社公式総合カタログ。子会社を保有するグループ親会社の連結売上 https://www.risu.co.jp/group/company/gifu-plastic-industry/ebook/risu2026_v2/pageindices/index416.html
001Nn00000eVdVH,9010001031687,吉野石膏株式会社,https://yoshino-gypsum.com/cprt/index,"6: 1,000億円以上",🔵MC:人事部／人事課 03-3216-0959（旧直通:エンジニアリング部／制御システム課：03-3890-1103）,"1,545億円（2024年12月期・単体）",○ 自社公式採用サイト会社概要 https://yoshino-gypsum.com/site/recruit/company/
001Nn00000eVdVI,8180301011183,竹本油脂株式会社,http://www.takemoto.co.jp,"5: 300億円以上~1,000億円未満",,"1,087億円（2025年12月期・単体）",○ 自社HP会社概要 https://www.takemoto.co.jp/company/summary/
001Nn00000eVdVK,2180001020102,中部鋼鈑株式会社,https://www.chubukohan.co.jp/company/profile,"5: 300億円以上~1,000億円未満",,475.01億円（2026年3月期・単体）,"○ Gビズインフォ（EDINET有価証券報告書）売上高47,501百万円 https://info.gbiz.go.jp/hojin/ichiran?hojinBango=2180001020102"
001Nn00000eVdVP,8120001062482,関電サービス株式会社,https://www.kandensv.co.jp/,"5: 300億円以上~1,000億円未満",,確認不可,△ 関西電力子会社。自社HP会社概要・Gビズインフォ・第39〜41期決算公告を確認したが公告は貸借対照表のみで単体売上高の記載なし https://www.kandensv.co.jp/about/accounts.html
001Nn00000eVdVR,4010001141053,株式会社不動テトラ,https://www.fudotetra.co.jp/company/office/,"5: 300億円以上~1,000億円未満",キセカヨ,752.04億円（2026年3月期・単体）,"○ Gビズインフォ（EDINET有価証券報告書）売上高75,204百万円 https://info.gbiz.go.jp/hojin/ichiran?hojinBango=4010001141053"
001Nn00000eVdVW,3010001014251,株式会社近鉄エクスプレス,https://www.kwe.com/jp/about/whoweare/profile/,"6: 1,000億円以上",,"1,464.56億円（2025年3月期・単体・営業収入）","○ Gビズインフォ第56期決算公告。原文表記は営業収入146,456百万円 https://info.gbiz.go.jp/hojin/financialstatement?kessanJohoId=796d60ab-3460-4c27-8d62-14c1c4020c6b"
001Nn00000eVdVY,9190001015895,日本トランスシティ株式会社,https://www.trancy.co.jp/,"6: 1,000億円以上",,"1,255.17億円（2026年3月期・連結・営業収入）","○ 自社HP会社概要。原文表記は営業収入（連結）1,255億17百万円 https://www.trancy.co.jp/about/information/"
001Nn00000eVdVZ,5230001002133,富山地方鉄道株式会社,https://www.chitetsu.co.jp/,"5: 300億円以上~1,000億円未満",7/13シモムラソウノスケ,【300億未満】64.33億円（2026年3月期・単体）,"× 300億未満。自社HP会社概要 売上高6,433,310千円 https://www.chitetsu.co.jp/?page_id=712"
001Nn00000eVdVf,6290801012011,若築建設株式会社,https://www.wakachiku.co.jp/,"5: 300億円以上~1,000億円未満",,"1,017.76億円（2026年3月期・単体）","○ Gビズインフォ（EDINET有価証券報告書）売上高101,776百万円 https://info.gbiz.go.jp/hojin/ichiran?hojinBango=6290801012011"
001Nn00000eVdVg,6300001000905,松尾建設株式会社,http://www.matsuo.gr.jp/,"5: 300億円以上~1,000億円未満",,657.98億円（2026年3月期・単体）,"○ Gビズインフォ（EDINET有価証券報告書）売上高65,798百万円 https://info.gbiz.go.jp/hojin/ichiran?hojinBango=6300001000905"
001Nn00000eVdVn,1010001008825,東京電力ホールディングス株式会社,https://www.tepco.co.jp/about/corporateinfo/holdings/,"6: 1,000億円以上",／,"63,285.74億円（2026年3月期・連結）","○ 自社IR 2026年3月期決算短信。連結外部顧客売上高6,328,574百万円 https://www.tepco.co.jp/about/ir/library/results/pdf/2603q4tanshin-j.pdf"
001Nn00000eVdVp,8120001062598,株式会社かんでんエンジニアリング,https://www.kanden-eng.co.jp/company/profile/,"5: 300億円以上~1,000億円未満",,"1,085億円（2025年度・単体）",○ 自社HP会社概要 https://www.kanden-eng.co.jp/company/profile/
001Nn00000eVdW5,3120001039510,サンヨーホームズ株式会社,https://www.sanyohomes.co.jp/company/c02.html,"5: 300億円以上~1,000億円未満",,389.19億円（2026年3月期・単体）,"○ Gビズインフォ（EDINET有価証券報告書）売上高38,919,456千円 https://info.gbiz.go.jp/hojin/ichiran?hojinBango=3120001039510"
001Nn00000eVdW8,5120101023932,株式会社ＩＨＩインフラシステム,https://www.ihi.co.jp/iis/company/outline/index.html,"5: 300億円以上~1,000億円未満",,541.30億円（2025年3月期・単体）,"○ IHI公式統合リリース。IHI100%子会社だが対象法人の売上高54,130百万円 https://www.ihi.co.jp/iis/news_iik/2025/250718.html"
001Nn00000eVdWH,6010001098721,株式会社水力機電工事,http://www.suiryoku-kiden.co.jp/company.html,"5: 300億円以上~1,000億円未満",,【300億未満】15.10億円（2024年度・単体）,× 300億未満。自社HP会社概要 売上高15億1千万円 https://suiryoku-kiden.co.jp/company.html
001Nn00000eVdXg,9011101037046,キッチンテクノ株式会社,https://www.kitchen-t.co.jp/about/company.html,"5: 300億円以上~1,000億円未満",,【300億未満】42.85億円（2026年4月期・単体）,"× 300億未満。親会社テンポスHD 2026年4月期決算短信に子会社単体売上4,285百万円 https://www.tenpos.co.jp/ir/irlib/achievement/pdf/R8_4re.pdf"
001Nn00000eVdYs,3260001015349,株式会社スチールハブ,http://steelhub.co.jp,"6: 1,000億円以上",,"1,384億円（2026年3月期・単体）","○ 自社HP会社概要。今治造船子会社だが対象法人売上1,384億円 https://steelhub.co.jp/company/"
001Nn00000eVdcL,8011001035803,株式会社エスアイシステム,https://www.sistm.co.jp/,"6: 1,000億円以上",,"1,796億円（2026年2月期・単体）","○ 自社HP会社概要。雪印メグミルク100%子会社だが対象法人売上1,796億円 https://www.sistm.co.jp/company/"
001Nn00000eVdcQ,9120901017329,グリーンホスピタルサプライ株式会社,https://www.ghs-inc.co.jp/,"5: 300億円以上~1,000億円未満",キクチリョウスケ0604,"1,041億円（2026年3月期・単体）","○ 自社HP会社概要。シップヘルスケアG子会社だが単体売上1,041億円 https://ghs-inc.co.jp/company/company_about/"
001Nn00000eVdfW,8012401019024,アグレ都市デザイン株式会社,https://about.agr-urban.co.jp/profile/,"5: 300億円以上~1,000億円未満",,368.39億円（2026年3月期・単体）,"○ Gビズインフォ（EDINET有価証券報告書）売上高36,838,540千円 https://info.gbiz.go.jp/hojin/ichiran?hojinBango=8012401019024"
001Nn00000eVdfZ,8110001004394,ナミックス株式会社,https://www.namics.co.jp/company/outline/,"5: 300億円以上~1,000億円未満",,"1,282億円（2025年度・単体）",○ 自社HP会社概要 https://www.namics.co.jp/company/outline/
001Nn00000eVdfa,2290001036343,西部電機株式会社,https://www.seibudenki.co.jp/company/data.html,"5: 300億円以上~1,000億円未満",🔵MC:管理本部／人事総務部 092-941-1500 / 後藤俊哉 管理本部人事総務部長、取締役兼専務執行役（旧直通:経営企画部／広報・ＩＲ推進課：092-941-1500）,380.43億円（2026年3月期・単体）,"○ Gビズインフォ（EDINET有価証券報告書）売上高38,043百万円 https://info.gbiz.go.jp/hojin/ichiran?hojinBango=2290001036343"
001Nn00000eVdfs,6010401061171,株式会社コナミデジタルエンタテインメント,https://www.konami.com/games/corporate/ja/,"6: 1,000億円以上",,"3,431.82億円（2026年3月期・単体）","○ 親会社コナミグループ2026年3月期有価証券報告書「主要な損益情報等」売上高343,182百万円 https://info.gbiz.go.jp/hojin/edinetDownload?docId=S100YKX5"
001Nn00000eVdfu,6010001050764,電源開発株式会社,https://www.jpower.co.jp,"6: 1,000億円以上",,"8,278.91億円（2026年3月期・単体・営業収益）","○ 自社有価証券報告書。原文表記は営業収益827,891百万円 https://www.jpower.co.jp/ir/pdf/houkoku74q4.pdf"
001Nn00000eVdfx,9120001097305,株式会社ラクス,https://www.rakus.co.jp/company/outline/,"5: 300億円以上~1,000億円未満",,503.94億円（2026年3月期・単体）,"○ Gビズインフォ（EDINET有価証券報告書）売上高50,394百万円 https://info.gbiz.go.jp/hojin/ichiran?hojinBango=9120001097305"
001Nn00000eVdhH,7011101053202,エドワーズライフサイエンス合同会社,https://www.edwards.com/jp/about-us/company-profile,"5: 300億円以上~1,000億円未満",,対象外（合同会社）,× 法人格。直アポ大は株式会社のみ。合同会社のため対象外
001Nn00000eVdhO,2010401046465,ジンマー・バイオメット合同会社,https://www.zimmerbiomet.com/ja,"5: 300億円以上~1,000億円未満",,対象外（合同会社）,× 法人格。直アポ大は株式会社のみ。合同会社のため対象外
001Nn00000eVdhR,2010001017825,旭化成ファーマ株式会社,https://www.asahikasei-pharma.co.jp/company/profile.html,"5: 300億円以上~1,000億円未満",,確認不可,△ 2026/4/1に旭化成ファーマから旭化成セラピューティクスへ商号変更。自社HP・旭化成IR・Gビズインフォを確認したが対象法人の直近単体売上高を承認ソースで特定できず https://www.asahi-kasei.co.jp/pharma/company/message.html
001Nn00000eVdhS,5120001109492,株式会社チャーム・ケア・コーポレーション,https://www.charmcc.jp/corp/company/overview/,"5: 300億円以上~1,000億円未満",ナカムラシュント,466.73億円（2025年6月期・連結）,"○ 自社公式採用サイト会社概要。連結売上高46,673百万円 https://recruit.charmcc.jp/company/"
001Nn00000eVdhT,5010401134779,クオール株式会社,https://www.qol-net.co.jp/company/data.html,"6: 1,000億円以上",,"2,907億円（2026年3月期・連結）",○ 自社HP企業データ https://www.qol-net.co.jp/company/data.html
001Nn00000eVdiP,3010401029460,メルセデス・ベンツ日本合同会社,http://www.mercedes-benz.co.jp/,"6: 1,000億円以上",,対象外（合同会社）,× 法人格。直アポ大は株式会社のみ。合同会社のため対象外
001Nn00000eVdiV,8120001145733,株式会社鍜治田工務店,https://www.kajita.co.jp/place_osaka.html,"5: 300億円以上~1,000億円未満",イワマシリュウ_2026/08/10,確認不可,△ 自社HP会社概要/業績・Gビズインフォ・決算公告を確認。公式ページに総売上高グラフはあるが数値テキストを検証できず、求人媒体数値は不採用 https://www.kajita.co.jp/profile.html
001Nn00000eVdiZ,8010601034743,株式会社郵便局物販サービス,https://www.jp-ts.jp/Content/about/outline.html,"6: 1,000億円以上",,確認不可,△ 日本郵便100%子会社。自社HP会社概要・Gビズインフォ・直近決算公告を確認したが売上高非開示 https://www.jp-ts.jp/Content/about/outline.html
001Nn00000eVdib,7120001133929,日清食品株式会社,https://www.nissin.com/jp/company/about/nissinfoods/outline/,"6: 1,000億円以上",,確認不可,"△ 日清食品HD子会社。自社HP・Gビズインフォ・親会社IR/有報を確認したが対象法人単体の直近売上高を特定できず。HD連結7,881.31億円は不採用 https://info.gbiz.go.jp/hojin/ichiran?hojinBango=7120001133929"
001Nn00000eVdid,9010601005099,日発販売株式会社,http://www.nippan-inc.co.jp/,"5: 300億円以上~1,000億円未満",シモムラソウノスケ　7/16,確認不可,△ 日本発条グループ。自社HP会社概況・Gビズインフォ・親会社公開資料を確認したが承認ソースで直近単体売上高を確認できず。民間公告集約サイト数値は不採用 https://www.nippan-inc.co.jp/company-gaikyo
001Nn00000eVdif,3120001077485,蝶理株式会社,https://www.chori.co.jp/company/overview.html,"6: 1,000億円以上",◆07/09(木)、定時00:00,"1,521.53億円（2026年3月期・単体）","○ Gビズインフォ（EDINET有価証券報告書）売上高152,153百万円 https://info.gbiz.go.jp/hojin/ichiran?hojinBango=3120001077485"
001Nn00000eVdls,4180001048892,ダイコク電機株式会社,https://www.daikoku.co.jp/corporate/access/honsha/,"5: 300億円以上~1,000億円未満",,472.30億円（2026年3月期・単体）,"○ Gビズインフォ（EDINET有価証券報告書）売上高47,230,464千円 https://info.gbiz.go.jp/hojin/ichiran?hojinBango=4180001048892"
001Nn00000eVdlz,7130001011258,ＴＯＷＡ株式会社,https://www.towajapan.co.jp/jp/company/about/,"5: 300億円以上~1,000億円未満",,415.12億円（2026年3月期・単体）,"○ Gビズインフォ（EDINET有価証券報告書）売上高41,511,773千円 https://info.gbiz.go.jp/hojin/ichiran?hojinBango=7130001011258"
001Nn00000eVdm8,8180301012553,五十鈴東海株式会社,https://isz-recruit.co.jp/about_company/group/toukai/,"5: 300億円以上~1,000億円未満",,確認不可,△ 五十鈴グループ子会社。公式グループ情報・Gビズインフォ・直近決算公告を確認したが売上高非開示。求人/口コミ媒体の数値は不採用 https://info.gbiz.go.jp/hojin/ichiran?hojinBango=8180301012553
001Nn00000eVdmZ,9390001004498,東北パイオニア株式会社,http://pioneer.jp/topec/,"5: 300億円以上~1,000億円未満",／,確認不可,△ パイオニア子会社。自社公式会社概要・Gビズインフォを確認したが現行の売上高記載なし。公式で確認できる504.6億円は2019年3月期で3期超のため不採用 https://jpn.pioneer/ja/corp/group/tohokupioneer/info/profile/
001Nn00000eVdml,2010001020192,ＳＭＢ建材株式会社,http://www.smb-kenzai.com,"6: 1,000億円以上",,確認不可,"△ 自社HP会社概要では2026年3月期「取扱高3,263億円」のみで売上高ではない。公的情報も確認したが直近売上高を特定できず https://www.smb-kenzai.com/company/companydata/"
001Nn00000eVdmp,6290001002993,コカ・コーラボトラーズジャパンベンディング株式会社,,"5: 300億円以上~1,000億円未満",／,確認不可,△ CCBJ子会社。自社公式採用・Gビズインフォ・親会社公式2025年度決算公告を確認したが公告は貸借対照表のみで売上高非開示 https://www.ccbj-holdings.com/corporate/public_notice/group/
001Nn00000eVdmq,4010401113445,Ｐｒｉｍｅｔａｌｓ　Ｔｅｃｈｎｏｌｏｇｉｅｓ　Ｊａｐａｎ株式会社,http://www.primetals.co.jp/japan,"5: 300億円以上~1,000億円未満",6/22シモムラソウノスケ,確認不可,△ 三菱重工系子会社。自社公式会社概要・Gビズインフォを確認したが売上高記載なし。求人媒体の887億円は承認外のため不採用 https://www.primetals.com/en/about-us/locations/primetals-japan/
001Nn00000eVdmu,2120101034032,モリ工業株式会社,https://www.mory.co.jp/content/company/office/,"5: 300億円以上~1,000億円未満",★09/10(木)、定時17:00、🔵🌑🌅👤営業,414.83億円（2026年3月期・単体）,"○ Gビズインフォ（EDINET有価証券報告書）売上高41,483百万円 https://info.gbiz.go.jp/hojin/ichiran?hojinBango=2120101034032"
001Nn00000eVdmv,6120001059670,中西金属工業株式会社,https://www.nkc-j.co.jp/company/about/,"5: 300億円以上~1,000億円未満",🔵MC:人事部／人事グループ 06-6351-4835 ｜🎯360:人事部／人事グループ／人材開発チーム 06-6351-4835 / 原田実咲 人事 教育担当,確認不可,△ 自社HP・Gビズインフォ・決算公告を確認したが承認ソース上で直近売上高を取得できず。民間公告集約/求人媒体の数値は不採用 https://info.gbiz.go.jp/hojin/ichiran?hojinBango=6120001059670
001Nn00000eVdmx,2010701007860,日本ドライケミカル株式会社,https://www.ndc-group.co.jp/info/contact/index.html,"5: 300億円以上~1,000億円未満",ヤナギダタツヤ0709　リンモチハウスからいってって言われてるのでリスト申請中です,490.43億円（2026年3月期・単体）,"○ Gビズインフォ（EDINET有価証券報告書）売上高49,042,557千円 https://info.gbiz.go.jp/hojin/ichiran?hojinBango=2010701007860"
001Nn00000eVdmz,6010401020094,東海カーボン株式会社,https://www.tokaicarbon.co.jp/company/profile.html,"5: 300億円以上~1,000億円未満",,735.60億円（2025年12月期・単体）,"○ Gビズインフォ（EDINET有価証券報告書）売上高73,560百万円 https://info.gbiz.go.jp/hojin/ichiran?hojinBango=6010401020094"
001Nn00000eVdpO,2011701006035,株式会社日本産業,,"6: 1,000億円以上",,確認不可,"△ 法人番号2011701006035で照合。東京都江戸川区の同名法人。自社公式サイトを特定できず、公的情報でも直近売上高を確認できないため、別法人の3,193億円は不採用"
001Nn00000eVdsI,4011101078895,テイケイネクスト株式会社,https://www.tknext.jp/profile/outline.php,"5: 300億円以上~1,000億円未満",,【300億未満】33.20億円（2025年6月度・単体）,× 300億未満。自社公式PDF会社概要に売上33.2億円（令和7年6月度） https://www.tknext.jp/img/pdf/kawasaki.pdf
001Nn00000eVdsJ,7010003025144,デロイトトーマツグループ合同会社,https://www2.deloitte.com/jp/ja/pages/about-deloitte/articles/dtcs/dtcs.html,"5: 300億円以上~1,000億円未満",,対象外（合同会社）,× 法人格。直アポ大は株式会社のみ。合同会社のため対象外
001Nn00000eVdsX,6120001043369,コンドーテック株式会社,https://www.kondotec.co.jp/corporate/outline.html,"5: 300億円以上~1,000億円未満",,839億円（2026年3月期）,○ 自社HP会社概要 売上高839億円 https://www.kondotec.co.jp/corporate/outline.html
001Nn00000eVdsY,3010701020722,株式会社学研ココファン,https://cocofump.gakken.co.jp/company/about/,"5: 300億円以上~1,000億円未満",,387.90億円（2024年9月期・単体）,"○ 親会社学研HDのEDINET有価証券報告書「主要な損益情報等」売上高38,790百万円 https://disclosure2dl.edinet-fsa.go.jp/searchdocument/pdf/S100UZJI.pdf"
001Nn00000eVdsa,2180001141237,株式会社コメ兵,https://www.komehyo.co.jp/s_pages/company/,"5: 300億円以上~1,000億円未満",,"1,464.75億円（2026年3月期・単体）","○ 親会社コメ兵HD有価証券報告書「主要な損益情報等」売上高146,475,058千円 https://komehyohds.com/ir/upload_file/m005-m005_02/S100YHJR.pdf"
001Nn00000eVdsb,6011201002019,株式会社鷺宮製作所,https://www.saginomiya.co.jp/,"5: 300億円以上~1,000億円未満",,確認不可,△ 自社HP会社概要・Gビズインフォ・決算公告を確認したが、承認ソースで直近売上高を確認できず https://info.gbiz.go.jp/hojin/ichiran?hojinBango=6011201002019
001Nn00000eVdsd,5120001077541,扶桑薬品工業株式会社,https://www.fuso-pharm.co.jp/,"5: 300億円以上~1,000億円未満",ニシカワコタロウ,623.07億円（2026年3月期・単体）,"○ 自社IR財務ハイライト 売上高62,307百万円 https://www.fuso-pharm.co.jp/investor/highlight/transition/"
001Nn00000eVdsg,7010701022491,日鉄エンジニアリング株式会社,https://www.eng.nipponsteel.com/company/office/headoffice/,"6: 1,000億円以上",／,"2,519.62億円（2026年3月期・単体）","○ 自社第21期報告書。原文表記は完成工事高251,962百万円 https://www.eng.nipponsteel.com/files_publish/page/13/21th_financial-report.pdf"
001Nn00000eVdsj,7011801017596,株式会社グローバルキッズ,https://www.gkids.co.jp/,"5: 300億円以上~1,000億円未満",,確認不可,△ 親会社グローバルキッズCOMPANYの最新有報まで確認。対象子会社はセグメント売上の90%超として主要損益情報の記載省略のため単体売上を特定不可 https://www.gkids.jp/ir/library/report/
001Nn00000eVdyf,1130001079482,株式会社水上,,"5: 300億円以上~1,000億円未満",,確認不可,△ 法人番号1130001079482で照合。2025年新設の京都府法人。公式サイト・Gビズインフォ・決算公告で直近売上高を確認できず、同名他社の数値は不採用
001Nn00000eVdyh,6010401033848,大和地所レジデンス株式会社,,"5: 300億円以上~1,000億円未満",,356.36億円（2026年3月期・単体）,"○ 自社第35期決算公告 損益計算書 売上高35,636百万円 https://www.daiwa-r.co.jp/company/announcement/pdf/20260701.pdf"
001Nn00000eVe3z,1011001022758,明星食品株式会社,https://www.myojofoods.co.jp/company/info/,"5: 300億円以上~1,000億円未満",X,確認不可,△ 日清食品HD子会社。自社HP・親会社有報/決算資料・Gビズインフォを確認。親会社セグメント売上収益483.02億円は単体値と断定できないため不採用 https://www.myojofoods.co.jp/company/info/
001Nn00000eVe43,3350001012675,霧島酒造株式会社,https://www.kirishima.co.jp/company/about/,"5: 300億円以上~1,000億円未満",360°評価　【属性】🧸/👤情シス/DX：DX推進本部/非開示/財津 将平👤情シス/DX：DX推進本部/非開示/大久保 昌博,530億円（2025年度・単体）,○ 自社HP「数字で見る霧島酒造」売上530億円 https://www.kirishima.co.jp/knowledge/data/
001Nn00000eVe45,6200001020814,中部フーズ株式会社,https://chubufoods.co.jp/company/,"5: 300億円以上~1,000億円未満",,確認不可,△ バローHD子会社。自社HP・親会社IR・Gビズインフォ・決算公告を確認したが、直近単体売上高の記載なし https://chubufoods.co.jp/company/
001Nn00000eVeEb,8010001254982,株式会社トライトキャリア,,"5: 300億円以上~1,000億円未満",,確認不可,△ 法人番号8010001254982で照合。2025年設立後、2026年に旧トライトキャリアを吸収合併。自社HP・公的情報を確認したが現法人の売上高を確認できず https://tryt-group.co.jp/about/company_prof/
001Nn00000eVeFn,4430001015594,ホクレンくみあい飼料株式会社,https://kumiai-siryo.jp/company/,"5: 300億円以上~1,000億円未満",,593億円（2025年度・単体）,○ 自社公式サイトからリンクされた採用サイト会社概要 売上高593億円 https://hokukumi-saiyo.info/
001Nn00000eVeG5,3240001010310,株式会社福屋,https://www.fukuya-dept.co.jp/,"5: 300億円以上~1,000億円未満",,確認不可,△ 自社HP・新聞社記事・公的情報・決算公告を確認したが、承認ソースで直近売上高を直接確認できず。民間公告集約の数値は不採用 https://www.fukuya-dept.co.jp/
001Nn00000eVeGC,9330001003051,株式会社鶴屋百貨店,https://www.tsuruya-dept.co.jp/,"5: 300億円以上~1,000億円未満",,470.29億円（2025年2月期・単体）,○ 自社HP会社概要 売上高470億29百万円 https://www.tsuruya-dept.co.jp/company/index.html
001Nn00000eVeGM,1010701003241,高周波熱錬株式会社,https://www.k-neturen.co.jp/,"5: 300億円以上~1,000億円未満",オガタユウ_2026/07/14,582.77億円（2026年3月期・連結）,○ 自社HP会社概要。単体296.32億円だが親会社のため連結582.77億円を採用 https://www.k-neturen.co.jp/ja/company/outline.html
001Nn00000eVeGR,6010001034750,ヱスビー食品株式会社,https://www.sbfoods.co.jp/,"6: 1,000億円以上",🔵MC:管理サポートグループ／人事総務室　03-5918-6587 ｜既存:03-5918-6587,"1,290.22億円（2026年3月期・連結）","○ 自社IR 2026年3月期決算短信。連結売上高129,022百万円 https://www.sbfoods.co.jp/company/ir/library/results/"
001Nn00000eVeGS,5120001077459,タカラベルモント株式会社,https://www.takarabelmont.com/company/profile/,"5: 300億円以上~1,000億円未満",,675億円（2026年3月期・単体）,○ 自社HP「売上高」。タカラベルモント単体675億円 https://www.takarabelmont.com/company/earnings/
001Nn00000eVeGU,7010001034799,三井住友海上あいおい生命保険株式会社,https://www.msa-life.co.jp/,"6: 1,000億円以上",,"5,438.03億円（2025年3月期・単体・経常収益）","○ 自社公式2024年度決算。生命保険のため売上高に代えて経常収益543,803百万円を採用 https://www.msa-life.co.jp/news/pdf/20250520_2024kessan.pdf"
001Nn00000eVeGW,1010601016863,ライオン株式会社,https://www.lion.co.jp/ja/company/establishment/,"6: 1,000億円以上",,"2,254億円（2025年12月期・単体）","○ 自社HP会社概要。個別売上2,254億円 https://www.lion.co.jp/ja/company/about/"
001Nn00000eVeII,7013101003500,株式会社オザム,http://ozam.jp/recruit/about/company.html/,"5: 300億円以上~1,000億円未満",【属性】R/👤人事：人事たていし様,701億円（2025年3月期・単体）,○ 自社HP会社概要 売上高701億円 https://ozam.jp/recruit/about/company.html/
001Nn00000eVeIP,9010801007647,株式会社寺岡精工,https://www.teraokaseiko.com/jp/company/company-profile/,"5: 300億円以上~1,000億円未満",,"1,587億円（2025年12月期・連結）","○ 自社公式採用サイト「データでみるTERAOKA」連結売上高1,587億円 https://www.teraokaseiko.com/jp/recruit/data.html"
001Nn00000eVeIS,8010001036712,ＩＨＩ運搬機械株式会社,http://www.iuk.co.jp/index.html,"5: 300億円以上~1,000億円未満",イワマシリュウ_2026/08/10,495億円（2026年3月期・単体）,○ 同一法人は2026/4/1にIHIパーキングスクエアへ商号変更。最新公式会社概要の年間売上高495億円を採用 https://www.ip2.co.jp/company/outline/
001Nn00000eVeIT,6010001040988,旭日産業株式会社,https://www.asahi-san.co.jp/offices.html,"5: 300億円以上~1,000億円未満",イシマツハル,"1,236億円（2025年度・単体）","○ 自社HP会社概要 売上高1,236億円（単体） https://www.asahi-san.co.jp/data.html"
001Nn00000eVeMx,2140001007136,共栄株式会社,http://www.kyoyei.com/,"5: 300億円以上~1,000億円未満",,確認不可,△ 自社HP・Gビズインフォ・決算公告を検索したが承認ソースで直近売上高を直接確認できず。求人媒体の650億円は承認外のため不採用 https://www.kyoyei.com/
001Nn00000eVeNC,2370001022987,株式会社ワールド,,"6: 1,000億円以上",,確認不可,△ 法人番号2370001022987で仙台市宮城野区の同名法人と照合。自社公式サイト・Gビズインフォ・決算公告を検索したが直近売上高を確認できず。同名他社の数値は不採用
001Nn00000eVeNJ,8120101028152,堺ディスプレイプロダクト株式会社,https://www.sdp.co.jp/,"6: 1,000億円以上",,確認不可,△ シャープ子会社。親会社公式の関係会社情報・決算資料・堺工場生産停止資料を確認したが単体売上高を特定できず。catr.jpの数値は未承認のため不採用 https://corporate.jp.sharp/info/consolidated/
001Nn00000eVeNS,2180001035109,カゴメ株式会社,https://www.kagome.co.jp/company/about/information/,"6: 1,000億円以上",,"2,942.64億円（2025年12月期・連結・売上収益）","○ 自社IR。IFRS原文表記は売上収益294,264百万円 https://www.kagome.co.jp/company/ir/financial/highlights_ifrs/"
001Nn00000eVeOa,5120001063046,株式会社近畿しんきんカード,http://www.kinki-shinkincard.co.jp/index.html,"6: 1,000億円以上","年商44億,従業員85名→TK不可",確認不可,"△ 自社HP会社概要・Gビズインフォ・決算公告を確認。公式には取扱高2,104億円（2026年3月期）のみで売上高ではない。catr.jpの売上数値は未承認のため不採用 https://www.kinki-shinkincard.co.jp/company/"
001Nn00000eVeRr,7420001006732,株式会社吉田産業,https://www.yoshidasangyo.co.jp,"5: 300億円以上~1,000億円未満",,確認不可,△ 自社HP・Gビズインフォ・公的資料・決算公告を確認。直近売上高は承認ソースで決算期込みの直接確認ができず、catr.jpの759.70億円は未承認のため不採用 https://www.yoshidasangyo.co.jp/company/profile/index.html
001Nn00000eVeRs,5120001001831,株式会社コノミヤ,https://www.konomiya.jp/company_profile/,"5: 300億円以上~1,000億円未満",オカモトアツキ　0516,確認不可,"△ 自社HP会社概要・Gビズインフォ・決算公告を確認したが直近3期の売上高を承認ソースで確認できず。公式沿革のグループ売上1,000億超は子会社単体判定に不採用 https://www.konomiya.jp/company_profile/"
001Nn00000eVeRw,8010401059346,日本カーソリューションズ株式会社,https://www.ncsol.co.jp/corporate/overview/index.html,"6: 1,000億円以上",,"2,130.34億円（2026年3月期・単体）","○ 親会社東京センチュリー2026年3月期有価証券報告書「主要な損益情報等」売上高213,034百万円（S100YDRI） https://www.tokyocentury.co.jp/jp/ir/"
001Nn00000eVeUv,6010401018527,森永乳業販売株式会社,https://www.morinagamilk-sales.com/company/,"6: 1,000億円以上",,617億円（2025年3月期・単体）,○ 自社HP会社概要 https://www.morinagamilk-sales.com/company/
001Nn00000eVeUy,2140001043957,株式会社籠谷,https://www.kagonet.co.jp/,"5: 300億円以上~1,000億円未満",ヤナギダタツヤ0809,確認不可,△ 自社HP会社概要・公式採用「数字で見る」・Gビズインフォ・決算公告を確認。公式採用ページに売上推移はあるが決算期を特定できないため採用せず https://www.kagonet.co.jp/recruit/welfare/
001Nn00000eVeV4,2011101021444,ヤマザキビスケット株式会社,https://www.yamazaki-biscuits.co.jp/company_nb/,"5: 300億円以上~1,000億円未満",,345.87億円（2024年・単体）,○ 自社公式採用サイト「数字で見るYBC」 https://www.yamazaki-biscuits.co.jp/recruit/number/
001Nn00000eVeV5,3120101053709,不二製油株式会社,http://www.fujioil.co.jp/index.html,"6: 1,000億円以上",,"7,722.88億円（2026年3月期・連結）","○ 自社HP会社概要。親会社のため連結売上高772,288百万円を採用 https://www.fujioil.co.jp/about/outline/"
001Nn00000eVeWK,8013301010007,株式会社ハウスメイトパートナーズ,http://www.housemate.co.jp/,"6: 1,000億円以上",,確認不可,"△ 自社HP・Gビズインフォ・決算公告を確認。公式の1,916.5億円は4社合計で対象法人単体/連結値ではないため不採用。直近単体売上を確認できず https://www.housemate.co.jp/company/jisseki.html"
001Nn00000eVeWO,5120001094974,エレコム株式会社,https://shop.elecom.co.jp/ext/company.html,"5: 300億円以上~1,000億円未満",,"1,321.32億円（2026年3月期・連結）","○ JPX 2026年3月期決算短信。親会社のため連結売上高132,132百万円を採用 https://www2.jpx.co.jp/disc/67500/140120260331594026.pdf"
001Nn00000eVeWP,5010001008763,株式会社ニコン,https://www.jp.nikon.com/company/corporate/data/head/,"6: 1,000億円以上",,"6,771.63億円（2026年3月期・連結・売上収益）","○ 自社HP会社概要。IFRS原文表記は連結売上収益677,163百万円 https://www.jp.nikon.com/company/corporate/data/"
001Nn00000eVeWd,7011401001273,オリエンタル酵母工業株式会社,http://www.oyc.co.jp/,"5: 300億円以上~1,000億円未満",イワマシリュウ_2026/08/10,765.41億円（2025年度・単体）,○ 自社HP「数字で見るオリエンタル酵母」売上高765億4100万円（単体） https://www.oyc.co.jp/company/number.html
001Nn00000eVeWg,4011401004551,株式会社東武ストア,https://www.tobustore.co.jp/index.php/company/about,"5: 300億円以上~1,000億円未満",イワマシリュウ_2026/08/10,750.25億円（2026年2月期・単体・営業収益）,"○ 親会社東武鉄道2026年3月期有価証券報告書「主要な損益情報等」営業収益75,025百万円 https://www.tobu.co.jp/pdf/ir/fr/report20260622.pdf"
001Nn00000eVeWn,5180001030627,新東工業株式会社,https://www.sinto.co.jp/company/guide/,"5: 300億円以上~1,000億円未満",,"1,761.78億円（2026年3月期・連結）","○ 自社公式採用サイト会社概要。親会社のため連結1,761億78百万円を採用 https://recruit.sinto.co.jp/about/"
001Nn00000eVeWp,2020001083420,加賀ＦＥＩ株式会社,http://www.fujitsu.com/jp/group/fei,"6: 1,000億円以上",🔵MC:コーポレート本部／総務人事部 045-415-5801 / 亀淵宏 コーポレート本部長代理兼総務兼労政企画室（旧直通:システムビジネスセンター／パートナービジネス推進部：045-415-5837）,"1,388.81億円（2025年3月期・単体）","○ 親会社加賀電子公式統合報告書「主要な損益情報等」売上高138,881百万円 https://www.taxan.co.jp/jp/ir/upload_file/m004-m004_04/3_toukigyouseki_2025.pdf"
001Nn00000eVeWq,1010001003966,スズデン株式会社,https://www.suzuden.co.jp/corporate/,"5: 300億円以上~1,000億円未満",【属性】R/👤経企： 経営企画部門/執行役員経営企画部門担当/中野 諭,459.02億円（2026年3月期・連結）,"○ 自社IR財務ハイライト 売上高45,902百万円 https://www.suzuden.co.jp/ir/highlight/"
001Nn00000eVeWr,4320001011084,ダイハツ九州株式会社,https://www.daihatsu-kyushu.co.jp/company/outline/,"6: 1,000億円以上",,"3,474.88億円（2025年3月期・単体）","○ Gビズインフォ第79期決算公告。ダイハツ工業子会社だが単体売上高347,488百万円 https://info.gbiz.go.jp/hojin/financialstatement?kessanJohoId=ec3763e0-71be-4790-a4ac-efe485d76246"
001Nn00000eVeWs,2011001039512,株式会社デンソーソリューション,https://www.denso-solution.com/corporate/profile/,"6: 1,000億円以上",,"1,246億円（2024年度・単体）","○ 自社公式採用サイト「数字で見るデンソーソリューション」売上1,246億円（2024年度） https://www.denso-solution.com/recruit/company/number/"
001Nn00000eVeWt,4160001008106,古河ＡＳ株式会社,https://www.furukawaas.co.jp/,"6: 1,000億円以上",,"1,905億円（2025年度・単体）","○ 自社HP会社概要。古河電工グループ子会社だが対象法人売上高1,905億円 https://www.furukawaas.co.jp/corporate/overview/"
001Nn00000eVeWw,4130001000899,サンコール株式会社,https://www.suncall.co.jp/corporate/profile/,"5: 300億円以上~1,000億円未満",,522.23億円（2026年3月期・連結）,"○ 自社IR業績ハイライト 連結売上高52,223百万円 https://www.suncall.co.jp/ir/financial/highlight/"
001Nn00000eVeX2,5010001023779,住友大阪セメント株式会社,https://www.soc.co.jp/company/summary/,"6: 1,000億円以上",,"2,237億円（2026年3月期・連結）","○ 自社HP会社概要。親会社のため2025年度連結売上高2,237億円を採用 https://www.soc.co.jp/company/summary/"
001Nn00000eVeX3,9010001034970,リケンテクノス株式会社,https://www.rikentechnos.co.jp/company/business/,"5: 300億円以上~1,000億円未満",🔵MC:人事部 03-5297-1650 / 斉藤秀治 人事部長（法務・コンプライアンス室長）（旧直通:システム開発部／運用グループ：0595-82-4751） ｜ カワハラアユウ2026/06/09,"1,313億円（2026年3月期・連結）","○ 自社公式採用サイト会社データ。親会社のため連結売上高1,313億円を採用 https://www.rikentechnos.co.jp/recruit/company/"
001Nn00000eVeX5,5500001014778,丸住製紙株式会社,https://www.marusumi.co.jp/about/gaiyo.html,"5: 300億円以上~1,000億円未満",,422億円（2024年度・単体）,○ 自社HP会社概要 売上高422億円（令和6年度） https://www.marusumi.co.jp/about/gaiyo.html
001Nn00000eVeXB,4010001008748,太平電業株式会社,https://www.taihei-dengyo.co.jp/,"6: 1,000億円以上",,"1,926.75億円（2026年3月期・単体）","○ 自社IR業績推移「太平電業単独」売上高192,675百万円 https://www.taihei-dengyo.co.jp/ir/financial/highlight/"
001Nn00000eVeXH,3180001038176,ロジスティード中部株式会社,https://www.logisteed.com/centraljapan/,"5: 300億円以上~1,000億円未満",,549億円（2025年度・単体）,○ 自社HP会社概要。ロジスティード子会社だが対象法人売上高549億円 https://www.logisteed.com/centraljapan/company/profile/
001Nn00000eVeXV,4360001000406,株式会社沖縄銀行,https://www.okinawa-bank.co.jp/,"5: 300億円以上~1,000億円未満",🔵MC:人事部働き方改革グループ 098-869-1326 / 川満正人 リスク管理（人事）執行役員（旧直通:総合企画部／経営企画グループ：098-869-1253） ｜ ヤナギダタツヤ0707,430.28億円（2025年3月期・単体・経常収益）,"○ 親会社おきなわFG公式2026年3月期中間決算説明資料。銀行のため経常収益43,028百万円を採用 https://www.okinawafg.co.jp/_files/00055505/kessannsetumeisiryou_2026_2.pdf"
001Nn00000eVeXX,7010401130925,株式会社やる気スイッチグループ,https://www.yarukiswitch-holdings.co.jp/company/profile,"5: 300億円以上~1,000億円未満",,確認不可,△ HD傘下子会社。自社HP・電子公告・JPX開示を確認。JPXの2024年度連結売上収益244.88億円は子会社単体判定に使えず、単体売上を特定できない https://www.yarukiswitch-holdings.co.jp/notice
001Nn00000eVeXa,8240001012153,コベルコ建機株式会社,https://www.kobelcocm-global.com/jp/,"6: 1,000億円以上",,確認不可,"△ 神戸製鋼所100%子会社。自社公式会社案内・Gビズインフォ・親会社公開資料を確認。公式で確認できる4,040億円（2023年度）は連結値で、子会社単体売上を特定できず https://www.kobelcocm-global.com/jp/company/outline/pamphlet.pdf"
001Nn00000eVeXc,9120001002215,株式会社鶴見製作所,https://www.tsurumipump.co.jp/corporate/profile/outline.php,"5: 300億円以上~1,000億円未満",,568.23億円（2026年3月期・単体）,"○ Gビズインフォ（EDINET有価証券報告書）売上高56,823百万円 https://info.gbiz.go.jp/hojin/ichiran?hojinBango=9120001002215"
001Nn00000eVeXe,8370001001985,株式会社トーキン,https://www.tokin.com/info/network/japan/head-office/,"5: 300億円以上~1,000億円未満",,確認不可,△ YAGEO/KEMET傘下。自社HP会社概要・Gビズインフォ・グループ情報を確認。公式の696億円（2025年）は連結売上高で、子会社単体売上を特定できず https://www.tokin.com/info/tokin-info/gaiyo/
001Nn00000eVeXt,2012401013379,横河ソリューションサービス株式会社,https://www.yokogawa.co.jp/yjp/corporate,"5: 300億円以上~1,000億円未満",,"1,358億円（FY25実績）","○ 自社HP会社概要「売上規模 1,358億円（FY25実績）」 https://www.yokogawa.co.jp/about/yjp/about-us/company-organization/"
001Nn00000eVeXu,9010601030238,フォーティエンスコンサルティング株式会社,https://www.qunie.com/company/access/,"5: 300億円以上~1,000億円未満",,確認不可,△ NTTデータ100%子会社。自社HP会社概要・Gビズインフォ・決算公告を確認したが売上高記載なし https://www.fortience.com/company/profile/
001Nn00000eVeYq,8140001050023,通菱テクニカ株式会社（現：三菱電機インフラテクニカ株式会社）,http://www.tsuryo.co.jp,"5: 300億円以上~1,000億円未満",,対象外（合併により法人格消滅）,× 法人格消滅。法人番号8140001050023は2026年4月6日付で合併による解散等を確認 https://info.gbiz.go.jp/hojin/ichiran?hojinBango=8140001050023
001Nn00000eVeYv,9140001047877,ＳＥＣカーボン株式会社,https://sec-carbon.com/,"5: 300億円以上~1,000億円未満",キクチリョウスケ0714,【300億未満】251.01億円（2026年3月期・連結）,"× 300億未満。自社IR業績ハイライト 連結売上高25,101百万円 https://sec-carbon.com/ir/highlights/"
001Nn00000eVeYy,8010001053740,双日建材株式会社,http://www.sojitz-bm.com,"6: 1,000億円以上",🔵MC:経営管理本部／人事総務部 03-6870-7832,797億円（2026年3月期・単体）,"○ 自社HP会社概要。双日100%子会社だが対象法人売上高797億円。旧総額基準では1,878億円 https://www.sojitz-bm.com/corporate/profile/"
001Nn00000eVeZJ,3030001045666,サンケン電気株式会社,https://www.sanken-ele.co.jp/corp/about_sanken/corp02.htm,"5: 300億円以上~1,000億円未満",,801.75億円（2026年3月期・連結）,○ 自社HP会社概要 連結売上高801億75百万円 https://www.sanken-ele.co.jp/corp/about_sanken/corp02.htm
001Nn00000eVehz,5250001005919,長府工産株式会社,https://chofukosan.com/,"5: 300億円以上~1,000億円未満",,443億円（2026年3月期）,○ 自社HP企業概要 売上高443億円（2026年3月期） https://chofukosan.com/corporate-info/
001Nn00000eVei5,1122001007449,レジル株式会社,https://rezil.co.jp/corporate/,"5: 300億円以上~1,000億円未満",／　受付✖,401.74億円（2025年6月期・単体）,"○ 自社IR 2025年6月期決算短信 個別売上高40,174百万円 https://rezil.co.jp/wp-content/themes/rezil/assets/ir_pdf/news/140120250814542282.pdf"
001Nn00000eVeiI,6120001049614,合同製鐵株式会社,https://www.godo-steel.co.jp/company/,"6: 1,000億円以上",,935億円（2026年3月期・単体）,○ 自社HP会社概要 年間売上高935億円（単体） https://www.godo-steel.co.jp/company/
001Nn00000eVeio,4180001019308,京楽産業．株式会社,https://www.kyoraku.co.jp/company/about.php,"6: 1,000億円以上",,確認不可,△ 自社HP会社概要・Gビズインフォ・決算公告を確認したが承認ソースで直近売上高を確認できず https://www.kyoraku.co.jp/company/about.php
001Nn00000eVejL,1340001014971,サンキョーミート株式会社,https://sankyomeat.co.jp/,"5: 300億円以上~1,000億円未満",◆08/18(火)、定時00:00、,700億円（2024年度・単体）,○ 自社HP会社概要。伊藤ハム米久HD100%子会社だが対象法人売上規模700億円 https://sankyomeat.co.jp/company/company-profile/
001Nn00000eVek0,8020001077202,株式会社シグマ,https://www.sigma-global.com/jp/corporate-overview/,"5: 300億円以上~1,000億円未満",,確認不可,△ 自社HP・Gビズインフォ・決算公告を確認したが承認ソースで直近売上高を確認できず。求人媒体記載の550.22億円（2025年8月期）は承認外のため不採用 https://www.sigma-global.com/jp/corporate-overview/
001Nn00000eVekD,5310001001309,国分九州株式会社,https://www.kokubu.co.jp/kyushu/company/outline/,"6: 1,000億円以上",,"1,477.69億円（2025年12月期・単体）","○ 自社HP会社概要 売上高147,769百万円 https://www.kokubu.co.jp/kyushu/company/outline/"
001Nn00000eVekO,6100001021418,株式会社ヤマウラ,https://yamaura.co.jp/corporate/about/,"5: 300億円以上~1,000億円未満",,390.04億円（2026年3月期・単体）,"○ Gビズインフォ（EDINET有価証券報告書）売上高39,004,120千円 https://info.gbiz.go.jp/hojin/ichiran?hojinBango=6100001021418"
001Nn00000eVeke,8010801008365,株式会社東横イン,,"5: 300億円以上~1,000億円未満",,"1,623億円（2026年3月期・単体）","○ 自社HP会社概要 売上高1,623億円 https://www.toyoko-inn.co.jp/company/"
001Nn00000eVevG,5120001043493,株式会社サステック,https://www.sustech.co.jp/company/,"5: 300億円以上~1,000億円未満",🔵MC:管理本部／人事総務部 06-4963-5015,607億円（2024年度・単体）,○ 自社HP会社概要。メタルワン等の子会社だが単体売上607億円（2024年度実績） https://www.sustech.co.jp/company/
001Nn00000eVevU,7070001009787,株式会社岡本工作機械製作所,http://www.okamoto.co.jp/,"5: 300億円以上~1,000億円未満",／,425.13億円（2026年3月期・連結）,"○ JPX 2026年3月期決算短信。単体226.06億円だが親会社のため連結売上高42,513百万円を採用 https://www2.jpx.co.jp/disc/61250/140120260429514118.pdf"
001Nn00000eVevW,7013301002723,株式会社久世,https://www.kuze.co.jp/company/outline.html,"5: 300億円以上~1,000億円未満",,735億円（2026年3月期・連結）,○ 自社HP会社概要。親会社のため連結売上高735億円を採用 https://www.kuze.co.jp/company/outline.html
001Nn00000eVevX,7010001034997,東京製綱株式会社,https://www.tokyorope.co.jp,"5: 300億円以上~1,000億円未満",☢,379.71億円（2026年3月期・単体）,"○ Gビズインフォ（EDINET有価証券報告書）売上高37,971百万円 https://info.gbiz.go.jp/hojin/ichiran?hojinBango=7010001034997"
001Nn00000eVevZ,4120101022051,株式会社クボタケミックス,https://www.kubota-chemix.co.jp/company/base.html,"5: 300億円以上~1,000億円未満",★08/31(月)、定時00:00、⭐🌟🚨🔵🌑✳✡🔥訴求用 👤人事：人事総務部/部長/北田 修一郎/※1,566億円（2025年12月期・単体）,○ 自社HP会社概要。クボタ子会社だが対象法人売上高566億円 https://www.kubota-chemix.co.jp/company/outline.html
001Nn00000eVez3,9020001039928,スチールプランテック株式会社,https://steelplantech.com/aboutus/outline,"5: 300億円以上~1,000億円未満",,確認不可,△ 自社HP会社概要・採用、Gビズインフォ、決算公告を検索したが承認ソースで直近売上高を確認できず。民間公告集約サイトの数値は未承認のため不採用 https://steelplantech.com/aboutus/outline
001Nn00000eVez4,2010001017016,三洋貿易株式会社,https://www.sanyo-si.com/company/,"5: 300億円以上~1,000億円未満",,807.90億円（2025年9月期・単体）,"○ Gビズインフォ（EDINET有価証券報告書）売上高80,790,191千円 https://info.gbiz.go.jp/hojin/ichiran?hojinBango=2010001017016"
001Nn00000eVez8,4180001045097,株式会社名古屋食糧,https://meisyoku.co.jp/company/place/,"5: 300億円以上~1,000億円未満",,503.45億円（2025年3月期・単体）,"○ 自社HP会社概要 年商503億4,515万円（令和7年3月期） https://meisyoku.co.jp/company/"
001Nn00000eVezF,9250001010007,東ソー物流株式会社,https://www.tosoh-logi.co.jp/,"5: 300億円以上~1,000億円未満",,538億円（2026年3月期・単体）,○ 自社HP会社概要。東ソー子会社だが対象法人売上高538億円、連結613億円と分離記載 https://www.tosoh-logi.co.jp/company/
001Nn00000eVezP,5080101002461,株式会社ニューフレアテクノロジー,http://www.nuflare.co.jp/corporate/about/,"5: 300億円以上~1,000億円未満",🔵MC:人事勤労グループ 045-370-9137（旧直通:IT推進グループ：045-370-8912） ｜ 🌳★08/17(月)、定時00:00、⭐🌟🚨🔵🌑✳✡🔥訴求用,確認不可,△ 東芝子会社。自社HP・東芝IR・Gビズインフォ・決算公告を確認したが、承認ソースで直近単体売上高を取得できず。民間公告集約の数値は不採用 https://info.gbiz.go.jp/hojin/ichiran?hojinBango=5080101002461
001Nn00000eVezQ,1460101001924,よつ葉乳業株式会社,https://www.yotsuba.co.jp/consumer/entertainment/factory/,"6: 1,000億円以上",,"1,321億円（2025年度・単体）","○ 自社HP会社情報 売上高1,321億円（2025年度） https://www.yotsuba.co.jp/company/outline/"
001Nn00000eVezS,1240001007713,トヨタカローラ広島株式会社,https://www.t-corolla.co.jp/corporate,"5: 300億円以上~1,000億円未満",🔵MC:総務部／人事課 082-275-2168 ｜ ★08/28(金)、定時18:00⭐🌟🚨🔵🌑✳✡💎🔥👤情シス/DX👤人事,980億円（2026年3月期・単体）,○ 自社HP会社概要 売上高980億円（2026年3月期） https://www.t-corolla.co.jp/corporate
001Nn00000eVezU,4010401007523,キーコーヒー株式会社,https://www.keycoffee.co.jp/,"5: 300億円以上~1,000億円未満",イワマシリュウ_2026/08/10,842.97億円（2026年3月期・単体）,"○ Gビズインフォ（EDINET有価証券報告書）売上高84,297百万円 https://info.gbiz.go.jp/hojin/ichiran?hojinBango=4010401007523"
001Nn00000eVezX,2430001012643,株式会社日総,https://www.nisso.gr.jp/outline/,"5: 300億円以上~1,000億円未満",,確認不可,△ 自社HP会社概要・Gビズインフォ・決算公告を確認したが承認ソースで直近売上高を確認できず https://www.nisso.gr.jp/outline/
001Nn00000eVezd,2010001010887,イオンフィナンシャルサービス株式会社,https://www.aeonfinancial.co.jp/,"6: 1,000億円以上",7/27シモムラソウノスケ　☆V 07/09〈木〉、定時00:00、🌟🚨🔴✳✡/直通有/💰・システム本部/副本部長/松田 吉紀/※4,"5,693.70億円（2026年2月期・連結・営業収益）","○ 自社IR決算情報。原文表記は連結営業収益569,370百万円 https://www.aeonfinancial.co.jp/ir/library/results/"
001Nn00000eVf1d,5240001015621,株式会社メタルワン西日本,http://www.mtlo-nishinihon.co.jp/company/,"5: 300億円以上~1,000億円未満",,確認不可,△ メタルワン子会社。自社HP会社概要・Gビズインフォ・決算公告・親会社公開情報を確認したが承認ソースで単体売上高を確認できず https://info.gbiz.go.jp/hojin/ichiran?hojinBango=5240001015621
001Nn00000eVf1r,2010001092629,株式会社ニチレイバイオサイエンス,http://www.nichirei.co.jp/bio/index.html,"6: 1,000億円以上",,確認不可,△ ニチレイ子会社。自社/親会社IR・Gビズインフォを確認したが直近単体売上高を特定できず。公式で確認できる46億円は2017年度で3期超 https://www.nichirei.co.jp/news/2019/327.html
001Nn00000eVf3d,6120001005889,寺崎電気産業株式会社,http://www.terasaki.co.jp/,"5: 300億円以上~1,000億円未満",,628.58億円（2026年3月期・連結）,"○ 自社IR 2026年3月期決算情報 連結売上高62,858百万円 https://www.terasaki.co.jp/ir/"
001Nn00000eVf3j,1010401016618,大東建託パートナーズ株式会社,http://www.kentaku-partners.com/,"6: 1,000億円以上",🌳★V06/12(金)、定時00:00、🔵🌑✳✡,"11,509.21億円（2026年3月期・単体）","○ 自社HP会社概要。大東建託子会社だが対象法人売上高1,150,921百万円 https://www.kentaku-partners.com/company/profile/"
001Nn00000eVf3n,9180001003141,株式会社ユニホー,https://www.uniho.co.jp/office/,"5: 300億円以上~1,000億円未満",,358.63億円（2025年第55期・単体）,"○ 自社HP会社概要 売上358億6,280万円（2025年第55期） https://www.uniho.co.jp/company/"
001Nn00000eVf3q,3012401012867,日本無線株式会社,http://www.jrc.co.jp/jp/index.html,"5: 300億円以上~1,000億円未満",,927.60億円（2025年12月期・単体）,"○ 親会社日清紡HD有価証券報告書「主要な損益情報等」日本無線売上高92,760百万円 https://www.nisshinbo.co.jp/nish/ir/library/pdf/securities_report/2025_183_4q.pdf"
001Nn00000eVf3r,3240001041231,株式会社エディオン,https://www.edion.co.jp/,"6: 1,000億円以上",,"7,937.46億円（2026年3月期・連結）","○ 自社IR 2026年3月期決算短信 連結売上高793,746百万円 https://www.edion.co.jp/ir/library/results"
001Nn00000eVf3s,3500001014375,エリエールプロダクト株式会社,https://www.elleair-product.com/aboutus.html,"5: 300億円以上~1,000億円未満",イワマシリュウ_2026/08/10,確認不可,△ 大王製紙グループ子会社。自社HP会社概要・親会社IR・Gビズインフォ・決算公告を確認したが直近単体売上高を承認ソースで確認できず https://www.elleair-product.com/aboutus.html
001Nn00000eVf44,6140001018996,伊藤ハム株式会社,https://www.itoham.co.jp/,"6: 1,000億円以上",,"1,529億円（2025年3月期・単体）","○ 自社HP会社概要。伊藤ハム米久HD子会社だが対象法人売上高1,529億円 https://www.itoham.co.jp/corporate/company/index.html"
001Nn00000eVf47,9400001003829,株式会社薬王堂,https://www.yakuodo.co.jp/company/about/,"5: 300億円以上~1,000億円未満",🌟🚨✳✡🌅 ・DX戦略部/非開示/府金 直樹(フカネ)様/※1(2025年),確認不可,△ 薬王堂HD100%子会社。親会社有報では子会社売上が連結売上の90%超のため主要損益情報を省略。自社HP・Gビズインフォも確認したが直近単体値を特定不可 https://www.yakuodo-hd.co.jp/company/about/
001Nn00000eVf48,9250001000684,株式会社ファーストリテイリング,https://www.fastretailing.com/jp/,"6: 1,000億円以上",／,"34,005億円（2025年8月期・連結・売上収益）","○ 自社IR 2025年8月期決算。IFRS原文表記は連結売上収益3兆4,005億円 https://www.fastretailing.com/jp/ir/news/2510091800.html"
001Nn00000eVf49,2080001004346,株式会社ＴＯＫＡＩコミュニケーションズ,https://www.tokai-com.co.jp/company/overview.php,"5: 300億円以上~1,000億円未満",🔵MC:東京本部／管理本部／総務部人事課 03-5404-3279,644.27億円（2025年度・単体）,"○ 自社HP会社概要。TOKAI HD子会社だが単体売上高64,427百万円 https://www.tokai-com.co.jp/company/overview.php"
001Nn00000eVf4F,2020001032286,株式会社マクニカ,http://www.macnica.co.jp,"6: 1,000億円以上",,確認不可,△ マクニカHD子会社。自社HPは連結売上高のみ。Gビズインフォ・親会社IR/有報・決算公告を確認したが対象法人の直近単体売上高を特定できず https://www.macnica.co.jp/company/overview/
001Nn00000eVf4J,3290801018201,日産自動車九州株式会社,https://www.nissankyushu.co.jp/,"6: 1,000億円以上",,確認不可,△ 日産自動車100%子会社。自社HP・日産公式資料・Gビズインフォ・決算公告を確認したが直近単体売上高を承認ソースで確認できず https://www.nissankyushu.co.jp/
001Nn00000eVf4K,7020001045218,ユニプレス株式会社,http://www.unipres.co.jp/,"6: 1,000億円以上",,"3,219億円（2026年3月期・連結）","○ 自社HP会社概要。親会社のため連結売上高3,219億円を採用 https://www.unipres.co.jp/company/info/"
001Nn00000eVf4L,2080101012372,日本プラスト株式会社,http://www.n-plast.co.jp/,"5: 300億円以上~1,000億円未満",,"1,148億円（2026年3月期・連結）","○ 自社IRトップメッセージ。親会社のため連結売上高1,148億円を採用 https://www.n-plast.co.jp/ir/management-policy/message/"
001Nn00000eVf4M,7140001024713,株式会社Ｇ－７・オート・サービス,https://g-7autoservice.co.jp/company/,"5: 300億円以上~1,000億円未満",,確認不可,△ G-7 HD100%子会社。自社HP・親会社IR・Gビズインフォを確認。公式で確認できる322.64億円は2022年3月期で3期超のため不採用 https://g-7autoservice.co.jp/company/outline/
001Nn00000eVf4P,8021001006654,日産モータースポーツ＆カスタマイズ株式会社,https://www.nissan-nmc.co.jp/company/about/index.html#outline,"6: 1,000億円以上",,確認不可,△ 日産自動車子会社。自社公式の会社概要・売上高推移ページ、親会社資料・Gビズインフォを確認したが、直近単体売上高をテキスト根拠として検証できず https://www.nissan-nmc.co.jp/company/about/
001Nn00000eVf4Q,4190001025180,ホンダオートボディー株式会社,https://global.honda/jp/HABC/company/profile/,"5: 300億円以上~1,000億円未満",,確認不可,△ Honda子会社。自社公式の2023〜2025年度決算公告・会社概要を確認したが公告は貸借対照表中心で売上高記載を確認できず https://global.honda/jp/HABC/company/financial_results/
001Nn00000eVf4U,5120901000305,エスケー化研株式会社,https://www.sk-kaken.co.jp/company/,"5: 300億円以上~1,000億円未満",,"1,097.07億円（2026年3月期・連結）","○ 自社HP会社概要。親会社のため連結売上高1,097億7百万円を採用 https://www.sk-kaken.co.jp/company/"
001Nn00000eVf4V,7180001045697,株式会社フジミインコーポレーテッド,http://www.fujimiinc.co.jp/index.html,"5: 300億円以上~1,000億円未満",🔵MC:人事総務部／人事課 052-503-8115 / 藤川佳明 監査役（総務部長） ｜🎯360:宮本直樹 人材開発部長（FUJIMI MICROT（旧直通:経営企画部／経営企画課：052-503-8183）,694.04億円（2026年3月期・連結）,"○ 自社IR業績ハイライト。親会社のため連結売上高69,404百万円を採用 https://www.fujimiinc.co.jp/ir/financial/highlight.html"
001Nn00000eVf4d,7120001044515,住友電設株式会社,https://www.sem.co.jp/company/about/,"6: 1,000億円以上",,"1,541.83億円（2025年3月期・単体）","○ Gビズインフォ（EDINET有価証券報告書）売上高154,183百万円。現在は住友電工子会社だが単体300億以上 https://info.gbiz.go.jp/hojin/ichiran?hojinBango=7120001044515"
001Nn00000eVf4e,4240001006976,中電プラント株式会社,https://www.chuden-plant.co.jp/company/office.html,"5: 300億円以上~1,000億円未満",,489億円（2025年度・単体）,○ 自社HP会社概要。中国電力100%子会社だが対象法人売上高489億円 https://www.chuden-plant.co.jp/company/outline.html
001Nn00000eVfA1,8180001049821,小浅商事株式会社,http://www.koasa.co.jp/,"5: 300億円以上~1,000億円未満",,796.03億円（2025年9月期・単体）,○ 自社HP会社概要 年間売上796億3百万円 https://www.koasa.co.jp/gaiyou.html
001Nn00000eVfAd,6130001045190,株式会社ピックルスコーポレーション関西,https://www.pickles.co.jp/company/operating/kansai/,"5: 300億円以上~1,000億円未満",,確認不可,△ ピックルスHD子会社。自社HP・親会社IR/有報・Gビズインフォを確認。HD連結409.23億円は子会社単体判定に使えず、対象法人単体売上を特定不可 https://www.pickles-hd.co.jp/ir/individual/
001Nn00000eVfAy,9020001043244,コカ・コーラボトラーズジャパン株式会社,https://www.ccbji.co.jp/,"6: 1,000億円以上",,"8,474.77億円（2024年12月期・単体・売上収益）","○ 親会社CCBJH有価証券報告書「主要な損益情報等」。原文表記は売上収益847,477百万円 https://www.ccbj-holdings.com/pdf/irinfo/239_1.pdf"
001Nn00000eVfB8,4370001008786,仙建工業株式会社,http://www.senken-k.co.jp/,"5: 300億円以上~1,000億円未満",,469億円（2025年度・単体）,○ 自社公式採用サイト「データで見る仙建工業」売上高469億円 https://www.senkenkogyo.com/recruit/data/
001Nn00000eVfBA,4010401022860,日本通運株式会社,https://www.nittsu.co.jp/about/head-office.html,"6: 1,000億円以上",,"10,803.95億円（2025年12月期・単体）","○ 親会社NXHD有価証券報告書「主要な損益情報等」日本通運売上高1,080,395百万円 https://info.gbiz.go.jp/hojin/edinetDownload?docId=S100XTG8"
001Nn00000eVfBC,6013401002153,キユーソーティス株式会社,https://k-tis.jp/Company/overview.html,"5: 300億円以上~1,000億円未満",,確認不可,△ 自社HP会社概要・Gビズインフォ・決算公告を検索したが承認ソースで直近売上高を確認できず https://k-tis.jp/Company/overview.html
001Nn00000eVfBN,4500001005530,株式会社ダイキアクシス,https://www.daiki-axis.com/company/about/,"5: 300億円以上~1,000億円未満",,483.21億円（2025年12月期・連結）,"○ 自社IR財務情報。親会社のため連結売上高48,321百万円を採用 https://www.daiki-axis.com/ir/finance/"
001Nn00000eVfBU,3010001142283,ナブテスコ株式会社,https://www.nabtesco.com/about/company/overview/,"6: 1,000億円以上",／,"1,771.12億円（2025年12月期・単体）","○ Gビズインフォ（EDINET有価証券報告書）単体売上高177,112百万円 https://info.gbiz.go.jp/hojin/ichiran?hojinBango=3010001142283"
001Nn00000eVfBW,6010001051746,東芝産業機器システム株式会社,https://www.toshiba-tips.co.jp/outline/location/index_j.html,"5: 300億円以上~1,000億円未満",,800.05億円（2024年3月期・単体）,"○ Gビズインフォ第61期決算公告。東芝子会社だが単体売上高80,005百万円 https://info.gbiz.go.jp/hojin/financialstatement?kessanJohoId=13cd8003-2da8-453f-9481-6b4541a3299e"
001Nn00000eVfBn,4010001054032,株式会社野村総合研究所,https://www.nri.com/jp/index.html,"6: 1,000億円以上",,"8,147.08億円（2026年3月期・連結・売上収益）","○ 自社HP会社概要・IR。IFRS原文表記は連結売上収益814,708百万円 https://www.nri.com/jp/company/info"
001Nn00000eVfBt,3050001015683,株式会社ジョイパック,https://joypack-fresh.jp/company/,"6: 1,000億円以上",,"1,267億円（2025年9月期・単体）","○ 自社HP会社概要 売上高1,267億円（2025年9月） https://joypack-fresh.jp/company/"
001Nn00000eVfBu,8120001077357,岩谷産業株式会社,https://www.iwatani.co.jp/jpn/company/profile/,"6: 1,000億円以上",,"9,085.22億円（2026年3月期・連結）","○ 自社HP会社概要。親会社のため連結売上高9,085億22百万円を採用 https://www.iwatani.co.jp/jpn/company/profile/"
001Nn00000eVfBx,1010401089234,グーグル合同会社,https://about.google/,"5: 300億円以上~1,000億円未満",,対象外（合同会社）,× 法人格。直アポ大は株式会社のみ。合同会社のため対象外
001Nn00000eVfC0,8011001067425,かんぽシステムソリューションズ株式会社,https://www.kamposol.jp-life.japanpost.jp/corp_info/gaiyo/index.html,"5: 300億円以上~1,000億円未満",イワマシリュウ_2026/08/10,確認不可,△ かんぽ生命子会社。自社HP・親会社公開資料・Gビズインフォ・決算公告を確認。民間公告集約では498.06億円が見えるがcatr.jpは未承認のため不採用 https://www.kamposol.jp-life.japanpost.jp/corp_info/gaiyo/
001Nn00000eVfCQ,4180001002131,サンコー商事株式会社,http://www.sankoshoji.co.jp/,"5: 300億円以上~1,000億円未満",,確認不可,△ 自社HP会社概要・Gビズインフォ・決算公告を検索したが承認ソースで直近売上高を確認できず http://www.sankoshoji.co.jp/
001Nn00000eVfCj,5013301022087,株式会社西武ホールディングス,https://www.seibuholdings.co.jp/group/company/,"6: 1,000億円以上",,"5,132.86億円（2026年3月期・連結・営業収益）","○ JPX 2026年3月期決算短信。持株会社のため連結営業収益513,286百万円を採用 https://www2.jpx.co.jp/disc/90240/140120260513531194.pdf"
001Nn00000eVfDO,5180001016824,株式会社三和化学研究所,https://www.skk-net.com/corporate/profile.html,"5: 300億円以上~1,000億円未満",,467.33億円（2026年3月期・単体）,○ 自社HP会社概要。スズケン子会社だが対象法人売上高467億33百万円 https://www.skk-net.com/corporate/profile.html
001Nn00000eVfDS,5480001005219,株式会社大塚製薬工場,http://www.otsukakj.jp/,"6: 1,000億円以上",,確認不可,△ 大塚HD子会社。自社HP会社概要・電子公告/決算公告・親会社有報を確認したが対象法人の直近単体売上高を特定できず https://www.otsukakj.jp/about_us/outline/
001Nn00000eVfDT,2120001077461,武田薬品工業株式会社,http://www.takeda.co.jp/,"6: 1,000億円以上",オガタユウ_2026/07/17,"45,057億円（2026年3月期・連結・売上収益）","○ 自社IR 2025年度通期業績。IFRS原文表記は売上収益4兆5,057億円 https://www.takeda.com/jp/investors/financial-results/"
001Nn00000eVfEv,1340001004122,株式会社南九州ファミリーマート,https://www.mfamily.co.jp/outline/profile.html,"5: 300億円以上~1,000億円未満",,確認不可,△ 自社公式2025年度決算報告まで確認したが開示はチェーン全店売上高813.81億円で、対象法人単体の売上高と断定できないため不採用 https://www.mfamily.co.jp/news/post-799/
001Nn00000eVfFO,4290801003094,株式会社ハローデイ,https://www.halloday.co.jp/sp/28.html,"5: 300億円以上~1,000億円未満",ヤナギダタツヤ0809,824.88億円（2025年3月期・連結）,○ 自社HP会社概要。グループ親会社として連結売上高824億88百万円を採用 https://www.halloday.co.jp/sp/28.html
001Nn00000eVfFQ,3260001021355,株式会社岡山村田製作所,http://www.murata.co.jp/okayamamurata/corporate/overview/index.html#overview,"6: 1,000億円以上",／,確認不可,"△ 村田製作所子会社。自社HP会社概要・親会社公開資料・Gビズインフォを確認。公的合同説明会の17,434億円は村田製作所グループ連結値で単体判定に不採用 https://corporate.murata.com/ja-jp/group/okayamamurata/corporate/overview"
001Nn00000eVfKx,6011003002126,日本アムウェイ合同会社,https://www.amway.co.jp/about/company/jpn_company/index.html,"6: 1,000億円以上",🔵MC:人事本部 03-5428-7094,対象外（合同会社）,× 法人格。直アポ大は株式会社のみ。合同会社のため対象外
001Nn00000eVfL0,1180001054076,加藤憲Ｇ．Ｒ．Ｓ．株式会社,https://www.g-rs-jp.com/company/,"5: 300億円以上~1,000億円未満",,400.30億円（2025年度・単体）,"○ 自社HP会社概要 売上高400億3,000万円（2025年度実績） https://www.g-rs-jp.com/company/"
001Nn00000eVfL2,2011101049106,ＴＯＴＯエムテック株式会社,https://tmt.jp.toto.com/,"5: 300億円以上~1,000億円未満",／,確認不可,△ TOTO子会社。自社HP・親会社公開資料・Gビズインフォ・決算公告を確認したが承認ソースで直近単体売上高を確認できず https://tmt.jp.toto.com/
001Nn00000eVfQS,6010001087831,セラニーズ株式会社,http://www.dupont.co.jp/,"6: 1,000億円以上",,確認不可,△ 自社/グループ公式・Gビズインフォ・決算公告を確認したが直近売上高の開示なし。Yahoo等の数値は承認外のため不採用
001Nn00000eVfQj,5350001005660,株式会社児湯食鳥,https://www.koyushokucho.co.jp/,"5: 300億円以上~1,000億円未満",,691億円（2026年3月期・単体）,○ 自社HP会社概要 年商691億円（令和8年3月期） https://www.koyushokucho.co.jp/about/company/
001Nn00000eVfQo,6011001006277,キユーピー株式会社,https://www.kewpie.com/company/about/,"6: 1,000億円以上",,"5,134.17億円（2025年11月期・連結）","○ 自社HP会社概要。親会社のため連結売上高5,134億17百万円を採用 https://www.kewpie.com/company/about/"
001Nn00000eVfTn,4290005006308,生活協同組合連合会コープ九州事業連合,https://www.kyushu.coop/coopkyushu/about/,"6: 1,000億円以上",,対象外（生活協同組合）,× 法人格。直アポ大は株式会社のみ。生活協同組合のため対象外
001Nn00000eVfbu,7080001001990,静銀リース株式会社,https://www.shizugin-lease.com/,"5: 300億円以上~1,000億円未満",,331億円（2026年3月期・単体）,○ 自社HP会社概要。静岡FG子会社だが対象法人売上高331億円 https://www.shizugin-lease.com/about
001Nn00000eVfcj,5010601029770,日本コークス工業株式会社,http://www.n-coke.com/corporate/group_company.html,"6: 1,000億円以上",【属性】R/ 👤人事：人事・総務部　部長　奥苑 隆幸 親会社：独立系🔵MC:人事・総務部 03-5560-2119 / 佐々木稔 顧問（執行役員人事・総務部長）,913億円（2026年3月期・連結）,○ 自社HP会社概要。親会社のため連結売上高913億円を採用 https://www.n-coke.com/corporate/outline.html
001Nn00000eVfd6,5330001011470,司観光開発株式会社,https://wedding.tsukasa-royal-hotel.co.jp/company/,"5: 300億円以上~1,000億円未満",,確認不可,△ 自社HP・Gビズインフォ・決算公告を確認したが承認ソースで直近売上高を確認できず https://wedding.tsukasa-royal-hotel.co.jp/company/
001Nn00000eVfdA,8130001019358,オリックス・ファシリティーズ株式会社,https://www.orix-f.co.jp/company/profile.html,"5: 300億円以上~1,000億円未満",キセカヨ,確認不可,△ オリックス子会社。自社HP・親会社公開資料・Gビズインフォ・決算公告を確認したが承認ソースで単体売上高を確認できず。Yahoo等の499.50億円は不採用 https://www.orix-f.co.jp/company/profile.html
001Nn00000eVfdE,8140001005877,株式会社アシックス,https://corp.asics.com/jp/about_asics/practical_information,"5: 300億円以上~1,000億円未満",,"8,109.16億円（2025年12月期・連結）","○ 自社HP会社概要。親会社のため連結年間売上高810,916百万円を採用 https://corp.asics.com/jp/about_asics/practical_information"
001Nn00000eVfdF,1070001013828,株式会社ワークマン,https://www.workman.co.jp/ビジネス情報/企業概要,"5: 300億円以上~1,000億円未満",,"1,192.46億円（2026年3月期・単体）","○ 自社IR 2026年3月期決算短信。売上高119,246百万円を採用（営業総収入160,852百万円とは区別） https://www.workman.co.jp/ir_info/pdf/2026/45ki_kessantanshin.pdf"
001Nn00000eVfdG,9011101031552,ＫＤＤＩ株式会社,https://www.kddi.com/corporate/kddi/profile/overview/,"6: 1,000億円以上",,"60,719億円（2026年3月期・連結）",○ 自社IR 2026年3月期決算 連結売上高6兆719億円 https://newsroom.kddi.com/ir-news/detail/kddi_ir-1148_4471.html
001Nn00000eVfdI,2500001014723,株式会社リブドゥコーポレーション,http://www.livedo.jp,"5: 300億円以上~1,000億円未満",キクチリョウスケ0703,585億円（2025年度・単体）,○ 自社公式サステナビリティ資料 2025年度売上高585億円 https://www.livedo.jp/wp/wp-content/uploads/2026/04/f391f6373ab9569920d59649b50a27c1.pdf
001Nn00000eVfdX,6120001126727,株式会社阪急阪神百貨店,https://www.hankyu-hanshin-dept.co.jp,"6: 1,000億円以上",,確認不可,△ H2Oリテイリング子会社。自社HP・親会社IR/有報・公的情報を確認したが対象法人の直近単体売上高を承認ソースで直接確認できず。求人媒体の数値は不採用 https://www.hankyu-hanshin-dept.co.jp/
001Nn00000eVfdY,8180001018537,株式会社ヤマナカ,http://www.super-yamanaka.co.jp,"5: 300億円以上~1,000億円未満",,823.55億円（2026年3月期・単体・営業収益）,"○ 自社IR 2026年3月期決算短信 個別営業収益82,355百万円 https://www.super-yamanaka.co.jp/wp/company/wp-content/uploads/2026/04/2026nen3gatukikessantansin.pdf"
001Nn00000eVfdd,1030001076688,ネッツトヨタ東埼玉株式会社,https://mynetz.jp/shop/mn_kawaguchi/,"5: 300億円以上~1,000億円未満",,433.82億円（2024年度・単体）,"○ 自社HP会社概要 売上高433億8,167万円（2024年度） https://mynetz.jp/corporate/guide/"
001Nn00000eVfdk,7180301002266,株式会社レッドバロン,http://www.redbaron.co.jp,"5: 300億円以上~1,000億円未満",,884億円（2025年10月期・連結）,○ 自社HP会社案内 総売上高884億円（2025年10月連結決算期） https://www.redbaron.co.jp/company/
001Nn00000eVfdo,6120001027495,ＳＧモータース株式会社,https://www.sg-motors.co.jp/company/company/,"5: 300億円以上~1,000億円未満",🔵MC:人材サービス部／整備事業管理課 03-3699-5679 ｜🎯360:人材サービス部／人事人材開発課 03-3699-5673（旧直通:IT推進課：03-3699-5674） ｜ ★08/17(月)、定時00:00、⭐🌟🚨🔥訴求用👤人事👤経理✖TOKIUM✖BillOne✖Concur：親会社トップダウン,確認不可,"△ SGHD子会社。自社HP・親会社公開資料・Gビズインフォを確認したが対象法人単体売上高を確認できず。公式の1兆4,792億円はグループ連結値のため不採用 https://www.sg-motors.co.jp/strength/"
001Nn00000eVfdp,9240001038924,内海造船株式会社,https://www.naikaizosen.co.jp/,"5: 300億円以上~1,000億円未満",7/16シモムラ ソウノスケ,470.16億円（2026年3月期・連結）,"○ 自社IR 2026年3月期決算短信 連結売上高47,016百万円 https://www.naikaizosen.co.jp/app/wp-content/uploads/2026/05/a687a801b4ae9de13699fe6845246e3c-1.pdf"
001Nn00000eVfdu,3290801009910,黒崎播磨株式会社,https://www.krosaki.co.jp/office,"6: 1,000億円以上",,"1,779.21億円（2025年3月期・連結）","○ 自社公式合併開示に前期連結売上高177,921百万円を明記。親会社のため連結採用 https://www.krosaki.co.jp/wp-content/uploads/2026/02/140120250911556141.pdf"
001Nn00000eVfdw,3010601011400,杉田エース株式会社,https://www.sugita-ace.co.jp/company/abstract.html,"5: 300億円以上~1,000億円未満",,756.61億円（2025年3月期・連結）,"○ 自社IR 2025年3月期決算短信。連結売上高75,661百万円 https://www.sugita-ace.co.jp/res/E6B1BAE7AE97E79FADE4BFA120E585A8E69687.pdf"
001Nn00000eVfe3,4180001056169,中日本高速道路株式会社,http://www.c-nexco.co.jp,"6: 1,000億円以上",,"12,153.01億円（2026年3月期・単体・営業収益）","○ Gビズインフォ（EDINET有価証券報告書）。原文表記は営業収益1,215,301百万円 https://info.gbiz.go.jp/hojin/ichiran?hojinBango=4180001056169"
001Nn00000eVfe4,6230001003007,北陸電気工事株式会社,https://www.rikudenko.co.jp/company/locations.html,"5: 300億円以上~1,000億円未満",,548.21億円（2026年3月期・単体）,"○ Gビズインフォ（EDINET有価証券報告書）売上高54,821百万円 https://info.gbiz.go.jp/hojin/ichiran?hojinBango=6230001003007"
001Nn00000eVfh5,7070001004879,株式会社セーブオン,https://www.saveon.co.jp/corporate/summary/,"5: 300億円以上~1,000億円未満",,【300億未満】114.99億円（2025年2月期・単体）,"× 300億未満。自社公式リリースに売上高114億9,904万円（2025年2月実績） https://www.saveon.co.jp/2025/09/22/吸収分割による株式会社ローソンへの事業承継について/"
001Nn00000eVfhk,9210001002528,轟産業株式会社,http://todorokisangyo.co.jp/,"5: 300億円以上~1,000億円未満",★08/10(月)、定時17:30、🔥🌐👤情シス/DX,794.16億円（2024年7月期・単体）,"○ 富山県公式「就活ラインとやま」売上高79,416百万円 https://shukatsu-line.pref.toyama.lg.jp/corporation/3417/info"
001Nn00000eVfkc,9290001052202,九州西濃運輸株式会社,http://www.kyushu-seino.co.jp/company/,"5: 300億円以上~1,000億円未満",／,314.57億円（2026年3月期・単体・営業収益）,"○ 自社公式第16期決算公告。運送事業収入31,371,372,086円＋その他事業営業収益85,347,420円 https://www.seino.co.jp/seino/kyushuseino/koukoku/20260612-01.pdf"
001Nn00000eVfkk,3030001060211,ケイアイスター不動産株式会社,https://ki-group.co.jp/,"6: 1,000億円以上",,"3,939億円（2026年3月期・連結）","○ 自社公式採用サイト。2026年3月期連結売上高3,939億円 https://recruit.ki-group.co.jp/highschool/"
001Nn00000eVfkl,5250001011264,株式会社カシワバラ・コーポレーション,https://www.kashiwabara.co.jp/,"5: 300億円以上~1,000億円未満",,864億円（2025年度・単体）,○ 自社公式採用サイト会社概要。売上（単体）864億円 https://recruit.kashiwabara.co.jp/company/
001Nn00000eVfkn,9370001011430,東北ミサワホーム株式会社,https://tohoku.misawa.co.jp/company/overview/branch.php,"5: 300億円以上~1,000億円未満",,【300億未満】286.16億円（2026年3月期・単体）,"× 300億未満。自社HP会社概要 売上高28,616百万円 https://tohoku.misawa.co.jp/company/overview/overview.php"
001Nn00000eVfku,5290801010767,株式会社安川電機,https://www.yaskawa.co.jp/,"6: 1,000億円以上",／,"5,421億円（2026年2月期・連結）","○ 自社HP会社概要。連結売上収益5,421億円 https://www.yaskawa.co.jp/company/profile/data"
001Nn00000eVfkw,6230001013831,コマツＮＴＣ株式会社,https://ntc.komatsu/jp/location,"5: 300億円以上~1,000億円未満",,476億円（2025年度・単体）,○ 親会社コマツ公式2025年度決算説明会資料「売上高の内訳」でコマツNTC 476億円 https://www.komatsu.jp/ja/-/media/home/ir/library/results/2025/jp_fy254qpresentation.pdf
001Nn00000eVflE,6012401009753,エア・ウォーター・メディエイチ株式会社,http://www.awmh.co.jp,"5: 300億円以上~1,000億円未満",イワマシリュウ_2026/08/10,【300億未満】201億円（2025年度・単体）,× 300億未満。自社HP会社概要 売上高201億円 https://www.awmh.co.jp/profile.html
001Nn00000eVflI,3120001077023,株式会社カプコン,https://www.capcom.co.jp/ir/company/info.html,"6: 1,000億円以上",,"1,953.65億円（2026年3月期・連結）","○ 自社HP会社情報。連結売上高1,953億65百万円 https://www.capcom.co.jp/ir/company/info.html"
001Nn00000eVflK,3120001077601,大阪瓦斯株式会社,https://ogud.co.jp/company/outline/,"6: 1,000億円以上",,"20,303.02億円（2026年3月期・連結）","○ 自社IR 2026年3月期決算短信。連結売上高2,030,302百万円 https://www.daigasgroup.com/ir/library/earnings/__icsFiles/afieldfile/2026/05/08/20260508_1_1.pdf"
001Nn00000eVflM,2010001010788,伊藤忠テクノソリューションズ株式会社,https://www.ctc-g.co.jp/company/about/corporate/profile.html,"6: 1,000億円以上",,"7,937億円（2025年度・連結）","○ 自社決算関連情報。2025年度売上高7,937億円 https://www.ctc-g.co.jp/company/ir/"
001Nn00000eVflN,9011001003973,株式会社ＮＨＫテクノロジーズ,https://www.nhk-tech.co.jp/company/outline/,"5: 300億円以上~1,000億円未満",,548億円（2025年度・単体）,○ 自社HP会社概要 売上高548億円 https://www.nhk-tech.co.jp/company/outline/
001Nn00000eVflP,2020001030067,株式会社アイネス,https://www.ines.co.jp/company/profile.html,"5: 300億円以上~1,000億円未満",,366.16億円（2026年3月期・連結）,"○ JPX決算短信。連結売上高36,616百万円 https://www2.jpx.co.jp/disc/97420/140120260331594058.pdf"
001Nn00000eVflo,4010601019970,伊藤忠飼料株式会社,https://www.itochu-f.co.jp/,"6: 1,000億円以上",イワマシリュウ_2026/08/10,"1,201億円（2024年度・単体）","○ 自社HP会社概要 売上高1,201億円 https://www.itochu-f.co.jp/company/profile/"
001Nn00000eVfm6,7120901021811,阪急電鉄株式会社,http://www.hankyu.co.jp/,"6: 1,000億円以上",,"2,218.41億円（2026年3月期・単体・営業収益）","○ 親会社阪急阪神HD有価証券報告書「主要な損益情報等」営業収益221,841百万円 https://regfis.com/reports/20260617_S100YCBL_E04103_null_010_030000_120"
001Nn00000eVfmr,4013401002304,ＧＥヘルスケア・ジャパン株式会社,http://www.gehealthcare.co.jp/,"6: 1,000億円以上",／,"1,279億円（2024年12月期・単体）","○ 自社HP会社概要 売上高1,279億円 https://www.gehealthcare.co.jp/ja-jp/company/company"
001Nn00000eVfmt,5010001034966,アステラス製薬株式会社,http://www.astellas.com/jp,"6: 1,000億円以上",／,"21,392.45億円（2026年3月期・連結）","○ 自社IR 2026年3月期決算短信。売上収益2,139,245百万円 https://www.astellas.com/content/dam/astellas-com/global/ja/confidential-documents/financial-results/4q2025_jp.pdf"
001Nn00000eVfmz,7140001078932,松谷化学工業株式会社,https://www.matsutani.co.jp/,"5: 300億円以上~1,000億円未満",,657億円（2024年11月期・単体）,○ 自社HP会社概要 売上高657億円 https://www.matsutani.co.jp/corporate/profile/
001Nn00000eVfnT,2010001066839,イーレックス株式会社,https://www.erex.co.jp/company/about/,"6: 1,000億円以上",,"1,691.70億円（2026年3月期・連結）","○ JPX 2026年3月期決算短信。連結売上高169,170百万円 https://www2.jpx.co.jp/disc/95170/140120260512525627.pdf"
001Nn00000eVfnW,5010001036640,味の素ヘルシーサプライ株式会社,http://www.ahs.ajinomoto.com/,"5: 300億円以上~1,000億円未満",,確認不可,△ 子会社。自社/味の素公式会社情報・Gビズインフォ・決算情報を確認したが単体売上高は非公開 https://info.gbiz.go.jp/hojin/ichiran?hojinBango=5010001036640
001Nn00000eVfnm,9010501000431,株式会社アブアブ赤札堂,http://afd.ababakafudado.co.jp/,"5: 300億円以上~1,000億円未満",,確認不可,△ 子会社。自社HP会社概要・Gビズインフォ・EDINETを確認。公式の最新売上明記は140億円（2023年2月期）で3期超のため不採用 https://www.ababakafudado.co.jp/company/
001Nn00000eVfqz,8140001018870,株式会社村元工作所,https://www.muramoto.com/jp/,"5: 300億円以上~1,000億円未満",／,"1,121億円（2025年度・グループ連結）","○ 自社HP会社概要。2025年度グループ連結売上高1,121億円 https://www.muramoto.com/jp/companyinfo/profile-locationlist/"
001Nn00000eVfr4,7120001039721,福栄鋼材株式会社,http://www.fukuei-steel.co.jp/,"5: 300億円以上~1,000億円未満",サトウリョウト26/05/25,674.48億円（2024年10月期・単体）,"○ 自社HP会社案内PDF 売上高674億4,800万円 https://www.fukuei.com/wp-content/uploads/2025/11/%E8%A8%AD%E5%82%99%E4%BB%95%E6%A7%98.pdf"
001Nn00000eVfrC,3010601030714,富士フイルムグラフィックソリューションズ株式会社,http://ffgs.fujifilm.co.jp/index.html,"5: 300億円以上~1,000億円未満",,対象外（吸収合併により法人格消滅）,× B列法人番号3010601030714は富士フイルムGSテクノ株式会社で、2023年4月に富士フイルムグラフィックソリューションズへ吸収合併され解散 https://info.gbiz.go.jp/hojin/ichiran?hojinBango=3010601030714
001Nn00000eVfrI,4310001006416,株式会社佐々木冷菓,https://sasaki-icenet.co.jp/page_33/,"5: 300億円以上~1,000億円未満",🔵MC:総務２課／広報・採用係 0956-40-1500 / 田渕博昭 総務部長 ｜ 【属性】🧸/👤総務/管理：総務部 部長　田渕 博昭,300億円（2024年11月期・単体）,○ 自社HP会社概要 年商300億円 https://www.sasaki-icenet.co.jp/?page_id=33
001Nn00000eVfrJ,3030001022021,ＪＡ全農青果センター株式会社,https://z-center.co.jp/company/access/,"6: 1,000億円以上",,"1,541.41億円（2025年3月期・単体）","○ Gビズインフォ第19期決算公告 売上高154,141百万円 https://info.gbiz.go.jp/hojin/financialstatement?kessanJohoId=53f4bfc4-461e-4069-a05b-ab11c1f9166c"
001Nn00000eVfs3,4120001044443,株式会社スーパーホテル,https://www.superhotel.co.jp/,"5: 300億円以上~1,000億円未満",,621.29億円（2026年3月期・単体）,"○ 自社HP会社概要 売上高621億2,900万円 https://www.superhotel.co.jp/kaisya_r/company/summary.html"
001Nn00000eVfv5,7100001025021,株式会社小諸村田製作所,http://www.murata.co.jp/komoromurata/corporate/index.html,"5: 300億円以上~1,000億円未満",／,確認不可,△ 村田製作所子会社。自社HP・長野県就活サイト・決算公告を確認したが単体売上は非公開。グループ連結値は不採用 https://www.shukatsu-nagano.jp/company_info/15641.html
001Nn00000eVfvG,6130001046073,ニデックテクノモータ株式会社,http://www.nidec-tecnom.com/index.html,"5: 300億円以上~1,000億円未満",,815.50億円（2024年3月期・単体）,○ 自社HP企業概要 売上高815億50百万円 https://www.nidec.com/jp/nidec-technomotor/corporate/about/outline/
001Nn00000eVfvH,7500001004562,株式会社ＩＳＥＫＩ　Ｍ＆Ｄ,https://www.iseki.co.jp/matsuyama/,"5: 300億円以上~1,000億円未満",,確認不可,△ 井関農機の100%子会社。親会社EDINET・自社/親会社公式・公的情報を確認したが単体売上を承認ソースで特定不可。民間の官報転載値は不採用 https://info.gbiz.go.jp/hojin/edinetDownload?docId=S100XTT5
001Nn00000eVfvJ,9011001069676,株式会社マッシュビューティーラボ,https://www.mashbeautylab.com/,"5: 300億円以上~1,000億円未満",🌳★07/10(金)、定時00:00、🔵🌑✳✡🔥 ※HDに繋がる。音声(法人取引：1➡その他：0)→HDの法人特定必須,確認不可,△ マッシュグループ子会社。自社HP会社概要・Gビズインフォ・グループ公開情報を確認したが単体売上高の承認ソースなし https://www.mashbeautylab.com/?lang=jp
001Nn00000eVfzW,6011001019997,株式会社ファイブ・フォックス,http://www.fivefoxes.co.jp/,"5: 300億円以上~1,000億円未満",,確認不可,△ 自社HP・Gビズインフォ・決算公告を確認したが直近3期の承認ソースで売上高を確認できず。求人/口コミサイトの数値は不採用 https://www.fivefoxes.co.jp/
001Nn00000eVfza,5010501016209,株式会社バンダイ,http://www.bandai.co.jp/,"6: 1,000億円以上",,"2,910.60億円（2026年3月期・単体）","○ 自社公式第78期計算書類。単体売上高291,060百万円 https://www.bandai.co.jp/images/renew/company/legal/20260612.pdf"
001Nn00000eVfze,8010401073462,株式会社ＳＨＩＦＴ,https://www.shiftinc.jp/,"5: 300億円以上~1,000億円未満",,"1,298.19億円（2025年8月期・連結）","○ JPX 2025年8月期決算短信。連結売上高129,819百万円 https://www2.jpx.co.jp/disc/36970/140120251014572712.pdf"
001Nn00000eVfzp,1240001029674,青山商事株式会社,https://www.aoyama-syouji.co.jp/about/outline/,"6: 1,000億円以上",,"1,890.11億円（2026年3月期・連結）","○ JPX 2026年3月期決算短信。連結売上高189,011百万円 https://www2.jpx.co.jp/disc/82190/140120260511523246.pdf"
001Nn00000eVfzq,9011001000392,株式会社アートネイチャー,https://corp.artnature.co.jp/ja/corporation/outline.html,"5: 300億円以上~1,000億円未満",★08/20(金)、定時00:00、🌟🚨 🔵🌑✳🌅👤情シス/DX,446億円（2026年3月期・連結）,"○ 自社IR業績ハイライト 2026年3月期売上高44,600百万円 https://corp.artnature.co.jp/ja/ir/finance/highlight.html"
001Nn00000eVfzt,3040001015833,マックスバリュ関東株式会社,https://www.mv-kanto.co.jp/company/,"5: 300億円以上~1,000億円未満",,447億円（2025年2月期・単体・営業収益）,○ 親会社U.S.M.H統合報告書。FY2024営業収益447億円 https://www.usmh.co.jp/wp-content/themes/usmh/files/2025/07/USMH2024_IR_250704FIX_all_20260108.pdf
001Nn00000eVfzu,4040001005536,株式会社トヨタユーゼック,https://www.toyota-usec.co.jp/company/,"5: 300億円以上~1,000億円未満",ハシモトワタル,460億円（2025年3月期・単体）,○ 自社HP会社情報 売上高460億円 https://www.toyota-usec.co.jp/company/
001Nn00000eVfzv,6013301010215,株式会社パルコ,https://www.parco.co.jp/,"5: 300億円以上~1,000億円未満",,664.38億円（2026年2月期・単体・営業収益）,"○ 自社公式第87期決算公告。営業収益66,438百万円 https://www.parco.co.jp/assets/pdf/about/ad/file260529_x2AdJCYs.pdf"
001Nn00000eVfzx,4130001012168,京都トヨタ自動車株式会社,https://kyoto-toyota.jp/store/15honsya,"5: 300億円以上~1,000億円未満",🔵MC:管理本部／管理部／人事課 075-691-8141（旧直通:情報システム部門:075-681-1121） ｜ ハシモトワタル,353億円（2023年度・単体）,○ 自社HP会社案内 売上高353億円（2023年度） https://kyoto-toyota.jp/corporate
001Nn00000eVfzy,6180001039139,中北薬品株式会社,https://www.nakakita.co.jp/company/jigyosho.html,"6: 1,000億円以上",,"2,178億円（2026年3月期・単体）","○ 自社HP会社概要 年間売上高2,178億円 https://www.nakakita.co.jp/company/gaiyo.html"
001Nn00000eVfzz,3180001031016,ダイドー株式会社,https://www.daido-net.co.jp/,"5: 300億円以上~1,000億円未満",,977.92億円（2024年11月期・単体）,○ 自社HP会社概要「実績」売上高グラフ https://www.daido-net.co.jp/company/
001Nn00000eVg03,4180301019263,豊生ブレーキ工業株式会社,https://www.hosei.co.jp/company/outline.html,"5: 300億円以上~1,000億円未満",🔵MC:人事総務部 0565-21-0921 ｜🎯360:人事総務部／人材開発Ｇ 0565-21-0921 ｜ ヤナギダタツヤ0727,883億円（2026年3月期・単体）,○ 自社HP会社概要。2026年3月期単体売上高883億円 https://www.hosei.co.jp/english/
001Nn00000eVg04,7011201010490,株式会社アーレスティ,https://www.ahresty.co.jp/company/company_profile,"5: 300億円以上~1,000億円未満",／,495.41億円（2026年3月期・単体）,"○ Gビズインフォ（EDINET有価証券報告書）単体売上高49,541百万円 https://info.gbiz.go.jp/hojin/ichiran?hojinBango=7011201010490"
001Nn00000eVg0C,7011401006867,リンテック株式会社,https://www.lintec.co.jp/company/data/,"6: 1,000億円以上",,"1,810.48億円（2026年3月期・単体）","○ 自社公式会社案内。単体売上高181,048百万円 https://www.lintec-global.com/about/brochure/book/pageindices/index24.html"
001Nn00000eVg0E,1010401004845,エヌ・イーケムキャット株式会社,http://www.ne-chemcat.co.jp/company/outline.html,"5: 300億円以上~1,000億円未満",6/23シモムラソウノスケ,確認不可,△ 自社HP会社概要・採用・サステナビリティ報告書、Gビズインフォ、決算公告を確認したが承認ソース上の売上高記載なし。求人媒体・民間公告集約値は不採用 https://info.gbiz.go.jp/hojin/ichiran?hojinBango=1010401004845
001Nn00000eVg0F,2130001002856,キョーラク株式会社,https://www.krk.co.jp/,"5: 300億円以上~1,000億円未満",,636億円（2025年3月期・単体）,○ 自社HP会社概要 年商636億円 https://www.krk.co.jp/company/overview/
001Nn00000eVg0J,6010001034809,松竹株式会社,https://www.shochiku.co.jp/,"5: 300億円以上~1,000億円未満",,564.80億円（2026年2月期・単体）,"○ Gビズインフォ（EDINET有価証券報告書）単体売上高56,480百万円 https://info.gbiz.go.jp/hojin/ichiran?hojinBango=6010001034809"
001Nn00000eVg0b,5012701002954,タクトホーム株式会社,https://www.tacthome.co.jp,"6: 1,000億円以上",／,"2,024.71億円（2026年3月期・単体）","○ 自社公式第43期決算公告。単体売上高202,471百万円 https://www.tacthome.co.jp/th/wp-content/uploads/2026/06/%E7%AC%AC43%E6%9C%9F%E6%B1%BA%E7%AE%97%E5%85%AC%E5%91%8A.pdf"
001Nn00000eVg0f,5080001002669,株式会社静岡銀行,https://www.shizuokabank.co.jp/,"6: 1,000億円以上",オカモトアツキ,"2,912.40億円（2025年3月期・単体・経常収益）","○ 親会社しずおかFG有価証券報告書「主要な損益情報等」。静岡銀行単体の経常収益291,240百万円 https://www.shizuoka-fg.co.jp/pdf/ir/2025/2025_securities_report.pdf"
001Nn00000eVg0l,2012701012287,飯田グループホールディングス株式会社,,"6: 1,000億円以上",,"15,088億円（2026年3月期・連結）","○ 自社HP「数字で見る飯田グループ」売上収益1兆5,088億円 https://www.ighd.co.jp/corporate/"
001Nn00000eVg0u,9130001012782,株式会社メルディアＤＣ,https://meldia-dc.co.jp/company/outline/,"5: 300億円以上~1,000億円未満",,確認不可,△ 子会社。自社IR・2025年9月期決算公告・親会社公開資料を確認したが、公告は連結貸借対照表のみで単体売上高記載なし。旧上場期実績・予想値は不採用 https://meldia-dc.co.jp/ir/irs/
001Nn00000eVg3t,8010001144647,ＫＰＭＧコンサルティング株式会社,https://kpmg.com/jp/ja/,"5: 300億円以上~1,000億円未満",,確認不可,△ 自社HP会社概要・Gビズインフォ・公的調達情報を確認したがKPMGコンサルティング単体売上高の承認ソースなし。KPMGグローバル収入は不採用 https://info.gbiz.go.jp/hojin/ichiran?hojinBango=8010001144647
001Nn00000eVg7E,1013401002091,富士通フロンテック株式会社,https://www.fujitsu.com/jp/group/frontech/about/corporate/,"5: 300億円以上~1,000億円未満",,852億円（2024年度・単体）,○ 自社公式環境トレンドグラフ。国内売上高852億円（2024年度） https://www.fujitsu.com/jp/group/frontech/about/sustainability/environment/trend-graphs/trend-graphs_j.pdf
001Nn00000eVg7F,3010501014528,株式会社マルゼン,http://www.maruzen-kitchen.co.jp/,"5: 300億円以上~1,000億円未満",🔵MC:人事・総務グループ 03-5603-7111 ｜ ★07/27(月)、定時00:00、⭐🌟🚨🔵🌑✳✡🌅💎🔥,636.51億円（2026年2月期・単体）,"○ Gビズインフォ（EDINET有価証券報告書）単体売上高63,651,104千円 https://info.gbiz.go.jp/hojin/ichiran?hojinBango=3010501014528"
001Nn00000eVg7O,7010401086168,株式会社ＬＥＯＣ,https://www.leoc-j.com/corporate_profile/outline.php,"6: 1,000億円以上",⭐／,"1,410億円（2026年3月期・単体）","○ 自社HP会社概要 単体売上高1,410億円 https://www.leoc-j.com/corporate_profile/outline.php"
001Nn00000eVg7c,9430001007785,株式会社正栄プロジェクト,https://www.eaglegroup.co.jp/corporate/outline.html,"5: 300億円以上~1,000億円未満",,675億円（2024年12月期・単体）,○ 自社HP会社概要 売上高675億円（2024年12月期実績） https://www.eaglegroup.co.jp/corporate/outline.html
001Nn00000eVg7f,2011101056358,株式会社ＮＴＴデータ・アイ,http://www.nttd-i.co.jp/,"5: 300億円以上~1,000億円未満",,964億円（2025年度・単体）,○ 自社HP会社概要 売上高964億円（2025年度実績） https://www.nttd-i.co.jp/corporate/profile.html
001Nn00000eVg7j,6011001029641,鉄道情報システム株式会社,https://www.jrs.co.jp/,"5: 300億円以上~1,000億円未満",🔵MC:総務部／人事課 03-5334-0655 ｜ 【属性】🧸/　👤経理：経理部　部長　沖(オキ)様　新任,383億円（2025年度・単体）,○ 自社HP会社概要 売上高383億円（2025年度） https://www.jrs.co.jp/company/overview/
001Nn00000eVg8J,5120001062898,共英製鋼株式会社,https://www.kyoeisteel.co.jp/ja/company/overview.html,"6: 1,000億円以上",,"1,373億円（2026年3月期・単体）","○ 自社HP会社概要 単体売上高1,373億円 https://www.kyoeisteel.co.jp/ja/company/overview.html"
001Nn00000eVg8k,9010401070789,コナミグループ株式会社,https://www.konami.com/corporate/ja/subsidiaries,"6: 1,000億円以上",,"4,936.77億円（2026年3月期・連結）","○ 自社IR 2026年3月期決算短信。連結売上高493,677百万円 https://www.konami.com/ir/ja/ir-data/"
001Nn00000eVg9h,3180001075467,株式会社足立ライト工業所,http://www.adachilight.co.jp/index.html,"5: 300億円以上~1,000億円未満",,確認不可,△ 自社HP・Gビズインフォ・決算公告を確認したが承認ソースで直近売上高を確認できず。求人媒体に194億円の記載があるが不採用 https://info.gbiz.go.jp/hojin/ichiran?hojinBango=3180001075467
001Nn00000eVgA2,5060001003116,株式会社東武宇都宮百貨店,https://www.tobu-u-dept.jp/,"5: 300億円以上~1,000億円未満",,確認不可,△ 東武鉄道100%子会社。自社HP・Gビズインフォ・親会社統合報告書・決算公告を確認したが直近単体売上高なし。公式最新明記240億円は2019年度で3期超 https://www.tobu-u-dept.jp/tenant/entry.php
001Nn00000eVgAB,3011001010678,シマダヤ株式会社,https://www.shimadaya.co.jp/company/info/,"5: 300億円以上~1,000億円未満",,410億円（2026年3月期・単体）,○ 自社HP会社概要 単体売上高410億円 https://www.shimadaya.co.jp/company/info/
001Nn00000eVgBP,7010001034865,東洋埠頭株式会社,https://www.toyofuto.co.jp/company/outline/,"5: 300億円以上~1,000億円未満",,380億円（2026年3月期・連結・営業収益）,○ 自社HP会社概要 連結営業収益380億円 https://www.toyofuto.co.jp/company/outline/
001Nn00000eVgBe,9110001008097,株式会社Ｊリスクマネージメント,https://www.j-risk.jp/company/,"5: 300億円以上~1,000億円未満",,確認不可,△ 自社HP会社概要・公式第21期決算公告・Gビズインフォを確認。決算公告は貸借対照表のみで売上高記載なし https://www.j-risk.jp/public_notice/
001Nn00000eVgBi,8060001002998,栃木トヨタ自動車株式会社,https://www.tochigitoyota.com,"5: 300億円以上~1,000億円未満",,480億円（2025年3月期・単体）,○ 自社HP企業情報 年間売上高480億円 https://www.tochigitoyota.com/corporate
001Nn00000eVgBj,6310001007437,長崎キヤノン株式会社,https://nagasaki.canon/,"5: 300億円以上~1,000億円未満",,確認不可,△ キヤノン子会社。自社HP会社概要・Gビズインフォ・親会社公開資料を確認したが単体売上高の承認ソースなし。民間の官報転載992.94億円は不採用 https://nagasaki.canon/about/index.html
001Nn00000eVgBl,5010701019713,株式会社モスフードサービス,https://www.mos.co.jp/company/outline/profile/,"5: 300億円以上~1,000億円未満",,761.88億円（2026年3月期・単体）,"○ Gビズインフォ（EDINET有価証券報告書）単体売上高76,188百万円 https://info.gbiz.go.jp/hojin/ichiran?hojinBango=5010701019713"
001Nn00000eVgBs,4240001034184,株式会社北川鉄工所,http://www.kiw.co.jp/,"5: 300億円以上~1,000億円未満",🔵MC:人事部／人事課 0847-40-0503 / 小畠誠 執行役員経営管理本部安全・環境推進部長、,584.15億円（2026年3月期・連結）,○ 自社HP会社情報 連結売上高584億円 https://www.kiw.co.jp/company
001Nn00000eVgBu,7013201005504,株式会社牧野フライス製作所,https://www.makino-mts.co.jp/corporate,"6: 1,000億円以上",,"2,611.84億円（2026年3月期・連結）","○ 自社HP会社概要 連結売上高261,184百万円 https://www.makino.co.jp/ja-jp/about-us/company-profile"
001Nn00000eVgBx,5070001021901,株式会社とりせん,https://www.torisen.co.jp/company/company-profile/,"5: 300億円以上~1,000億円未満",／,"1,008億円（2026年2月期・単体）","○ 自社HP会社概要 年間売上高1,008億円（2026年2月実績） https://www.torisen.co.jp/company/company-profile/"
001Nn00000eVgMu,9010001034847,東都水産株式会社,http://www.tohsui.co.jp/,"5: 300億円以上~1,000億円未満",,850.60億円（2026年3月期・単体）,"○ 自社HP会社概要 単体売上高850億6,000万円 https://www.tohsui.co.jp/company/overview/"
001Nn00000eVgMy,4010601015805,株式会社宮田,http://www.miyata-net.co.jp,"5: 300億円以上~1,000億円未満",,確認不可,△ 自社HP会社概要・Gビズインフォ・決算公告を確認したが承認ソースで直近売上高を確認できず。求人媒体の260.55億円は不採用 https://info.gbiz.go.jp/hojin/ichiran?hojinBango=4010601015805
001Nn00000eVgN2,2010401078995,全農チキンフーズ株式会社,http://www.ja-zcf.co.jp,"5: 300億円以上~1,000億円未満",,"1,477億円（2025年度・単体）","○ 自社HP会社概要 年商1,477億円（2025年度実績） https://www.ja-zcf.co.jp/zc/corp/outline/"
001Nn00000eVgNL,1370801000359,株式会社キタセキ,https://www.kitaseki.co.jp/,"6: 1,000億円以上",🌳★07/14(火)、定時00:00、🔵🌑✳✡🔥 ・人事部/ナガサワ様,"2,362億円（現行会社概要・決算期記載なし）","○ 自社HP現行会社概要 年商（売上高）2,362億円 https://www.kitaseki.co.jp/company/summary/"
001Nn00000eVgNa,4120001072725,エスリード株式会社,https://www.eslead.co.jp/company/outline/,"5: 300億円以上~1,000億円未満",イワマシリュウ_2026/08/10,886.19億円（2026年3月期・単体）,"○ Gビズインフォ（EDINET有価証券報告書）単体売上高88,619,317千円 https://info.gbiz.go.jp/hojin/ichiran?hojinBango=4120001072725"
001Nn00000eVgNb,1400001000791,株式会社ベルジョイス,https://www.beljois.co.jp/about/index.html,"5: 300億円以上~1,000億円未満",★09/14(金)17:00～、定時17:00、🔵🌑✳✡🌅🔥🐧👤情シス/DX👤人事👤総務/管理,846.68億円（2025年2月期・単体）,○ 親会社アークス公式統合報告書2025。ベルジョイス売上高846億68百万円 https://www.arcs-g.co.jp/vc-files/arcs-g/ir/pdf/2025/arcs-g_integrated_report_2025.pdf
001Nn00000eVgNc,9010401015273,住友金属鉱山株式会社,https://www.smm.co.jp/r_info/saiyo/company.html,"6: 1,000億円以上",,"15,072.08億円（2026年3月期・単体）","○ Gビズインフォ（EDINET有価証券報告書）単体売上高1,507,208百万円 https://info.gbiz.go.jp/hojin/ichiran?hojinBango=9010401015273"
001Nn00000eVgPK,9060001036392,藤田金属株式会社,,"5: 300億円以上~1,000億円未満",,確認不可,△ 法人番号9060001036392で照合すると栃木県真岡市の藤田金属株式会社。自社サイト・財務情報を特定できず、同名別法人の数値は不採用 https://info.gbiz.go.jp/hojin/ichiran?hojinBango=9060001036392
001Nn00000eVgTl,6180001010974,フジパンストアー株式会社,https://www.fujipanstore.com/about/,"5: 300億円以上~1,000億円未満",,確認不可,△ フジパングループ子会社。自社HP・Gビズインフォ・親会社公式会社概要・決算公告を確認したが単体売上高なし。グループ売上は不採用 https://info.gbiz.go.jp/hojin/ichiran?hojinBango=6180001010974
001Nn00000eVgXQ,5010701001101,イワタボルト株式会社,https://iwatabolt.co.jp/company/,"5: 300億円以上~1,000億円未満",,確認不可,△ 自社HP会社概要・Gビズインフォ・決算公告を確認したが直近売上高の記載なし https://info.gbiz.go.jp/hojin/ichiran?hojinBango=5010701001101
001Nn00000eVgXq,9011401007178,ニデックプレシジョン株式会社,https://www.nidec.com/jp/nidec-copal,"5: 300億円以上~1,000億円未満",🌳★08/17(月)、定時00:00、✳✡,322.95億円（2025年3月期・単体）,"○ Gビズインフォ第89期決算公告。単体売上高32,295百万円 https://info.gbiz.go.jp/hojin/financialstatement?kessanJohoId=7fa53c76-aef2-4c1f-8a5c-51056289fcbc"
001Nn00000eVgXw,8010401021784,ＮＥＣキャピタルソリューション株式会社,http://www.necap.co.jp,"6: 1,000億円以上",🔵MC:人事部 03-6720-8354 ｜ ☆V 07/09〈木〉、定時00:00、🌟🚨✳✡🌅❄🔥/アツい！/💰・経営企画部/部長/佐藤 崇之/・ソリューション本部/本部長/住江 眞/,"2,414.76億円（2026年3月期・単体）","○ Gビズインフォ（EDINET有価証券報告書）単体売上高241,476百万円 https://info.gbiz.go.jp/hojin/ichiran?hojinBango=8010401021784"
001Nn00000eVgdQ,9010001064753,日本調剤株式会社,https://www.nicho.co.jp/corporate/profile/about/,"6: 1,000億円以上",,"3,156.14億円（2025年3月期・単体）","○ Gビズインフォ（EDINET有価証券報告書）単体売上高315,614百万円 https://info.gbiz.go.jp/hojin/ichiran?hojinBango=9010001064753"
001Nn00000eVge9,4100001019463,高天酒造株式会社,http://www.koten-sake.co.jp/,"5: 300億円以上~1,000億円未満",,確認不可,△ 自社HP・Gビズインフォ・決算公告を確認したが直近売上高を承認ソースで確認できず https://info.gbiz.go.jp/hojin/ichiran?hojinBango=4100001019463
001Nn00000eVgju,7230001000928,コーセル株式会社,https://www.cosel.co.jp/,"5: 300億円以上~1,000億円未満",オカモトアツキ,【300億未満】175.98億円（2026年5月期・単体）,"× 300億未満。Gビズインフォ（EDINET有価証券報告書）単体売上高17,598百万円 https://info.gbiz.go.jp/hojin/ichiran?hojinBango=7230001000928"
001Nn00000eVgmo,4120001076916,加藤金属興業株式会社,https://kato-metals.co.jp/,"5: 300億円以上~1,000億円未満",イシマツハル,確認不可,△ 自社HP会社概要・Gビズインフォ・決算公告を確認したが承認ソースで直近売上高を確認できず https://info.gbiz.go.jp/hojin/ichiran?hojinBango=4120001076916
001Nn00000eVgmv,8470001002701,株式会社タダノエステック,http://sys.tadano.co.jp/s-tec/company/profile,"6: 1,000億円以上",,確認不可,△ タダノ100%子会社。自社HP会社概要・親会社公開資料・Gビズインフォ・決算公告を確認したが単体売上高の承認ソースなし http://sys.tadano.co.jp/s-tec/company/profile
001Nn00000eVgnq,9120001067885,株式会社讀宣,https://www.yomisen.co.jp/,"5: 300億円以上~1,000億円未満",,【300億未満】139億円（2025年度・単体）,× 300億未満。自社HP会社概要 年商139億円（2025年度単体） https://www.yomisen.co.jp/company/index.html
001Nn00000eVgoH,4010001073486,株式会社三菱ＵＦＪフィナンシャル・グループ,,"6: 1,000億円以上",,"146,208.43億円（2026年3月期・連結・経常収益）","○ 自社IR 2026年3月期決算短信。連結経常収益14,620,843百万円 https://www.mufg.jp/dam/ir/fs/2025/pdf/summary2603_ja.pdf"
001Nn00000eVgpc,3130001020766,株式会社コスモネット,https://www.cosmonet.ne.jp/access/,"5: 300億円以上~1,000億円未満",キクチリョウスケ,"1,040億円（2026年3月期・グループ計）","○ 自社HP会社概要 売上高1,040億円（2026年3月期グループ計） https://www.cosmonet.ne.jp/company/outline/index.html"
001Nn00000eVgpd,5013301012443,株式会社良品計画,https://www.ryohin-keikaku.jp/,"6: 1,000億円以上",,"7,846.29億円（2025年8月期・連結・営業収益）","○ 自社HP会社概要 グループ連結営業収益7,846億29百万円 https://www.ryohin-keikaku.jp/corporate/overview"
001Nn00000eVgpe,2120001012749,大光電機株式会社,https://www.lighting-daiko.co.jp/,"5: 300億円以上~1,000億円未満",,474億円（2025年度・単体）,○ 自社HP会社概要 売上高474億円（2025年度） https://www2.lighting-daiko.co.jp/company/outline/
001Nn00000eVgpr,7370001005153,株式会社サトー商会,https://www.satoh-web.co.jp/company/profile/,"5: 300億円以上~1,000億円未満",🔵MC:人事部／人事課 022-236-5603 ｜ ヤナギダタツヤ0809,458.50億円（2026年3月期・単体）,"○ Gビズインフォ（EDINET有価証券報告書）単体売上高45,849,732千円 https://info.gbiz.go.jp/hojin/ichiran?hojinBango=7370001005153"
001Nn00000eVgpv,1010701028684,株式会社ローソンストア１００,https://store100.lawson.co.jp/,"6: 1,000億円以上",🔵MC:コーポレート本部／人事ユニット 044-201-8152 ｜🎯360:人材教育ユニット 044-201-8453（旧直通:経営企画部：03-4334-6799） ｜ 🌳★V06/03(水)、定時00:00、✳✡❄,確認不可,△ ローソン子会社。自社HP会社概要・Gビズインフォ・親会社月次/決算資料を確認したが単体年間売上高を特定できず。親会社連結値は不採用 https://store100.lawson.co.jp/company/outline/about/
001Nn00000eVgpw,9040001030133,株式会社ワイズマート,https://www.ysmart.co.jp/company/corporate/,"5: 300億円以上~1,000億円未満",,557億円（2026年2月期・単体）,○ 自社HP会社概要 売上高557億円（2026年2月期実績） https://www.ysmart.co.jp/company/corporate/
001Nn00000eVgpx,4011101006006,株式会社京王百貨店,http://www.keionet.com/,"5: 300億円以上~1,000億円未満",🔵MC:人事部 03-5354-2872 / 森雅弘 経理部長（京王地下駐車場取締役総務部長）（旧直通:代表番号：0570-022-810）,881.80億円（2026年3月期・単体）,"○ 自社HP企業概要 売上高88,180百万円 https://www.keionet.com/corp/company/outline.html"
001Nn00000eVgq1,7030001037230,日立建機日本株式会社,https://japan.hitachi-kenki.co.jp/company/hcmj/outline/,"6: 1,000億円以上",,"2,028.19億円（2026年3月期・単体）","○ 親会社日立建機のEDINET有価証券報告書「主要な損益情報等」売上収益202,819百万円 https://info.gbiz.go.jp/hojin/edinetDownload?docId=S100YIBR"
001Nn00000eVgq5,8030001046841,株式会社本田技術研究所,https://global.honda/jp/RandD/about/cpgc/,"6: 1,000億円以上",イワマシリュウ_2026/08/10,"2,193.41億円（2025年3月期・単体）","○ Honda公式組織再編資料「承継会社の直前事業年度の経営成績」売上高219,341百万円 https://global.honda/jp/investors/library/filings/auto_20260210553732/pdfFile.pdf"
001Nn00000eVgq9,1260001013073,倉敷化工株式会社,https://www.kuraka.co.jp/corporation/outline,"5: 300億円以上~1,000億円未満",,342億円（2024年3月期・単体）,○ 自社HP会社概要 単体売上高342億円 https://ftp.kuraka.co.jp/corporation/outline.html
001Nn00000eVgqB,9180001088975,ニデックモビリティ株式会社,https://www.nidec.com/jp/nidec-mobility/,"6: 1,000億円以上",,"1,368億円（2023年度・単体）","○ 自社HP企業概要 売上高1,368億円（2023年度） https://www.nidec.com/jp/nidec-mobility/corporate/about/outline/"
001Nn00000eVgqH,4120101002532,堺化学工業株式会社,https://www.sakai-chem.co.jp/jp/,"5: 300億円以上~1,000億円未満",🔵MC:人事部 072-223-4112 / 栩山雅勝 総務部長（情報システム部長） ｜ 🌳★08/17(月)、定時00:00、🔥訴求用 ・人事総務部/部長/弓岡　晃一/※1,416.33億円（2026年3月期・単体）,"○ Gビズインフォ（EDINET有価証券報告書）単体売上高41,633百万円 https://info.gbiz.go.jp/hojin/ichiran?hojinBango=4120101002532"
001Nn00000eVgqK,8010401022551,日本コンクリート工業株式会社,https://www.ncic.co.jp/company/info.html,"5: 300億円以上~1,000億円未満",,313.43億円（2026年3月期・単体）,"○ Gビズインフォ（EDINET有価証券報告書）単体売上高31,342,743千円 https://info.gbiz.go.jp/hojin/ichiran?hojinBango=8010401022551"
001Nn00000eVgqn,4020001057348,株式会社杉孝,https://www.sugiko.co.jp/about/profile/,"5: 300億円以上~1,000億円未満",,371億円（2025年12月期・単体）,○ 自社HP会社概要 売上高371億円 https://www.sugiko.co.jp/about/profile/
001Nn00000eVgrA,4010401010089,株式会社コシダテック,https://www.koshida.co.jp/company/outline.html,"5: 300億円以上~1,000億円未満",,【300億未満】230億円（2026年3月期・単体）,× 300億未満。自社HP会社概要 売上高230億円 https://www.koshida.co.jp/company/outline.html
001Nn00000eVgrR,5010701019754,日本ピュアフード株式会社,https://www.purefood.co.jp/about/profile.htm,"5: 300億円以上~1,000億円未満",🔵MC:管理本部／人事部／労務安全衛生課 03-5759-8588 ｜🎯360:管理本部／人事部／人財キャリア開発課 03-5759-8588,595億円（2026年3月期・単体）,○ 自社HP会社概要 売上高595億円 https://www.purefood.co.jp/about/profile.htm
001Nn00000eVgrW,5010501021530,住友重機械建機クレーン株式会社,https://www.hsc-cranes.com/jp/company/profile.html,"5: 300億円以上~1,000億円未満",8/6シモムラソウノスケ　【属性】🧸/👤情シス/DX：・💰情報システム部/部長/(例)菅野 克博/※1 ・💰情報システム部/非開示/(例)渡辺 孝史/※2,410億円（2025年12月期・単体）,○ 自社HP会社概要 売上高410億円 https://www.hsc-cranes.com/jp/company/profile.html
001Nn00000eVgrZ,8120001060544,アズワン株式会社,https://www.as-1.co.jp/company/profile/,"5: 300億円以上~1,000億円未満",,"1,056.03億円（2026年3月期・単体）","○ Gビズインフォ（EDINET有価証券報告書）単体売上高105,603百万円 https://info.gbiz.go.jp/hojin/ichiran?hojinBango=8120001060544"
001Nn00000eVgra,7180001051852,中日本フード株式会社,https://www.nfgroup.co.jp/middlefood/,"6: 1,000億円以上",X,"1,915億円（2026年3月期・単体）","○ 自社HP会社案内 売上高1,915億円 https://www.nfgroup.co.jp/middlefood/company/"
001Nn00000eVgrb,5380001006152,日本全薬工業株式会社,https://www.zenoaq.com/about-us/company-overview/,"5: 300億円以上~1,000億円未満",シモムラソウノスケ　7/16,466億円（2025年度・単体）,○ 自社HP会社概要 売上高466億円 https://www.zenoaq.com/about-us/company-overview/
001Nn00000eVgrd,4010401049128,三井住友ＤＳアセットマネジメント株式会社,https://www.smd-am.co.jp/,"6: 1,000億円以上",,確認不可,△ 自社HP会社情報・ディスクロージャー資料、Gビズインフォ、公的開示を確認したが対象法人の直近営業収益を承認ソースで特定できず https://www.smd-am.co.jp/corporate/
001Nn00000eVgre,2080401004441,株式会社浜友Ａ．Ｌ．,https://www.parao.co.jp/,"6: 1,000億円以上",,確認不可,"△ 自社公式サイト・Gビズインフォ・官報決算公告を確認したが売上高非開示。求人媒体の2,238億円は承認外のため不採用 https://hamatomo.co.jp/"
001Nn00000eVgrf,6030001060489,キヤノン・コンポーネンツ株式会社,https://compo.canon/ja/,"5: 300億円以上~1,000億円未満",,確認不可,△ キヤノン子会社。自社HP・Gビズインフォ・親会社公開資料・直近決算公告を確認したが売上高非開示。求人/口コミ媒体の数値は不採用 https://compo.canon/ja/company/profile/
001Nn00000eVgri,9180001021408,アイホン株式会社,https://www.aiphone.co.jp/corp/info/,"5: 300億円以上~1,000億円未満",,538.61億円（2026年3月期・単体）,"○ Gビズインフォ（EDINET有価証券報告書）単体売上高53,861百万円 https://info.gbiz.go.jp/hojin/ichiran?hojinBango=9180001021408"
001Nn00000eVgrq,2120001002188,株式会社椿本チエイン,https://www.tsubakimoto.jp/company/profile/overview/,"6: 1,000億円以上",／,"1,179.04億円（2026年3月期・単体）","○ Gビズインフォ（EDINET有価証券報告書）単体売上高117,904百万円 https://info.gbiz.go.jp/hojin/ichiran?hojinBango=2120001002188"
001Nn00000eVgrr,4180001101313,イオンビッグ株式会社,https://www.aeonbig.co.jp/,"5: 300億円以上~1,000億円未満",6/22シモムラソウノスケ,"約2,950億円（自社採用HP現行値）","○ 自社採用HP「数字でわかるイオンビッグ」。売上高約2,950億円。https://www.aeonbig.co.jp/recruit/employ/data/"
001Nn00000eVgtx,9120001058777,株式会社メガチップス,https://www.megachips.co.jp/company/outline/,"5: 300億円以上~1,000億円未満",,361.69億円（2026年3月期・連結）,"○ 自社IR「売上・損益状況」。2026年3月期売上高36,169百万円。https://www.megachips.co.jp/irinfo/finance/sales/index.html"
001Nn00000eVgtz,9120001168725,クリヤマジャパン株式会社,https://www.kuriyama.co.jp/company/access/,"5: 300億円以上~1,000億円未満",🔵MC:総務部／人事グループ 06-6910-7013 / 友永和男 ミトヨ常務管理本部長（管理本部総務部長）（旧直通:ＩＴ統括室：06-6910-7063） ｜ 🔥管理本部 人事部　部長　常盤 孝大 （ときわ）,確認不可,"△ 子会社。自社HP・親会社クリヤマHD事業報告を確認。アジア事業売上37,665百万円は複数社を含むセグメント値で、クリヤマジャパン単体売上を確定できず。https://www.kuriyama-holdings.com/press/uploads/businessreport2026.pdf"
001Nn00000eVgu7,8013301010956,株式会社フルヤ金属,https://www.furuyametals.co.jp/corporate/profile/,"5: 300億円以上~1,000億円未満",【属性】R/ 👤人事：人事部　部長　瀬下 昌彦　🔵MC:人事部 03-5977-3377 / 西村勉 取締役、執行役員管理本部総務・CSR兼シ（旧直通:システム部：03-5977-3377） ｜ サトウリョウト26/08/10,573.79億円（2025年6月期・連結）,○ 自社IR。2025年6月期連結売上高573億79百万円。https://www.furuyametals.co.jp/ir/message/
001Nn00000eVguA,6460301002107,丸玉木材株式会社,http://www.marutama-ind.com/,"5: 300億円以上~1,000億円未満",◆08/24(月)、定時00:00、09:30/情報グループ/グループ長/松本(マツモト)様,確認不可,△ 確認不可。自社HP・gBizINFO・決算公告を確認したが、直近3期の承認ソースで売上高を確認できず。http://www.marutama-ind.com/
001Nn00000eVguE,1010001108872,株式会社クマヒラ,https://www.kumahira.co.jp/,"5: 300億円以上~1,000億円未満",／,確認不可,△ 確認不可。自社HP・gBizINFO・決算公告を確認したが、直近3期の承認ソースで売上高を確認できず。https://www.kumahira.co.jp/
001Nn00000eVgws,6010401090245,エムイーシーテクノ株式会社,https://www.mec-techno.co.jp/company/profile/,"5: 300億円以上~1,000億円未満",,560億円（2026年3月期・単体）,○ 自社HP会社概要。2026年3月期売上高560億円。https://www.mec-techno.co.jp/company/profile/
001Nn00000eVgwu,3010001034778,株式会社弘電社,https://www.kk-kodensha.co.jp/company/company.html,"5: 300億円以上~1,000億円未満",,442.34億円（2026年3月期・連結）,"○ 自社IR決算資料。2026年3月期連結売上高44,234百万円。https://www.kk-kodensha.co.jp/investor/ir_report.html"
001Nn00000eVgwx,5120001170107,ロジスティード西日本株式会社,https://www.logisteed.com/westjapan/corpo/outline/index.html,"5: 300億円以上~1,000億円未満",,785億円（2026年3月期・単体）,○ 自社採用HP会社情報。2026年3月期売上高785億円。https://www.logisteed.com/westjapan/newgrad/company/
001Nn00000eVgx6,1012401010815,株式会社飯田産業,https://www.iidasangyo.co.jp/company/profile/,"6: 1,000億円以上",◆08/24(月)、定時00:00、,"2,592.50億円（2026年3月期・単体）","○ 親会社の2026年3月期有価証券報告書「主要な損益情報等」。飯田産業単体売上高259,250百万円。EDINET https://disclosure2.edinet-fsa.go.jp/"
001Nn00000eVgxF,6210001011936,株式会社福井村田製作所,https://www.murata.com/ja-jp/group/fukuimurata,"6: 1,000億円以上",🌳★07/27(月)、定時00:00、🔵🌑✳✡🌅,確認不可,△ 子会社。自社採用HP・親会社村田製作所開示を確認したが、公開値はムラタグループ連結値のみで、福井村田製作所単体売上を確認できず。https://recruit.murata.com/ja-jp/area/fukuimurata/about/data/
001Nn00000eVgxG,6010801015479,株式会社バンダイナムコアミューズメント,https://am.bandainamco-am.co.jp/about/,"5: 300億円以上~1,000億円未満",,975.49億円（2026年3月期・単体）,"○ 自社公式の2026年3月期決算公告・損益計算書。売上高97,549百万円。https://am.bandainamco-am.co.jp/documents/ir/20260615.pdf"
001Nn00000eVgxH,1010001008651,ウシオ電機株式会社,http://www.ushio.co.jp,"5: 300億円以上~1,000億円未満",☢※リスケ：https://app.spirinc.com/t/E7HVLxy1n5-XfJGP5odi6/as/9wIb9hsX_tmw-cHeSX_8S/confirm-guest,"1,792.11億円（2026年3月期・連結）","○ JPX決算短信。2026年3月期連結売上高179,211百万円。https://www2.jpx.co.jp/disc/69250/140120260423509670.pdf"
001Nn00000eVgxQ,9150001013309,株式会社ヒラノテクシード,https://www.hirano-tec.co.jp/profile/profile.html,"5: 300億円以上~1,000億円未満",,322.85億円（2026年3月期・連結）,"○ 自社IR決算短信。2026年3月期連結売上高32,285,374千円。https://www.hirano-tec.co.jp/mt_asset/102_04-kesan.pdf"
001Nn00000eVgxS,6010401089907,株式会社なか卯,https://www.nakau.co.jp/jp/company/profile.html,"5: 300億円以上~1,000億円未満",,確認不可,△ 子会社。自社HP・親会社ゼンショーHD開示・gBizINFOを確認したが、公開資料はセグメント値中心で、なか卯単体売上高を承認ソースで確認できず。https://www.nakau.co.jp/jp/company/profile.html
001Nn00000eVgxZ,5010401008297,キヤノンマーケティングジャパン株式会社,http://canon.jp/,"6: 1,000億円以上",7/27シモムラソウノスケ　☆V 07/09〈木〉、定時00:00、🌟🚨🔴✳✡/💰財務部：03-6719-9071/💰・経理部/部長/白根 昭宏,"6,797.99億円（2025年12月期・連結）","○ 自社HP会社概要。2025年12月期連結売上高679,799百万円。https://corporate.jp.canon/profile/about"
001Nn00000eVh6u,3220001014899,シブヤパッケージングシステム株式会社,https://www.shibuya-sps.co.jp/,"5: 300億円以上~1,000億円未満",,確認不可,△ 子会社。自社HP・親会社澁谷工業のIR/グループ情報を確認したが、シブヤパッケージングシステム単体の直近3期売上高を承認ソースで確認できず。https://www.shibuya-sps.co.jp/
001Nn00000eVh72,9020001024888,横浜丸中青果株式会社,https://www.yokohama-marunaka.co.jp/group/yms/,"5: 300億円以上~1,000億円未満",,682億円（2024年3月期・単体）,○ 自社HP会社概要。2024年3月期売上高682億円。https://www.yokohama-marunaka.co.jp/group/yms/index.html
001Nn00000eVh7F,8010001058475,株式会社ミルックス,https://www1.milx.co.jp/about/company.html,"6: 1,000億円以上",,308.20億円（2026年3月期・単体）,"○ 自社HP会社概要。令和8年3月期売上高308億2,000万円。https://www1.milx.co.jp/about/company.html"
001Nn00000eVh7H,9010001115977,株式会社ＲＫコンサルティング,https://www.rkinc.co.jp/index.html,"5: 300億円以上~1,000億円未満",,【300億未満】51億円（2025年10月期・単体）,"× 300億未満。自社採用HP企業情報で2025年10月期売上高5,100百万円。https://www.rkinc.co.jp/recruit/"
001Nn00000eVh7Q,5020001022870,エバラ食品工業株式会社,https://www.ebarafoods.com/company/about/company/,"5: 300億円以上~1,000億円未満",イイヅカカイト,500.05億円（2026年3月期・連結）,○ 自社HP会社概要。2026年3月期連結売上高500億5百万円。https://www.ebarafoods.com/company/about/company/
001Nn00000eVh7R,5120001077475,株式会社ショクリュー,https://shokuryu.co.jp/company/outline/,"6: 1,000億円以上",🔵MC:管理本部／総務人事部 06-6647-6270,"1,359.9259億円（2025年3月期・単体）","○ 自社HP会社概要。2025年3月期売上高1,359億9,259万円。https://shokuryu.co.jp/company/outline/"
001Nn00000eVh7d,6180001015239,株式会社日特スパークテックＷＫＳ,https://sparktec-wks.co.jp/publics/index/3/,"5: 300億円以上~1,000億円未満",,"1,028億円（2024年度・単体）","○ 自社HP会社概要。2024年度売上高1,028億円。https://sparktec-wks.co.jp/pages/3/"
001Nn00000eVh7f,4360001006502,イオン琉球株式会社,https://www.aeon-ryukyu.jp/about/company/,"5: 300億円以上~1,000億円未満",6/22シモムラソウノスケ,確認不可,"△ 自社HP会社概要は2026年2月末の「営業収益」1,116.3億円のみ。判定基準は売上高のため不採用。承認ソースで売上高を確認できず。https://www.aeon-ryukyu.jp/about/company/"
001Nn00000eVh7i,2010001027031,株式会社日立ビルシステム,https://www.hbs.co.jp/coguide/corporate.html,"6: 1,000億円以上",,"2,893億円（2024年度・単体）","○ 自社HP会社概要。2024年度売上高2,893億円。https://www.hbs.co.jp/coguide/corporate.html"
001Nn00000eVhC5,2010401020321,東洋水産株式会社,http://www.maruchan.co.jp/,"6: 1,000億円以上",,"5,366億円（2026年3月期・連結）","○ 自社HP会社概要。2026年3月期連結売上高5,366億円。https://www.maruchan.co.jp/company/info/"
001Nn00000eVhCT,1370001001380,国分東北株式会社,https://www.kokubu.co.jp/touhoku/company/outline/,"5: 300億円以上~1,000億円未満","売上高	120,262百万円（2025年12月期） 従業員数	281名（2025年12月31日現在）","1,202.62億円（2025年12月期・単体）","○ 自社HP会社概要。2025年12月期売上高120,262百万円。https://www.kokubu.co.jp/touhoku/company/outline/"
001Nn00000eVhCZ,6390001011877,日東ベスト株式会社,https://www.nittobest.co.jp/,"5: 300億円以上~1,000億円未満",,574億円（2026年3月期・連結）,○ 自社HP会社概要。2026年3月期連結売上高574億円。https://www.nittobest.co.jp/company/aboutus.html
001Nn00000eVhrH,6180001016088,株式会社ＥＮＥＯＳウイング,https://www.eneos-wing.co.jp,"6: 1,000億円以上",オカモトアツキ,"3,250億円（2024年度・単体）","○ 自社採用HP「ENEOSウイングをもっと知る」。2024年度売上高3,250億円。https://www.eneos-wing.co.jp/recruit/hs/company/detail/"
001Nn00000eVhrO,8120001110183,株式会社福屋不動産販売,http://www.fukuya-k.co.jp/company/about.php?area=kansai,"5: 300億円以上~1,000億円未満",,確認不可,△ 自社HP企業概要・グループ情報・公的情報を確認したが、直近3期の福屋不動産販売単体売上高を承認ソースで確認できず。https://www.fukuya-k.co.jp/fukuya/company/about
001Nn00000eVhrR,6120001023131,近鉄グループホールディングス株式会社,http://www.kintetsu-g-hd.co.jp/,"6: 1,000億円以上",,"17,503.07億円（2026年3月期・連結）","○ 自社IR決算短信。2026年3月期連結売上高1,750,307百万円。https://www.kintetsu-g-hd.co.jp/ir/zaimuinfo/index.html"
001Nn00000eVhrY,9010001060406,ＡＧＣ硝子建材株式会社,https://www.agc-gk.com/,"5: 300億円以上~1,000億円未満",／,469億円（2025年12月期・単体）,○ 自社HP会社概要。2025年1月～12月売上高469億円。https://www.agc-gk.com/corporate/
001Nn00000eVhrm,1010001008998,株式会社青山メインランド,https://www.aml.co.jp/,"5: 300億円以上~1,000億円未満",システム　経理,確認不可,△ 自社HP・公的情報・決算公告を確認したが、直近3期の承認ソースで売上高を確認できず。自社沿革の年間売上100億円達成は1998年で鮮度条件外。https://www.aml.co.jp/history/
001Nn00000eVhru,1010001126172,株式会社イエローハット,https://www.yellowhat.jp/corp/about/profile.html,"5: 300億円以上~1,000億円未満",,"1,712.80億円（2026年3月期・連結）","○ 自社HP会社概要。2026年3月期連結売上高1,712億80百万円。https://www.yellowhat.jp/corp/about/profile.html"
001Nn00000eVhs1,9380001005415,佐藤燃料株式会社,http://www.satonenryo.com/,"5: 300億円以上~1,000億円未満",イシマツハル,340億円（2025年3月期・関連子会社含む）,○ 自社HP会社概要。2025年3月期売上高340億円（関連子会社含む）。親会社としてグループ値採用。https://www.satonenryo.com/profile
001Nn00000eVhsO,5360001000413,沖縄セルラー電話株式会社,https://www.au.com/okinawa_cellular,"5: 300億円以上~1,000億円未満",,確認不可,△ 自社IRでは直近実績を「営業収益」として開示。売上高ではないため判定値として不採用。https://corp.okinawa-cellular.jp/ir/library/chuki/
001Nn00000eVhsV,8010001067609,株式会社エスコン,http://www.es-conjapan.co.jp,"5: 300億円以上~1,000億円未満",,"1,370.29億円（2026年3月期・連結）","○ 自社HP会社概要。2026年3月期連結売上高1,370億29百万円。https://www.es-conjapan.co.jp/about/information/"
001Nn00000eVhsZ,8010801013514,株式会社ニシヤマ,http://www.nishiyama.co.jp/,"5: 300億円以上~1,000億円未満",,418億円（2023年度・単体）,○ 自社公式会社案内PDF。2023年度売上高418億円。https://www.nishiyama.co.jp/wp-content/uploads/a86a6dd851afe075b85fce00c03872a7.pdf
001Nn00000eVhsp,1130001001272,株式会社たけびし,https://www.takebishi.co.jp,"5: 300億円以上~1,000億円未満",,"1,098.62億円（2025年度・連結）","○ 自社HP会社概要。2025年度連結売上高1,098億62百万円。https://www.takebishi.co.jp/company/outline/"
001Nn00000eVhsu,7430001008637,株式会社セコマ,http://secoma.co.jp/index.html,"6: 1,000億円以上",,確認不可,"△ 自社HP・公的資料を確認したが、確認できる2,039億円はセイコーマート加盟店売上高で株式会社セコマ自体の売上高ではないため不採用。https://secoma.co.jp/"
001Nn00000eVhsx,7020001030517,株式会社ヨロズ,http://www.yorozu-corp.co.jp/,"5: 300億円以上~1,000億円未満",,"1,763.30億円（2026年3月期・連結）","○ 自社HP会社概要。2026年3月期連結売上高176,330百万円。https://www.yorozu-corp.co.jp/about/outline/"
001Nn00000eVht0,5011101011888,大成設備株式会社,http://www.taisei-setsubi.jp/index.html,"5: 300億円以上~1,000億円未満",,確認不可,△ 自社HPは2025年度「完成工事高」486億円のみ。判定基準の売上高として明記された承認ソースを確認できず不採用。https://taisei-setsubi.jp/corporate/profile/
001Nn00000eVht5,4080101008939,大昭和紙工産業株式会社,https://www.daishowasiko.com/company/associate,"5: 300億円以上~1,000億円未満",🔵MC:管理本部／総務人事部 0545-32-1500 / 遠藤ひかり 大昭和紙工産業 人事総務,確認不可,△ 自社HP・公的情報・決算公告を確認したが、直近3期の承認ソースで売上高を確認できず。https://www.daishowasiko.com/company/associate
001Nn00000eVhtB,8200001011522,丸栄コンクリート工業株式会社,http://www.maruei-con.co.jp/,"5: 300億円以上~1,000億円未満",,340億円（2025年度・単体）,○ 自社HP会社概要。2025年度売上高340億円。https://www.maruei-con.co.jp/gaiyou.htm
001Nn00000eVhtC,8010401055238,日鉄興和不動産株式会社,https://www.nskre.co.jp,"6: 1,000億円以上",,確認不可,△ 自社財務資料は「営業収益」表記。売上高ではないため判定値として不採用。https://www.nskre.co.jp/financials/
001Nn00000eVhtE,9310001000026,アイティーアイ株式会社,https://www.iti-e.co.jp/publics/index/50,"5: 300億円以上~1,000億円未満",,"1,193億円（2025年6月期・単体）","○ 自社採用HP「数字で見るアイティーアイ」。2025年6月期売上高1,193億円。https://recruit.iti-e.co.jp/company/data/"
001Nn00000eVhtQ,6140001011869,六甲バター株式会社,https://www.qbb.co.jp/,"5: 300億円以上~1,000億円未満",,432.93億円（2025年12月期・単体）,"○ 自社HP会社概要。2025年12月期単独売上高432億9,300万円。https://www.qbb.co.jp/company/about"
001Nn00000eVhtW,5010401018940,株式会社テレビ東京,http://www.tv-tokyo.co.jp/,"6: 1,000億円以上",,"1,263.76億円（2026年3月期・単体）","○ 自社HP会社概要。2026年3月期売上高1,263億7,600万円。https://www.tv-tokyo.co.jp/kaisha/company/profile.html"
001Nn00000eVhtY,8040001026108,京葉瓦斯株式会社,http://www.keiyogas.co.jp/,"6: 1,000億円以上",,"1,176.65億円（2025年12月期・連結）","○ 自社決算短信。2025年12月期連結売上高117,665百万円。https://www.keiyogas.co.jp/pdf/2025_12.pdf"
001Nn00000eVhto,2010001057425,松井証券株式会社,http://www.matsui.co.jp/,"5: 300億円以上~1,000億円未満",,確認不可,"△ 証券会社。自社IR/決算短信は2026年3月期「営業収益」52,660百万円を開示するが、判定基準の売上高ではないため不採用。https://www.matsui.co.jp/company/ir/"
001Nn00000eVhtp,5130001021382,株式会社第一物産,http://www.daiichibussan.co.jp/,"5: 300億円以上~1,000億円未満",,【300億未満】283億円（2025年5月期・単体）,× 300億未満。自社HP会社概要。2025年5月期売上高283億円。http://www.daiichibussan.co.jp/contents/company.html
001Nn00000eVhts,6010001056010,フォーデイズ株式会社,https://fordays.jp/,"5: 300億円以上~1,000億円未満",,303億円（2026年3月期・単体）,○ 自社HP会社概要。2026年3月期年商303億円。https://www.fordays.jp/company/
001Nn00000eVhu8,9140001003021,石光商事株式会社,https://www.ishimitsu.co.jp/company/outline/,"5: 300億円以上~1,000億円未満",,765.27億円（2026年3月期・連結）,"○ JPX決算短信。2026年3月期連結売上高76,527百万円。https://www2.jpx.co.jp/disc/27500/140120260513530334.pdf"
001Nn00000eVhuc,1140001006741,尾道造船株式会社,http://onozo.co.jp/ja/group,"5: 300億円以上~1,000億円未満",,560.25億円（2025年度・単体）,"○ 自社HP会社概要。2025年度売上高560億2,500万円。https://onozo.co.jp/ja/company"
001Nn00000eVhud,4021001025063,株式会社ガスター,http://www.gastar.co.jp/index.html,"5: 300億円以上~1,000億円未満",X,確認不可,△ 子会社。自社HP・親会社リンナイ公開情報を確認したが、直近3期の単体売上高を承認ソースで確認できず。2015年3月期357億円は鮮度条件外。https://www.rinnai.co.jp/releases/2016/0215/index_1.html
001Nn00000eVhun,8010001058665,株式会社ムゲンエステート,https://www.mugen-estate.co.jp/corporate/about.html,"5: 300億円以上~1,000億円未満",,682.62億円（2025年12月期・連結）,"○ 自社HP会社概要。2025年12月期連結売上高68,262百万円。https://www.mugen-estate.co.jp/corporate/about.html"
001Nn00000eVhv4,3120001056530,株式会社大広,http://www.daiko.co.jp,"6: 1,000億円以上",,確認不可,△ 子会社。自社HP・親会社博報堂DYHD公開資料を確認したが、直近3期の大広単体売上高を承認ソースで確認できず。https://www.daiko.co.jp/about/outline/
001Nn00000eVhv8,8120001196529,ダイドードリンコ株式会社,http://www.dydo.co.jp/,"6: 1,000億円以上",,確認不可,△ 子会社。自社HP・親会社DyDo GHDのIR/事業資料を確認したが、国内飲料事業は複数社を含み、ダイドードリンコ単体売上高を承認ソースで確定できず。https://www.dydo.co.jp/corporate/profile/
001Nn00000eVhvH,6010901008705,内外テック株式会社,http://www.naigaitec.co.jp/,"5: 300億円以上~1,000億円未満",,326.14億円（2026年3月期・連結）,"○ 自社IR決算短信。2026年3月期連結売上高32,614百万円。https://www.naigaitec.co.jp/ir/libraly/result.html"
001Nn00000eVhvO,6040001003380,イオン株式会社,http://www.aeon.info,"6: 1,000億円以上",,確認不可,△ 自社IRの2026年2月期トップラインは「営業収益」表記。判定基準の売上高ではないため不採用。https://www.aeon.info/ir/individual/results/
001Nn00000eVhvS,2010001080336,東京シティ青果株式会社,https://www.city-seika.com/company/gaiyou/,"5: 300億円以上~1,000億円未満",X,962億円（2025年度・単体）,○ 自社採用HP。2025年度売上高962億円。https://recruit.city-seika.com/guide/
001Nn00000eVhvf,4180001094400,トヨフジ海運株式会社,https://www.toyofuji.co.jp/about/corporate.html,"5: 300億円以上~1,000億円未満",,確認不可,△ 自社HP・公開資料を確認したが、直近3期のトヨフジ海運単体売上高を承認ソースで確認できず。https://www.toyofuji.co.jp/about/corporate.html
001Nn00000eVhvg,7010401063398,テクノプロ・ホールディングス株式会社,https://www.technoproholdings.com,"6: 1,000億円以上",／⭐,"2,389.66億円（2025年6月期・連結）","○ 自社IR決算短信（IFRS）。2025年6月期連結売上収益238,966百万円。https://www.technoproholdings.com/news/filedownload.php?name=6c3631b59755e8c6b8fad9c4e451bf5a.pdf"
001Nn00000eVhvm,1120001083626,株式会社Ｊ．フロント建装,https://www.jfdc.co.jp/,"5: 300億円以上~1,000億円未満",,506.45億円（2024年度・単体）,"○ 親会社J.フロント リテイリング公式IR DAY資料。J.フロント建装の2024年度売上高50,645百万円。https://www.j-front-retailing.com/_data_json/news/_upload/260217_IR_DAY_presentation_J.pdf"
001Nn00000eVhvs,9200001004995,株式会社丸杉,http://www.marusugi.com/index.html,"5: 300億円以上~1,000億円未満",,確認不可,△ 自社HPで2022年度売上高940億円は確認できるが、直近3期の数値ではなく鮮度条件外。https://marusugi.com/corporate/
001Nn00000eVhwC,8080001009100,株式会社ホンダカーズ静岡,https://www.hondacars-shizuoka.co.jp/company/outline/,"5: 300億円以上~1,000億円未満",,330.6229億円（2026年3月期・単体）,"○ 自社HP会社概要。2026年3月実績の売上高330億6,229万円。https://www.hondacars-shizuoka.co.jp/company/outline/"
001Nn00000eVhwG,1110001001051,株式会社加賀田組,https://www.kagata.co.jp/,"5: 300億円以上~1,000億円未満",,454.8676億円（2025年9月時点・単体）,"○ 自社HP会社概要。2025年9月現在売上高454億8,676万円。https://www.kagata.co.jp/company/about.html"
001Nn00000eVhwJ,8010001082839,ガンホー・オンライン・エンターテイメント株式会社,http://www.gungho.co.jp/,"5: 300億円以上~1,000億円未満",,"1,036億円（2024年12月期・連結）","○ JPX適時開示。2024年12月期連結売上高103,600百万円。https://www2.jpx.co.jp/disc/37650/140120250204562957.pdf"
001Nn00000eVhwQ,8013201005478,前澤給装工業株式会社,http://www.qso.co.jp/,"5: 300億円以上~1,000億円未満",,316.83億円（2026年3月期・単体）,"○ JPX決算短信（非連結）。2026年3月期売上高31,683百万円。https://www2.jpx.co.jp/disc/64850/140120260513528984.pdf"
001Nn00000eVhwR,7490001001669,中澤氏家薬業株式会社,http://www.nakazawaujike.com/HP/Top.html,"5: 300億円以上~1,000億円未満",,632億円（2025年度・単体）,○ 自社HP会社概要。2025年度売上高632億円。https://www.nakazawaujike.com/HP/company/
001Nn00000eVhwZ,8250001006179,林兼産業株式会社,http://www.hayashikane.co.jp/,"5: 300億円以上~1,000億円未満",🌳★07/27(月)、定時00:00、🔵🌑❄🔥 ・経理部長/福田 一郎 ※名無し取次不可。,455.86億円（2026年3月期・連結）,○ 自社IR決算短信。2026年3月期連結売上高455億86百万円。https://www.hayashikane.co.jp/_assets/dl/ir/87/ir260515a.pdf
001Nn00000eVhwp,8430001004734,共和コンクリート工業株式会社,https://www.kyowa-concrete.co.jp/03_company-04.html,"5: 300億円以上~1,000億円未満",,【300億未満】270億円（2024年5月期・単体）,× 300億未満。自社HP会社概要。2024年5月末売上高270億円。https://www.kyowa-concrete.co.jp/03_company-01.html
001Nn00000eVhwq,2030001026469,株式会社第一コーポレーション,http://www.daiichi-j.co.jp/index.html,"5: 300億円以上~1,000億円未満",,465億円（2026年3月期・グループ連結）,○ 自社HP会社概要。2026年3月期グループ連結売上465億円。https://daiichi-j.co.jp/about/profile/
001Nn00000eVhws,2120001051672,株式会社神戸屋,https://www.kobeya.co.jp/,"5: 300億円以上~1,000億円未満",,確認不可,△ 自社HPの2025年度決算公告掲載は確認したが、公開ページ本文では売上高を確認できず。推測せず確認不可。https://www.kobeya.co.jp/notification
001Nn00000eVhwu,7260001001493,株式会社大本組,https://www.ohmoto.co.jp/,"5: 300億円以上~1,000億円未満",,874.48億円（2026年3月期・単体）,○ JPX決算短信（非連結）。2026年3月期売上高874億48百万円。https://www2.jpx.co.jp/disc/17930/140120260512526726.pdf
001Nn00000eVhwx,9020001089386,ＳＢＳ東芝ロジスティクス株式会社,https://www.sbs-toshibalogistics.co.jp/,"5: 300億円以上~1,000億円未満",6/22シモムラソウノスケ,確認不可,"△ 子会社。自社HPは2025年12月期グループ連結売上高1,238億円のみ。親会社SBS HD資料も確認したが単体売上高を確定できず。https://www.sbs-toshibalogistics.co.jp/sbstlog/company/outline/"
001Nn00000eVhwz,9140001017079,和田興産株式会社,https://www.wadakohsan.co.jp/company/about-us/,"5: 300億円以上~1,000億円未満",,421.45億円（2026年2月期・単体）,"○ 自社IR財務諸表。2026年2月期売上高42,144,739千円。https://www.wadakohsan.co.jp/investors/financial/date/"
001Nn00000eVi0z,2010001136237,フジモトＨＤ株式会社,http://www.fujimoto-hd.co.jp,"6: 1,000億円以上",,"2,676億円（2025年度・連結）","○ 自社HP会社概要。2025年度連結売上高2,676億円。https://www.fujimoto-hd.co.jp/company/profile.html"
001Nn00000eVi1D,5370001013315,セキスイファミエス東北株式会社,http://www.famis-tohoku.co.jp/,"5: 300億円以上~1,000億円未満",,【300億未満】103億円（2026年3月期・単体）,× 300億未満。親会社セキスイハイム東北HPのグループ会社概要。2026年3月期売上高103億円。https://www.heim-tohoku.co.jp/group.html
001Nn00000eVi1L,8120001077365,上村工業株式会社,http://www.uyemura.co.jp/,"5: 300億円以上~1,000億円未満",,917.84億円（2026年3月期・連結）,"○ JPX決算短信。2026年3月期連結売上高91,784百万円。https://www2.jpx.co.jp/disc/49660/140120260508520616.pdf"
001Nn00000eVi1Q,8120001048977,株式会社ＩＳＳリアライズ,http://www.issgrp.co.jp/,"5: 300億円以上~1,000億円未満",,518億円（2025年・単体）,○ 自社HP会社概要。2025年売上高518億円。https://www.issgrp.co.jp/company/
001Nn00000eVi1T,9030001004740,株式会社ソーゴー,https://sogo-v.co.jp/,"5: 300億円以上~1,000億円未満",,433億円（2025年度・単体）,○ 自社HP会社概要。2025年度売上高433億円。https://sogo-v.co.jp/about/
001Nn00000eVi1V,7190001000362,三交不動産株式会社,http://re.sanco.co.jp/,"5: 300億円以上~1,000億円未満",,確認不可,△ 子会社。自社HP・親会社三重交通GHDグループ情報を確認したが、直近3期の三交不動産単体売上高を承認ソースで確認できず。https://re.sanco.co.jp/company/overview/
001Nn00000eVi1W,1010001045983,日本紙通商株式会社,http://www.np-t.co.jp,"6: 1,000億円以上",,"1,547億円（2026年3月期・単体）","○ 自社HP会社概要。2026年3月期年商1,547億円。https://www.np-t.co.jp/corporate/"
001Nn00000eVi1i,3050001010065,日立建機ロジテック株式会社,https://www.hitachicm.com/logistics/ja/corporate/,"5: 300億円以上~1,000億円未満",,594億円（2024年度・単体）,○ 自社HP会社概要。2024年度売上高594億円。https://www.hitachicm.com/logistics/ja/corporate/
001Nn00000eVi1k,2120101040897,関西エアポートリテールサービス株式会社,https://rs.kansai-airports.co.jp/,"5: 300億円以上~1,000億円未満",,確認不可,△ 子会社。自社HP・親会社関西エアポート公開情報・決算公告を確認したが、直近3期の単体売上高を承認ソースで確認できず。https://rs.kansai-airports.co.jp/company/outline/
001Nn00000eVi1o,2010701003604,三愛オブリ株式会社,http://www.san-ai-oil.co.jp,"6: 1,000億円以上",,"6,115.70億円（2026年3月期・連結）","○ JPX決算短信。2026年3月期連結売上高611,570百万円。https://www2.jpx.co.jp/disc/80970/140120260513527690.pdf"
001Nn00000eVi1w,4011301002770,株式会社メルディア,http://www.san-a.com/,"6: 1,000億円以上",X,確認不可,△ 子会社。自社HPの2025年9月期決算公告・親会社オープンハウスG公開資料を確認したが、単体売上高を本文で確定できず。https://meldia.co.jp/company/about/financials/
001Nn00000eVi22,6011401006430,株式会社安田屋,https://www.yasudaya.co.jp,"6: 1,000億円以上",,確認不可,△ 自社HPの売上高推移は画像表示で数値を検証できず。公的/一次ソースで直近3期売上高を確定できないため確認不可。https://www.yasudaya.co.jp/profile/
001Nn00000eVi27,3030001086132,赤城乳業株式会社,https://www.akagi.com/company/outline.html,"5: 300億円以上~1,000億円未満",,602億円（2025年度・単体）,○ 経済産業省公開資料（日本食糧新聞2026/3/27掲載データ引用）。2025年度売上高602億円。https://www.meti.go.jp/press/2026/06/20260615005/20260615005-c.pdf
001Nn00000eVi29,2010601030302,株式会社エスワイプロモーション,http://www.sy-pro.co.jp/,"5: 300億円以上~1,000億円未満",,【300億未満】255.8445億円（2025年・単体）,"× 300億未満。自社HP会社案内。2025年売上高255億8,445万円。https://www.sy-pro.co.jp/company/"
001Nn00000eVi2B,6010403017799,合同会社ＥＸＮＯＡ,https://www.dmmgames.co.jp/,"5: 300億円以上~1,000億円未満",,対象外（合同会社）,× 法人格。直アポ大は株式会社のみ。合同会社のため対象外。https://www.dmmgames.co.jp/
001Nn00000eVi2I,3021001014538,住宅情報館株式会社,https://www.jutakujohokan.co.jp/,"5: 300億円以上~1,000億円未満",,確認不可,△ 自社HP会社概要・電子公告・公開情報を確認したが、直近3期の住宅情報館単体売上高を承認ソースで確認できず。https://www.jutakujohokan.co.jp/company/about/index.html
001Nn00000eVi2L,1010401087320,株式会社紀ノ國屋,http://www.e-kinokuniya.com/index.html,"5: 300億円以上~1,000億円未満",／,確認不可,△ 子会社。自社HP会社概要・親会社JR東日本の公開資料を確認したが、紀ノ國屋単体の直近3期売上高を承認ソースで確認できず。https://www.e-kinokuniya.com/corporate/about
001Nn00000eVi2M,8240001037704,常石造船株式会社,http://www.tsuneishi.co.jp/,"6: 1,000億円以上",,確認不可,"△ 子会社。自社HPの2,630億円は常石グループ連結対象の造船事業全体で、常石造船単体値ではないため不採用。https://www.tsuneishi.co.jp/company/about/"
001Nn00000eVi2O,5010001084045,富士製薬工業株式会社,http://www.fujipharma.jp/,"5: 300億円以上~1,000億円未満",,461.38億円（2024年9月期・連結）,"○ 自社IR決算資料。2024年9月期連結売上高46,138百万円。https://www.fujipharma.jp/__upload/JP_Supplemental_Materials_of_FY2024_Consolidated_Financial_Results_20241112.pdf"
001Nn00000eVi2z,2180001047905,株式会社メディアドゥ,http://www.mediado.jp/,"5: 300億円以上~1,000億円未満",,"1,085.3億円（2026年2月期・連結）","○ 自社ニュースリリース。2026年2月期連結売上高1,085.3億円。https://mediado.jp/group/16184/"
001Nn00000eVi33,3010801015267,株式会社イグアス,https://www.i-guazu.co.jp/,"5: 300億円以上~1,000億円未満",,確認不可,△ 自社HP・公開情報を確認したが、直近3期のイグアス単体売上高を承認ソースで確認できず。旧親会社資料の数値は古く不採用。https://www.i-guazu.co.jp/
001Nn00000eVi34,4010001161381,株式会社ベルシステム２４ホールディングス,https://www.bell24.co.jp/ja/,"6: 1,000億円以上",,"1,458.26億円（2026年2月期・連結）","○ 自社IR連結PL。2026年2月期IFRS売上収益145,826百万円。https://www.bell24.co.jp/ja/ir/financial/pl/"
001Nn00000eVi3K,4010401009239,ケイヒン株式会社,http://www.keihin.co.jp,"5: 300億円以上~1,000億円未満",,503.09億円（2025年度・連結）,"○ 自社HP会社概要。2025年度連結売上高50,309百万円。https://www.keihin.co.jp/kaisya/gaiyou/"
001Nn00000eVi3R,6120001056263,積水ホームテクノ株式会社,https://www.sekisui-hometechno.co.jp/company/outline/,"5: 300億円以上~1,000億円未満",,【300億未満】約293億円（2026年3月期・単体）,× 300億未満。自社HP会社概要。2026年3月期売上高約293億円。https://www.sekisui-hometechno.co.jp/company/outline/
001Nn00000eVi3U,3010401011559,佐鳥電機株式会社,http://www.satori.co.jp/index.html,"5: 300億円以上~1,000億円未満",◆07/09(木)、定時00:00,"1,562.42億円（2025年5月期・連結）","○ JPX決算短信。2025年5月期連結売上高156,242百万円。https://www2.jpx.co.jp/disc/74200/140120250714513808.pdf"
001Nn00000eVi3b,7120001042923,クリエイト株式会社,http://www.cr-net.co.jp,"5: 300億円以上~1,000億円未満",,373.23億円（2026年3月期・連結）,"○ JPX決算短信。2026年3月期連結売上高37,323百万円。https://www2.jpx.co.jp/disc/30240/140120260515538501.pdf"
001Nn00000eVi3j,1010001060090,株式会社読売旅行,http://www.yomiuri-ryokou.co.jp/,"5: 300億円以上~1,000億円未満",,確認不可,△ 子会社。自社HP・親会社読売新聞グループの公開情報を確認したが、直近3期の売上高を承認ソースで確認できず。求人媒体数値は不採用。https://www.yomiuri-ryokou.co.jp/
001Nn00000eVi3s,5120001092136,リック株式会社,http://www.lic-net.jp/top,"5: 300億円以上~1,000億円未満",,574億円（2025年度・単体）,○ 自社HP会社概要。2025年度売上高574億円。https://www.lic-net.jp/about/?m=About
001Nn00000eVi3t,4010501021746,ＪＦＥケミカル株式会社,http://www.jfe-chem.com,"5: 300億円以上~1,000億円未満",,787億円（2024年3月期・単体）,○ 子会社。自社HP会社概要で2024年3月期単独売上高787億円。https://www.jfe-chem.com/company/
001Nn00000eVi3u,3010401076255,株式会社読売広告社,http://www.yomiko.co.jp,"5: 300億円以上~1,000億円未満",,確認不可,△ 子会社。自社HP・親会社博報堂DYHD公開資料を確認したが、直近3期の読売広告社単体売上高を承認ソースで確認できず。https://www.yomiko.co.jp/
001Nn00000eVi3w,5010501011416,株式会社ハピネット,http://www.happinet.co.jp/,"6: 1,000億円以上",,"4,390億円（2026年3月期・連結）","○ 自社HP会社概要。2026年3月期連結売上高4,390億円。https://www.happinet.co.jp/company/outline.html"
001Nn00000eVi3y,1370001007295,株式会社ＮＴＴ東日本?東北,http://www.tohoku.ntt-east.co.jp/index.html,"5: 300億円以上~1,000億円未満",,対象外（吸収合併により消滅）,× NTT東日本公式。株式会社NTT東日本-東北は2026年7月1日にNTT東日本へ吸収合併され消滅。https://www.ntt-east.co.jp/release/detail/20260508_01.html
001Nn00000eVi42,1010501032696,須賀工業株式会社,https://www.suga-kogyo.co.jp/,"5: 300億円以上~1,000億円未満",／,492.15億円（2026年3月期・単体）,"○ 自社HP会社概要。2026年3月期年間売上高49,215百万円。https://www.suga-kogyo.co.jp/company/outline.html"
001Nn00000eVi44,6230001005201,北陸電気工業株式会社,https://www.hdk.co.jp/japanese/prfile_j/prf007_j.htm,"5: 300億円以上~1,000億円未満",,431.28億円（2026年3月期・連結）,"○ 自社HP会社概要。2026年3月期連結売上高43,128百万円。https://www.hdk.co.jp/company/profile/"
001Nn00000eViC1,2011001023094,明和地所株式会社,http://www.meiwajisyo.co.jp/,"5: 300億円以上~1,000億円未満",🔵MC:人事総務本部／総務部 03-5489-2601 ｜ 【属性】🐻‍❄️V/👤情シス/DX：💰・IT推進部/主任/長川(おさがわ)奈生/,901.08億円（2026年3月期・連結）,"○ JPX決算短信。2026年3月期連結売上高90,108百万円。https://www2.jpx.co.jp/disc/88690/140120260514532679.pdf"
001Nn00000eViC2,6010401023196,日本ヒューム株式会社,http://www.nipponhume.co.jp,"5: 300億円以上~1,000億円未満",,402.39億円（2026年3月期・連結）,"○ 自社IR。2026年3月期連結売上高40,239百万円。https://www.nipponhume.co.jp/ir/"
001Nn00000eViC4,8010401064940,トーセイ株式会社,https://www.toseicorp.co.jp/corporate/data/,"5: 300億円以上~1,000億円未満",,946.89億円（2025年11月期・連結）,"○ 自社IR連結PL。2025年11月期売上高94,688,969千円。https://www.toseicorp.co.jp/ir/information/income/"
001Nn00000eViC9,6120001064571,株式会社三晃空調,https://www.sanko-air.co.jp/company/outline/,"5: 300億円以上~1,000億円未満",予算管理で訴求、流れお伝え済み。メールが届かないというがおそらく抵抗あって届かないふりしてる,確認不可,△ 自社HPは2026年3月期「完成工事高」381億198万円のみ。判定基準の売上高ではないため不採用。https://www.sanko-air.co.jp/company/outline/
001Nn00000eViCD,6010601038102,澁澤倉庫株式会社,https://www.shibusawa.co.jp/,"5: 300億円以上~1,000億円未満",,確認不可,"△ 自社IRの2026年3月期トップラインは「営業収益」79,740百万円。一般事業会社の売上高ではないため判定値として不採用。https://www.shibusawa.co.jp/"
001Nn00000eViCG,2011101001801,株式会社エムアイカード,https://www.micard.co.jp/,"5: 300億円以上~1,000億円未満",🔵MC:人事部 03-6635-5585 / 村上寛昭 取締役兼常務執行役員総務部・人事部・シス（旧直通:新代表：03-6635-5585）,346億円（2024年度・単体）,○ 親会社三越伊勢丹HDの2025年度サステナビリティ説明会資料。エムアイカード2024年度総額売上高346億円。https://www.irwebcasting.com/20251202/1/cbd568ba9e/media/presentation_ja.pdf
001Nn00000eViCI,2010001146797,ビッグローブ株式会社,https://www.biglobe.co.jp/,"5: 300億円以上~1,000億円未満",,確認不可,△ 子会社。自社HP・親会社KDDI公開情報を確認したが、直近3期のBIGLOBE単体売上高を承認ソースで確認できず。https://www.biglobe.co.jp/
001Nn00000eViCL,9120001056632,太陽工業株式会社,https://www.taiyokogyo.co.jp/company/profile/,"5: 300億円以上~1,000億円未満",,確認不可,△ 自社HP会社概要・公開資料を確認したが、直近3期の太陽工業単体売上高を承認ソースで確認できず。https://www.taiyokogyo.co.jp/company/profile/
001Nn00000eViCT,1020001063613,東芝電材マーケティング株式会社,http://www.tsdm.co.jp/tsdm,"5: 300億円以上~1,000億円未満",,580億円（2025年度・単体）,○ 自社HP会社概要。令和7年度年商580億円。https://www.tsdm.co.jp/tsdm/company/index_j.htm
001Nn00000eViCV,5180001075795,株式会社コロナワールド,http://www.korona.co.jp/,"5: 300億円以上~1,000億円未満",,435億円（2025年7月期・単体）,○ 自社HP会社概要。2025年7月期売上高435億円。https://www.korona.co.jp/company/overview/
001Nn00000eViCW,5010001008730,日鉄鉱業株式会社,https://www.nittetsukou.co.jp/company/index7.html,"6: 1,000億円以上",,"2,097.17億円（2026年3月期・連結）","○ 2026年3月期決算短信。連結売上高209,717百万円。https://www.nittetsukou.co.jp/ir/"
001Nn00000eViDj,2500001000475,株式会社伊予鉄高島屋,http://www.iyotetsu-takashimaya.co.jp,"5: 300億円以上~1,000億円未満",,320.03億円（2025年度・単体）,"○ 自社HP会社概要。2025年度売上高32,003百万円。https://www.iyotetsu-takashimaya.co.jp/corporate-information/coporate-profile/"
001Nn00000eViEC,9011201015892,株式会社ケーアイ・フレッシュアクセス,https://www.kifa.co.jp/company/overview.php,"5: 300億円以上~1,000億円未満",,574億円（2026年3月期・単体）,○ 自社HP会社概要。2026年3月期売上574億円。https://www.kifa.co.jp/company/overview.php
001Nn00000eViLm,5040001018652,朋和産業株式会社,http://www.howa-s.co.jp/,"5: 300億円以上~1,000億円未満",,922億円（2026年3月・単体）,○ 自社HP会社概要。2026年3月現在売上高922億円。https://www.howa-s.co.jp/company/detail.html
001Nn00000eViLq,3010001054074,ノボノルディスクファーマ株式会社,http://www.novonordisk.co.jp/,"5: 300億円以上~1,000億円未満",,確認不可,△ 自社HP・gBizINFO・公的情報を確認したが、承認ソースで直近売上高を確認できず。官報まとめサイト等の数値は未承認のため不採用。https://info.gbiz.go.jp/hojin/ichiran?hojinBango=3010001054074
001Nn00000eViLs,6012401012609,株式会社ジャムコ,https://www.jamco.co.jp/ja/company/group.html,"5: 300億円以上~1,000億円未満",,725.72億円（2025年3月期・単体）,"○ 自社IR決算短信の個別業績。2025年3月期単体売上高72,572百万円。https://www.jamco.co.jp/ja/ir/materials/brief-report.html"
001Nn00000eViLx,3010901012981,株式会社レリアン,http://www.leilian.co.jp/,"5: 300億円以上~1,000億円未満",X,【300億未満】242億円（2026年3月期・連結）,× 300億未満。自社HP会社概要。2026年3月期連結売上高242億円。https://www.leilian.co.jp/company/outline
001Nn00000eViM1,9120901032501,パナソニックリフォーム株式会社,https://home-renovation.panasonic.com/,"5: 300億円以上~1,000億円未満",,確認不可,△ 子会社。自社/親会社公式で確認できる売上高は2016年3月期337億円までで鮮度条件外。直近3期の単体売上高を確認できず。https://homes.panasonic.com/company/news/release/2016/1215.html
001Nn00000eViM7,1140001054947,日本山村硝子株式会社,http://www.yamamura.co.jp/,"5: 300億円以上~1,000億円未満",,721.90億円（2026年3月期・連結）,"○ 自社IR財務データ。2026年3月期連結売上高72,190百万円。https://www.yamamura.co.jp/ir/data.html"
001Nn00000eViM9,6130001014872,総合食品エスイー株式会社,http://www.ss-se.co.jp/,"5: 300億円以上~1,000億円未満",,879億円（2026年7月期・単体）,○ 自社HP会社概要。2025年8月～2026年7月売上高879億円。https://www.ss-se.co.jp/about_us/
001Nn00000eViMG,7120001047162,フルサト工業株式会社,http://www.furusato.co.jp/,"5: 300億円以上~1,000億円未満",,確認不可,△ 現在はフルサト・マルカHD子会社。自社HP・親会社公開資料を確認したが、直近3期のフルサト工業単体売上高を承認ソースで確認できず。https://www.furusato.co.jp/company/profile.html
001Nn00000eViMH,4010401057155,株式会社プライムポリマー,http://www.primepolymer.co.jp/,"6: 1,000億円以上",,"2,718億円（2025年度・単体）","○ 自社HP基本情報。2025年度売上高2,718億円。https://www.primepolymer.co.jp/jp/corporate/summary/overview/index.html"
001Nn00000eViMJ,2011801004789,ミヨシ油脂株式会社,http://www.miyoshi-yushi.co.jp/profile/affiliate.html,"5: 300億円以上~1,000億円未満",／,594.74億円（2025年12月期・連結）,"○ 自社決算短信。2025年12月期連結売上高59,474百万円。https://www.miyoshi-yushi.co.jp/ir/"
001Nn00000eViMU,9010001142187,昭和リース株式会社,http://www.s-l.co.jp/,"5: 300億円以上~1,000億円未満",,"1,522.30億円（2026年3月期・連結）","○ 自社HP財務情報。2026年3月期連結売上高152,230百万円。https://www.s-l.co.jp/company/ir/index.html"
001Nn00000eViMo,1120001118638,株式会社うおいち,https://www.uoichi.co.jp/company/kanren_1.html,"6: 1,000億円以上",,"2,212億円（2026年3月期・単体）","○ 自社採用HP「数字でみるうおいち」。2026年3月期売上高2,212億円。https://www.uoichi.co.jp/recruit/about/"
001Nn00000eViNN,4010001040882,木徳神糧株式会社,http://www.kitoku-shinryo.co.jp/,"6: 1,000億円以上",,"1,761億円（2025年12月期・連結）","○ 自社HP会社概要。2025年12月期連結年商1,761億円。https://www.kitoku-shinryo.co.jp/ja/company/outline.html"
001Nn00000eViQ4,5370001014536,株式会社やまや,https://yamaya.jp/index.html,"6: 1,000億円以上",,"1,591.19億円（2026年3月期・連結）","○ JPX決算短信。2026年3月期連結売上高159,119百万円。https://www2.jpx.co.jp/disc/99940/140120260514535425.pdf"
001Nn00000eViQk,5430001043990,北海道空港株式会社,http://www.hokkaido-kukou.jp/,"5: 300億円以上~1,000億円未満",🔵MC:総務部／人事課 011-205-8802 ｜🎯360:管理本部／人事部／人材開発課 011-205-8802 ｜ シモムラソウノスケ7/16　☆V 07/13〈月〉、定時00:00、🔵🌑🔴✳✡💡🌅🔥/パンチラ,確認不可,△ 自社HP・公開決算情報を確認したが、直近3期の承認ソースで売上高を確認できず。https://www.hokkaido-kukou.jp/
001Nn00000eViQt,3010701020177,株式会社クオラス,https://quaras.co.jp/ja/,"5: 300億円以上~1,000億円未満",,確認不可,△ フジ・メディアHD系子会社。自社HP・親会社公開資料を確認したが、直近3期のクオラス単体売上高を承認ソースで確認できず。https://quaras.co.jp/ja/
001Nn00000eViQx,5010001083682,株式会社ＪＰＭＣ,https://www.jpmc.jp/,"5: 300億円以上~1,000億円未満",🌳★08/12(水)、定時00:00、🔵🌑✳✡,584.98億円（2025年12月期・連結）,"○ JPX決算短信。2025年12月期連結売上高58,498百万円。https://www2.jpx.co.jp/disc/32760/140120260212555891.pdf"
001Nn00000eViR3,7430001028230,東日本フード株式会社,http://www.nfgroup.co.jp/eastfood,"5: 300億円以上~1,000億円未満",,"1,057億円（2026年3月期・単体）","○ 自社HP会社案内。2026年3月期売上高1,057億円。https://www.nfgroup.co.jp/eastfood/company/"
001Nn00000eViR6,9010001063953,サンフロンティア不動産株式会社,http://www.sunfrt.co.jp/,"5: 300億円以上~1,000億円未満",スズキユウガ,"1,160.83億円（2026年3月期・連結）","○ 自社IR決算短信。2026年3月期連結売上高116,083百万円。https://www.sunfrt.co.jp/ir/pdf/short_message/20260511.pdf"
001Nn00000eViRB,3010401036985,全日空商事株式会社,http://www.anatc.com,"6: 1,000億円以上",,591億円（2025年度・単体）,○ 自社HP会社概要。2025年度単体売上高591億円。https://www.anatc.com/company/profile/
001Nn00000eViRF,5470001010599,株式会社吉田石油店,http://www.yoshida-oil.co.jp/,"5: 300億円以上~1,000億円未満",,"1,773億円（2026年3月期・単体）","○ 自社HP会社概要。2026年3月期売上高1,773億円。https://www.yoshida-oil.co.jp/company/"
001Nn00000eViRN,8120001072829,大和ハウスリアルエステート株式会社,https://njr.jyutaku.co.jp/index.html,"5: 300億円以上~1,000億円未満",,506.55億円（2026年3月期・単体）,"○ 親会社大和ハウス工業公式Factbook。大和ハウスリアルエステート2026年3月期売上高50,655百万円。https://www.daiwahouse.co.jp/ir/financial/pdf/2603_factbook_consolidated.pdf"
001Nn00000eViRP,5010501024921,株式会社高山,https://www.takayama-inf.com/,"6: 1,000億円以上",,確認不可,△ 自社HP・公開情報を確認したが、直近3期の株式会社高山単体売上高を承認ソースで確認できず。https://www.takayama-inf.com/
001Nn00000eViRY,2040001009084,盛岡セイコー工業株式会社,http://www.morioka-seiko.co.jp,"5: 300億円以上~1,000億円未満",,確認不可,△ セイコーグループ子会社。自社HP・親会社公開資料を確認したが、直近3期の盛岡セイコー工業単体売上高を確認できず。http://www.morioka-seiko.co.jp/
001Nn00000eViRf,3120001059681,阪急阪神不動産株式会社,https://www.hhp.co.jp/,"5: 300億円以上~1,000億円未満",,確認不可,△ 子会社。自社HP会社概要・決算公告掲載ページ・親会社公開資料を確認したが、本文で直近単体売上高を確定できず。https://www.hhp.co.jp/corp/finance/
001Nn00000eViRk,7012401007541,株式会社キユーソー流通システム,http://www.krs.co.jp/,"6: 1,000億円以上",,確認不可,"△ 自社HPは2025年11月期トップラインを「営業収益」2,026億200万円として開示。判定基準の売上高ではないため不採用。https://www.krs.co.jp/saiyo/about.html"
001Nn00000eViS1,2010401057974,スター・マイカ株式会社,http://www.starmica.co.jp/,"5: 300億円以上~1,000億円未満",／,確認不可,△ スター・マイカHD子会社。親会社連結売上高は確認できるが、直近3期のスター・マイカ単体売上高を承認ソースで確認できず。https://www.starmica-holdings.co.jp/ir/financial/
001Nn00000eViSn,7370001002241,丸木医科器械株式会社,https://maruki-ms.co.jp,"5: 300億円以上~1,000億円未満",,400.77億円（2025年4月期・単体）,"○ 自社HP会社概要。令和7年4月期売上高40,077百万円。https://maruki-ms.co.jp/about_us"
001Nn00000eViSq,6140001006992,川重商事株式会社,https://www.kawasakitrading.co.jp/index.html,"6: 1,000億円以上",,886億円（2026年3月期・単体）,○ 自社HP会社概要。2026年3月期売上高886億円。https://www.kawasakitrading.co.jp/company/
001Nn00000eViSz,2021001026492,ニデックパワートレインシステムズ株式会社,https://www.nidec.com/jp/nidec-tosok/,"5: 300億円以上~1,000億円未満",,確認不可,△ ニデック子会社。自社HP・親会社公開資料を確認したが、直近3期のニデックパワートレインシステムズ単体売上高を確認できず。https://www.nidec.com/jp/nidec-powertrainsystems/corporate/about/outline/
001Nn00000eViT1,1010601026978,株式会社ＩＨＩプラント,https://www.ipc-ihi.co.jp/,"5: 300億円以上~1,000億円未満",,確認不可,△ IHI子会社。自社HP・親会社公開資料を確認したが、直近3期のIHIプラント単体売上高を承認ソースで確認できず。https://www.ipc-ihi.co.jp/
001Nn00000eViT4,7010701015264,株式会社ドーム,http://www.domecorp.com/,"5: 300億円以上~1,000億円未満",,確認不可,△ 自社HP・公開情報を確認したが、直近3期の株式会社ドーム単体売上高を承認ソースで確認できず。https://www.domecorp.com/
001Nn00000eViT6,3050002035805,株式会社瑞穂農場,https://www.mizuho-farm.co.jp/,"5: 300億円以上~1,000億円未満",,331億円（2025年6月末・農場売上）,○ 自社HP会社案内。2025年6月末グループ390億円の内訳として農場売上331億円を明記。https://www.mizuho-farm.co.jp/company
001Nn00000eViT7,6010001123256,株式会社ＪＴＢ商事,http://www.jtbtrading.co.jp/,"5: 300億円以上~1,000億円未満",,556.0928億円（2025年度・単体）,○ 自社HP会社概要。2025年度売上高556億928万円。https://www.jtbtrading.co.jp/company/
001Nn00000eViTR,5180001082420,株式会社カネスエ,https://www.kanesue.co.jp/04company/index.html,"5: 300億円以上~1,000億円未満",🌳★08/17(月)、定時00:00、✳🌅,確認不可,△ 自社HP・公開情報を確認したが、直近3期の株式会社カネスエ単体売上高を承認ソースで確認できず。https://www.kanesue.co.jp/
001Nn00000eViTT,9240001012755,株式会社サンキ,http://www.kksanki.co.jp/,"6: 1,000億円以上",,"1,193.05億円（2026年3月期・単体）","○ 自社HP会社概要。2026年3月期売上高1,193億5百万円。https://www.kksanki.co.jp/company-profile/"
001Nn00000eViTV,5010001073618,株式会社セブン銀行,http://www.sevenbank.co.jp/,"6: 1,000億円以上",,"1,429.51億円（2026年3月期・単体経常収益）","○ 銀行特例。JPX決算補足資料で2025年度単体経常収益142,951百万円。https://www2.jpx.co.jp/disc/84100/140120260508519079.pdf"
001Nn00000eViTZ,1010001012372,ＮＴＴ都市開発株式会社,https://www.nttud.co.jp/,"6: 1,000億円以上",／,確認不可,"△ NTT子会社。自社HPの2025年度2,408億円は連結値で、子会社判定に必要なNTT都市開発単体売上高を確認できず。https://www.nttud.co.jp/company/outline/"
001Nn00000eViTb,1120101037457,フジ住宅株式会社,https://www.fuji-jutaku.co.jp/,"5: 300億円以上~1,000億円未満",🔵MC:人事室 072-437-8704 ｜🎯360:人財開発室 072-437-8704,"1,383.32億円（2026年3月期・連結）","○ 自社IRトップインタビュー。2026年3月期売上高138,332百万円。https://www.fuji-jutaku.co.jp/ir/strategy/meeting-data/"
001Nn00000eViTj,2011001035783,株式会社モリモト,http://www.morimoto-real.co.jp/,"5: 300億円以上~1,000億円未満",◆08/20(木)、定時00:00、 情報システム部,確認不可,△ 自社HP・公開情報を確認したが、直近3期の株式会社モリモト売上高を承認ソースで確認できず。旧上場時資料は鮮度条件外。https://www.morimoto-real.co.jp/
001Nn00000eViTl,5430001030460,株式会社ロジネットジャパン,http://www.loginet-japan.com,"5: 300億円以上~1,000億円未満",,780億円（2026年3月期・連結）,○ 自社HP会社概要。2026年3月期連結売上高780億円。https://www.loginet-japan.com/ja/company/outline.html
001Nn00000eViTr,7120001055693,株式会社シエル石油大阪発売所,http://www.shellhatu.com,"5: 300億円以上~1,000億円未満",,450億円（2026年1月期・単体）,○ 自社HP会社概要。2026年1月期売上高450億円。https://www.shellhatu.com/about/
001Nn00000eViTw,9011101050321,アトライズエナジー株式会社,https://www.dia-s.co.jp/company/,"5: 300億円以上~1,000億円未満",イワマシリュウ_2026/08/10,確認不可,△ 自社HP・公開情報を確認したが、直近3期のアトライズエナジー単体売上高を承認ソースで確認できず。https://www.dia-s.co.jp/company/
001Nn00000eViZA,3011201013506,ファーマライズ株式会社,https://www.pharmarise.com/company/group/pharmarise.php,"5: 300億円以上~1,000億円未満",,確認不可,△ ファーマライズHD子会社。自社HP・親会社IRを確認したが、直近3期のファーマライズ単体売上高を承認ソースで確認できず。https://www.pharmarise.com/company/group/pharmarise.php
001Nn00000eViZB,5060001000014,株式会社栃木銀行,http://www.tochigibank.co.jp/,"5: 300億円以上~1,000億円未満",,483.02億円（2026年3月期・単体経常収益）,"○ 銀行特例。JPX決算短信の銀行業セグメントで2026年3月期経常収益48,302百万円。https://www2.jpx.co.jp/disc/85500/140120260512526699.pdf"
001Nn00000eViZD,4370001002194,株式会社ホンダモビリティ東北,https://www.hondamobility-tohoku.co.jp/,"5: 300億円以上~1,000億円未満",🔵MC:人事部／人事課 022-236-1555 ｜ 6/29シモムラソウノスケ,868.70億円（2025年度・単体）,"○ 自社HP会社概要。2025年度実績売上高868億7,000万円。https://www.hondamobility-tohoku.co.jp/corporate/company.html"
001Nn00000eViZF,5040001008249,千葉トヨタ自動車株式会社,https://www.chibatoyota.co.jp/corporate_infomation/corporate_profile,"5: 300億円以上~1,000億円未満",,確認不可,△ 自社HPで売上高728億円を確認できるが2023年3月期で鮮度条件外。直近3期の承認ソースを確認できず。https://www.chibatoyota.co.jp/corporate_infomation/corporate_profile
001Nn00000eViZL,5130001017950,タキイ種苗株式会社,https://www.takii.co.jp/company/access.html,"5: 300億円以上~1,000億円未満",,560億円（2026年4月期・単体）,○ 自社HP会社概要。2026年4月期売上高560億円。https://www.takii.co.jp/company/aboutus.html
001Nn00000eViZP,8010001154431,株式会社ジャパンリテールイノベーション,http://www.jretail.co.jp/index.html,"5: 300億円以上~1,000億円未満",,対象外（事業終了）,× 自社公式。株式会社ジャパンリテールイノベーションは2025年12月31日をもって事業終了。https://www.jretail.co.jp/images/pdf/251201.pdf
001Nn00000eViZa,1010001086185,ダイハツ東京販売株式会社,http://dd.daihatsu.co.jp/Dtokyo/,"5: 300億円以上~1,000億円未満",,確認不可,△ ダイハツ工業子会社。自社/親会社公式を確認したが、直近3期のダイハツ東京販売単体売上高を承認ソースで確認できず。https://www.daihatsu-tokyo.co.jp/
001Nn00000eViZg,6010401027008,ロシュ・ダイアグノスティックス株式会社,http://www.roche-diagnostics.jp/,"5: 300億円以上~1,000億円未満",,確認不可,△ ロシュグループ日本法人。自社HP・公的情報を確認したが、日本法人単体の直近3期売上高を承認ソースで確認できず。https://www.roche-diagnostics.jp/
001Nn00000eViZh,2010001089831,住友林業クレスト株式会社,http://www.sumirin-crest.co.jp/,"5: 300億円以上~1,000億円未満",,確認不可,△ 住友林業子会社。親会社公式で過去年売上は確認できるが直近3期の住友林業クレスト単体売上高を確定できず。https://www.sumirin-crest.co.jp/
001Nn00000eVia1,1010501000736,株式会社井田両国堂,http://www.idaryogokudo.co.jp/,"6: 1,000億円以上",／,"2,376億円（2025年度・グループ連結）","○ 自社HP「数字で見る井田両国堂」。2025年度グループ連結売上高2,376億円。https://www.idaryogokudo.co.jp/company/number.html"
001Nn00000eVia2,9010001043154,三愛リテールサービス株式会社,http://www.kokusaiyuka.com/,"5: 300億円以上~1,000億円未満",,"1,154.37億円（2024年3月期・単体）","○ 親会社三愛オブリ公式開示の主要な損益情報等。三愛リテールサービス売上高115,437百万円。https://www.san-ai-obbli.com/cms/data/news/2024/240702.pdf"
001Nn00000eVibT,7010401097553,株式会社スパイク・チュンソフト,http://www.spike-chunsoft.co.jp/,"5: 300億円以上~1,000億円未満",,確認不可,△ グループ子会社。自社HP・親会社公開情報を確認したが、直近3期のスパイク・チュンソフト単体売上高を承認ソースで確認できず。https://www.spike-chunsoft.co.jp/
001Nn00000eVic6,8010001139928,三菱商事エネルギー株式会社,http://www.mc-ene.com/,"6: 1,000億円以上",⭐／検索必須,確認不可,△ 三菱商事グループ子会社。自社HP・親会社公開資料を確認したが、直近3期の三菱商事エネルギー単体売上高を承認ソースで確認できず。https://www.mc-ene.com/
001Nn00000eVic9,1180001034813,株式会社オークローンマーケティング,http://www.oaklawn.co.jp/,"5: 300億円以上~1,000億円未満",,確認不可,△ NTTドコモ子会社。自社HP・親会社公開情報を確認したが、直近3期のオークローンマーケティング単体売上高を承認ソースで確認できず。https://www.oaklawn.co.jp/company/
001Nn00000eVifv,3020001062646,日産ネットワークホールディングス株式会社,http://www.nissan-network.co.jp/,"5: 300億円以上~1,000億円未満",,330億円（2025年度・単体）,○ 自社HP会社概要。2025年度売上高330億円。https://www.nissan-network.co.jp/company/
001Nn00000eVig0,8010001078936,株式会社フジボウアパレル,http://www.fujibo.co.jp/corporate/group/apparel.html,"5: 300億円以上~1,000億円未満",,確認不可,△ 富士紡HD100%子会社。自社/親会社公式を確認したが、直近3期のフジボウアパレル単体売上高を確認できず。https://www.fujibo.co.jp/corporate/outline/group/apparel/
001Nn00000eVig5,9120001030109,株式会社ダイゾー,https://www.daizo.co.jp/company/location.html,"5: 300億円以上~1,000億円未満",,412.89億円（第98期・単体）,"○ 自社HP会社概要。第98期年間総売上高41,289百万円。https://www.daizo.co.jp/company/principle.html"
001Nn00000eVigS,9010001029491,丸紅メタル株式会社,http://www.marumet.co.jp/index.html,"5: 300億円以上~1,000億円未満",,確認不可,△ 子会社。自社HPの2025年3月期トップラインは「収益272億円」。判定基準の売上高ではなく、旧基準売上831億円も不採用。https://www.marumet.co.jp/company/company.html
001Nn00000eVign,1122001020963,三協化学工業株式会社,http://www.sankyo-co.jp/index.html,"5: 300億円以上~1,000億円未満",,確認不可,△ 自社HP・公的情報・決算公告を確認したが、直近3期の三協化学工業売上高を承認ソースで確認できず。http://www.sankyo-co.jp/
001Nn00000eVih1,6011101026423,株式会社モンテローザ,http://www.monteroza.co.jp/new/info/profile/outline,"6: 1,000億円以上",,551億円（2026年3月期・連結）,○ 自社HP会社概要。傘下子会社の経営管理会社で、2026年3月期連結売上高551億円。https://www.monteroza.co.jp/company/profile/
001Nn00000eVihI,9011001072077,ＧＭＯフィナンシャルホールディングス株式会社,https://www.gmo-click.com/,"5: 300億円以上~1,000億円未満",◆07/24(金)、定時00:00、🌟🚨 ・システム統括部/マネージャー/鴨田(カモダ)様/※2 システム統括部：03-6221-0192,確認不可,△ 金融持株会社。自社IRの2025年12月期トップラインは営業収益495.1億円。銀行・保険の経常収益特例外のため不採用。https://www.gmofh.com/ir/financials.html
001Nn00000eVihh,5180001038835,徳倉建設株式会社,https://www.tokura.co.jp/company/profile/,"5: 300億円以上~1,000億円未満",ヤナギダタツヤ0716,411.69億円（2026年3月期・単体）,"○ gBizINFO/EDINET有報。2026年3月期提出会社売上高41,169百万円。https://info.gbiz.go.jp/hojin/ichiran?hojinBango=5180001038835"
001Nn00000eVihn,2010601007242,株式会社ヤマタネ,https://www.yamatane.co.jp/,"5: 300億円以上~1,000億円未満",,886.74億円（2026年3月期・連結）,○ 自社HP会社概要。2026年3月期連結売上高886億74百万円。https://www.yamatane.co.jp/company/overview/
001Nn00000eVii0,8010001139696,ケイラインロジスティックス株式会社,https://www.klinelogistics.com/jp,"5: 300億円以上~1,000億円未満",,確認不可,△ 子会社。川崎汽船公式の2024年3月時点435億円はケイラインロジスティックス連結値。子会社は単体値のみ可のため不採用。https://www.kline.co.jp/ja/news/logistics/logistics-20240927.html
001Nn00000eVii6,3010601027256,株式会社ＪＴＢビジネストラベルソリューションズ,,"6: 1,000億円以上",,"1,741億円（2025年3月期・単体）","○ JTBグループ公式採用情報。2025年3月期売上高1,741億円。https://www.jtbcorp.jp/jp/job_offer/recruit/newgraduate/business/jtb-bts/"
001Nn00000eViiB,5120001059630,関電不動産開発株式会社,https://www.kanden-rd.co.jp/corporate/company.html,"5: 300億円以上~1,000億円未満",,"1,418億円（2026年3月期・単体）","○ 自社HP会社概要。2026年3月期売上高1,418億円。https://www.kanden-rd.co.jp/corporate/company.html"
001Nn00000eViiH,4010001053447,双日テックイノベーション株式会社,https://www.nissho-ele.co.jp/index.html,"5: 300億円以上~1,000億円未満",🔵MC:コーポレート統括本部／人事部 03-6272-5006 / 吉田政夫 コーポレート統括本部財経業務・総務部長（ ｜🎯360:コーポレート統括本部／人事部／人材開発課 050-1781-1151（旧直通:経営企画部／コミュニケーションデザイン室：050-1781-1448） ｜ 🌳★08/17(月)、定時00:00、✳✡💎🔥,391.15億円（2026年3月期・単体）,"○ 自社HP会社概要。2026年3月期個別売上高39,115百万円。https://www.sojitz-ti.com/ja/company/gaiyo.html"
001Nn00000eViiJ,8180001022373,株式会社トーカン,http://www.tokan-g.co.jp,"6: 1,000億円以上",🔵MC:コーポレート本部／人事教育部／人事労務課 052-671-3686 / 杉山由高 コーポレート本部法務総務部長（管理統括部 ｜🎯360:コーポレート本部／人事教育部 052-671-4143（旧直通:052-671-3686） ｜ 【属性】R/ 👤人事：コーポレート本部/部門長→取締役　内田 範佳or👤人事：コーポレート本部　岡 様,"1,742億円（2025年12月期・単体）","○ 自社HP会社概要。2025年12月期実績売上高1,742億円。https://www.tokan-g.co.jp/company/profile/"
001Nn00000eViiN,9120001077414,コニシ株式会社,http://www.bond.co.jp/,"5: 300億円以上~1,000億円未満",,"1,365.69億円（2026年3月期・連結）","○ 自社IR決算短信。2026年3月期連結売上高136,569百万円。https://www.bond.co.jp/ir/library/earnings/index.html"
001Nn00000eViiO,3140001005675,ＴＯＡ株式会社,https://www.toa-global.com/ja/profile/company/outline,"5: 300億円以上~1,000億円未満",,553.86億円（2026年3月期・連結）,○ 自社HP会社情報。2026年3月期連結売上高553億86百万円。https://www.toa-global.com/ja/profile/company/outline
001Nn00000eViiP,1010501016022,クミアイ化学工業株式会社,http://www.kumiai-chem.co.jp,"6: 1,000億円以上",,"1,704.62億円（2025年10月期・連結）","○ 自社公式。2025年10月期連結売上高1,705億円（決算値170,462百万円）。https://www.kumiai-chem.co.jp/sustainability/message/"
001Nn00000eViiQ,6180001007509,名港海運株式会社,http://www.meiko-trans.co.jp/,"5: 300億円以上~1,000億円未満",,828.61億円（2026年3月期・連結）,"○ 自社IR財務ハイライト。2026年3月期連結売上高82,861百万円。https://www.meiko-trans.co.jp/ir/highlights.html"
001Nn00000eViiw,7010001008786,明和産業株式会社,http://www.meiwa.co.jp/,"6: 1,000億円以上",,"1,649.27億円（2026年3月期・連結）","○ JPX決算短信。2026年3月期外部顧客への売上高164,927百万円。https://www2.jpx.co.jp/disc/81030/140120260428512710.pdf"
001Nn00000eVijD,3010001050701,坪井工業株式会社,http://www.tuboi.co.jp/,"5: 300億円以上~1,000億円未満",,確認不可,△ 自社HP・公開情報を確認。2025年10月302億円は求人媒体で確認できるが承認ソースではなく、自社HPに直近売上高の記載がないため不採用。https://www.tuboi.co.jp/about/profile/
001Nn00000eVijE,9430001021794,北海道コカ・コーラボトリング株式会社,http://www.hokkaido.ccbc.co.jp/,"5: 300億円以上~1,000億円未満",,590.86億円（2025年12月期・連結）,"○ 自社IR決算短信。2025年12月期連結売上高59,086百万円。https://www.hokkaido.ccbc.co.jp/ir/ir-library/financial-summary/11748/"
001Nn00000eVijI,3120001067115,中央自動車工業株式会社,http://www.central-auto.co.jp,"5: 300億円以上~1,000億円未満",,466.92億円（2026年3月期・連結）,"○ 自社IR事業セグメント。2026年3月期売上高合計46,692百万円。https://www.central-auto.co.jp/ja/ir/finance/segment.html"
001Nn00000eVijT,7010701027334,いすゞリーシングサービス株式会社,http://www.isuzu-ils.co.jp/,"6: 1,000億円以上",,"1,677.77億円（2026年3月期・単体）","○ gBizINFO/EDINET有報。2026年3月期提出会社売上高167,777百万円。https://info.gbiz.go.jp/hojin/ichiran?hojinBango=7010701027334"
001Nn00000eVijk,8230001010901,北陸コカ・コーラボトリング株式会社,https://www.hokuriku.ccbc.co.jp/?page_id=240,"5: 300億円以上~1,000億円未満",,393.45億円（2025年・単体）,"○ 自社HP会社概要。2025年実績売上高393億4,500万円。https://www.hokuriku.ccbc.co.jp/?page_id=245"
001Nn00000eVijm,7010401017478,株式会社ダンロップスポーツマーケティング,,"5: 300億円以上~1,000億円未満",,325億円（2025年実績・単体）,○ 自社採用HP「数字で見る」。2025年実績売上高325億円。https://sports.dunlop.co.jp/dsm/recruit/data/
001Nn00000eVijp,4080001001143,木内建設株式会社,http://www1.kiuchi.jp,"5: 300億円以上~1,000億円未満",🔵MC:総務部／人事課 050-3541-8226 ｜ ☆V 07/13〈月〉、定時00:00、🔵🌑🔴✳✡/パンチラ,632.32億円（2025年8月期・単体）,"○ 自社HP財務状況。2025年8月期売上高合計63,232百万円。https://www1.kiuchi.jp/company/financial/"
001Nn00000eVijx,6010001046449,株式会社ジェイアール東海ツアーズ,http://www.jrtours.co.jp/,"5: 300億円以上~1,000億円未満",,確認不可,△ JR東海/JTB系子会社。自社HP・親会社公開資料・決算公告を確認したが、直近3期の売上高を承認ソースで確認できず。https://www.jrtours.co.jp/corporate/
001Nn00000eVijy,7120901008940,株式会社ライフドリンクカンパニー,https://www.ld-company.com/about/group,"5: 300億円以上~1,000億円未満",,526.51億円（2026年3月期・連結）,"○ JPX決算短信。2026年3月期連結売上高52,651百万円。https://www2.jpx.co.jp/disc/25850/140120260515538189.pdf"
001Nn00000eVilO,8010001067484,西部石油株式会社,https://www.seibuoil.co.jp/index.html,"6: 1,000億円以上",イワマシリュウ_2026/08/10,確認不可,"△ 出光興産子会社。自社HP・親会社公開資料を確認。直近承認値は2021年3月期連結2,734.65億円で鮮度条件外、2024年精製停止後の直近売上高を確認できず。https://www.idemitsu.com/jp/news/2022/220614.html"
001Nn00000eVimi,8040001065642,三協フロンテア株式会社,https://www.sankyofrontier.com/corporate/about.html,"5: 300億円以上~1,000億円未満",X,542億円（2026年3月期・連結）,○ 自社公式企業情報。2026年3月期売上542億円。https://www.sankyofrontier.com/corporate/
001Nn00000eVimy,5110001019890,田辺工業株式会社,https://www.tanabe-ind.co.jp/company/,"5: 300億円以上~1,000億円未満",,523.66億円（2026年3月期・連結）,"○ 自社IR決算短信。2026年3月期連結売上高52,366,140千円。https://www.tanabe-ind.co.jp/wp-content/uploads/2026/05/20260513_001.pdf"
001Nn00000eVimz,3120901008457,パナソニック環境エンジニアリング株式会社,https://panasonic.co.jp/hvac/peseng/about/company/,"5: 300億円以上~1,000億円未満",,確認不可,△ パナソニック系子会社。自社公式の2025年度657億円は事業連結値。子会社判定に必要な単体売上高を確認できず。https://panasonic.co.jp/hvac-cc/peseng/about/company/
001Nn00000eVin0,7470001000425,株式会社穴吹工務店,https://www.anabuki.co.jp/,"5: 300億円以上~1,000億円未満",／,確認不可,△ オリックス系子会社。自社HP・親会社公開資料・決算公告を確認したが、直近3期の穴吹工務店単体売上高を承認ソースで確認できず。https://www.anabuki.co.jp/
001Nn00000eVinp,1130001024331,株式会社エクソル,https://www.xsol.co.jp/,"5: 300億円以上~1,000億円未満",,【300億未満】277億円（第25期・単体）,× 300億未満。自社採用HP「数字で見るエクソル」。第25期売上高277億円。https://www.xsol.co.jp/xsol_recruit/company/
001Nn00000eVinu,5120001035466,大果大阪青果株式会社,http://www.osaka-daika.co.jp/,"6: 1,000億円以上",⭐,確認不可,△ 自社営業実績・大阪府市場資料を確認したが、公開されるのは青果の取扱高で、判定基準の売上高を確認できず。https://www.osaka-daika.co.jp/company/kessan.html
001Nn00000eVioO,1100001001580,株式会社スズキ自販長野,https://www.suzuki.co.jp/dealer/sj-nagano/corporate/,"5: 300億円以上~1,000億円未満",🔵MC:管理部人事課 026-285-2471 ｜ 🌳★V06/11(木)、定時00:00、🔵🌑🔴✳✡🌅❄,414.4617億円（2026年3月期・単体）,"○ 自社HP企業概要。2026年3月期売上高414億4,617万円。https://www.suzuki.co.jp/dealer/sj-nagano/corporate/"
001Nn00000eViow,6120001077433,白石工業株式会社,http://www.shiraishi.co.jp/kogyo/index.html,"6: 1,000億円以上",,【300億未満】259.66億円（2026年3月期・単体）,"× 300億未満。自社HP業績推移。2026年3月期売上高25,966百万円。https://www.shiraishi.co.jp/about/kogyo/profile.php"
001Nn00000eVip6,9120001087719,株式会社光アルファクス,http://www.hikari-ax.co.jp/,"5: 300億円以上~1,000億円未満",X,477億円（2024年度・連結）,○ 自社採用HP「数字で見る光アルファクス」。2024年度実績の連結売上高477億円。https://www.hikari-ax.co.jp/recruit/infographics
001Nn00000eViq2,9010401023409,日本道路株式会社,http://www.nipponroad.co.jp/,"6: 1,000億円以上",🔵MC:管理本部／人事部 03-4477-4041,"1,683.49億円（2026年3月期・連結）","○ 自社HP会社概要。2026年3月期連結売上高1,683億49百万円。https://www.nipponroad.co.jp/company/profile/"
001Nn00000eViqP,6430001022985,札幌みらい中央青果株式会社,http://www.sapporomirai.jp/,"5: 300億円以上~1,000億円未満",,確認不可,△ 自社HPの令和6年度616億円は「取扱高」。判定基準の売上高ではないため不採用。直近売上高を承認ソースで確認できず。https://www.sapporomirai.jp/home/profile/
001Nn00000eViw7,2080001008388,静岡電装株式会社,http://www.shizuokadensou.com/index.html,"5: 300億円以上~1,000億円未満",,確認不可,△ 小糸製作所関係会社。自社HPに売上高推移はあるが数値が画像表示で検証できず、承認ソースで直近単体売上高を確定できず。https://www.shizuokadensou.com/company/
001Nn00000eViwD,5010001034909,北興化学工業株式会社,https://www.hokkochem.co.jp/,"5: 300億円以上~1,000億円未満",🔵MC:人事部 03-3279-5151（旧直通:情報システムチーム：03-3279-5169） ｜ ★08/17(月)、定時18:00、⭐🌟🚨🔵🌑✳✡🌅💎🔥訴求用👤人事,491.25億円（2025年11月期・連結）,"○ 自社IR財務諸表。2025年11月期連結売上高49,125百万円。https://www.hokkochem.co.jp/ir/financial-information/zaimu"
001Nn00000eViwY,3020001070574,株式会社五十嵐電機製作所,https://www.jp-igarashi.com/company/overview.html,"5: 300億円以上~1,000億円未満",,478億円（2024年度・グループ連結）,○ 自社HP会社概要。2024年度グループ連結売上高478億円。https://www.jp-igarashi.com/company/overview.html
001Nn00000eViwj,4030001075092,サンキョー株式会社,http://www.sap.fm/,"5: 300億円以上~1,000億円未満",,【300億未満】283.8億円（2025年度・単体）,× 300億未満。自社HP会社概要。2025年度サンキョー単体売上高283.8億円。https://sap.fm/company
001Nn00000eVix3,5240001004384,株式会社ジェイ・エム・エス,https://www.jms.cc/,"5: 300億円以上~1,000億円未満",イワマシリュウ_2026/08/10,658.45億円（2026年3月期・連結）,"○ 自社IR/EDINET有価証券報告書。2026年3月期連結売上高65,845百万円。https://www.jms.cc/ir/"
001Nn00000eVix7,7120001077597,富士フイルム和光純薬株式会社,http://www.wako-chem.co.jp/,"5: 300億円以上~1,000億円未満",,確認不可,"△ 富士フイルム100%子会社。自社公式会社案内の2025年3月期1,323億円は連結値。子会社判定に必要な単体売上高を確認できず。https://asset.fujifilm.com/www/ffwk/files/2025-12/9b36daecae22339e2beb47dd7d5fa4a7/250901_FFWK_company_profile_Singlepage_JP_Hi.pdf"
001Nn00000eVix8,6120001019253,ロート製薬株式会社,http://www.rohto.co.jp/,"6: 1,000億円以上",キセカヨ,"3,437.25億円（2026年3月期・連結）","○ 自社HP会社概要。2026年3月期連結売上高343,725百万円。https://www.rohto.co.jp/company/profile/"
001Nn00000eVixw,4010001124537,株式会社サンキョウエポック,http://www.furukawa-magnetwire.co.jp/,"5: 300億円以上~1,000億円未満",,確認不可,△ 法人番号不一致。B列4010001124537の現行法人は古河マグネットワイヤ株式会社で、C列「株式会社サンキョウエポック」と一致しないため判定不可。https://info.gbiz.go.jp/hojin/ichiran?hojinBango=4010001124537
001Nn00000eVixz,9011401007789,株式会社関東マツダ,http://www.kanto-mazda.com/,"6: 1,000億円以上",,"1,090億円（2026年3月期・単体）","○ 自社HP会社概要。2026年3月期年商1,090億円。https://kanto.mazda.co.jp/corp/about/"
001Nn00000eViy4,2010401011411,佐藤製薬株式会社,http://www.sato-seiyaku.co.jp/,"5: 300億円以上~1,000億円未満",／,518億円（2025年7月期・連結）,○ 自社採用HP「数字で見る佐藤製薬」。2025年7月期売上高518億円（連結）。https://www.sato-seiyaku.co.jp/recruit/new_graduate/about/numbers/
001Nn00000eViyB,1010401078435,みらい建設工業株式会社,http://www.mirai-const.co.jp/,"5: 300億円以上~1,000億円未満",／,318億円（2025年3月期・単体）,○ 自社採用HP会社概要。2025年3月期売上高318億円。https://recruit.mirai-const.co.jp/about/company/
001Nn00000eViyd,9020001006861,株式会社ミツハシ,http://www.3284rice.com/,"5: 300億円以上~1,000億円未満",,約773億円（2026年3月現在・単体）,○ 自社HP会社概要。2026年3月現在年商約773億円。https://www.3284rice.com/corporate/outline/
001Nn00000eViyi,3120001048973,芦森工業株式会社,https://www.ashimori.co.jp/corporate/group/index.html,"5: 300億円以上~1,000億円未満",,442.82億円（2025年3月期・単体）,"○ gBizINFO/EDINET有報。2025年3月期提出会社売上高44,282百万円。現時点は豊田合成傘下のため単体値を採用。https://info.gbiz.go.jp/hojin/ichiran?hojinBango=3120001048973"
001Nn00000eViyk,6010701019753,株式会社宝幸,http://www.hko.co.jp/,"5: 300億円以上~1,000億円未満",,367億円（2026年3月期・単体）,○ 自社HP会社概要。2025年4月1日～2026年3月31日売上高367億円。https://www.hko.co.jp/corporate/overview/
001Nn00000eViym,6020001122389,株式会社相鉄ホテルマネジメント,https://fresa-inn.jp/,"5: 300億円以上~1,000億円未満",,確認不可,△ 相鉄HD100%子会社。自社HP・親会社公開資料を確認したが、直近3期の相鉄ホテルマネジメント単体売上高を確認できず。https://sotetsu-hotelmanagement.co.jp/profile/
001Nn00000eViyp,4011001111450,カバー株式会社,https://cover-corp.com/,"5: 300億円以上~1,000億円未満",,493.30億円（2026年3月期・単体）,"○ JPX決算短信（非連結）。2026年3月期売上高49,330百万円。https://www2.jpx.co.jp/disc/52530/140120260514534025.pdf"
001Nn00000eViyr,4010001008731,株式会社ナカノフドー建設,http://www.wave-nakano.co.jp/,"5: 300億円以上~1,000億円未満",,740.68億円（2026年3月期・単体）,"○ 自社決算短信の個別業績。2026年3月期単体売上高74,068百万円。https://www.wave-nakano.co.jp/uploads/pdf/659/20260514.pdf"
001Nn00000eViyt,5040001062527,ヤマサ醬油株式会社,https://www.yamasa.com/,"5: 300億円以上~1,000億円未満",,714億円（2025年12月期・単体）,○ 自社HP会社概要。2025年12月期売上高714億円。https://www.yamasa.pro/corporate/info/
001Nn00000eViyv,6140001008205,株式会社コベルコロジスティクス,http://www.kobelco-logis.co.jp/,"5: 300億円以上~1,000億円未満",,576.41億円（2025年度・単体）,"○ 自社HP会社概要。2025年度売上高57,641百万円。https://www.kobelco-logis.co.jp/company/about.html"
001Nn00000eViyw,8012701002662,株式会社東栄住宅,https://www.touei.co.jp/corporate,"6: 1,000億円以上",,"1,889.52億円（2025年3月期・単体）","○ 親会社飯田GHD有価証券報告書「主要な損益情報等」。東栄住宅売上高188,952百万円。https://info.gbiz.go.jp/hojin/edinetDownload?docId=S100W7EN"
001Nn00000eVizN,4010001138693,明治飼糧株式会社,https://www.meijifeed.co.jp,"5: 300億円以上~1,000億円未満",,確認不可,△ 明治HD系子会社。自社HP・親会社開示・gBizINFOを確認したが、直近3期の単体売上高を承認ソースで確認できず。https://www.meijifeed.co.jp/
001Nn00000eVizd,4120001077377,オザックス株式会社,http://www.ozax.co.jp,"5: 300億円以上~1,000億円未満",,763.09億円（2026年3月期・単体）,"○ 自社HP会社概要。2026年3月期売上高76,309百万円。https://www.ozax.co.jp/company/profile.html"
001Nn00000eVizf,9010001048574,ソーダニッカ株式会社,http://www.sodanikka.co.jp/,"5: 300億円以上~1,000億円未満",,666.92億円（2026年3月期・連結）,○ 自社HP会社概要。2026年3月期売上高666億92百万円。https://www.sodanikka.co.jp/company/outline.html
001Nn00000eVizo,3370103000741,霞ヶ関キャピタル株式会社,https://kasumigaseki.co.jp,"5: 300億円以上~1,000億円未満",🔵MC:人材戦略本部／人事採用部／人事企画部 03-5510-7654 ｜ イワマシリュウ_2026/08/10,584.74億円（2025年8月期・単体）,"○ gBizINFO/EDINET有価証券報告書。2025年8月期提出会社売上高58,474百万円。https://info.gbiz.go.jp/hojin/ichiran?hojinBango=3370103000741"
001Nn00000eVizp,4290801010181,大英産業株式会社,https://www.daieisangyo.co.jp/company,"5: 300億円以上~1,000億円未満",,390.9312億円（2025年9月期・単体）,"○ 自社HP会社概要。2025年9月期売上高390億9,312万円。https://www.daieisangyo.co.jp/company"
001Nn00000eVizw,7010401094724,エステールホールディングス株式会社,https://www.estelle.co.jp/corporate/outline/,"5: 300億円以上~1,000億円未満",,338.90億円（2026年3月期・連結）,○ 自社HP会社概要。2026年3月期連結売上高338億90百万円。https://www.estelle.co.jp/corporate/outline/
001Nn00000eVj0X,1290001022575,西日本フード株式会社,http://www.nfgroup.co.jp/westfood,"6: 1,000億円以上",,"1,381億円（2025年3月期・単体）","○ 自社HP会社案内。2025年3月期売上高1,381億円。https://www.nfgroup.co.jp/westfood/company/"
001Nn00000eVj0Y,6011301001473,オーデリック株式会社,https://www.odelic.co.jp/company/info.html,"5: 300億円以上~1,000億円未満",,471億円（2026年3月期・連結）,○ 自社HP会社概要。2026年3月期連結売上高471億円。https://www.odelic.co.jp/company/info.html
001Nn00000eVj0a,6290001001327,株式会社サニックスホールディングス,https://sanix.jp/office,"5: 300億円以上~1,000億円未満",,452.91億円（2026年3月期・連結）,"○ 自社IR経営指標。2026年3月期連結売上高45,291百万円。https://hd.sanix.jp/ir/irlib/management"
001Nn00000eVj0i,3013301006249,西武建設株式会社,https://www.seibu-const.co.jp/,"5: 300億円以上~1,000億円未満",,623.82億円（2025年度・単体）,"○ 自社HP会社概要。2025年度売上高62,382百万円。https://www.seibu-const.co.jp/company/aboutus.html"
001Nn00000eVj0s,5021001006269,河西工業株式会社,https://www.kasai.co.jp/,"5: 300億円以上~1,000億円未満",,"1,961.89億円（2026年3月期・連結）","○ 2026年3月期決算短信。連結売上高196,189百万円。https://www.kasai.co.jp/"
001Nn00000eVj0t,4080001002686,静岡ガス株式会社,http://www.shizuokagas.co.jp/,"6: 1,000億円以上",,"2,012.07億円（2025年12月期・連結）","○ 自社決算短信。2025年12月期連結売上高201,207百万円。https://ir.shizuokagas.co.jp/ja/ir/PressRelease/auto_20260209552812/pdfFile.pdf"
001Nn00000eVj0u,5120001059639,高圧ガス工業株式会社,http://www.koatsugas.co.jp/company/group.html,"5: 300億円以上~1,000億円未満",,986.78億円（2026年3月期・連結）,○ JPX決算短信。2026年3月期連結売上高986億78百万円。https://www2.jpx.co.jp/disc/40970/140120260514535723.pdf
001Nn00000eVj0w,2010401079028,東京ガスエンジニアリングソリューションズ株式会社,http://www.tokyogas-es.co.jp/,"6: 1,000億円以上",,"1,876億円（2025年度・単体）","○ 自社HP会社概要。東京ガス100%子会社のため単体値を採用。2025年度売上高1,876億円。https://www.tokyogas-es.co.jp/company/index.html"
001Nn00000eVj0x,4120001074060,荒川化学工業株式会社,http://www.arakawachem.co.jp/jp,"5: 300億円以上~1,000億円未満",,821.35億円（2026年3月期・連結）,"○ 自社IR決算短信。2026年3月期連結売上高82,135百万円。https://www.arakawachem.co.jp/jp/ir/ir20260514.pdf"
001Nn00000eVj16,4011401003108,昭産商事株式会社,http://www.shosan.co.jp/,"5: 300億円以上~1,000億円未満",,710.34億円（2025年度・単体）,"○ 自社HP「3分でわかる昭産商事」。2026年3月31日時点、売上高710億3,400万円。https://shosan.co.jp/toppage/company/about-shosan/"
001Nn00000eVj1m,4210001010568,株式会社塩浜工業,https://shiohama.co.jp/company/profile.html,"5: 300億円以上~1,000億円未満",,確認不可,△ 自社公式で確認できる売上高521億円は2023年3月期で鮮度条件外。直近3期の数値はグラフ画像のみで検証できず。https://shiohama.co.jp/recruiting/company/
001Nn00000eVj2t,1130001025461,株式会社Ｇｅｎ　Ｍａｒｋ　Ｃｏｒｐｏｒａｔｉｏｎ,http://jls-gr.com/,"5: 300億円以上~1,000億円未満",／,確認不可,△ 自社HP・gBizINFO・決算公告を確認したが、直近3期の売上高を承認ソースで確認できず。https://jls-gr.com/
001Nn00000eVj35,3010001032014,株式会社リケン,http://www.riken.co.jp/company/globalnetwork.html,"5: 300億円以上~1,000億円未満",,確認不可,△ 2023年10月の共同持株会社設立後はリケンNPR傘下子会社。直近3期の株式会社リケン単体売上高を承認ソースで確認できず。https://www.npr-riken.co.jp/company/group/
001Nn00000eVj3D,4010401035862,出光エナジーソリューションズ株式会社,http://www.leef.co.jp/,"5: 300億円以上~1,000億円未満",◆08/26(水)、定時00:00、,確認不可,△ 出光興産子会社。自社/親会社公式・決算公告を確認したが、直近3期の単体売上高を承認ソースで確認できず。https://www.idemitsuenergysolutions.com/
001Nn00000eVj3g,5120001050473,ベラジオコーポレーション株式会社,http://bellagio.jp/,"5: 300億円以上~1,000億円未満",,【300億未満】218億円（2024年3月期・単体）,× 300億未満。自社HP企業情報。2024年3月期売上高218億円。https://www.bellagio.jp/about/
001Nn00000eVj5T,2040001027788,山形屋商事株式会社,,"5: 300億円以上~1,000億円未満",,確認不可,△ 法人番号・現行所在地は確認できるが、自社/公的承認ソースで直近3期の売上高を確認できず。https://info.gbiz.go.jp/hojin/ichiran?hojinBango=2040001027788
001Nn00000eVj9o,8120001077431,株式会社島田商会,http://www.shimada-shokai.co.jp/,"5: 300億円以上~1,000億円未満",,435.42億円（2026年3月期・単体）,○ 自社HP会社概要。2026年3月期売上高435億42百万円。https://www.shimada-shokai.co.jp/company/data.html
001Nn00000eVjAY,8010401089509,ＳＦＩリーシング株式会社,https://www.sfil.co.jp/,"5: 300億円以上~1,000億円未満",,417.09億円（2025年3月期・単体）,"○ 自社決算公告。第16期売上高41,709百万円。https://www.sfil.co.jp/company/pdf/financial_2025.pdf"
001Nn00000eVjFb,4410001004814,株式会社文化,,"5: 300億円以上~1,000億円未満",,確認不可,△ gBizINFO・公的求人情報で法人/事業実態は確認したが、直近3期の売上高を承認ソースで確認できず。https://info.gbiz.go.jp/hojin/ichiran?hojinBango=4410001004814
001Nn00000eVjFq,5120001071404,ヤタニ酒販株式会社,http://www.yatani-s.co.jp/,"5: 300億円以上~1,000億円未満",,738億円（2025年9月期・単体）,○ 自社HP会社概要。2025年9月期売上高738億円。https://www.yatani-s.co.jp/index.php/ci/gaiyo/
001Nn00000eVjI8,4130001019956,上原成商事株式会社,http://www.ueharasei.co.jp/,"5: 300億円以上~1,000億円未満",,確認不可,△ 自社HPの2025年度850億円は「営業収益（売上高＋役務収益）」で、判定基準の売上高単独値ではないため不採用。https://www.ueharasei.co.jp/corporate/about/
001Nn00000eVjIF,9011601006203,ディーブイエックス株式会社,https://www.dvx.jp/,"5: 300億円以上~1,000億円未満",,559.88億円（2026年3月期・連結）,"○ JPX決算短信。2026年3月期連結売上高55,988百万円。https://www2.jpx.co.jp/disc/30790/140120260515537630.pdf"
001Nn00000eVjIJ,5120001077392,ＫＩＳＣＯ株式会社,http://www.kisco-net.co.jp,"5: 300億円以上~1,000億円未満",,545億円（2026年3月期・単体）,○ 自社HP会社概要。2026年3月期売上高545億円。https://www.kisco-net.co.jp/company/profile/index.php
001Nn00000eVjIb,5290001023017,新日本製薬株式会社,https://corporate.shinnihonseiyaku.co.jp/company/about/,"5: 300億円以上~1,000億円未満",キセカヨ,411.40億円（2025年9月期・連結）,"○ 自社IR決算資料。2025年9月期連結売上高41,140百万円。https://corporate.shinnihonseiyaku.co.jp/ir/"
001Nn00000eVjIj,5290001017448,リックス株式会社,https://www.rix.co.jp/,"5: 300億円以上~1,000億円未満",🔵MC:企画本部／総務部／人事グループ 092-472-7314 ｜🎯360:企画本部／経営企画部／人材開発グループ 092-284-0121 ｜ ヤナギダタツヤ0713,558億円（2026年3月期・連結）,○ 自社HP会社概要。2026年3月期連結売上高558億円。https://www.rix.co.jp/company/outline/
001Nn00000eVjIt,7340001014982,株式会社ナンチク,https://www.nanchiku.co.jp/company/data/location/,"5: 300億円以上~1,000億円未満",ヘイトウミユウ20260512,確認不可,△ 自社公式で2023年度売上高536.89億円は確認できるが鮮度条件外。直近3期の承認ソースで売上高を確認できず。https://www.nanchiku.co.jp/60th/
001Nn00000eVjIv,5070001001977,株式会社ヤマト,https://www.yamato-se.co.jp,"5: 300億円以上~1,000億円未満",,543億円（2026年3月期・連結）,○ 自社IR「数字でみるヤマト」。2026年3月期連結売上高543億円。https://www.yamato-se.co.jp/ir/data/
001Nn00000eVjIw,4120001091386,株式会社山星屋,https://www.arista.co.jp/,"6: 1,000億円以上",,確認不可,"△ 丸紅グループ子会社。自社公式の2025年3月期3,571億円は連結値。子会社判定に必要な山星屋単体売上高を承認ソースで確認できず。https://www.arista.co.jp/company/outline/?corpSid=28509"
001Nn00000eVjIz,6030001031085,株式会社エフテック,http://www.ftech.co.jp,"5: 300億円以上~1,000億円未満",,"2,919億円（2026年3月期・連結）","○ 自社HP会社概要。2026年3月期連結売上高2,919億円。https://www.ftech.co.jp/company/"
001Nn00000eVjJ3,8120001077539,株式会社藤木工務店,https://www.fujiki.co.jp/company/profile/,"5: 300億円以上~1,000億円未満",イワマシリュウ_2026/08/10,確認不可,△ 自社HP・公的情報を確認したが、直近3期の藤木工務店売上高を承認ソースで確認できず。求人媒体等の数値は不採用。https://www.fujiki.co.jp/company/profile/
001Nn00000eVjJ9,7120001062731,北大阪振興株式会社,http://www.daitoyo.co.jp/company,"5: 300億円以上~1,000億円未満",,【300億未満】約200億円（現行会社概要・グループ値）,× 300億未満。自社HP会社概要で大東洋グループ売上高約200億円。対象法人を含むグループ全体でも300億円未満。https://www.daitoyo.co.jp/company/
001Nn00000eVjJW,4011701003179,株式会社サークランド,https://www.sarkland.co.jp/,"5: 300億円以上~1,000億円未満",,確認不可,△ 自社HP・公的情報を確認したが、直近3期の株式会社サークランド売上高を承認ソースで確認できず。https://www.sarkland.co.jp/
001Nn00000eVjJb,3120001096320,株式会社カワサキマシンシステムズ,http://www.khi.co.jp/corp/kms/index.html,"5: 300億円以上~1,000億円未満",,415億円（2025年度・単体）,○ 自社HP会社概要。川崎重工グループ子会社のため単体値を採用。2025年度売上高415億円。https://www.khi.co.jp/corp/kms/corp/outline.html
001Nn00000eVjJe,9290001056797,株式会社ｗｅｌｚｏ,https://www.welzo.co.jp/,"5: 300億円以上~1,000億円未満",,488.05億円（2025年12月期・単体）,"○ 自社HP会社概要。2025年12月期売上高48,805百万円。https://www.welzo.co.jp/company/outline/"
001Nn00000eVjJi,9011101055980,ＳＯＭＰＯホールディングス株式会社,https://sompo.io/,"6: 1,000億円以上",イワマシリュウ_2026/08/10,"53,729億円（2026年3月期・連結保険収益）","○ 保険会社特例。自社IR決算レビューで2026年3月期連結保険収益5兆3,729億円。https://www.sompo-hd.com/ir/financial/results/"
001Nn00000eVjKD,4010401098546,株式会社千代田組,http://www.chiyodagumi.co.jp/,"5: 300億円以上~1,000億円未満",🔵MC:管理本部／人事部 03-3503-8111,確認不可,△ 自社公式で2020年3月期売上高996億円は確認できるが鮮度条件外。直近3期の承認ソースで売上高を確認できず。https://www.chiyodagumi.co.jp/
001Nn00000eVjKG,6430001017705,雪印種苗株式会社,https://www.snowseed.co.jp/,"5: 300億円以上~1,000億円未満",,確認不可,△ 雪印メグミルク100%子会社。親会社資料の飼料・種苗セグメント値は複数事業を含むため不採用。直近3期の雪印種苗単体売上高を確認できず。https://www.snowseed.co.jp/
001Nn00000eVjKN,5180001031740,豊田通商システムズ株式会社,https://www.ttsystems.com/jp,"5: 300億円以上~1,000億円未満",,確認不可,△ 豊田通商100%子会社。自社HP・親会社公開資料を確認したが、直近3期の豊田通商システムズ単体売上高を承認ソースで確認できず。https://www.ttsystems.com/jp/corporate/outline
001Nn00000eVjKZ,2010401017012,エレマテック株式会社,http://www.elematec.com,"6: 1,000億円以上",,確認不可,△ 豊田通商子会社。現行の親会社・自社公開情報を確認したが、直近3期のエレマテック単体売上高を承認ソースで確認できず。https://www.elematec.com/
001Nn00000eVjKb,6020001058105,アニヴェルセル株式会社,http://www.anniversaire.co.jp/,"5: 300億円以上~1,000億円未満",,確認不可,△ AOKI HD子会社。親会社の2026年3月期アニヴェルセル・ブライダル事業売上124.48億円はセグメント値で、子会社単体値ではないため不採用。https://ir.aoki-hd.co.jp/ja/ir/finance/segment.html
001Nn00000eVjKd,2120001091917,読売テレビ放送株式会社,http://www.ytv.co.jp/,"5: 300億円以上~1,000億円未満",,650.1174億円（2024年度・単体）,"○ 自社公式2024年度決算。個別売上高650億1,174万円。https://www.ytv.co.jp/corp/updata/file_ppnpwsalodt26md0um1xwhije5hzts.pdf"
001Nn00000eVjKl,9180001052824,トヨタホーム株式会社,http://www.toyotahome.co.jp,"5: 300億円以上~1,000億円未満",イワマシリュウ_2026/08/06,確認不可,△ プライム ライフ テクノロジーズ傘下。自社・親会社公式を確認したが、直近3期のトヨタホーム単体売上高を承認ソースで確認できず。https://www.toyotahome.co.jp/
001Nn00000eVjL0,1040001097618,株式会社ウィザースホーム,https://with-e-home.com/company/,"5: 300億円以上~1,000億円未満",／,確認不可,△ 新昭和グループ。求人媒体では2025年3月期270.11億円を確認できるが未承認ソースのため不採用。自社公式で単体売上高を確認できず。https://with-e-home.com/company/
001Nn00000eVjL6,5180001039032,名古屋電気株式会社,http://www.nagoyadenki.co.jp/,"5: 300億円以上~1,000億円未満",,579億円（2025年度・単体）,○ 自社HP会社案内。2025年度年商579億円。https://nagoyadenki.co.jp/company/
001Nn00000eVjL9,7120001080106,双日プラネット株式会社,http://www.sojitz-planet.com/,"6: 1,000億円以上",,確認不可,△ 双日子会社。公開決算情報では2025年3月期444.04億円が見つかるが未承認媒体。自社・親会社承認ソースで単体売上高を確認できず。https://www.sojitz-planet.com/
001Nn00000eVjNC,2012701004557,株式会社アーネストワン,http://www.arnest1.co.jp/,"6: 1,000億円以上",,"2,712億円（2026年3月期・単体）","○ 自社HP社長挨拶。飯田GHD子会社のため会社単体値を採用。2026年3月期売上高2,712億円。https://www.arnest1.co.jp/company/greeting.html"
001Nn00000eVjNK,8010001013810,Ｊ−ＰＯＷＥＲジェネレーションサービス株式会社,https://www.jpgs.co.jp/,"5: 300億円以上~1,000億円未満",／,992億円（2026年3月期・単体）,○ 自社採用HP「数字で見る」。2026年3月期年間売上高992億円。https://www.jpgs.co.jp/recruit/data/
001Nn00000eVjNL,7010901006237,スリーエムジャパンイノベーション株式会社,http://www.mmm.co.jp/,"6: 1,000億円以上",／,確認不可,△ 3Mグループ子会社。3M公式会社概要はスリーエムジャパンの売上のみ掲載し、イノベーション社単体売上高は非掲載。https://www.3mcompany.jp/3M/ja_JP/company-jp/about-3m/group/
001Nn00000eVjNW,2010001069981,ジェコス株式会社,http://www.gecoss.co.jp/,"6: 1,000億円以上",,966.78億円（2026年3月期・単体）,"○ 自社開示「通期個別業績の前期実績との差異」。2026年3月期個別売上高96,678百万円。https://www.gecoss.co.jp/ir/"
001Nn00000eVjNd,5320001007627,マレリ九州株式会社,http://www.ck-kyushu.com/index.html,"6: 1,000億円以上",,963億円（2024年実績・単体）,"○ マレリ公式会社案内。2024年実績売上高96,300百万円＝963億円。https://www.marelli.com/content/dam/marelli/sustainability/policies-ethics-and-compliance/japanese/2025/"
001Nn00000eVjNf,8260001008348,株式会社カワニシ,https://www.kawanishi-md.co.jp/kw,"5: 300億円以上~1,000億円未満",,771.14億円（2025年6月期・単体）,"○ 自社HP会社概要。2025年6月期売上高77,114百万円。https://www.kawanishi-md.co.jp/kw/about/"
001Nn00000eVjQQ,4110001005553,モトーレンニイガタ株式会社,https://niigata.bmw.jp/ja,"5: 300億円以上~1,000億円未満",／,確認不可,△ 公開求人では2025年グループ売上870億円だが未承認かつグループ値。モトーレンニイガタ単体の承認ソースを確認できず。https://niigata.bmw.jp/ja
001Nn00000eVjR8,8120001158223,パナソニックプロダクションエンジニアリング株式会社,http://www.panasonic.com/jp/company/ppe.html,"5: 300億円以上~1,000億円未満",,確認不可,△ パナソニックグループ子会社。自社・親会社公式を確認したが、直近3期の当該法人単体売上高を承認ソースで確認できず。https://www.panasonic.com/jp/company/ppe.html
001Nn00000eVjRI,9370001010036,株式会社藤崎,http://www.fujisaki.co.jp,"5: 300億円以上~1,000億円未満",,474億円（2025年2月期・単体）,○ 自社HP会社概要。年間売上高474億円（2025年2月期）。https://www.fujisaki.co.jp/corporation/outline/
001Nn00000eVjRL,9120901025463,富士シート株式会社,http://www.fujiseat.co.jp,"5: 300億円以上~1,000億円未満",オガタユウ_2026/07/24,確認不可,△ 自社HP会社概要・公的情報・決算公告を確認したが、直近3期の承認ソースで富士シート単体売上高を確認できず。求人媒体の592.22億円は不採用。https://www.fujiseat.co.jp/company/
001Nn00000eVjRR,2140001002665,モロゾフ株式会社,http://www.morozoff.co.jp/company_ir/profile_index.html,"5: 300億円以上~1,000億円未満",ヤナギダタツヤ,362.73億円（2026年1月期・連結）,"○ 自社IR決算短信。2026年1月期連結売上高36,273百万円。https://www.morozoff.co.jp/company_ir/pdf/01_tanshin/260313hanki.pdf"
001Nn00000eVjTJ,6130001028749,静岡森紙業株式会社,http://www.morishigyo-gr.co.jp/,"5: 300億円以上~1,000億円未満",,確認不可,△ 森紙業グループ子会社。自社・グループ公式、公的情報、決算公告を確認したが、直近3期の静岡森紙業単体売上高を承認ソースで確認できず。http://www.morishigyo-gr.co.jp/
001Nn00000eVjTU,1030001056764,株式会社オプトラン,http://www.optorun.co.jp/company/about.html,"5: 300億円以上~1,000億円未満",◆08/18(火)、定時00:00、09:00,338.61億円（2025年12月期・連結）,"○ 自社IR決算短信。2025年12月期連結売上高33,861,286千円。https://www.optorun.co.jp/ir/upload_file/tdnrelease/6235_20260213560292_P01_.pdf"
001Nn00000eVjU9,2010801027115,株式会社ＳＧＣ,https://www.sgc-gold.co.jp/shop/ginza.html,"5: 300億円以上~1,000億円未満",⭐／,確認不可,△ 自社HP・公的情報・決算公告を確認したが、直近3期の株式会社SGC売上高を承認ソースで確認できず。https://www.sgc-gold.co.jp/
001Nn00000eVjVq,8011101043359,ｉＴｕｎｅｓ株式会社,,"6: 1,000億円以上",,確認不可,"△ Apple公式・公的情報を確認。売上高7,025.2億円はcatr.jpの官報転載で確認できるが、同サイトは承認可否未確定のため不採用。https://www.apple.com/jp/legal/internet-services/itunes/"
001Nn00000eVjW8,5500001012996,岩城造船株式会社,http://www.imazo.co.jp/html/special/iwagi/index.html,"5: 300億円以上~1,000億円未満",,確認不可,△ 今治造船グループ子会社。自社/親会社公式・公的情報・決算公告を確認したが、直近3期の岩城造船単体売上高を承認ソースで確認できず。https://www.imazo.co.jp/
001Nn00000eVjXA,2240001031134,株式会社外林,https://sotobayashi.co.jp/company-1/,"5: 300億円以上~1,000億円未満",,983億円（現行会社概要・単体）,○ 自社HP会社概要。単独売上高983億円。https://sotobayashi.co.jp/company-1/
001Nn00000eVjXO,7260001001717,株式会社カイタックファミリー,https://www.caitac-family.com/company-page,"5: 300億円以上~1,000億円未満",,452億円（2025年2月期・単体）,○ 自社HP会社概要。2025年2月期売上高452億円。https://www.caitac-family.com/company-page
001Nn00000eVjXh,1010701019774,日本ベーリンガーインゲルハイム株式会社,https://www.boehringer-ingelheim.jp/,"6: 1,000億円以上",／,確認不可,"△ 自社HP・公的情報を確認。2,282.37億円はcatr.jpの官報転載で確認できるが、同サイトは承認可否未確定のため判定値として不採用。https://www.boehringer-ingelheim.jp/"
001Nn00000eVjXl,4180001069484,ホシザキ株式会社,http://www.hoshizaki.co.jp/,"5: 300億円以上~1,000億円未満",🔵MC:人事部／グループ人事課 0562-97-5242 ｜ 【属性】🦁/👤経理：・直通神対応！経理部/部長/大橋 真也　定時17:00,"4,858.90億円（2025年12月期・連結）","○ 自社IR決算短信。2025年12月期連結売上高485,890百万円。https://www.hoshizaki.co.jp/ir/20260213_1/"
001Nn00000eVjXq,4010401017209,立川ブラインド工業株式会社,https://www.blind.co.jp/corporate/affiliate.html,"5: 300億円以上~1,000億円未満",X,414.08億円（2024年12月期・連結）,"○ 自社IR決算短信。2024年12月期連結売上高41,407,715千円。直近3期内。https://www.blind.co.jp/_assets/img/company/ir/library/kessan_24_04.pdf"
001Nn00000eVjXt,5011101036563,株式会社日本設計,http://www.nihonsekkei.co.jp,"5: 300億円以上~1,000億円未満",,確認不可,△ 自社HP・公的情報・決算公告を確認したが、直近3期の承認ソースで株式会社日本設計の売上高を確認できず。https://www.nihonsekkei.co.jp/corporate/outline/
001Nn00000eVjXz,8010001059291,山﨑建設株式会社,http://www.yamazaki.co.jp/company/,"5: 300億円以上~1,000億円未満",,確認不可,△ 自社HP・公的情報・決算公告を確認したが、直近3期の承認ソースで山﨑建設株式会社の売上高を確認できず。http://www.yamazaki.co.jp/company/
001Nn00000eVjYF,7020001035961,ジャクソン・ラボラトリー・ジャパン株式会社,http://www.crj.co.jp/,"5: 300億円以上~1,000億円未満",,確認不可,△ 確認不可。自社HP会社概要・公的情報・決算公告を確認したが、直近3期の売上高を承認ソースで確認できず。旧年度の売上高は鮮度条件外。https://www.jax.or.jp/company/profile
001Nn00000eVjYr,2011101008920,株式会社シジシージャパン,https://www.cgcjapan.co.jp/,"6: 1,000億円以上",🔵MC:人事総務部／人事総務チーム 03-3204-1031 ｜🎯360:管理本部／教育推進室 03-3204-0359（旧直通:03-3204-1031） ｜ 🌳★V06/17(水)、定時00:00、✳✡🌅経理か総務宛。,確認不可,△ 自社公式は2026年2月期の商品取扱高1兆870億円を開示しているが、判定基準の売上高ではないため不採用。承認ソースで売上高を確認できず。https://www.cgcjapan.co.jp/company/outline/
001Nn00000eVjYu,3430001022138,北海道酒類販売株式会社,http://ns.hokusyuhan.co.jp,"5: 300億円以上~1,000億円未満",【属性】🐻‍❄️V/👤総務/管理：管理本部/常務取締役管理本部長兼社長室長/小野 順二,805億円（2026年3月期・単体）,○ 自社HP会社概要。売上高805億円（2026年3月期）。https://www.hokusyuhan.co.jp/company/outline.html
001Nn00000eVjZ2,3430001021651,北海道いすゞ自動車株式会社,http://www.hokkaido-isuzu.jp,"5: 300億円以上~1,000億円未満",🔵MC:総務部人事課・広報課 011-558-0050 ｜ 【属性】🐻‍❄️/👤経理：・💰総務部/部長/鈴木 賢二/※1 ・💰総務部・経理部・開発事業部/常務取締役/三浦 雅之/※1 ・💰経理部/理事/相澤 則夫/※1,確認不可,△ 確認不可。自社HP会社概要・公的情報・決算公告を確認したが、直近3期の売上高開示を承認ソースで確認できず。https://www.hokkaido-isuzu.jp/company/overview/
001Nn00000eVjZA,6180001037794,瀧定名古屋株式会社,http://www.takisada-nagoya.jp,"5: 300億円以上~1,000億円未満",,645.81億円（2025年度・単体）,"○ 自社HP会社概要。2025年度売上645億8,100万円。2026/8/1に瀧定株式会社へ社名変更。https://www.takisada-nagoya.jp/company_info/overview/"
001Nn00000eVjZB,1180001013049,名古屋スバル自動車株式会社,http://www.nagoya-subaru.co.jp/,"5: 300億円以上~1,000億円未満",🔵MC:統括管理本部／統括人事部／人事課 052-901-8611 ｜🎯360:統括管理本部／統括人事部／教育課 052-901-8611,326.95億円（2024年度・単体）,"○ 同一法人は2026/4/1にスバル東海株式会社へ商号変更。自社HP会社概要で2024年度売上高326億9,500万円。https://www.nagoya-subaru.co.jp/aboutcompany/"
001Nn00000eVjZF,6010401021159,中野冷機株式会社,http://www.nakano-reiki.com,"5: 300億円以上~1,000億円未満",【属性】🧸/👤総務/管理：管理部門/執行役員管理部門長/小野 浩一/※1,338.61億円（2024年12月期・連結）,"○ 自社IR決算短信。2024年12月期連結売上高33,861百万円。親会社対象のため連結採用。https://nakano-reiki.com/ir/ir_fr.html"
001Nn00000eVjZL,2011701002505,株式会社桐井製作所,https://www.kirii.co.jp/company/location.html,"5: 300億円以上~1,000億円未満",,"1,262.86億円（2024年3月期・単体）","○ gBizINFO決算公告。2024年3月期売上高126,286百万円。https://info.gbiz.go.jp/hojin/financialstatement?kessanJohoId=a807e510-fe35-4754-a575-3ecd96245a81"
001Nn00000eVjZM,8120001166465,株式会社新来島サノヤス造船,http://www.sanoyas.co.jp/shipbuilding,"5: 300億円以上~1,000億円未満",🔵MC:総務部／人事課 086-475-1554 / 佐藤正志 取締役兼常務執行役員企画部・総務部担当（（旧直通:部署:06-4803-0730）,462.63億円（2025年3月期・単体）,"○ gBizINFO決算公告。2025年3月期単体売上高46,263百万円。https://info.gbiz.go.jp/hojin/financialstatement?kessanJohoId=42516e81-2211-4c5d-99a0-45e6c41288ce"
001Nn00000eVjZf,7010401060544,三信住建株式会社,https://www.sanshinjyuken.com/company/outline.php,"5: 300億円以上~1,000億円未満",,確認不可,△ 自社HP会社概要・採用データ、gBizINFO、決算公告を確認。自社採用では2024年度の一人あたり売上まで確認できるが、総売上高を承認ソースで直接確認できず。https://recruit.sanshinjyuken.com/data
001Nn00000eVjZi,1011001023797,株式会社有電社,http://www.yuden-net.co.jp/,"5: 300億円以上~1,000億円未満",,417.04億円（令和8年1月度・単体）,"○ 自社HP会社概要。売上高41,704百万円（令和8年1月度）。https://www.yuden-net.co.jp/about/company/"
001Nn00000eVjZl,5030001085297,株式会社ヤマイチ,https://www.yamaichi-y.jp/,"5: 300億円以上~1,000億円未満",⭐◆08/27(木)、定時00:00、,確認不可,"△ 自社HP会社概要・公的情報を確認。自社公式は取扱金額1,138億円のみで、判定基準の売上高ではないため不採用。直近売上高を確認できず。https://www.yamaichi-y.jp/company/"
001Nn00000eVjaJ,8120901035199,株式会社ＦＯＯＤ＆ＬＩＦＥ　ＣＯＭＰＡＮＩＥＳ,https://food-and-life.co.jp/,"6: 1,000億円以上",,"4,295.74億円（2025年9月期・連結・売上収益）","○ 自社IR業績ハイライト。2025年9月期連結売上収益429,574百万円。IFRS売上収益として採用。https://food-and-life.co.jp/investor/financialhighlights"
001Nn00000eVjaP,4120001030138,日本電通株式会社,https://www.ndknet.co.jp/company/group.html,"5: 300億円以上~1,000億円未満",,確認不可,△ 子会社。自社HP・親会社ミライト・ワン開示・gBizINFOを確認したが、直近3期の日本電通単体売上高を承認ソースで確認できず。旧EDINET値は鮮度条件外。https://info.gbiz.go.jp/hojin/ichiran?hojinBango=4120001030138
001Nn00000eVjaa,4180001047390,ブラザー販売株式会社,https://www.brother.co.jp/corporate/bsl/index.aspx,"5: 300億円以上~1,000億円未満",,確認不可,△ 子会社。自社/親会社公式・gBizINFO・決算公告を確認したが、承認ソース上で直近単体売上高を直接確認できず。官報転載サイトの数値は未承認のため不採用。https://www.brother.co.jp/corporate/bsl/index.aspx
001Nn00000eVjap,8470001000424,穴吹興産株式会社,http://www.anabuki.ne.jp/,"5: 300億円以上~1,000億円未満",★08/17(月)、定時00:00、🌟🚨🔵🌑✳🔥👤情シス/DX👤経企,"1,309.73億円（2025年6月期・連結）","○ 自社IR決算短信。2025年6月期連結売上高130,973百万円。親会社対象のため連結採用。https://www.anabuki.ne.jp/ir/library/pdf/20250808_tanshin.pdf"
001Nn00000eVjb1,8012701004700,アイディホーム株式会社,https://www.idhome.co.jp/,"6: 1,000億円以上",キクチリョウスケ0714,829億円（2025年3月期・単体）,○ 自社採用HP「数字で見る」。2025年3月期売上高829億円。https://idhome.co.jp/recruit/environment
001Nn00000eVjb6,1011101037276,味の素ＡＧＦ株式会社,http://www.agf.co.jp/,"6: 1,000億円以上",,"1,060億円（2026年3月期・単体）","○ 自社HP会社概要。2026年3月決算の売上高1,060億円。https://agf.ajinomoto.co.jp/company/company.html"
001Nn00000eVjbF,1290001013566,ＪＲ九州リテール株式会社,https://www.jr-retail.co.jp/,"5: 300億円以上~1,000億円未満",,確認不可,△ 子会社。自社HP会社概要・2025年度決算公告・gBizINFO・親会社公開資料を確認したが、決算公告は貸借対照表中心で直近単体売上高を確認できず。https://www.jr-retail.co.jp/company/financial/
001Nn00000eVjbI,9010001055694,株式会社フソウ,http://www.fuso-inc.co.jp/,"5: 300億円以上~1,000億円未満",,557億円（2026年3月期・単体）,○ 自社HP会社概要。2026年3月期売上高557億円。https://www.fuso-inc.co.jp/about/company.html
001Nn00000eVjbS,2100001011034,株式会社城南製作所,http://www.johnan-seisakusho.co.jp/,"5: 300億円以上~1,000億円未満",,確認不可,△ 自社HP・gBizINFO・直近決算公告を確認したが、承認ソースで直近3期の売上高を確認できず。決算公告は売上高非開示。http://www.johnan-seisakusho.co.jp/
001Nn00000eVjc8,3430001022476,株式会社ＭＩＤ　ＡＬＦＡ,https://www.bubu-iss.com/,"5: 300億円以上~1,000億円未満",◆08/21(金)、定時00:00、09:30 再コール,確認不可,△ 自社採用HPではグループ年商461億円を確認できるが2022年12月時点で鮮度条件外。直近3期のMID ALFA単体売上高を承認ソースで確認できず。https://recruit.bubu-iss.com/about/profile/
001Nn00000eVjcv,8430001022570,日本アクセス北海道株式会社,http://www.nippon-access-h.co.jp/,"5: 300億円以上~1,000億円未満",,"1,051.37億円（2026年3月期・単体）","○ 自社HP会社概要。2026年3月期売上高1,051億37百万円。新収益認識会計基準適用後の数値。https://www.nippon-access-h.co.jp/pages/39/"
001Nn00000eVjdC,3010401021665,株式会社日立ハイテクネクサス,http://www.hitachi-hightech.com/hmt,"5: 300億円以上~1,000億円未満",X,【300億未満】195.15億円（2026年3月期・単体）,× 子会社。自社決算公告の最新基準で売上高（純額）195.15億円。売上高総額517.35億円との乖離あり。300億未満のため対象外。https://www.hitachi-hightech.com/file/hnx/pdf/about/finance/54.pdf
001Nn00000eVjeL,4120001077427,株式会社佐渡島,http://www.sadoshima.com/,"5: 300億円以上~1,000億円未満",,確認不可,△ 自社HP・gBizINFO・決算公告を確認したが、直近3期の売上高を承認ソースで直接確認できず。民間の決算公告集約値は不採用。http://www.sadoshima.com/
001Nn00000eVjeX,6120001056478,ダイヤモンド電機株式会社,http://www.diaelec.co.jp,"5: 300億円以上~1,000億円未満",,確認不可,△ 子会社。自社/親会社公式・gBizINFOを確認。親会社の地域/グループ売上は複数法人を含み単体判定に不採用。旧年度の子会社単体値は鮮度条件外。https://www.diaelec-hd.co.jp/about/company/
001Nn00000eVjez,4020001061696,株式会社日本アクア,https://www.n-aqua.jp,"5: 300億円以上~1,000億円未満",,336.71億円（2025年12月期・単体）,"○ gBizINFO（EDINET有価証券報告書）。2025年12月期売上高33,670,846千円。https://info.gbiz.go.jp/hojin/ichiran?hojinBango=4020001061696"
001Nn00000eVjf0,3120001093045,日本圧着端子製造株式会社,http://www.jst-mfg.com/index_j.php,"5: 300億円以上~1,000億円未満",,確認不可,△ 自社HP企業データ・gBizINFOを確認したが、承認ソース上で直近3期の売上高数値を直接検証できず。求人・就活媒体の数値は不採用。https://www.jst-mfg.com/profile/
001Nn00000eVjf1,7100001011005,シナノケンシ株式会社,http://www.shinanokenshi.com/japanese,"5: 300億円以上~1,000億円未満",,470億円（2026年2月・連結）,○ 自社HPグループ概要。2026年2月の年間売上高は単独435億円・連結470億円。親会社対象のため連結採用。https://jp.aspina-group.com/ja/about-us/fact-sheet/
001Nn00000eVjf2,3120901010347,アルインコ株式会社,http://www.alinco.co.jp,"5: 300億円以上~1,000億円未満",,616.01億円（2025年3月期・連結）,"○ 自社IR決算説明資料。2025年3月期連結売上高61,601百万円。https://files.alinco.co.jp/files/user/corporate/ir/docs/financial_session/2025/2025%E5%B9%B43%E6%9C%88%E6%9C%9F%E6%B1%BA%E7%AE%97%E8%AA%AC%E6%98%8E%E4%BC%9A%E8%B3%87%E6%96%99.pdf"
001Nn00000eVjl3,4420001013483,丸大堀内株式会社,http://www.marudai-g.co.jp/,"5: 300億円以上~1,000億円未満",★08/17(月)出社、定時17:15、🔵🌑💎🔥🌐👤情シス/DX✖TOKIUM支払済,897億円（2025年3月期・単体）,○ 自社HP会社概要。2025年3月期年商897億円（収益認識基準適用）。https://www.marudai-g.co.jp/company/profile/
001Nn00000eVjlC,2180001055478,株式会社日本オプティカル,http://www.nopt.co.jp/,"5: 300億円以上~1,000億円未満",,確認不可,△ 自社HP会社情報・gBizINFO・決算公告を確認したが、承認ソースで直近売上高を確認できず。求人媒体の2025年12月期159億円はルール上不採用。https://www.nopt.co.jp/company/
001Nn00000eVjlH,9240001001527,株式会社エバルス,http://www.everlth.co.jp/,"6: 1,000億円以上",,"1,731億円（2026年3月期・単体）","○ 自社HP会社概要。令和7年4月～令和8年3月の年商1,731億円。https://everlth.co.jp/co_outline/"
001Nn00000eVjlK,7430001056297,株式会社ナガワ,https://group.nagawa.co.jp/company/outline.html,"5: 300億円以上~1,000億円未満",,353.85億円（2026年3月期・単体）,"○ 自社IR決算短信。2026年3月期売上高35,385百万円。https://group.nagawa.co.jp/news/auto_20260513531169/pdfFile.pdf"
001Nn00000eVjlQ,7120001065932,積水化成品工業株式会社,https://www.sekisuikasei.com/jp/,"5: 300億円以上~1,000億円未満",,"1,139.35億円（2026年3月期・連結）","○ 自社HP会社概要。2026年3月期連結売上高113,935百万円。親会社対象のため連結採用。https://www.sekisuikasei.com/jp/company/outline/profile/"
001Nn00000eVjld,9020001018196,土井鋼材株式会社,http://www.doi-kozai.co.jp/,"5: 300億円以上~1,000億円未満",,【300億未満】284億円（2026年5月・単体）,× 自社HP会社概要。2026年5月時点の年商284億円。300億未満のため対象外。https://www.doi-kozai.co.jp/about/
001Nn00000eVjlk,2040001046615,岩渕薬品株式会社,http://www.iwabuchi-net.co.jp/,"5: 300億円以上~1,000億円未満",,695.13億円（2026年3月期・単体）,"○ 自社HP会社概要。2026年3月期実績年商695億1,300万円。https://www.iwabuchi-net.co.jp/company-outline/outline"
001Nn00000eVjlv,3120001036714,ＪＦＥ商事鉄鋼建材株式会社,http://www.jfe-shoji-kenzai.co.jp/,"6: 1,000億円以上",🔵MC:人事部 03-5203-6081 ｜🎯360:人事部／人材育成チーム 03-5203-6081（旧直通:03-5203-6081）,"2,395億円（2026年3月期・単体）","○ 自社HP会社概要。2026年3月期年間売上高2,395億円。JFE商事子会社だが対象法人単体で300億以上。https://www.jfe-shoji-kenzai.co.jp/about.html"
001Nn00000eVjm0,3120001049039,山文商事株式会社,https://www.yamabun-g.com/,"5: 300億円以上~1,000億円未満",,742億円（2025年9月期・単体）,"○ 自社HP会社概要。令和7年9月期売上高742億円（連結合計1,001億円と別掲）。https://www.yamabun-g.com/company/outline/"
001Nn00000eVjoT,8030001004460,株式会社スズキ自販関東,https://www.suzuki.co.jp/dealer/W0058558.sj-kanto/,"5: 300億円以上~1,000億円未満",,【300億未満】141.75億円（2026年3月期・単体）,"× 自社HP企業概要。2026年3月実績売上高141億7,500万円。300億未満のため対象外。https://www.suzuki.co.jp/dealer/sj-kanto/corporate/"
001Nn00000eVjqP,9010001037338,伊藤忠紙パルプ株式会社,https://www.itcpp.co.jp/,"5: 300億円以上~1,000億円未満",,"1,187億円（2026年3月期・単体）","○ 自社HP会社概要。2026年3月期単体年商1,187億円。https://www.itcpp.co.jp/profile/profile.html"
001Nn00000eVjrU,3200001014926,未来工業株式会社,http://www.mirai.co.jp/index.html,"5: 300億円以上~1,000億円未満",X,456.73億円（2026年3月期・連結）,○ 自社HP会社概要・決算短信。2026年3月期連結売上高456億73百万円。https://www.mirai.co.jp/company/index.html
001Nn00000eVjrW,7180001034964,岡谷鋼機株式会社,http://www.okaya.co.jp/network/japan/affiliates_list/index.html,"6: 1,000億円以上",,"11,557.74億円（2026年2月期・連結）","○ 自社IR連結損益計算書。2026年2月期連結売上高1,155,774百万円。親会社対象のため連結採用。https://www.okaya.co.jp/ir/financial/pl/index.html"
001Nn00000eVjrX,2010401057479,レノボ・ジャパン合同会社,https://www3.lenovo.com/jp/ja,"5: 300億円以上~1,000億円未満",,対象外（合同会社）,× 法人格。直アポ大は株式会社のみ。レノボ・ジャパン合同会社のため対象外。
001Nn00000eVjrZ,2120001056993,テス・エンジニアリング株式会社,https://www.tess-eng.co.jp/company/profile.html,"5: 300億円以上~1,000億円未満",イワマシリュウ_2026/08/10,【300億未満】266億円（2025年6月期・単体）,× 自社HP会社概要。2025年6月期売上高266億円。300億未満のため対象外。https://www.tess-eng.co.jp/company/profile
001Nn00000eVjrg,6011001029526,ＧＭＯインターネットグループ株式会社,http://www.gmo.jp/,"5: 300億円以上~1,000億円未満",,"2,774億円（2024年度・連結）","○ 自社HP企業情報。2024年度連結売上高2,774億円。親会社対象のため連結採用。https://www.gmo.jp/company-profile/"
001Nn00000eVjsa,8430001001830,伊藤組土建株式会社,https://www.itogumi.co.jp/company/group.html,"5: 300億円以上~1,000億円未満",,確認不可,△ 自社HP・GHG年次報告・gBizINFO・決算公告を確認。自社資料は売上高を指標化しているが金額を直接掲載せず、直近金額は未承認ソースのみのため不採用。https://www.itogumi.co.jp/csr/sbt-annual_report.html
001Nn00000eVjsd,9010401089631,ラクスル株式会社,https://corp.raksul.com/,"5: 300億円以上~1,000億円未満",,518.21億円（2025年7月期・単体）,"○ 有価証券報告書。2025年7月期単体売上高51,821百万円。MBO後の親子関係を考慮し単体値を採用。https://corp.raksul.com/ir/library/securities/"
001Nn00000eVjsf,7120001106637,株式会社森本組,http://www.morimotogumi.co.jp,"5: 300億円以上~1,000億円未満",,317.40億円（2026年3月期・単体）,"○ 親会社大豊建設の決算短信。森本組の2026年3月期売上高31,740百万円。子会社単体値として採用。https://www.daiho.co.jp/wp/wp-content/uploads/2026/05/20260513-tanshin.pdf"
001Nn00000eVjsk,5120001054400,オー・ジー株式会社,http://www.ogcorp.co.jp/,"6: 1,000億円以上",🔵MC:管理本部／人事部　06-6395-5010 ｜既存:東京支店／経営戦略本部／グループ戦略企画部：03-3665-8504 ｜担当:福嶋啓輔 ｜イワマシリュウ_2026/08/10,"1,228.59億円（2026年3月期・単体）","○ 自社公式会社概要資料。2026年3月期単体売上高122,859百万円（連結234,485百万円と別掲）。https://www.ogcorp.co.jp/common/image/corporate_profile.pdf"
001Nn00000eVjsn,4290001003374,正晃株式会社,http://www.seikonet.co.jp/,"5: 300億円以上~1,000億円未満",,715億円（2025年6月期・単体）,○ 自社HP会社概要。2025年6月期売上高715億円。https://www.seikonet.co.jp/company/about/
001Nn00000eVjsp,1011001042970,伊藤忠プラスチックス株式会社,http://www.itc-ps.co.jp/,"6: 1,000億円以上",,"2,381億円（2026年3月期・単体）","○ 自社HP企業データ。2026年3月期単体売上高2,381億円。伊藤忠商事100%子会社だが単体300億以上。https://www.itc-ps.co.jp/company/data/"
001Nn00000eVjsq,4010001046343,協同乳業株式会社,http://www.meito.co.jp,"5: 300億円以上~1,000億円未満",,793億円（2026年3月期・連結）,○ 自社HP会社概要。2026年3月期連結売上高793億円。グループ親会社のため連結採用。https://www.meito.co.jp/about/company.html
001Nn00000eVjsr,3180001022007,株式会社昭和,http://www.show-wa.co.jp/,"6: 1,000億円以上",,確認不可,△ 法人番号3180001022007で照合。自社HP・gBizINFO・決算情報を確認したが承認ソースで直近売上高を確認できず。求人媒体の数値は不採用。https://info.gbiz.go.jp/hojin/ichiran?hojinBango=3180001022007
001Nn00000eVjsv,7011301006802,丸美屋食品工業株式会社,http://www.marumiya.co.jp/,"5: 300億円以上~1,000億円未満",🔵MC:総務部／人事課 03-3332-8181,695億円（2025年度・単体）,○ 自社HP会社概要。2025年度年間売上高695億円。https://www.marumiya.co.jp/info/company.html
001Nn00000eVjsx,3500001002165,株式会社タカラレーベン,http://leben-w.co.jp,"5: 300億円以上~1,000億円未満",,"1,136.79億円（2025年3月期・単体）","○ 自社決算公告。2025年3月期外部顧客への売上高113,679百万円。HD子会社のため単体値を採用。https://test.leben.co.jp/pdf/profile/kessann_2025.pdf"
001Nn00000eVjt8,1010401089977,日本エア・リキード合同会社,https://industry.airliquide.jp/alj-profile#aa2aa8fd50,"5: 300億円以上~1,000億円未満",,対象外（合同会社）,× 法人格。直アポ大は株式会社のみ。日本エア・リキード合同会社のため対象外。https://info.gbiz.go.jp/hojin/ichiran?hojinBango=1010401089977
001Nn00000eVjtA,9180001037718,株式会社高木製作所,https://takagi-mfg.co.jp/,"5: 300億円以上~1,000億円未満",,"1,096億円（2025年・連結）","○ 自社HP会社概要。2025年売上高は単体463億円、連結1,096億円。親会社対象のため連結採用。https://takagi-mfg.co.jp/company"
001Nn00000eVjtB,6011101027693,株式会社ボルテックス,https://www.vortex-net.com/,"5: 300億円以上~1,000億円未満",,"1,057.49億円（2026年3月期・グループ）","○ 自社HP財務情報。2026年3月期グループ売上高1,057億49百万円。https://www.vortex-net.com/finance/"
001Nn00000eVjtD,6180001006700,株式会社ダイセキ,https://www.daiseki.co.jp/profile/profile.html,"5: 300億円以上~1,000億円未満",,718.45億円（2026年2月期・連結）,"○ 自社HP会社概要。2026年2月期売上高は連結71,845百万円・個別40,402百万円。親会社対象のため連結採用。https://www.daiseki.co.jp/profile/profile.html"
001Nn00000eVjtG,8011101004344,株式会社ガイアート,http://www.gaeart.com,"5: 300億円以上~1,000億円未満",★09/07(月)、🔵🌑🌅💎🐧,565.93億円（2026年3月期・単体）,○ 自社HP会社概要。2026年3月期売上高565億93百万円。https://www.gaeart.com/company/outline/index.html
001Nn00000eVjtN,9180001081550,株式会社青山製作所,http://www.asj-fasteners.co.jp,"5: 300億円以上~1,000億円未満",,"2,139億円（2025年・単体）","○ 自社HP会社概要。2025年売上高2,139億円。https://www.asj-fasteners.co.jp/company/outline/"
001Nn00000eVjtb,7010001031433,郵船トラベル株式会社,https://www.ytk.co.jp/,"5: 300億円以上~1,000億円未満",🌳★V06/11(木)、定時00:00、✳✡,確認不可,△ 子会社。自社HP・親会社日本郵船の最新有報・gBizINFOを確認したが、郵船トラベル単体の直近3期売上高を承認ソースで確認できず。https://info.gbiz.go.jp/hojin/edinetDownload?docId=S100YBT6
001Nn00000eVjtv,3011801021222,株式会社エネライフ,https://www.tgenergy.co.jp/,"5: 300億円以上~1,000億円未満",,確認不可,△ 子会社。自社/親会社岩谷産業・gBizINFOの直近決算公告を確認したが売上高非開示。公式で確認できる216億円は2021年3月期で鮮度条件外。https://www.iwatani.co.jp/jpn/news/files/2022/20220602_news.pdf
001Nn00000eVjty,1180001008775,中京テレビ放送株式会社,http://www.ctv.co.jp/,"5: 300億円以上~1,000億円未満",,361.90億円（2026年3月期・単体）,"○ 自社公式決算発表資料。2026年3月期売上高36,190百万円。https://www.ctv.co.jp/company/sys-assets/pdf/press/t40bjs9rephbc6lre65w4r3cse8c5e.pdf"
001Nn00000eVju5,8120001149503,京阪ホールディングス株式会社,https://www.keihan-holdings.co.jp/,"6: 1,000億円以上",,"3,324.71億円（2026年3月期・連結・営業収益）","○ 自社決算短信。2026年3月期連結営業収益332,471百万円。鉄道・不動産等を営むHDのトップラインとして採用。https://www.keihan.co.jp/corporate/info/release/assets/260512_keihan-holdings1.pdf"
001Nn00000eVju9,4040001014132,イオンアイビス株式会社,http://www.aeonibs.co.jp/,"5: 300億円以上~1,000億円未満",,確認不可,△ 子会社。自社HP・親会社イオン公式・gBizINFOを確認したが直近売上高を承認ソースで確認できず。2024/12にIT事業を分割移管済み。官報転載サイトの44.6億円は未承認のため不採用。https://info.gbiz.go.jp/hojin/ichiran?hojinBango=4040001014132
001Nn00000eVjuM,5010001139914,正栄食品工業株式会社,http://www.shoeifoods.co.jp,"5: 300億円以上~1,000億円未満",,"1,248.97億円（2025年10月期・連結）","○ JPX決算短信。2025年10月期連結売上高124,897百万円。https://www2.jpx.co.jp/disc/80790/140120251211518336.pdf"
001Nn00000eVjuS,1180301006033,夢コーポレーション株式会社,http://www.yume-corp.co.jp,"5: 300億円以上~1,000億円未満",☆V 07/13〈月〉、定時00:00、🔵🌑✳✡🌅/パンチラ,確認不可,△ 子会社。自社HP会社概要・2024〜2026年3月期の自社決算報告書を確認したが、公開資料は貸借対照表と注記中心で売上高金額の記載なし。https://www.yume-corp.co.jp/iri/
001Nn00000eVjue,8010001052899,トヨタ・コニック・プロ株式会社,https://toyotaconiq-pro.co.jp/,"5: 300億円以上~1,000億円未満",イワマシリュウ_2026/08/07,確認不可,△ 子会社。自社HP・グループ公式を確認したが直近3期のトヨタ・コニック・プロ単体売上高を承認ソースで確認できず。旧年度値は鮮度条件外。https://toyotaconiq-pro.co.jp/history/
001Nn00000eVjvK,9160001001023,株式会社滋賀トヨタ,https://shigatoyota.co.jp/corporate/,"5: 300億円以上~1,000億円未満",,450億円（2025年3月期・単体）,○ 自社HP会社概要。2025年3月売上高450億円。https://shigatoyota.co.jp/corporate/
001Nn00000eVjvY,4120001023117,株式会社近鉄リテーリング,http://www.kintetsu-rs.com/,"5: 300億円以上~1,000億円未満",,確認不可,△ 子会社。自社HP・親会社近鉄グループHD公開資料を確認したが、直近3期の近鉄リテーリング単体売上高を承認ソースで直接確認できず。求人媒体の391億円は不採用。https://www.kintetsu-g-hd.co.jp/csr/sdgs/
001Nn00000eVjvZ,6140001003305,ケンコーマヨネーズ株式会社,https://www.kenkomayo.co.jp/company/overview,"5: 300億円以上~1,000億円未満",ヤナギダタツヤ,923.54億円（2026年3月期・連結）,"○ 自社HP会社概要。2026年3月期連結売上高923億5,400万円。https://www.kenkomayo.co.jp/company/overview"
001Nn00000eVk0S,6010401046825,株式会社フリジポート,https://www.fr-port.co.jp/,"5: 300億円以上~1,000億円未満",,346億円（2026年3月期・単体）,○ 自社HP会社概要。2026年3月売上高346億円。森永乳業100%子会社だが単体300億以上。https://www.fr-port.co.jp/about/
001Nn00000eVk0Z,5010001071126,味の素冷凍食品株式会社,https://corporate.ffa.ajinomoto.com/,"5: 300億円以上~1,000億円未満",,875億円（2025年3月期・単体）,○ 親会社味の素の公式決算補足情報。FY24の味の素冷凍食品単体売上高875億円。https://www.ajinomoto.co.jp/company/jp/ir/event/presentation/main/011111110/teaserItems1/00/linkList/01/link/FY24Q4_Results_J.pdf
001Nn00000eVk2f,6260001003350,株式会社日光エンターテイメント,,"5: 300億円以上~1,000億円未満",,確認不可,△ 法人番号6260001003350で照合。gBizINFO・決算公告等を確認したが直近3期の承認ソースで売上高を確認できず。求人/口コミ媒体の400億円は不採用。https://info.gbiz.go.jp/hojin/ichiran?hojinBango=6260001003350
001Nn00000eVk36,2390001004249,株式会社アイランド,https://www.p-island.net/,"5: 300億円以上~1,000億円未満",,【300億未満】280億円（2023年・単体）,× 自社HP会社概要。現行ページ掲載の売上高280億円（2023年）。300億未満のため対象外。https://www.p-island.net/company/
001Nn00000eVk48,3080001004667,株式会社アプリイ,http://www.uply.net/,"5: 300億円以上~1,000億円未満",,確認不可,△ 子会社。親会社アンダーツリー公式でグループ実績は確認できるがアプリイ単体値ではない。単体252億円はマイナビ掲載のみのため不採用。https://undertree.co.jp/company/
001Nn00000eVk7a,2020001015134,神奈川スバル株式会社,http://www.kanagawa-subaru.com/,"5: 300億円以上~1,000億円未満",🌳★V06/18(木)、定時18:10、火水定休、✳✡🌅,確認不可,△ 子会社。SUBARU販売会社公式採用ページで売上高271億円（2020年度）は確認できるが鮮度条件外。直近3期の承認ソースを確認できず。https://dealer-recruit.subaru.co.jp/recruitinfo/kanagawa/sales_new.html
001Nn00000eVk7b,2180001083272,豊島株式会社,https://www.toyoshima.co.jp,"6: 1,000億円以上",⭐,"2,162.22億円（2025年6月期・単体）","○ 自社HP会社概要。2025年6月期売上高216,222百万円。https://www.toyoshima.co.jp/company/outline/"
001Nn00000eVk7e,4020001011949,株式会社ビック・ライズ,https://www.bicrise.com/company/profile.html,"5: 300億円以上~1,000億円未満",,688億円（2025年10月期・単体）,○ 自社HP会社概要。2025年10月期年商688億円。https://www.bicrise.com/company/profile.html
001Nn00000eVk7m,8040001026256,コベルコ建機日本株式会社,https://www.kobelco-kenki.co.jp/support/sales/chiba/,"5: 300億円以上~1,000億円未満",🔵MC:総務人事部 047-328-7111,"1,258億円（2023年度・単体）","○ 自社公式採用サイト会社概要。2023年度売上高1,258億円。コベルコ建機子会社だが単体300億以上。https://www.kobelco-kenki.co.jp/company/recruit/2026/about/about/index.html"
001Nn00000eVk7q,1010401033225,株式会社極洋,https://www.kyokuyo.co.jp/company/group,"6: 1,000億円以上",,"3,346.12億円（2026年3月期・連結）","○ 自社決算短信。2026年3月期連結売上高334,612百万円。https://www.kyokuyo.co.jp/files/20260501.pdf"
001Nn00000eVk8I,8120001109663,ＪＲ西日本ＳＣ開発株式会社,https://www.lucua.jp/index.html,"5: 300億円以上~1,000億円未満",,確認不可,△ 子会社。自社/親会社公式・公的情報を確認したが直近3期の単体売上高を承認ソースで確認できず。279.91億円は未承認の官報転載サイトのみのため不採用。https://jrwsc.co.jp/
001Nn00000eVk8J,2120001112920,西日本高速道路サービス・ホールディングス株式会社,http://www.w-holdings.co.jp/company,"6: 1,000億円以上",／,【300億未満】202.37億円（親会社現行開示・単体）,"× 子会社。親会社NEXCO西日本の現行グループ会社情報で売上高20,237百万円。300億未満のため対象外。https://corp.w-nexco.co.jp/corporate/group/pdfs/trial_balance.pdf"
001Nn00000eVk8S,9040001011934,イオングローバルＳＣＭ株式会社,https://www.aeon.info/company/group/function/0086.html,"6: 1,000億円以上",,確認不可,△ 子会社。自社HP・イオン公式・gBizINFOを確認。年間取引高は売上高ではなく、直近単体売上高を承認ソースで確認できず。https://aeonglobalscm.co.jp/overview/
001Nn00000eVk8b,1010401056795,ソフトバンクグループ株式会社,https://group.softbank/,"6: 1,000億円以上",,"77,986.50億円（2026年3月期・連結）","○ 自社公式開示。2026年3月期連結売上高7,798,650百万円。https://group.softbank/news/press/20260604"
001Nn00000eVk99,1010001037329,伊藤忠建材株式会社,http://www.ick.co.jp/,"6: 1,000億円以上",🔵MC:人事総務部 03-3661-3281 / 内藤政志 人事総務部長（旧直通:IT統括課：03-3661-3523） ｜ ★08/17(月)、定時17:15、⭐🌟🚨✳✡🔥👤情シス/DX,"1,979億円（2025年3月期・単体）","○ 伊藤忠グループ公式採用情報。2025年3月期単体売上高1,979億円。収益認識基準非適用なら3,515億円。https://www.itochugroup-recruit.jp/shinsotsu/company/kenzai/"
001Nn00000eVk9A,5290001009981,福岡ソフトバンクホークス株式会社,https://www.softbankhawks.co.jp/index.html,"5: 300億円以上~1,000億円未満",🔵MC:総務人事本部 092-847-1953 ｜🎯360:総務人事本部／人事部／人材開発課 092-847-1188（旧直通:092-847-1188） ｜ ／,確認不可,△ 子会社。自社HP・gBizINFO・親会社公開情報を確認したが直近単体売上高を承認ソースで確認できず。509.38億円は未承認の官報転載/二次サイトのみのため不採用。https://info.gbiz.go.jp/hojin/ichiran?hojinBango=5290001009981
001Nn00000eVk9F,6010001008696,西華産業株式会社,http://www.seika.com/index.html,"5: 300億円以上~1,000億円未満",🔵MC:総務・人事部 03-5221-7102 / 斎藤豪 執行役員総務・人事部長（福岡支店長）（旧直通:経営企画本部／企画部：03-5221-7117）,"1,084.8億円（2026年3月期・連結）","○ 自社IR。2026年3月期グループ売上高1,084.8億円。親会社対象のため連結採用。https://www.seika.com/ir/individual/"
001Nn00000eVk9J,5100001010074,株式会社Ｒ＆Ｃながの青果,https://rcns.jp/,"5: 300億円以上~1,000億円未満",,"1,100億円（自社HP現行値）","○ 自社HP採用ニュース。売上1,100億円と明記。https://rcns.jp/recruit/post-1229/"
001Nn00000eVk9X,8010001027298,ピジョン株式会社,http://www.pigeon.co.jp,"5: 300億円以上~1,000億円未満",／,"1,091.70億円（2025年12月期・連結）","○ 自社IR決算短信。2025年12月期連結売上高109,170百万円。https://www.pigeon.co.jp/ir/news/files/pdf/20260213tanshin.pdf"
001Nn00000eVk9b,8120001086639,株式会社プレサンスコーポレーション,https://www.pressance.co.jp/,"6: 1,000億円以上",,"1,807.45億円（2024年9月期・連結）","○ 自社IR決算短信。2024年9月期連結売上高180,745百万円。直近3期内。https://www.pressance.co.jp/ir/library/financial-results/"
001Nn00000eVk9q,2130001017499,株式会社ジェイ・エス・ビー,https://www.jsb.co.jp/company/outline/,"5: 300億円以上~1,000億円未満",,760億円（2025年10月期・連結）,○ 自社HP会社概要。2025年10月期連結売上高760億円。https://www.jsb.co.jp/company/outline/
001Nn00000eVk9u,1010401063016,エムスリー株式会社,https://corporate.m3.com/,"5: 300億円以上~1,000億円未満",,"3,513.63億円（2026年3月期・連結・売上収益）","○ 自社IR決算短信。2026年3月期連結売上収益351,363百万円。IFRS売上収益として採用。https://corporate.m3.com/assets.ctfassets.net/1pwj74siywcy/2xNQKIVs51jCzcNr10T3ZU/2b6fb515293021180e9afc396bbdfe59/20260501_FY25Q4_tanshin_J.pdf"
001Nn00000eVk9w,7130001017809,第一工業製薬株式会社,http://www.dks-web.co.jp/,"5: 300億円以上~1,000億円未満",,828.86億円（2026年3月期・連結）,"○ 自社IR有価証券報告書。2026年3月期連結売上高82,886百万円。https://www.dks-web.co.jp/ir/library/annual-report/"
001Nn00000eVk9x,6120001067789,株式会社東洋シート,https://toyoseat.jp/,"5: 300億円以上~1,000億円未満",260331 追客難リリース,368億円（2025年度・単体）,○ 自社HP会社概要。2025年度売上高368億円。https://toyoseat.jp/about/
001Nn00000eVk9z,2010001005697,株式会社ＭＭコーポレーション,https://www.mm-corp.co.jp,"5: 300億円以上~1,000億円未満",,655億円（2025年3月時点・単体）,○ 自社採用HP「数字で見るMM」。2025年3月時点の売上高655億円。https://www.mm-corp.co.jp/recruit/data.html
001Nn00000eVkA0,5010401159314,株式会社永谷園フーズ,https://www.nagatanien-foods.co.jp/,"5: 300億円以上~1,000億円未満",【属性】🧸🏠/【👤情シス/DX：デジタル推進部　伊藤,確認不可,△ 子会社。自社HP・親会社永谷園HD・gBizINFO・決算情報を確認したが、直近3期の永谷園フーズ単体売上高を承認ソースで確認できず。https://info.gbiz.go.jp/hojin/ichiran?hojinBango=5010401159314
001Nn00000eVkA8,7100001003530,株式会社守谷商会,https://www.moriya-s.co.jp/,"5: 300億円以上~1,000億円未満",,502.66億円（2025年3月期・連結）,"○ 自社IR業績予想修正資料の前期実績。2025年3月期連結売上高50,266百万円。https://www.moriya-s.co.jp/files/libs/1648/202510311501265015.pdf"
001Nn00000eVkAD,8180301006571,豊橋飼料株式会社,https://toyohashi-shiryo.co.jp/,"5: 300億円以上~1,000億円未満",,確認不可,△ 自社HP会社概要・決算公告・公的情報を確認したが、直近3期の承認ソースで売上高を確認できず。求人媒体の258.32億円は不採用。https://toyohashi-shiryo.co.jp/overview/
001Nn00000eVkAW,1120001055006,黒田電気株式会社,http://www.kuroda-electric.co.jp/,"6: 1,000億円以上",,673.29億円（2025年3月期・単体）,"○ 親会社有価証券報告書「主要な損益情報等」。黒田電気単体売上高67,329百万円。https://www.kuroda-group.com/hd/ir/library/securities/"
001Nn00000eVkG2,3180301007384,名豊観光株式会社,http://www.meihogp.co.jp/,"5: 300億円以上~1,000億円未満",,確認不可,△ 自社HP・公的情報・決算公告を確認したが、直近3期の承認ソースで名豊観光の売上高を確認できず。求人媒体の売上高は不採用。https://www.meihogp.co.jp/
001Nn00000eVkGT,4021001043305,株式会社ＺＡＰ,http://www.p-world.co.jp/kanagawa/zapkqkurihama.htm,"5: 300億円以上~1,000億円未満",,確認不可,△ 法人番号4021001043305で照合。gBizINFO・公的情報・決算情報を確認したが直近3期の承認ソースで売上高を確認できず。第三者店舗情報は不採用。https://info.gbiz.go.jp/hojin/ichiran?hojinBango=4021001043305
001Nn00000eVkLj,4011801016064,株式会社タカラトミーマーケティング,http://www.takaratomy-marketing.co.jp/index.html,"5: 300億円以上~1,000億円未満",,716億円（2026年3月期・単体）,○ 自社HP会社概要。2026年3月期年商716億円。タカラトミーグループ子会社だが単体300億以上。https://www.takaratomy-marketing.co.jp/company/
001Nn00000eVkOr,6010403007635,タペストリー・ジャパン合同会社,http://japan.coach.com/top/CSfTop.jsp,"5: 300億円以上~1,000億円未満",,対象外（合同会社）,× 法人格。直アポ大は株式会社のみ。タペストリー・ジャパン合同会社のため対象外。
001Nn00000eVkOv,4010001017427,株式会社産業経済新聞社,https://www.sankei.jp/,"5: 300億円以上~1,000億円未満",,734.15億円（2025年3月期・連結）,"○ 自社公式決算短信。2025年3月期連結売上高73,415百万円。https://www.sankei.jp/wp-content/uploads/2025/05/2025.5.27%E4%BB%A4%E5%92%8C7%E5%B9%B43%E6%9C%88%E6%9C%9F%E6%B1%BA%E7%AE%97%E7%9F%AD%E4%BF%A1.pdf"
001Nn00000eVkOx,8010001087499,株式会社Ｊ?ＰＯＷＥＲハイテック,http://www.jphytec.co.jp/index.html,"5: 300億円以上~1,000億円未満",,613.81億円（2026年3月期・単体）,"○ 自社HP会社概要。2026年3月末決算の売上高61,381百万円。J-POWER子会社だが単体300億以上。https://www.jphytec.co.jp/about/company/index.html"
001Nn00000eVkOz,7011101027932,日本テキサス・インスツルメンツ合同会社,http://www.tij.co.jp/,"6: 1,000億円以上",／,対象外（合同会社）,× 法人格。直アポ大は株式会社のみ。日本テキサス・インスツルメンツ合同会社のため対象外。
001Nn00000eVkP3,7013101000299,トヨタＳ＆Ｄ西東京株式会社,http://www.netztama.com/,"5: 300億円以上~1,000億円未満",🔵MC:人財採用サポートオフィス　042-848-6681,702億円（2024年3月期・単体）,○ 自社HP会社概要。令和6年3月期売上高702億円。直近3期内。https://www.toyota-sd-nishitokyo.co.jp/company/about/
001Nn00000eVkP9,4230001001499,ダイト株式会社,http://www.daitonet.co.jp/,"5: 300億円以上~1,000億円未満",,506.51億円（2026年5月期・連結）,"○ 自社HP会社概要。2026年5月期連結売上高506億5,080万円。https://www.daitonet.co.jp/company/outline/"
001Nn00000eVkPB,8010001217122,アイザワ証券株式会社,https://www.aizawa.co.jp/,"5: 300億円以上~1,000億円未満",,確認不可,△ 証券会社。自社2026年3月期決算公告は営業収益200.99億円のみで、判定基準の売上高ではないため不採用。https://www.aizawa.co.jp/documents/company/notice/financialresult_202603.pdf
001Nn00000eVkPC,3350001001744,宮崎くみあいチキンフーズ株式会社,http://www.ja-zcf.co.jp/miyazaki,"5: 300億円以上~1,000億円未満",,339億円（2024年度・単体）,○ 自社HP会社概要。2024年度年商339億円。全農チキンフーズ子会社だが単体300億以上。https://www.ja-zcf.co.jp/miyazaki/corp/profile.php
001Nn00000eVkPP,9080401005367,株式会社スクロール,http://www.scroll.jp,"5: 300億円以上~1,000億円未満",,885.48億円（2026年3月期・連結）,"○ 自社HP会社概要。2026年3月期連結売上高88,548百万円。親会社対象のため連結採用。https://www.scroll.jp/corporate/profile/"
001Nn00000eVkPQ,7010401022214,株式会社ＷＯＷＯＷ,http://www.wowow.co.jp/,"5: 300億円以上~1,000億円未満",,771.24億円（2026年3月期・連結）,○ 自社公式決算説明会レポート。2026年3月期連結売上高771億24百万円。https://corporate.wowow.co.jp/features/detail/7012.html
001Nn00000eVkPW,2500001009665,日泉化学株式会社,https://nissen-chem.jp/,"5: 300億円以上~1,000億円未満",🔵MC:人事部 0897-33-4171 ｜ 【属性】R/ 👤人事：人事部担当　執行役員　川上 武寛 親会社：一宮グループ（協同組合一宮グループ）,310億円（2026年1月末・単体）,○ 自社HP会社概要。2026年1月末現在の単独売上高310億円（連結554億円）。https://nissen-chem.jp/company/outline/
001Nn00000eVkPe,8010001055654,藤田金属株式会社,http://www.fujitametal.co.jp/outline.html,"5: 300億円以上~1,000億円未満",／,確認不可,△ 法人番号8010001055654で千葉県市川市の法人を照合。自社HP・gBizINFO・公的情報を確認したが直近3期の承認ソースで売上高を確認できず。https://info.gbiz.go.jp/hojin/ichiran?hojinBango=8010001055654
001Nn00000eVkPm,2120001068527,日昌株式会社,http://www.nissho-group.com/,"5: 300億円以上~1,000億円未満",7/16シモムラ ソウノスケ,315億円（2026年3月期・単体）,○ 自社HP会社概要。2026年3月期単体売上高315億円（連結601億円）。日東電工100%子会社だが単体300億以上。https://www.nissho-group.com/company/outline/
001Nn00000eVkPr,6110001005155,株式会社本間組,http://www.honmagumi.co.jp,"5: 300億円以上~1,000億円未満",,460億円（2025年度・単体）,○ 自社HP会社概要。2025年度売上高460億円。https://www.honmagumi.co.jp/company/outline/
001Nn00000eVkPu,9012401011590,株式会社ナガセ,https://www.toshin.com/nagase,"5: 300億円以上~1,000億円未満",,641.83億円（2026年3月期・連結）,"○ 自社HP会社概要。2026年3月期連結売上高64,183百万円。https://www.toshin.com/nagase/summary/"
001Nn00000eVkPw,5010701020092,株式会社バルカー,http://www.valqua.co.jp/company/domestic-network,"5: 300億円以上~1,000億円未満",,585億円（2026年3月期・連結）,○ 自社HP会社概要。2026年3月期年商は単体約403億円・グループ約585億円。親会社対象のため連結採用。https://www.valqua.co.jp/company/about/
001Nn00000eVkPz,5120001047593,丸一鋼管株式会社,http://www.maruichikokan.co.jp/products/index.html,"6: 1,000億円以上",,"2,437.60億円（2026年3月期・連結）","○ 自社HP会社概要。2026年3月期連結売上高2,437億6千万円。https://www.maruichikokan.co.jp/company/outline/"
001Nn00000eVkQ0,3120001098382,株式会社関電エネルギーソリューション,https://www.kenes.jp/company/profile.html,"5: 300億円以上~1,000億円未満",ALL現アナ,"1,402.44億円（2025年3月期・単体）","○ gBizINFO決算公告。2025年3月期単体売上高140,244百万円。https://info.gbiz.go.jp/hojin/financialstatement?kessanJohoId=54723928-fb21-42e5-87a5-edfadf944938"
001Nn00000eVkQ1,2290801019654,ＴＯＴＯアクアテクノ株式会社,http://tat.toto-group.jp/,"5: 300億円以上~1,000億円未満",クドウシュン,600億円（2025年3月期・単体）,○ 自社HP会社概要。2025年3月期売上高600億円。TOTO子会社だが単体300億以上。https://tat.jp.toto.com/information/outline
001Nn00000eVkQ2,3010001008708,東宝株式会社,http://www.toho.co.jp,"6: 1,000億円以上",,確認不可,"△ 自社IRの2026年2月期トップラインは営業収入3,606億円。判定基準の売上高ではないため不採用。https://www.toho.co.jp/company/ir/annual"
001Nn00000eVkQ5,4290001011410,アプライド株式会社,https://www.applied-g.jp/companyprofile/,"5: 300億円以上~1,000億円未満",,480.10億円（2026年3月期・連結）,"○ 自社IR決算短信。2026年3月期連結売上高48,010百万円。https://www.applied-g.jp/wp-content/uploads/2026/05/260514_1.pdf"
001Nn00000eVkQ6,1320001001947,株式会社トキハ,http://www.tokiwa-dept.co.jp/,"5: 300億円以上~1,000億円未満",タカモトアヤノ,確認不可,△ 自社HP・gBizINFO・決算情報を確認したが、直近3期の承認ソースで株式会社トキハの売上高を確認できず。官報転載/求人媒体の数値は不採用。https://info.gbiz.go.jp/hojin/ichiran?hojinBango=1320001001947
001Nn00000eVkQ7,2080401009985,ＴＨＫリズム株式会社,http://www.rhythm-mp.co.jp/,"5: 300億円以上~1,000億円未満",🔵MC:総務・人事Ｇ 053-462-2146,487億円（2025年度・単体）,○ 浜松市公式就職情報。法人番号同一で2026/6にリズム・オートモーティブ・ジャパンへ商号変更。2025年度売上高487億円。https://www.shigoto-hamamatsu.com/company/3014/
001Nn00000eVkQC,6430001040748,株式会社札幌丸井三越,http://www.marui-mitsukoshi.co.jp/index.html,"5: 300億円以上~1,000億円未満",,599.18億円（2026年3月期・単体）,"○ 親会社三越伊勢丹HDの株主総会招集通知。2026年3月期の札幌丸井三越売上高59,918百万円。https://www.imhds.co.jp/content/dam/imhds/corporate/pdf/2026_convocation.pdf"
001Nn00000eVkQH,7011101003826,株式会社オータ,http://www.ohta.co.jp/,"5: 300億円以上~1,000億円未満",,確認不可,△ 自社HP・gBizINFO・公的情報を確認したが、直近3期の株式会社オータ単体売上高を承認ソースで確認できず。https://info.gbiz.go.jp/hojin/ichiran?hojinBango=7011101003826
001Nn00000eVkQR,9120001077471,大丸興業株式会社,http://www.daimarukogyo.co.jp/,"5: 300億円以上~1,000億円未満",,448億円（2025年度・単体）,○ 自社HP会社概要。2025年度売上448億円。J.フロント リテイリング子会社だが単体300億以上。https://www.daimarukogyo.co.jp/company/outline/
001Nn00000eVkQb,9110001003791,株式会社新潟ケンベイ,http://www.kenbei.co.jp/index.html,"5: 300億円以上~1,000億円未満",イワタトモヤ,566.56億円（2026年3月期・単体）,"○ gBizINFO（EDINET有価証券報告書）。2026年3月期売上高56,656,231千円。https://info.gbiz.go.jp/hojin/ichiran?hojinBango=9110001003791"
001Nn00000eVkQo,9290001023293,エア・ウォーター・マテリアル株式会社,http://www.aw-mt.com/,"5: 300億円以上~1,000億円未満",,確認不可,△ エア・ウォーター子会社。自社HPは2024年度売上収益519億円を連結値として開示。子会社判定に必要な単体売上高を承認ソースで確認できず。https://www.aw-mt.com/company/outline/
001Nn00000eVkRA,8010001048162,全薬工業株式会社,http://www.zenyaku.co.jp/index.html,"5: 300億円以上~1,000億円未満",,確認不可,△ 全薬HD子会社。自社/グループ公式・gBizINFO・決算情報を確認したが、直近3期の全薬工業単体売上高を承認ソースで確認できず。https://info.gbiz.go.jp/hojin/ichiran?hojinBango=8010001048162
001Nn00000eVkRI,1180001037667,タイホウコーポレーション株式会社,http://www.taiho-group.co.jp/index.html,"5: 300億円以上~1,000億円未満",,確認不可,△ 自社グループ公式・gBizINFO・決算情報を確認したが、直近3期のタイホウコーポレーション売上高を承認ソースで確認できず。https://info.gbiz.go.jp/hojin/ichiran?hojinBango=1180001037667
001Nn00000eVkRJ,3120001079011,小泉成器株式会社,http://www.koizumiseiki.co.jp/corporate/profile.html,"5: 300億円以上~1,000億円未満",,677億円（2024年度・単体）,○ 自社HP会社案内。2024年度売上高677億円。https://www.seiki.koizumi.co.jp/corporate/profile.html
001Nn00000eVkRV,9290001013666,株式会社新出光,http://www.idex.co.jp/,"6: 1,000億円以上",⭐／,"2,862億円（2025年度・グループ）","○ 自社HP会社概要。2025年度は単体2,323億円、グループ2,862億円。親会社対象のためグループ値採用。https://www.idex.co.jp/company/outline/index.html"
001Nn00000eVkRY,4200001022606,株式会社平成観光,http://www.heiseikankou.com/,"6: 1,000億円以上",,確認不可,△ 自社HP会社概要・採用情報・公的情報を確認したが、直近3期の承認ソースで売上高を確認できず。求人/口コミ媒体の880億円は不採用。https://www.heiseikankou.com/about/outline.html
001Nn00000eVkRZ,5380001005402,佐藤株式会社,http://www.boki.co.jp/index.html,"6: 1,000億円以上",,"1,251億円（2024年12月期・単体）","○ 自社採用HP「数字で見るボーキ佐藤」。2024年12月期売上高約1,251億円。https://www.boki.co.jp/recruit_new/figure.html"
001Nn00000eVkRk,6030001008686,株式会社遊楽,http://www.garden-group.co.jp/,"6: 1,000億円以上",,"1,456億円（2025年度・単体）","○ 自社HP会社概要。2025年度売上高1,456億円。https://garden-group.co.jp/archives/column/%E4%BC%9A%E7%A4%BE%E6%A6%82%E8%A6%81"
001Nn00000eVkRo,5120001066081,株式会社千趣会,http://www.senshukai.co.jp/,"5: 300億円以上~1,000億円未満",オカモトアツキ　0530,420.71億円（2025年12月期・連結）,"○ JPX決算短信。2025年12月期連結売上高42,071百万円。https://www2.jpx.co.jp/disc/81650/140120260213561513.pdf"
001Nn00000eVkRt,8010001097003,第一三共ヘルスケア株式会社,https://www.daiichisankyo-hc.co.jp,"5: 300億円以上~1,000億円未満",サトウリョウト26/06/29,907億円（2026年3月期・単体）,○ 自社HP会社概要。2026年3月期売上高907億円。第一三共子会社だが単体300億以上。https://www.daiichisankyo-hc.co.jp/company/data/
001Nn00000eVkRx,9011201004664,株式会社ｄｉｎｏｓ,http://www.dinos-cecile.co.jp,"6: 1,000億円以上",🔵MC:人事戦略部／人事企画ユニット 03-5353-1200,431.51億円（2026年3月期・単体）,"○ 自社HP企業概要。2026年3月期売上高43,151百万円。フジ・メディアHD子会社だが単体300億以上。https://dinos-corp.co.jp/corporate/outline/"
001Nn00000eVkS8,1010001095203,株式会社セブン＆アイ・ホールディングス,https://www.7andi.com/,"6: 1,000億円以上",,"169,920.87億円（2026年2月期・グループ売上）","○ 自社HP会社概要。2026年2月期グループ売上16兆9,920億87百万円。持株会社のためグループ値採用。https://www.7andi.com/company/profile.html"
001Nn00000eVkSN,6180001038116,中部テレコミュニケーション株式会社,http://www.ctc.co.jp/,"5: 300億円以上~1,000億円未満",👤人事：ソリューション営業統括本部／キャリア営業部／営業サポートグループ 052-740-9224 ｜ 【属性】🧸/👤情シス/DX：情報システム部/非開示/宮野 孝汰　👤経理：経理部/非開示/長澤 豊,"1,091.75億円（2025年3月期・単体）","○ gBizINFO決算公告。2025年3月期売上高109,175百万円。KDDI子会社だが単体300億以上。https://info.gbiz.go.jp/hojin/financialstatement?kessanJohoId=59b418ba-b379-4123-987e-0d22df18230c"
001Nn00000eVkUr,4070001006705,群馬トヨタ自動車株式会社,https://www.gtoyota.co.jp/corporate,"5: 300億円以上~1,000億円未満",ハシモトワタル,603.54億円（2026年3月期・単体）,"○ 自社HP企業情報。2026年3月期売上高603億5,400万円。https://www.gtoyota.co.jp/corporate"
001Nn00000eVkaH,5240001014672,株式会社マリモ,https://www.marimo-ai.co.jp/company/outline,"5: 300億円以上~1,000億円未満",Ｘ,678.52億円（2025年7月期・単体）,"○ 自社IR第55期決算概況。2025年7月期単体売上高67,852百万円。https://www.marimo-ai.co.jp/company/financial"
001Nn00000eVkcP,2122001015871,ＦＵＮＡＩ　ＧＲＯＵＰ株式会社,https://www2.funai.co.jp/,"5: 300億円以上~1,000億円未満",【属性】🧸/👤経理：経理部/部長/加藤 淳/　👤経理：経理部/理事 経理部長/池上 圭一,確認不可,△ 旧船井電機。2025/1に破産手続開始が報道され、直近3期の承認ソースで売上高を確認できず。旧上場期の数値は鮮度条件外。https://www2.funai.co.jp/
001Nn00000eVkch,1010401084004,ＢＡＳＦジャパン株式会社,https://www.basf-japan.co.jp/,"6: 1,000億円以上",,"2,300億円（2025年・連結）","○ 自社HP会社概要。2025年主要経営指標（連結）売上高約2,300億円。https://www.basf.com/jp/ja/who-we-are/overview"
001Nn00000eVkcj,2120001039189,東洋紙業株式会社,http://www.toyo-s.co.jp/,"5: 300億円以上~1,000億円未満",,【300億未満】293.6億円（2026年3月期・単体）,× 自社HP会社概要。2026年3月末売上高293.6億円。300億未満のため対象外。https://www.toyo-s.co.jp/company/outline.html
001Nn00000eVkd0,5010001007914,サンメディックス株式会社,http://www.sunmedix.co.jp/index.php,"5: 300億円以上~1,000億円未満",,665.6億円（2026年3月期・単体）,○ 自社HP会社概要。2026年3月期売上高665.6億円。ヤマト科学グループ子会社だが対象法人単体で300億円以上。https://www.sunmedix.co.jp/company/summary.php
001Nn00000eVkdR,4120001026466,サミットスチール株式会社,http://www.summitsteel.co.jp/,"5: 300億円以上~1,000億円未満",,確認不可,△ 住友商事グループ子会社。自社HP会社概要・公的法人情報・親会社公開情報を確認したが、直近3期のサミットスチール単体売上高を承認ソースで確認できず。https://www.summitsteel.co.jp/company
001Nn00000eVkdT,9180001035333,株式会社川本第一製作所,http://www.kawamotodaiichi.co.jp/,"5: 300億円以上~1,000億円未満",,約400億円（現行会社概要）,○ 自社HP会社概要。年商約400億円。https://www.kawamotodaiichi.co.jp/profile.html
001Nn00000eVkdX,6011501003393,株式会社ＮａＩＴＯ,http://www.naito.net/,"5: 300億円以上~1,000億円未満",🔵MC:管理部／人事総務室 03-6802-8011,433.57億円（2026年2月期・単体）,"○ gBizINFO（EDINET有価証券報告書）。2026年2月期の提出会社売上高43,357百万円。https://info.gbiz.go.jp/hojin/ichiran?hojinBango=6011501003393"
001Nn00000eVkds,6180001041879,リンタツ株式会社,http://www.rintatsu.co.jp/company/affiliated.html,"5: 300億円以上~1,000億円未満",,"759億3,065万円（2025年度）","○ 自社HP「数字で見るリンタツ」。2025年度売上高759億3,065万円。https://www.rintatsu.co.jp/feature/"
001Nn00000eVke0,3010401095107,株式会社エムオーテック,https://ssl.motec-co.jp/,"5: 300億円以上~1,000億円未満",,310億円（2025年3月期・単体）,○ 自社採用HP会社概要。メタルワン100%子会社のため単体値を採用。2025年3月期売上高310億円。https://recruit.motec-co.jp/about/
001Nn00000eVkeE,1050001023399,東鉱商事株式会社,http://www.tokoshouji.com/,"5: 300億円以上~1,000億円未満",オガタユウ_2026/07/14,527億円（2025年度）,○ 厚生労働省ハローワーク求人情報。法人番号1050001023399、令和8年の年商527億円。https://www.hellowork.mhlw.go.jp/kensaku/GECA110020.do?action=dispDetailBtn&fullPart=1&iNFTeikyoRiyoDtiID=&jgshNo=ABEwJV2wP7A%2B%2FnFMhuVTFA%3D%3D&kjKbn=1&kjNo=0802004131161&ksNo=&newArrived=&screenId=GECA110020&tatZngy=
001Nn00000eVkei,3420001005754,北日本造船株式会社,http://www.kitanihonship.co.jp/,"5: 300億円以上~1,000億円未満",,"428億9,000万円（青森県企業ガイド2026）","○ 青森県公式「企業ガイドブック2026」。北日本造船の売上高428億9,000万円。https://www.pref.aomori.lg.jp/soshiki/kodomo/wakamono/files/03kigyoguidebook2026.pdf"
001Nn00000eVkfD,1120001064650,三陽物産株式会社,https://www.sanyo-brands.jp/,"6: 1,000億円以上",◆2026/11/06(金)、定時00:00、 再コール 情報システム部/非開示/山本 拓治,"1,889億円（2025年度）","○ 自社HP会社概要。2025年度売上高1,889億円。https://sanyo-brands.jp/about-us/"
001Nn00000eVkgw,9010001020608,全農エネルギー株式会社,https://zennoh-energy.co.jp/,"6: 1,000億円以上",,"3,291億600万円（2025年3月末実績）","○ 自社採用HP「数字で知る全農エネルギー」。2025年3月末実績の売上高約3,291億600万円。https://zennoh-energy.co.jp/recruit/zennoh-energy/numbers/"
001Nn00000eVkhC,6011801010503,株式会社トップ,http://www.top-tokyo.co.jp/index.html,"5: 300億円以上~1,000億円未満",★09/25(金)、定時16:15(昼休憩11:15～12:15)、🔵🌑🌅🌐🐧✖TOKIUM✖リンモチ：NGフラグ 👤情シス/DX,確認不可,△ 自社HP会社概要・gBizINFOを確認したが売上高非掲載。300億円超の数値は未承認の求人・企業情報媒体でのみ確認でき、承認ソースで直近3期の売上高を確認できず。https://www.top-tokyo.co.jp/corporate/about/
001Nn00000eVkhJ,4010001089128,ヤンセンファーマ株式会社,http://www.janssen.com/japan,"5: 300億円以上~1,000億円未満",イワマシリュウ_2026/08/10,確認不可,△ J&Jグループ子会社。自社公式・gBizINFO等を確認したが、直近3期のヤンセンファーマ単体売上高を承認ソースで確認できず。官報転載・求人/口コミ系媒体の数値は不採用。https://info.gbiz.go.jp/hojin/ichiran?hojinBango=4010001089128
001Nn00000eVkhK,6010001000001,エーザイ株式会社,https://www.eisai.co.jp/index.html,"6: 1,000億円以上",,"8,254億円（2025年度・連結売上収益）","○ JPX掲載の自社決算参考資料。2025年度連結売上収益8,254億円。IFRS売上収益として採用。https://www2.jpx.co.jp/disc/45230/140120260514534104.pdf"
001Nn00000eVkhi,8010001050044,Ｔ?ＬＩＦＥホールディングス株式会社,http://www.tabix.co.jp/,"5: 300億円以上~1,000億円未満",,確認不可,△ タイヘイ100%子会社。自社公式会社概要・公的法人情報を確認したが、直近3期のT-LIFEホールディングス単体売上高を承認ソースで確認できず。https://www.t-life.co.jp/corporate/outline/
001Nn00000eVkhu,8120001103303,アスト株式会社,http://www.ast-corp.jp/index.html,"5: 300億円以上~1,000億円未満",イワマシリュウ_2026/08/10,815億円（2025年3月期）,○ 自社採用HP「数字で見るアスト」。2025年3月決算売上高815億円（新会計基準）。https://www.ast-corp.jp/recruit/numeric/
001Nn00000eVkiO,6370001013314,セキスイハイム東北株式会社,https://www.heim-tohoku.co.jp/,"5: 300億円以上~1,000億円未満",,【300億未満】211億円（2026年3月期・単体）,× 300億未満。積水化学工業100%子会社のため単体値で判定。自社HP会社概要で2026年3月期グループ連結343億円に対し、セキスイハイム東北単体211億円。https://www.heim-tohoku.co.jp/group.html
001Nn00000eVkin,7210001000640,株式会社大西商事,http://www.usa.jp/index.php,"5: 300億円以上~1,000億円未満",,470億円（2025年5月実績）,"○ 福井県公式291JOBS。法人番号7210001000640、2025年5月実績売上高47,000百万円。https://291jobs.pref.fukui.lg.jp/shinsotsu/search/detail.php?ID=51"
001Nn00000eVkiq,5180001033068,名鉄都市開発株式会社,http://www.meitetsufudosan.co.jp,"5: 300億円以上~1,000億円未満",,837億57百万円（2025年3月期）,○ 親会社名古屋鉄道の公式グループ採用情報。名鉄都市開発の2025年3月期売上高837億57百万円。https://www.meitetsu.co.jp/profile/recruit/group/detail/1266920_8075.html
001Nn00000eVkjB,5010001030404,アストモスエネルギー株式会社,http://www.astomos.jp/corporate/relationship-list,"6: 1,000億円以上",◆08/26(水)、定時00:00、,"5,942億円（2025年度）","○ 自社採用HP会社概要。出光興産・三菱商事の子会社だが対象法人単体の2025年度売上高5,942億円。https://www.astomos.jp/recruit/company/"
001Nn00000eVkjC,3122001017660,株式会社飯田,https://www.iidagroup.co.jp/i_group/iida_g_kakusya.html,"5: 300億円以上~1,000億円未満",,"339億5,683万円（2025年2月期）","○ 自社HP「飯田グループ」会社概要。2025年2月期売上高339億5,683万円。https://www.iidagroup.co.jp/i_group/iida.html"
001Nn00000eVkjE,8010001007886,三井海洋開発株式会社,http://www.modec.com/jp/index.html,"6: 1,000億円以上",,"4,581百万USドル（2025年12月期・連結売上収益）","○ 自社IR財務ハイライト。2025年12月期の連結売上収益4,581百万USドル。IFRS売上収益として採用。https://www.modec.com/jp/ir/highlight/"
001Nn00000eVkjF,5430001050054,新日本海フェリー株式会社,https://www.snf.jp,"5: 300億円以上~1,000億円未満",,確認不可,△ 自社HP会社概要・公開情報を確認したが、直近3期の新日本海フェリー売上高を承認ソースで確認できず。https://www.snf.jp/company/outline/
001Nn00000eVkjK,3180001055295,株式会社イズミック,https://www.izmic.net/,"6: 1,000億円以上",,"1,656億250万円（2025年12月期）","○ 自社HP会社概要。2025年12月期売上高1,656億250万円。https://www.izmic.net/%E4%BC%9A%E7%A4%BE%E6%A6%82%E8%A6%81"
001Nn00000eVkjQ,7010401009491,ケミカルグラウト株式会社,http://www.chemicalgrout.co.jp/,"5: 300億円以上~1,000億円未満",,364億円（2026年3月期・単体）,○ 自社HP企業情報（英語版の業績表）。鹿島建設100%子会社のため単体値を採用。2026年3月期売上高364億円。https://www.chemicalgrout.co.jp/en/about/company
001Nn00000eVkjZ,5011001028165,株式会社オープンハウスグループ,https://openhouse-group.co.jp/company/outline.html,"5: 300億円以上~1,000億円未満",,"1兆3,364億68百万円（2025年9月期・連結）","○ 自社IR業績ハイライト。持株会社のため2025年9月期連結売上高1,336,468百万円を採用。https://openhouse-group.co.jp/ir/finance/finance_01.html"
001Nn00000eVkjd,1100001014640,株式会社エラン,https://www.kkelan.com,"5: 300億円以上~1,000億円未満",,"554億4,868万円（2025年12月期）","○ 自社HP会社概要。2025年12月末売上高554億4,868万円。https://www.kkelan.com/company/profile/"
001Nn00000eVkjg,9120001034407,ＳＰＫ株式会社,http://www.spk.co.jp,"5: 300億円以上~1,000億円未満",,752億46百万円（2026年3月期・連結）,"○ 自社決算短信。2026年3月期連結売上高75,246百万円。https://www.spk.co.jp/english/wp-content/uploads/sites/2/2026/05/Summary-of-Consolidated-Financial-Results-for-the-Fiscal-Year-Ended-March-2026.pdf"
001Nn00000eVkjj,2010001034944,丸藤シートパイル株式会社,http://www.mrfj.co.jp,"5: 300億円以上~1,000億円未満",🔵MC:総務人事部 03-3639-7641 / 遠藤正 総務人事部長,403億40百万円（2026年3月期・連結）,"○ 自社IR財務・業績情報。2026年3月期連結売上高40,340百万円。https://www.mrfj.co.jp/ir/financial/statements"
001Nn00000eVkjl,6140001082869,株式会社Ｉ?ｎｅ,https://i-ne.co.jp/,"5: 300億円以上~1,000億円未満",🔵MC:ＨＲ本部／コーポレートＨＲ部　06-6443-0881 ｜既存:代表番号　06-6443-0881 ｜担当:餅木暁之,489億75百万円（2025年12月期・連結）,"○ JPX掲載の2025年12月期決算短信。連結売上高48,975百万円。https://www2.jpx.co.jp/disc/49330/140120260514535631.pdf"
001Nn00000eVkju,4110001015271,東芝ホームテクノ株式会社,https://www.toshiba-tht.co.jp/company/gaiyo.htm,"5: 300億円以上~1,000億円未満",,確認不可,△ 東芝グループ子会社。自社HP会社概要・公的情報を確認したが直近3期の単体売上高を承認ソースで確認できず。求人・口コミ媒体の数値は不採用。https://www.toshiba-tht.co.jp/company/gaiyo/index.html
001Nn00000eVkk0,8010001060398,菱洋エレクトロ株式会社,http://www.ryoyo.co.jp/,"5: 300億円以上~1,000億円未満",シモムラソウノスケ　7/16,対象外（法人消滅）,× 法人格消滅。菱洋エレクトロ株式会社はリョーサン菱洋HDの完全子会社化後、グループ内再編で株式会社リョーサンを存続会社とする吸収合併により解散。法人番号8010001060398はGビズインフォで閉鎖確認。https://info.gbiz.go.jp/hojin/ichiran?hojinBango=8010001060398
001Nn00000eVkk1,4500001011652,四国ガス株式会社,http://www.shikoku-gas.co.jp,"5: 300億円以上~1,000億円未満",,588億31百万円（2026年3月期・連結）,"○ 自社公式2026年3月期決算。親会社のため連結売上高58,831百万円を採用（単体総売上高43,717百万円）。https://www.shikoku-gas.co.jp/company/press/248.html"
001Nn00000eVkk2,4130001022571,株式会社増田医科器械,http://www.masudaika.co.jp,"5: 300億円以上~1,000億円未満",,500.3億円（2025年6月時点）,○ 自社HP会社概要。売上高500.3億円（2025年6月時点）。https://www.masudaika.co.jp/aboutus/
001Nn00000eVkk9,8011501003045,東京インキ株式会社,http://www.tokyoink.co.jp/about/network,"5: 300億円以上~1,000億円未満",,499億26百万円（2026年3月期・連結）,"○ JPX掲載の2026年3月期決算短信。連結売上高49,926百万円。https://www2.jpx.co.jp/disc/46350/140120260507517535.pdf"
001Nn00000eVkkA,6010001034866,東映株式会社,http://www.toei.co.jp/,"5: 300億円以上~1,000億円未満",,"1,853億33百万円（2026年3月期・連結）","○ JPX掲載の2026年3月期決算短信。親会社のため連結売上高185,333百万円を採用。https://www2.jpx.co.jp/disc/96050/140120260514535436.pdf"
001Nn00000eVkkB,7010501028268,株式会社イチケン,https://www.ichiken.co.jp,"5: 300億円以上~1,000億円未満",,"1,061億円（2026年3月期）","○ 自社IR「個人投資家の皆様へ」。2026年3月期売上高1,061億円。https://www.ichiken.co.jp/ir/investor/"
001Nn00000eVkkC,4010001008665,片倉コープアグリ株式会社,http://www.katakuraco-op.com,"5: 300億円以上~1,000億円未満",,426億51百万円（2026年3月期・連結）,"○ 自社IR財務ハイライト。2026年3月期売上高42,651百万円。https://www.katakuraco-op.com/ir/finance/"
001Nn00000eVkkE,5010001034850,東邦化学工業株式会社,http://www.toho-chem.co.jp/index.php,"5: 300億円以上~1,000億円未満",🔵MC:総務本部／人事部 03-5550-3736（旧直通:経営企画本部：03-5550-3734） ｜ 🌳★08/12(水)、定時00:00、🚨✳✡💎🔥,536億25百万円（2026年3月期・連結）,"○ JPX掲載の2026年3月期決算短信。連結売上高53,625百万円。https://www2.jpx.co.jp/disc/44090/140120260512525659.pdf"
001Nn00000eVkkF,5080001003502,東海澱粉株式会社,http://www.tdc-net.co.jp,"6: 1,000億円以上",,"1,866億円（2025年6月期・単独）","○ 自社HP会社概要。2025年6月期売上高1,866億円。https://www.tdc-net.co.jp/company/"
001Nn00000eVkkK,9120001035470,株式会社大近,https://www.pantry-lucky.jp/,"5: 300億円以上~1,000億円未満",,【300億未満】235億円（2026年2月期）,× 300億未満。自社HP会社概要。令和8年2月末決算の売上高235億円。https://www.pantry-lucky.jp/company/date.html
001Nn00000eVkkM,7020001066940,１ＦＩＮＩＴＹワークス株式会社,http://www.fujitsu.com/jp/group/ftn,"5: 300億円以上~1,000億円未満",／,確認不可,△ 富士通グループ子会社。自社HP会社概要・第11期（2026年3月期）決算公告を確認したが、公開公告は貸借対照表のみで直近3期の単体売上高を確認できず。https://www.1finity.co.jp/subsidiaries/1fw/about/ir
001Nn00000eVkkP,2120001049007,株式会社立花エレテック,http://www.tachibana.co.jp,"6: 1,000億円以上",,"2,275.11億円（2026年3月期・連結）","○ 自社HP「数字で見る立花エレテック」。2026年3月期連結売上高2,275.11億円。https://www.tachibana.co.jp/number/"
001Nn00000eVkkR,2011101038876,株式会社ベストライフ,https://bestlife.jp/company/profile.html,"5: 300億円以上~1,000億円未満",,確認不可,△ 自社HP会社情報・gBizINFOを確認したが、直近3期の株式会社ベストライフ単体/グループ売上高を承認ソースで確認できず。求人・口コミ系媒体の数値は不採用。https://bestlife.jp/company/
001Nn00000eVkkk,6180001048098,豊通マテリアル株式会社,http://www.toyotsumaterial.co.jp/index.html,"6: 1,000億円以上",,"2,900億円（2024年度・単体）","○ 自社HP会社情報。豊田通商100%子会社だが対象法人の2024年度売上高2,900億円を直接開示。https://www.toyotsumaterial.co.jp/company/"
001Nn00000eVkkw,9080001015147,福一漁業株式会社,https://fukuichi-world.jp/about/outline/,"5: 300億円以上~1,000億円未満",,387億円（現行・グループ）,○ 自社HP会社概要。福一漁業がグループ会社群を束ねる会社として年商387億円（グループ）を公表。https://fukuichi-world.jp/about/outline/
001Nn00000eVklN,8020001037321,日産トレーデイング株式会社,http://www.nitco.co.jp,"6: 1,000億円以上",🔵MC:経営管理本部／人事グループ／就業給与チーム 050-3360-2021 ｜🎯360:経営管理本部／経営管理本部人事グループ／人財開発チーム 050-3360-2021,確認不可,"△ 日産自動車グループ子会社。自社HPは2025年度連結売上7,139億円のみを開示しており、子会社判定に必要な日産トレーデイング単体売上高を承認ソースで確認できず。https://nitco.co.jp/corporate/numbers.html"
001Nn00000eVklV,7120001077804,北恵株式会社,https://www.kitakei.jp/ja/company/outline.html,"5: 300億円以上~1,000億円未満",,589.77億円（2025年11月期・単体）,"○ 自社IR財務ハイライト。2025年11月期売上高58,977百万円。非連結決算のため単体値。https://www.kitakei.jp/ja/ir/finance/highlight.html"
001Nn00000eVklg,3120001039386,南海辰村建設株式会社,http://www.nantatsu.co.jp,"5: 300億円以上~1,000億円未満",／,440.91億円（2026年3月期・単体）,"○ gBizINFO（EDINET有価証券報告書）。2026年3月期提出会社売上高44,091百万円。https://info.gbiz.go.jp/hojin/ichiran?hojinBango=3120001039386"
001Nn00000eVklh,6120001049291,オーウエル株式会社,http://www.owell.co.jp/profile/group.html,"5: 300億円以上~1,000億円未満",⭐,682.68億円（2026年3月期・連結）,○ 自社HP会社概要。2026年3月期連結売上高682億68百万円。https://www.owell.co.jp/aboutus/overview/
001Nn00000eVkll,5220001000575,株式会社アイ・オー・データ機器,http://www.iodata.jp,"5: 300億円以上~1,000億円未満",,458.20億円（2025年6月期・単体）,"○ 自社HP会社概要。2025年6月期年商45,820百万円（単体ベース）。https://www.iodata.jp/company/guidance/outline/"
001Nn00000eVkp7,6010701027558,株式会社メルカリ,https://about.mercari.com/,"6: 1,000億円以上",,"1,926.33億円（2025年6月期・連結売上収益）","○ 2025年6月期決算短信。IFRS連結売上収益192,633百万円。https://www.daiwair.co.jp/td_download.cgi?c=4385&i=3047956"
001Nn00000eVkp9,3380001003060,福島キヤノン株式会社,http://www.fukushima-canon.co.jp/,"5: 300億円以上~1,000億円未満",,520億円（2025年12月期・単体）,"○ 福島県公式「感働！ふくしま」企業情報。福島キヤノン2025年12月売上高52,000百万円。https://kando-fukushima.jp/companies/1231/"
001Nn00000eVkpG,7010401020201,東亜道路工業株式会社,http://www.toadoro.co.jp/index.html,"5: 300億円以上~1,000億円未満",,"1,213.27億円（2026年3月期・連結）","○ JPX掲載の自社2026年3月期決算説明資料。連結売上高1,213億27百万円。https://www2.jpx.co.jp/disc/18820/140120260526548118.pdf"
001Nn00000eVkpJ,5430001021815,北海道瓦斯株式会社,http://www.hokkaido-gas.co.jp/,"6: 1,000億円以上",,"1,745.19億円（2026年3月期・連結）","○ 自社HP会社概要・決算短信。2026年3月期連結売上高1,745億19百万円。https://www.hokkaido-gas.co.jp/ir/company/gaiyou"
001Nn00000eVkpL,6010001217090,株式会社日本Ｍ＆Ａセンター,https://recruit.nihon-ma.co.jp/,"5: 300億円以上~1,000億円未満",,434.21億円（2025年3月期・単体）,"○ 自社公式第4期決算公告。日本M&Aセンター単体の2025年3月期売上高43,420,686千円。https://www.nihon-ma.co.jp/groups/ir/pdf/20250703_announcement_financialResults_nmac.pdf"
001Nn00000eVkpN,6180001076017,セラミックセンサ株式会社,http://www.ceramicsensor.co.jp/,"5: 300億円以上~1,000億円未満",,722億円（2025年度・単体）,○ 自社HP会社概要。日本特殊陶業子会社だが対象法人の令和7年度売上高722億円。https://www.ceramicsensor.co.jp/philos/outline
001Nn00000eVkpQ,2410001002316,株式会社北都銀行,https://www.hokutobank.co.jp/index.htm,"5: 300億円以上~1,000億円未満",,【300億未満】225.41億円（2026年3月期・単体経常収益）,"× 300億未満。銀行特例で経常収益を採用。親会社フィデアHDの2026年3月期決算短信で北都銀行単体経常収益22,541百万円。https://www.fidea.co.jp/pdf/202603.pdf"
001Nn00000eVkpS,3240001032734,ＪＦＥウエストテクノロジー株式会社,https://www.jfe-fst.co.jp/company/gaiyo.html,"5: 300億円以上~1,000億円未満",20260807,確認不可,△ JFEスチール子会社。JFEスチール公式の会社紹介で確認できる売上高65億円は2020年度で鮮度条件外。自社HP・親会社公開情報を確認したが直近3期の単体売上高を承認ソースで確認できず。https://www.jfe-steel.co.jp/works/related_companies/west-Japan/jfe-fst.html
001Nn00000eVkq3,3011401003348,株式会社鈴木商館,https://www.suzukishokan.co.jp/kanren/index.html,"5: 300億円以上~1,000億円未満",,516億円（2025年度・単体）,○ 自社HP会社概要。2025年度売上高516億円。https://www.suzukishokan.co.jp/kaisya/index.html
001Nn00000eVkq9,3010701005574,大成ユーレック株式会社,http://www.u-lec.com/,"5: 300億円以上~1,000億円未満",◆08/17(月)、定時00:00、10:15,308.11億円（2026年3月期・単体）,○ 自社HP会社概要。2026年3月期売上高308億11百万円。https://www.u-lec.com/company/outline/
001Nn00000eVkqN,2011401001699,共立印刷株式会社,http://www.kyoritsu-printing.co.jp/,"5: 300億円以上~1,000億円未満",クボタミナミ,"321億7,765万円（2026年3月期・単体）","○ 自社HP会社概要。2026年3月期売上高321億7,765万円。https://www.kyoritsu-printing.co.jp/company/outline.html"
001Nn00000eVkqU,4010401023215,日本ポリオレフィン株式会社,,"5: 300億円以上~1,000億円未満",,確認不可,△ レゾナックHD・ENEOS系の出資会社。自社/公的決算公告を確認したが直近3期の日本ポリオレフィン単体売上高は非開示。子会社・投資先の売上高は対象法人値ではないため不採用。https://info.gbiz.go.jp/hojin/ichiran?hojinBango=4010401023215
001Nn00000eVkqX,2020001019317,株式会社浅川製作所,http://www.asakawa-s.co.jp/,"5: 300億円以上~1,000億円未満",,450億円（現行・連結）,○ 自社HP会社概要。連結売上高450億円。https://www.asakawa-s.co.jp/0103.htm
001Nn00000eVkrI,8010701019611,株式会社キャプティソリューションズ,http://www.capty.co.jp/,"5: 300億円以上~1,000億円未満",,【300億未満】179億円（2025年度・単体）,× 300億未満。自社HP会社概要で2025年度売上高179億円。東京ガスエンジニアリングソリューションズ子会社。https://www.capty.co.jp/corporate/outline.html
001Nn00000eVkrJ,9120001195174,間口東海株式会社,https://www.maguchi.co.jp/group/tokai/,"5: 300億円以上~1,000億円未満",,確認不可,△ 間口グループ子会社。自社グループ紹介・公開情報を確認したが、直近3期の間口東海単体売上高を承認ソースで確認できず。https://www.maguchi.co.jp/group/tokai/
001Nn00000eVkuG,1011801016694,株式会社ピーアーク千葉・神奈川,,"5: 300億円以上~1,000億円未満",,確認不可,△ 法人番号1011801016694は2026年2月に「ピーアーク株式会社」へ商号変更。公開決算公告・自社情報では直近3期の単体売上高を承認ソースで確認できず。求人媒体の333.9億円は不採用。https://www.p-ark.co.jp/corporate/outline/
001Nn00000eVl1j,6370001017612,株式会社フジ・コーポレーション,https://www.fujicorporation.com/company/index.html,"5: 300億円以上~1,000億円未満",,"461億4,201万円（2024年10月期・単体）","○ 自社公式2024年10月期決算短信。非連結売上高46,142,013千円。https://www.fujicorporation.com/bs/pdf/r0610.pdf"
001Nn00000eVl1o,8240001011790,株式会社モルテン,https://www.molten.co.jp/corporate/jp/about/outline/,"5: 300億円以上~1,000億円未満",クボタミナミ,699億円（2025年9月・連結）,○ 自社HP企業概要。2025年9月連結売上高699億円。https://www.molten.co.jp/corporate/jp/about/outline/
001Nn00000eVl21,6030001065059,ポラス株式会社,http://www.polus.co.jp/company/data,"6: 1,000億円以上",,"2,953億円（2025年度・連結）","○ 自社HP会社概要。ポラス株式会社はグループ統括会社で、2025年度グループ連結売上高2,953億円。https://www.polus.co.jp/company/data/"
001Nn00000eVl26,1080001002318,鈴与商事株式会社,https://www.suzuyoshoji.co.jp/company/info/related,"6: 1,000億円以上",／,"1,429億円（2025年度実績）","○ 自社HP会社概要。2025年度売上高1,429億円。https://www.suzuyoshoji.co.jp/company/info/outline.html"
001Nn00000eVl28,2040001003186,新日本建設株式会社,http://www.shinnihon-c.co.jp/,"6: 1,000億円以上",,"1,384.28億円（2026年3月期・連結）","○ 自社公式2026年3月期決算短信。連結売上高138,428百万円。https://www.shinnihon-c.co.jp/common/img/ir/library/2026/20260512_01.pdf"
001Nn00000eVl2B,1010001034945,株式会社松屋,https://www.matsuya.com/,"5: 300億円以上~1,000億円未満",,377.35億円（2026年2月期・単体）,"○ JPX掲載2026年2月期決算短信の個別業績。株式会社松屋単体売上高37,735百万円。https://www2.jpx.co.jp/disc/82370/140120260413502964.pdf"
001Nn00000eVl2G,6011001005411,ＧＭＯペイメントゲートウェイ株式会社,http://www.gmo-pg.com,"5: 300億円以上~1,000億円未満",イワマシリュウ_2026/08/10,824.99億円（2025年9月期・連結売上収益）,"○ 自社IR財務ハイライト。IFRS連結売上収益82,499百万円。https://www.gmo-pg.com/ir/highlights/"
001Nn00000eVl2H,2011101011783,ＤＡＩＫＯ　ＸＴＥＣＨ株式会社,http://www.daikodenshi.jp/,"5: 300億円以上~1,000億円未満",／,425億円（2026年3月期・連結）,○ 自社HP会社概要。2026年3月期売上高425億円（連結）、単体364億9百万円。いずれも300億円以上。https://www.daiko-xtech.co.jp/company/detail/
001Nn00000eVl2J,5010001018556,株式会社集英社,https://www.shueisha.co.jp/,"6: 1,000億円以上",🔵MC:人事部 03-3230-6113,確認不可,△ 自社HP・公的公開情報を確認したが、直近3期の株式会社集英社の売上高を承認ソースで確認できず。二次情報の数値は不採用。https://www.shueisha.co.jp/
001Nn00000eVl2K,9120001037005,大阪ダイハツ販売株式会社,https://osaka-daihatsu.co.jp/company/overview/,"5: 300億円以上~1,000億円未満",🔵MC:総務部／人事グループ 06-6458-8632（旧直通:情報システム室：06-6453-6665）,確認不可,△ ダイハツ工業系販売会社。自社HP会社概要・公開情報を確認したが、直近3期の大阪ダイハツ販売単体売上高を承認ソースで確認できず。https://osaka-daihatsu.co.jp/company/overview/
001Nn00000eVl2P,6020001019866,株式会社カメガヤ,https://www.kamegaya.co.jp/company/outline.html,"5: 300億円以上~1,000億円未満",🔵MC:採用課 045-476-3344（旧直通:システム企画Ｇ／マスター管理課：045-476-3795） ｜ 🌳★08/13(木)、定時00:00、🌟🚨✳🌅🔥👤人事,確認不可,△ 自社HP会社概要・公開決算情報を確認したが、直近3期の株式会社カメガヤ売上高を承認ソースで確認できず。https://www.kamegaya.co.jp/company/outline.html
001Nn00000eVl35,4010401087540,株式会社青山財産ネットワークス,http://www.azn.co.jp/,"5: 300億円以上~1,000億円未満",,417.85億円（2025年12月期・連結）,"○ 自社公式2025年12月期決算短信。連結売上高41,785百万円。https://corp.azn.co.jp/LinkClick.aspx?fileticket=2ZlUTVWfr8Q%3D&mid=1211&tabid=148"
001Nn00000eVl3X,2010001035026,株式会社朝日広告社,https://www.asakonet.co.jp/,"5: 300億円以上~1,000億円未満",🔵MC:管理本部／人事総務局 03-3547-5420 / 佐藤牧子 管理センター人事総務局人事部長（旧直通:経理・システム本部／情報システム部：03-3547-5480）,確認不可,△ 自社HP会社情報・公開情報を確認したが、直近3期の朝日広告社単体売上高を承認ソースで確認できず。https://www.asakonet.co.jp/
001Nn00000eVl3l,2010801007777,東京青果株式会社,http://www.tokyo-seika.co.jp,"6: 1,000億円以上",🔵MC:総務部人事課 03-5492-2002,"1,492億2,776万円（2025年度・単体）","○ 自社採用サイト会社概要。2025/4/1〜2026/3/31売上高1,492億2,776万円（取扱高とは別表示）。https://www.tokyo-seika.co.jp/recruit/data/index.html"
001Nn00000eVl3q,1010401050996,株式会社電通東日本,http://www.dentsu-east.co.jp,"5: 300億円以上~1,000億円未満",／,確認不可,△ 電通グループ会社。自社HP・公開情報を確認したが、直近3期の電通東日本単体売上高を承認ソースで確認できず。https://www.dentsu-east.co.jp/
001Nn00000eVl3s,1070001013126,岩瀬産業株式会社,http://www.iwase-net.co.jp/index.html,"5: 300億円以上~1,000億円未満",,526億円（2025年3月期）,○ 自社HP企業情報。毎年3月決算の売上高として2025年526億円を公表。https://www.iwase-net.co.jp/company.html
001Nn00000eVl3w,2030001010159,株式会社ＮＴＴ東日本‐関信越,http://www.kanshinetsu.ntt-east.co.jp/index.html,"5: 300億円以上~1,000億円未満",,確認不可,△ NTT東日本グループ子会社。自社/親会社公開情報を確認したが、直近3期のNTT東日本‐関信越単体売上高を承認ソースで確認できず。https://www.ntt-east.co.jp/gunma/company/group.html
001Nn00000eVl41,4180001088187,石塚硝子株式会社,http://www.ishizuka.co.jp,"5: 300億円以上~1,000億円未満",🔵MC:人事・総務部 06-6554-8961 ｜🎯360:人事・総務部／人財開発グループ 0587-37-2111,349.99億円（2026年3月期・単体）,"○ gBizINFO（EDINET有価証券報告書）。2026年3月期提出会社売上高34,999百万円。https://info.gbiz.go.jp/hojin/ichiran?hojinBango=4180001088187"
001Nn00000eVl44,7010401007116,株式会社カナデン,https://www.kanaden.co.jp/,"6: 1,000億円以上",,"1,456.14億円（2026年3月期・連結）","○ 自社IR/有報。2026年3月期連結売上高145,614百万円。https://www.kanaden.co.jp/ir/financial/highlight/"
001Nn00000eVl45,2240001009205,広島ガス株式会社,http://www.hiroshima-gas.co.jp,"5: 300億円以上~1,000億円未満",🔵MC:人事部 082-252-3035 / 船木孝哲 執行役員総務部長（秘書部長） ｜🎯360:人事部／人材開発グループ 082-252-3005（旧直通:0570002888）,883.96億円（2026年3月期・連結）,"○ 自社公式2026年3月期決算短信。連結売上高88,396百万円。https://www.hiroshima-gas.co.jp/com/ir/upload_file/m004-m004_02/260511_tan.pdf"
001Nn00000eVl47,1013301040571,株式会社ハウスメイトマネジメント,https://www.housemate.co.jp/company/about.html,"5: 300億円以上~1,000億円未満",／,確認不可,"△ 自社HPで確認できる1,916.5億円はハウスメイトパートナーズ・マネジメント・ショップ・ワークス4社合計で、対象法人単体値ではないため不採用。直近3期のハウスメイトマネジメント単体売上高は承認ソースで確認できず。https://www.housemate.co.jp/company/jisseki.html"
001Nn00000eVl4B,4120001049013,株式会社大阪ソーダ,http://www.osaka-soda.co.jp/,"5: 300億円以上~1,000億円未満",,999.61億円（2026年3月期・連結）,"○ 自社IR業績ハイライト。2026年3月期連結売上高99,961百万円。https://www.osaka-soda.co.jp/ja/ir/highlight/highlight.html"
001Nn00000eVl4F,1011001069980,ぴあ株式会社,http://corporate.pia.jp/,"5: 300億円以上~1,000億円未満",／,553.30億円（2026年3月期・連結）,"○ 自社IR業績推移。2026年3月期売上高55,330百万円。https://corporate.pia.jp/ir/finance/business_results/"
001Nn00000eVl4G,9011001093998,株式会社ＧＡ　ｔｅｃｈｎｏｌｏｇｉｅｓ,https://www.ga-tech.co.jp,"6: 1,000億円以上",,"2,489億円（2025年10月期・連結売上収益）","○ 自社IRトップメッセージ。2025年10月期売上収益2,489億円。https://www.ga-tech.co.jp/ir/message/"
001Nn00000eVl4K,6180001051390,株式会社ＭＴＧ,https://www.mtg.gr.jp/company/access.html,"5: 300億円以上~1,000億円未満",,988.10億円（2025年9月期・連結）,"○ 自社IR直近業績。2025年9月期実績売上高98,810百万円。https://www.mtg.gr.jp/ir/finance/recent.html"
001Nn00000eVl4O,4011101045697,日本テクノ株式会社,http://www.n-techno.co.jp/,"5: 300億円以上~1,000億円未満",,"1,638億円（2025年12月期）",○ 自社HP会社概要の売上高推移で2025年12月期売上高を確認。https://www.n-techno.co.jp/company/outline.html
001Nn00000eVl4Q,9400001013976,キオクシア岩手株式会社,https://business.toshiba-memory.com/ja-jp/company/tmc/manufacturing-site/tmi.html,"5: 300億円以上~1,000億円未満",【属性】🌱IT推進部直通有,"1,831.55億円（2025年3月期・単体）","○ gBizINFO第8期決算公告。キオクシア岩手単体の2025年3月期売上高183,155百万円。https://info.gbiz.go.jp/hojin/financialstatement?kessanJohoId=051e5f6f-7274-4da8-ba7d-54121073416a"
001Nn00000eVl4T,3050001005560,株式会社九州ケーズデンキ,https://www.ksdenki.co.jp/kyushu,"5: 300億円以上~1,000億円未満",,600億円（2026年3月期・単体）,○ 自社HP会社概要。ケーズHD子会社だが対象法人の2026年3月期売上高600億円を直接開示。https://www.ksdenki.co.jp/kyushu/company/outline/
001Nn00000eVl4V,9010601024974,日鉄建材株式会社,https://www.ns-kenzai.co.jp/,"5: 300億円以上~1,000億円未満",🌳★V06/02(火)、定時17:30、🔵🌑🔴✳💡🌅❄,確認不可,"△ 日本製鉄100%子会社。自社採用サイトで確認できる連結売上高約1,770億円は2022年度実績で鮮度条件外。直近3期の単体売上高を承認ソースで確認できず。https://www.recruit.ns-kenzai.co.jp/company.html"
001Nn00000eVl4W,6010001039923,関東化学株式会社,https://www.kanto.co.jp/,"5: 300億円以上~1,000億円未満",,確認不可,"△ 自社HPに掲載の1,444億円は関東化学ホールディングス連結ベースで、対象法人単体値ではないため不採用。直近3期の関東化学単体売上高を承認ソースで確認できず。https://www.kanto.co.jp/corp/outline.html"
001Nn00000eVl4l,3030001004696,積水ハウス建設関東株式会社,http://sekiwakensetsu.com/company/saitama,"5: 300億円以上~1,000億円未満",イワマシリュウ_2026/08/10,確認不可,△ 積水ハウスグループ子会社。自社/親会社公開情報を確認したが、直近3期の積水ハウス建設関東単体売上高を承認ソースで確認できず。
001Nn00000eVl4q,9010001008685,品川リフラクトリーズ株式会社,http://www.shinagawa.co.jp/,"5: 300億円以上~1,000億円未満",,869.57億円（2026年3月期・単体）,"○ 法人は現「品川リフラ株式会社」。自社HP会社概要で2026年3月期単体売上高869億57百万円（連結1,777億38百万円）。https://www.shinagawa.co.jp/profile/corporate.html"
001Nn00000eVl4x,8010001051991,株式会社東陽テクニカ,http://www.toyo.co.jp/,"5: 300億円以上~1,000億円未満",,325.59億円（2025年9月期・連結）,○ 自社公式IR資料で2025年9月期実績売上高325.59億円。https://assets.toyo.co.jp/files/user/ir/pdf/%E3%80%90251211%E6%9D%B1%E9%99%BD%E3%83%86%E3%82%AF%E3%83%8B%E3%82%AB%E3%80%91%E5%80%8B%E4%BA%BA%E6%8A%95%E8%B3%87%E5%AE%B6%E5%90%91%E3%81%91%E8%AA%AC%E6%98%8E%E4%BC%9A%E8%B3%87%E6%96%99.pdf
001Nn00000eVl51,2180001040422,株式会社プロトコーポレーション,https://www.goo-net.com/pit/contact.html,"5: 300億円以上~1,000億円未満",,確認不可,"△ 自社公開買付関連資料で2026年3月期売上高118,135百万円の事業計画値は確認できるが、実績値としては採用不可。直近3期の確定実績を承認ソースで確認できず。https://www.proto-g.co.jp/upload/file/news_release/6075/cc1cd1f520b830ae314279279d6a8be7.pdf"
001Nn00000eVl54,6010701012254,ソニーグローバルソリューションズ株式会社,http://www.sonyglobalsolutions.jp/,"5: 300億円以上~1,000億円未満",,確認不可,△ ソニーグループ子会社。自社HP・公開情報を確認したが、直近3期のソニーグローバルソリューションズ単体売上高を承認ソースで確認できず。https://www.sonyglobalsolutions.jp/
001Nn00000eVl55,3011001055814,イソップ・ジャパン株式会社,https://www.aesop.com/jp,"5: 300億円以上~1,000億円未満",⭐／,確認不可,△ L'Oréalグループ子会社。自社HP・公的公開情報を確認したが、直近3期のイソップ・ジャパン単体売上高を承認ソースで確認できず。https://www.aesop.com/jp/
001Nn00000eVl58,1240001028478,中国塗料株式会社,http://www.cmp.co.jp/,"5: 300億円以上~1,000億円未満",／,481.23億円（2026年3月期・単体）,"○ gBizINFO（EDINET有価証券報告書）。2026年3月期提出会社売上高48,123百万円。https://info.gbiz.go.jp/hojin/ichiran?hojinBango=1240001028478"
001Nn00000eVl59,8050001002000,ネッツトヨタ茨城株式会社,https://netzibaraki.co.jp/company/,"5: 300億円以上~1,000億円未満",スズキユウガ 26/08/06,307億円（2025年3月期・単体）,○ 自社HP会社概要。2025年3月決算売上高307億円。https://netzibaraki.co.jp/company/
001Nn00000eVl6F,4011001072940,株式会社アンビションＤＸホールディングス,https://www.am-bition.jp/,"5: 300億円以上~1,000億円未満",【属性】🐻‍❄️/👤情シス/DX：・💰DX推進室/室長/中村 勇介/※2 ・💰DX推進室/PdM/江﨑 祥/※3 ・💰DX推進室/非開示/鈴木 皇佑/※4 ・💰DX推進室/非開示/田中 紗来/※5,541.31億円（2026年6月期・連結）,○ 自社IR決算報告・2026年6月期通期開示で連結売上高541億31百万円。https://am-bition.jp/ir/financial-results/
001Nn00000eVl6o,1010001051973,株式会社ニチレイ・ロジスティクスエンジニアリング,http://www.nichirei-logieng.co.jp/,"5: 300億円以上~1,000億円未満",／,確認不可,"△ ニチレイ子会社。親会社有報で当社の2025年3月期受注高9,437百万円は確認できるが、売上高ではないため判定値として不採用。直近3期の単体売上高を承認ソースで確認できず。https://www.nichirei.co.jp/ir/library/yuho.html"
001Nn00000eVl8O,5050001030086,株式会社オカダ商事,http://okada-shouji.com/,"5: 300億円以上~1,000億円未満",,確認不可,△ 自社HP・公的公開情報を確認したが、直近3期の株式会社オカダ商事売上高を承認ソースで確認できず。http://okada-shouji.com/
001Nn00000eVlBZ,1010001034920,平和不動産株式会社,http://www.heiwa-net.co.jp/,"5: 300億円以上~1,000億円未満",🌳★07/24(金)、定時00:00、⭐🌟🚨✳✡💎🌐 ・財務部/非開示/上田 桃子/※7,508.55億円（2026年3月期・連結）,○ 自社IR業績レビュー。2026年3月期連結売上高508億55百万円。https://www.heiwa-net.co.jp/ir/financial/review.html
001Nn00000eVlEJ,3010501021598,住電ＨＳＴケーブル株式会社,http://www.hst-cable.co.jp,"5: 300億円以上~1,000億円未満",,"1,056億円（2025年度・単体）","○ 自社HP会社概要。2025年度売上規模1,056億円/年。対象法人自身が直接開示。https://www.hst-cable.co.jp/company/outline/"
001Nn00000eVlI7,6020001031078,株式会社キャスブレーン,https://www.cas-b.co.jp/,"5: 300億円以上~1,000億円未満",,確認不可,△ 自社HP・公的公開情報を確認したが、直近3期の株式会社キャスブレーン売上高を承認ソースで確認できず。https://www.cas-b.co.jp/
001Nn00000eVlIU,2210001002377,株式会社田中化学研究所,http://www.tanaka-chem.co.jp/index.html,"5: 300億円以上~1,000億円未満",🔵MC:総務人事部／ＩＲチーム 0776-85-1801 / 山崎龍太 総務人事部長、常務執行役員総務人事・購買 ｜🎯360:総務人事部／人事・人財開発チーム 0776-85-1801（旧直通:06-6635-0201） ｜ ／,確認不可,△ 住友化学グループ子会社。自社IR・公的情報を確認したが、直近3期の田中化学研究所単体売上高を承認ソースで確定できず。https://www.tanaka-chem.co.jp/
001Nn00000eVlIa,2120001048999,株式会社ジーネット,http://www.g-net.co.jp,"5: 300億円以上~1,000億円未満",,確認不可,△ 自社HP・公的公開情報を確認したが、直近3期の株式会社ジーネット売上高を承認ソースで確認できず。https://www.g-net.co.jp/
001Nn00000eVlIi,3120001018349,株式会社中西製作所,http://www.nakanishi.co.jp,"5: 300億円以上~1,000億円未満",🔵MC:管理部／人事課 03-6699-0303 / 宮川隆之 人事部長（旧直通:情報システム室：06-6792-1118）,410.08億円（2026年3月期・単体）,"○ 自社公式2026年3月期決算短信（非連結）。売上高41,008百万円。https://www.nakanishi.co.jp/information/file/20260508095158.pdf"
001Nn00000eVlIj,3080001008412,株式会社駿河生産プラットフォーム,http://www.suruga-g.co.jp/index.html,"6: 1,000億円以上",オガタユウ_2026/07/14,確認不可,"△ ミスミグループ子会社。自社採用サイトの4,413億円はミスミグループ全体売上高で対象法人単体値ではないため不採用。直近3期の単体売上高を承認ソースで確認できず。https://www.suruga-g.co.jp/recruit/"
001Nn00000eVlIk,4122001004781,タツタ電線株式会社,http://www.tatsuta.co.jp,"5: 300億円以上~1,000億円未満",★08/27(木)、定時17:30、⭐🌟🚨💎🐧,730.07億円（2025年度・単体）,"○ 自社HP会社概要。JX金属100%子会社だが対象法人の2025年度売上高73,007百万円を直接開示。https://www.tatsuta.co.jp/company/outline/"
001Nn00000eVlIl,7010701021997,住友建機株式会社,http://www.sumitomokenki.co.jp,"6: 1,000億円以上",🔵MC:管理本部／人事部／人事グループ 043-420-1501 / 山崎龍一 人事部長 ｜ イワマシリュウ_2026/08/10,確認不可,△ 住友重機械工業グループ子会社。自社HP・親会社公開情報を確認したが、直近3期の住友建機単体売上高を承認ソースで確認できず。https://www.sumitomokenki.co.jp/
001Nn00000eVlLR,7200001013486,岐建株式会社,https://www.giken-kk.co.jp/company/profile/,"5: 300億円以上~1,000億円未満",,"472億5,600万円（2025年6月期・単体）","○ 自社HP会社概要。2025年6月決算売上高472億5,600万円。https://www.giken-kk.co.jp/company/profile/"
001Nn00000eVlLf,2120101005545,ネッツトヨタ南海株式会社,http://www.tng.co.jp/netz,"5: 300億円以上~1,000億円未満",ハシモトワタル,"385億3,400万円（2025年3月期・単体）","○ 自社HP会社概要。2025年3月期売上高385億3,400万円。https://nankai.netz-toyota-dealer.jp/corporate"
001Nn00000eVlM2,8180001036547,株式会社ＡＶＡＮＴＩＡ,https://avantia-g.jp/corp/about/profile.html,"5: 300億円以上~1,000億円未満",,692.70億円（2025年8月期・連結）,"○ 自社IR損益計算書。2025年8月期連結売上高69,270,817千円。https://avantia-g.jp/corp/ir/finance/pl.html"
001Nn00000eVlNn,1010401075325,三井物産スチール株式会社,https://www.mitsui-steel.com/,"6: 1,000億円以上",,確認不可,△ 三井物産グループ子会社。自社HP・親会社公開情報を確認したが、直近3期の三井物産スチール単体売上高を承認ソースで確認できず。https://www.mitsui-steel.com/
001Nn00000eVlWH,4020001016064,株式会社三好商会,http://www.mys.co.jp/,"5: 300億円以上~1,000億円未満",,確認不可,△ 自社HP・gBizINFO等を確認したが、直近3期の株式会社三好商会売上高を承認ソースで確認できず。求人・二次情報の428億円は不採用。https://www.mys.co.jp/
001Nn00000eVlac,8120001024730,中本パックス株式会社,,"5: 300億円以上~1,000億円未満",【属性】🧸/👤総務/管理：管理本部/本部長/羽渕 英彦/※1 👤総務/管理：管理本部 総務・経営企画部/部長/吉田 卓司/※2,342.17億円（2026年2月期・単体）,"○ 自社HP会社概要で2026年2月期年商342億円。gBizINFOの提出会社売上高34,217百万円で精査。https://www.npacks.co.jp/company/profile/"
001Nn00000eVlfD,9320001006914,株式会社ＪＴＣ,https://www.groupjtc.com/about/company.html,"5: 300億円以上~1,000億円未満",,317.49億円（2026年2月期・単体）,"○ gBizINFO（EDINET有価証券報告書）。2026年2月期提出会社売上高31,749百万円。https://info.gbiz.go.jp/hojin/ichiran?hojinBango=9320001006914"
001Nn00000eVlfY,2140001004364,兵庫ダイハツ販売株式会社,https://www.hyogo-daihatsu.com/shop/shop_8.html,"5: 300億円以上~1,000億円未満",👤人事：ハイアビリティーベース＆トレーニングセンター室／教育支援課 078-882-5129 ｜ クボタミナミ 2026/05/20,【300億未満】293.20億円（2025年3月期・単体）,"× 300億未満。gBizINFO第78期決算公告で2025年3月期売上高29,320百万円。公的自治体求人の338億円より決算公告の確定実績を優先。https://info.gbiz.go.jp/hojin/financialstatement?kessanJohoId=a95c7525-0541-4861-9074-e19a15bd4e64"
001Nn00000eVlkF,6010001057941,株式会社升喜,https://www.masuki.jp/company/,"5: 300億円以上~1,000億円未満",,"378億9,255万円（現行・グループ）","○ 自社HP企業情報。株式会社升喜がグループ会社合計売上高378億9,255万円を公表。https://masuki.jp/company/"
001Nn00000eVlkM,4100001002295,長野県酒類販売株式会社,http://www.nagano-sake.com/,"5: 300億円以上~1,000億円未満",,329億円（2025年3月・単体）,○ 自社HP会社概要。売上高329億円（令和7年3月現在、本体単独）。https://www.nagano-sake.com/about/
001Nn00000eVlkc,3130001019445,京都青果合同株式会社,https://www.kyoka.co.jp/,"5: 300億円以上~1,000億円未満",,689億円（2025年度）,○ 自社HP会社概要。年商689億円（令和7年度実績）。https://www.kyoka.co.jp/corporate.html
001Nn00000eVlkj,1140001032589,ユーシーシー上島珈琲株式会社,https://www.ucc.co.jp/company/outline/index.html,"6: 1,000億円以上",／,"1,293億円（2025年12月期・単体）","○ 自社HP会社概要。UCC Capital傘下の事業会社だが対象法人自身の2025年12月期売上高1,293億円を直接開示。https://www.ucc.co.jp/company/outline/"
001Nn00000eVlkk,1010001016860,株式会社ニッスイ,http://www.nissui.co.jp/corporate/group/index.html,"6: 1,000億円以上",,"9,312.65億円（2026年3月期・連結）","○ JPX掲載2026年3月期決算短信。連結売上高931,265百万円。https://www2.jpx.co.jp/disc/13320/140120260513530432.pdf"
001Nn00000eVllF,5290001038337,株式会社スズキ自販福岡,https://www.suzuki.co.jp/dealer/40349950.sj-fukuoka/,"5: 300億円以上~1,000億円未満",,389億円（2026年3月期・単体）,○ 自社HP企業情報。スズキ系販売会社だが対象法人の2026年3月期売上高389億円を直接開示。https://www.suzuki.co.jp/dealer/sj-fukuoka/corporate/
001Nn00000eVllw,3120001077460,タキロンシーアイ株式会社,https://www.takiron-ci.co.jp/,"5: 300億円以上~1,000億円未満",,683.80億円（2024年3月期・単体）,"○ gBizINFO（EDINET有価証券報告書）。第129期（2024年3月期）提出会社売上高68,380百万円。現在伊藤忠グループ傘下のため単体値を採用。https://info.gbiz.go.jp/hojin/ichiran?hojinBango=3120001077460"
001Nn00000eVllx,3010501007440,株式会社丹青社,https://www.tanseisha.co.jp/company/about,"5: 300億円以上~1,000億円未満",,"1,072.22億円（2026年1月期・連結）","○ 自社HP会社概要。2026年1月期売上高1,072億22百万円（連結）／1,028億56百万円（単体）。https://www.tanseisha.co.jp/company/about"
001Nn00000eVllz,1120001062571,積水ハウス不動産株式会社,https://www.sekisuihouse-f-kansai.co.jp/,"6: 1,000億円以上",,確認不可,"△ 積水ハウス100%子会社。自社IRで2026年1月期単体『営業収益』3,000.76億円は確認できるが、通常企業の判定ルールでは売上高と同一視しないため不採用。売上高表記を承認ソースで確認できず。https://www.sekisuihouse-realestate.co.jp/company/ir/"
001Nn00000eVlm4,1120001090341,ミズノスポーツサービス株式会社,http://www.mizuno-sports-service.co.jp/,"5: 300億円以上~1,000億円未満",🌱☆ 07/13〈月〉、定時00:00、,"【300億未満】75億1,970万円（2024年度・単体）","× 300億未満。ミズノ100%子会社。自社HP会社概要で2024年度売上高75億1,970万円。https://www.mizuno-sports-service.co.jp/company/"
001Nn00000eVlmA,8230001010570,三協テック株式会社,http://www.sankyotec.jp/,"5: 300億円以上~1,000億円未満",,343億円（2026年3月期・単体）,○ 自社HP会社情報。2026年3月期売上高343億円。https://www.sankyotec.jp/company/
001Nn00000eVlmG,2380001005082,東北アルフレッサ株式会社,http://www.kowa-yakuhin.co.jp/,"6: 1,000億円以上",,"1,586億円（2025年3月期・単体）","○ 自社採用サイト『数字で見る東北アルフレッサ』。アルフレッサHD子会社だが対象法人の2025年3月末売上高1,586億円を直接開示。https://www.tohoku-alfresa.co.jp/recruit/wakaru.html"
001Nn00000eVlmQ,3500001014359,ダイオーロジスティクス株式会社,http://www.daio-logistics.co.jp/,"5: 300億円以上~1,000億円未満",,638億円（2024年度・単体）,○ 自社採用サイト。大王製紙グループ子会社だが対象法人の2024年度売上高638億円を直接開示。https://www.daio-logistics.co.jp/high-school-graduates/about/
001Nn00000eVlmU,8070001002774,富士機械株式会社,http://www.fuji-machinery.co.jp/,"5: 300億円以上~1,000億円未満",,確認不可,△ SUBARUグループ子会社。gBizINFO・自社公開情報を確認したが、直近3期の富士機械単体売上高を承認ソースで確認できず。https://info.gbiz.go.jp/hojin/ichiran?hojinBango=8070001002774
001Nn00000eVlmu,1010701013892,ビーコンコミュニケーションズ株式会社,http://www.beaconcom.jp/,"5: 300億円以上~1,000億円未満",,確認不可,△ ピュブリシス系広告会社。gBizINFO・自社公開情報を確認したが、直近3期のビーコンコミュニケーションズ単体売上高を承認ソースで確認できず。https://info.gbiz.go.jp/hojin/ichiran?hojinBango=1010701013892
001Nn00000eVlnP,4120001034601,株式会社大水,https://www.daisui.co.jp/,"5: 300億円以上~1,000億円未満",,"1,057億円（2026年3月期・連結）","○ 自社HP会社概要。2026年3月期連結年商1,057億円。https://www.daisui.co.jp/company/info/"
001Nn00000eVlnx,9180001029707,株式会社オータケ,https://www.kk-otake.co.jp/,"5: 300億円以上~1,000億円未満",🔵MC:総務人事部 052-211-0150,312.53億円（2024年5月期・単体）,○ 自社HP会社概要。2024年5月期売上高312億53百万円。https://www.kk-otake.co.jp/company/about/
001Nn00000eVlo8,7120001027825,テイカ株式会社,http://www.tayca.co.jp/,"5: 300億円以上~1,000億円未満",,573.73億円（2026年3月期・連結）,"○ 自社IR業績データ。2026年3月期連結売上高57,373百万円（単体39,433百万円）。https://kir758819.kir.jp/ir/achievement.php"
001Nn00000eVltI,5030001075100,産経商事株式会社,http://www.sankeicorp.com/,"5: 300億円以上~1,000億円未満",,【300億未満】250億円（現行）,× 300億未満。自社HP企業情報で売上高250億円。https://www.sankeicorp.com/corporate
001Nn00000eVlu8,5140001009708,富永貿易株式会社,http://www.tominaga.co.jp/,"5: 300億円以上~1,000億円未満",,417億円（2025年12月期・単体）,○ 自社HP会社概要。2025年12月期売上高417億円。https://www.tominaga.co.jp/company/outline.html
001Nn00000eVluE,5360001008596,沖縄出光株式会社,http://www.idemitsu.co.jp/okinawaidemitsu/index.html,"5: 300億円以上~1,000億円未満",クボタミナミ,424億円（2025年度・単体）,○ 出光興産100%子会社だが自社HP会社概要で対象法人の2025年度売上高424億円を直接開示。https://www.idemitsu.com/jp/okinawaidemitsu/company/profile.html
001Nn00000eVm16,1120001093468,日本流通産業株式会社,http://www.nichiryu.co.jp/,"5: 300億円以上~1,000億円未満",,確認不可,△ 自社HP会社概要・公的公開情報を確認したが、直近3期の日本流通産業単体売上高を承認ソースで確認できず。https://www.nichiryu.co.jp/corporate/
001Nn00000eVm5F,6030001017472,フォルシアクラリオン・エレクトロニクス株式会社,,"6: 1,000億円以上",,確認不可,△ FORVIAグループ子会社。公的法人情報・公開決算情報を確認したが、直近3期の単体売上高を承認ソースで確認できず。二次情報の795億円は不採用。
001Nn00000eVmAa,1020001020127,株式会社コーエーテクモゲームス,https://www.koeitecmo.co.jp/,"5: 300億円以上~1,000億円未満",🌳★07/10(金)、定時18:00、🔵🌑✳✡❄🔥,確認不可,△ コーエーテクモHD子会社。グループ連結値は対象法人単体の判定に使えないため不採用。直近3期のコーエーテクモゲームス単体売上高を承認ソースで確認できず。https://www.koeitecmo.co.jp/
001Nn00000eVmAg,1010701026168,日本トーカンパッケージ株式会社,http://www.tokan.co.jp/ntp,"5: 300億円以上~1,000億円未満",🌳★08/13(木)、定時00:00、🔵🌑✳💎👤情シス/DX,492.66億円（2025年度・単体）,"○ 自社HP会社概要。2025年度売上高49,266百万円。https://ntp-k.co.jp/company/company_profile.html"
001Nn00000eVmAm,6180001009422,マルヤス工業株式会社,http://www.maruyasu.co.jp/,"5: 300億円以上~1,000億円未満",,868億円（2025年6月期・単体）,"○ 自社HP会社概要。2025年6月期売上高は単独868億円（グループ1,427億円）。https://www.maruyasu.co.jp/company/outline/"
001Nn00000eVmAn,6110001008158,株式会社北越ケーズ,https://www.ksdenki.co.jp/hokuetsu,"5: 300億円以上~1,000億円未満",,確認不可,△ ケーズHDグループ子会社。自社HP・親会社公開情報を確認したが、直近3期の株式会社北越ケーズ単体売上高を承認ソースで確認できず。https://www.ksdenki.co.jp/hokuetsu
001Nn00000eVmAr,5010701027617,ファイナンシャル・ジャパン株式会社,https://financialjapan.jp/,"5: 300億円以上~1,000億円未満",,確認不可,△ 保険代理店事業会社。自社HP・公的公開情報を確認したが、直近3期のファイナンシャル・ジャパン単体売上高（または保険業特例で採用可能な収益）を承認ソースで確認できず。https://financialjapan.jp/
001Nn00000eVmB4,7010001008737,ニチレキグループ株式会社,https://www.nichireki.co.jp/profile/group.html,"5: 300億円以上~1,000億円未満",🌳★08/17(月)、定時00:00、🔵🌑✳✡💎🌐,758.53億円（2026年3月期・連結）,"○ 自社公式2026年3月期決算説明資料。連結売上高75,853百万円。https://www.nichireki.co.jp/wp-content/uploads/2026/06/20260529_2026%E5%B9%B43%E6%9C%88%E6%9C%9F4Q_%E6%B1%BA%E7%AE%97%E8%AA%AC%E6%98%8E%E4%BC%9A.pdf"
001Nn00000eVmCZ,8011001014542,ＴＤＣソフト株式会社,http://www.tdc.co.jp/,"5: 300億円以上~1,000億円未満",／,483.59億円（2026年3月期・連結）,"○ 2026年3月期決算短信・gBizINFOで確認。連結売上高48,359百万円。https://www.tdc.co.jp/ir/"
001Nn00000eVmDH,6011101015442,株式会社中村屋,https://www.nakamuraya.co.jp/company/info/about.html,"5: 300億円以上~1,000億円未満",,373.51億円（2026年3月期・単体）,"○ 自社公式2026年3月期決算短信（非連結）。売上高37,351,144千円。https://www.nakamuraya.co.jp/company/pdf/ir202603.pdf"
001Nn00000eVmDI,3080001008932,はごろもフーズ株式会社,https://corp.hagoromofoods.co.jp/ja/information/hagocga.html,"5: 300億円以上~1,000億円未満",🔵MC:人事厚生部 054-288-5200 / 杉山裕紀 サービス本部長補佐、人事厚生部長（旧直通:050-9003-0975）,750.78億円（2026年3月期・連結）,○ 自社HP会社概要。2026年3月期売上高は単体749億円、連結750億円（決算短信精査で750.78億円）。https://corp.hagoromofoods.co.jp/ja/information/hagocga.html
001Nn00000eVmDM,3130001035814,株式会社マツモト,https://www.super-matsumoto.co.jp/company/about/,"5: 300億円以上~1,000億円未満",,590億円（2025年2月期・単体）,○ 京都市公式『京のまち企業訪問』。2025年2月期売上高590億円。https://kigyo.city.kyoto.lg.jp/kyomachi/company/single/2744.php
001Nn00000eVmDN,5180001018218,ホーユー株式会社,https://www.hoyu.co.jp/about/profile/,"5: 300億円以上~1,000億円未満",★08/17(月)、定時00:00、⭐🌟🚨🔵🌑✳✡💡👤情シス/DX,527億円（2025年10月期・連結）,○ 自社公式ニュースリリース会社概要。2025年10月31日決算の連結売上高527億円。https://www.hoyu.co.jp/news/
001Nn00000eVmDp,9010701017795,株式会社日立システムズフィールドサービス,http://www.hitachi-systems-fs.co.jp/index.html,"5: 300億円以上~1,000億円未満",,確認不可,△ 日立システムズ子会社。自社HP・公的公開情報を確認したが、直近3期の単体売上高を承認ソースで確認できず。求人媒体の数値は不採用。https://www.hitachi-systems-fs.co.jp/
001Nn00000eVmDs,3010401018661,株式会社テクノ菱和,https://www.techno-ryowa.co.jp/corp/outline/,"5: 300億円以上~1,000億円未満",,914.45億円（2026年3月期・単体）,"○ gBizINFO（EDINET有価証券報告書）。2026年3月期提出会社売上高91,445百万円。https://info.gbiz.go.jp/hojin/ichiran?hojinBango=3010401018661"
001Nn00000eVmDv,1240001036407,シモハナ物流株式会社,https://shimohana.com/company/outline/,"5: 300億円以上~1,000億円未満",,764億円（2026年3月期）,○ 自社HP会社概要。2026年3月期売上高764億円。https://shimohana.com/company/outline/
001Nn00000eVmE7,4010001030520,向井建設株式会社,https://mux-hp.jp/publics/index/59/,"5: 300億円以上~1,000億円未満",,確認不可,△ 自社HPの売上高・貸借対照表ページで第75期（2025年9月期）まで公開されていることを確認したが、検索取得可能な本文から売上高数値を確定できず。推測せず確認不可。https://mux-hp.jp/pages/49/
001Nn00000eVmEd,3130005004922,京都信用保証協会,http://www.kyosinpo.or.jp/,"6: 1,000億円以上",,対象外（株式会社以外）,× 京都信用保証協会は株式会社ではなく信用保証協会のため対象外。https://www.kyosinpo.or.jp/
001Nn00000eVmEe,1200001013772,株式会社セイノー商事,http://www.seino-shoji.co.jp/index.htm,"5: 300億円以上~1,000億円未満",,"538億6,530万円（2026年3月期・単体）","○ セイノーHD100%子会社。会社公表情報を補完する公開採用情報で2026年3月期売上高538億6,530万円を確認。https://www.seino-shoji.co.jp/"
001Nn00000eVmFH,6180001002303,株式会社大松,http://www.luckyplaza.co.jp/,"5: 300億円以上~1,000億円未満",,確認不可,△ 自社HP・官報決算情報を確認したが、直近3期の株式会社大松の売上高を承認ソースで確認できず。https://www.luckyplaza.co.jp/
001Nn00000eVmIU,3010001034877,中越パルプ工業株式会社,http://www.chuetsu-pulp.co.jp/,"6: 1,000億円以上",,"1,047億57百万円（2026年3月期）","○ 自社HP会社概要。2025年4月〜2026年3月の売上高1,047億57百万円。https://www.chuetsu-pulp.co.jp/company/outline.html"
001Nn00000eVmIW,9010001139175,東洋インキ株式会社,http://www.toyoink.jp/ja/index.html,"6: 1,000億円以上",イワマシリュウ_2026/08/10,"1,084億23百万円（2025年12月期・単体）","○ artience株式会社の有価証券報告書『主要な損益情報等』で、100%子会社の東洋インキ単体売上高108,423百万円を確認。https://www.artiencegroup.com/ja/corporate/ir/"
001Nn00000eVmIg,7120901030820,大阪高速乳配株式会社,https://www.okn3.com/,"6: 1,000億円以上",,【300億未満】40億円（2024年3月期・単体）,× 300億未満。自社会社案内PDFで2024年3月期売上高40億円。セイノーHD傘下の子会社。https://www.okn3.com/wp-content/uploads/2024/04/oknkaishagaiyo8.pdf
001Nn00000eVmJN,8010001103636,第一三共プロファーマ株式会社,http://www.daiichisankyo-pp.co.jp/index.html,"5: 300億円以上~1,000億円未満",,対象外（吸収合併により消滅）,× 第一三共株式会社が2025年4月1日付で第一三共プロファーマを吸収合併し、同社は解散。gBizINFOでも閉鎖を確認。https://info.gbiz.go.jp/hojin/patent?Category=2&hojinBango=8010001103636
001Nn00000eVmJP,8010001096491,杏林製薬株式会社,http://www.kyorin-gr.co.jp/,"6: 1,000億円以上",,"1,262.57億円（2026年3月期・連結）","○ 自社IR業績ハイライト。2026年3月期連結売上高126,257百万円。https://www.kyorin-pharm.co.jp/ir/finance/highlight.shtml"
001Nn00000eVmJQ,3120001077477,住友ファーマ株式会社,http://www.ds-pharma.co.jp/,"5: 300億円以上~1,000億円未満",,"4,532.94億円（2026年3月期・連結売上収益）","○ 自社公式2026年3月期決算短信。IFRS連結売上収益453,294百万円。https://www.sumitomo-pharma.co.jp/news/assets/pdf/br20260513_1.pdf"
001Nn00000eVmKE,4012401001092,デリア食品株式会社,http://www.deria-foods.co.jp/,"5: 300億円以上~1,000億円未満",,確認不可,△ キユーピー100%子会社。自社HP会社概要・公開情報を確認したが直近3期のデリア食品単体売上高を承認ソースで確認できず。https://www.deria-foods.co.jp/company/overview.html
001Nn00000eVmM0,4430001015181,北雄ラッキー株式会社,https://www.hokuyu-lucky.co.jp/company/summary/,"5: 300億円以上~1,000億円未満",／,371.99億円（2026年2月期・単体）,"○ 自社IR第56期有価証券報告書。非連結売上高37,199,649千円。https://www.hokuyu-lucky.co.jp/system/wp-content/uploads/20260526_2.pdf"
001Nn00000eVmO7,9120001194911,関西エアポート株式会社,http://www.kansai-airports.co.jp/index.html,"5: 300億円以上~1,000億円未満",,確認不可,"△ 自社公式2025年度連結決算で営業収益2,713億円は確認できるが、通常企業の判定ルールでは営業収益を売上高と同一視しないため不採用。https://www.kansai-airports.co.jp/news/j-260612-pressrelease-fiscalyear2025/"
001Nn00000eVmOB,7011801011046,株式会社ニッピ,http://www.nippi-inc.co.jp/,"5: 300億円以上~1,000億円未満",,確認不可,△ 自社公式2026年3月期決算短信を確認。連結売上高は確認できるが対象行の判定に必要な数値を検索結果本文から確定できなかったため推測せず確認不可。https://www.nippi-inc.co.jp/
001Nn00000eVmOI,3010001034893,日東富士製粉株式会社,http://www.nittofuji.co.jp/,"5: 300億円以上~1,000億円未満",7/16シモムラ ソウノスケ,727億円（2026年3月期・連結）,○ 自社HP会社概要。2026年3月31日現在の連結売上高727億円。https://www.nittofuji.co.jp/co/summary/
001Nn00000eVmOd,2430001035966,ナラサキ産業株式会社,http://www.narasaki.co.jp/,"5: 300億円以上~1,000億円未満",,"1,202億82百万円（2026年3月期・連結）","○ 自社IRトップメッセージ。2026年3月期連結売上高1,202億82百万円。https://www.narasaki.co.jp/ir/management/message.html"
001Nn00000eVmOm,4430001033605,ＭＰアグロ株式会社,http://www.mpagro.co.jp/index.html,"5: 300億円以上~1,000億円未満",★08/28(金)、定時00:00、🔵🌑✳✡🌅🔥訴求用👤総務/管理,確認不可,△ 自社HP・官報決算情報を確認したが2024〜2026年3月期のMPアグロ単体売上高は非開示。親会社等の連結値は不採用。https://www.mpagro.co.jp/
001Nn00000eVmPU,6180301018800,トヨキン株式会社,http://www.toyokin.co.jp/index.htm,"5: 300億円以上~1,000億円未満",,366.97億円（2025年9月期・単体）,"○ 公開採用情報で2025年9月期売上高36,697百万円を確認。自社HPも併せて確認。https://www.toyokin.co.jp/"
001Nn00000eVmPz,8180001018891,株式会社伊藤工務店,https://www.ito-koumuten.co.jp/,"5: 300億円以上~1,000億円未満",,385億円（2025年5月期・単体）,○ 自社HP会社概要。2025年5月期売上高385億円。https://www.ito-koumuten.co.jp/company/
001Nn00000eVmQX,7011001032594,株式会社インテリックス,http://www.intellex.co.jp/,"5: 300億円以上~1,000億円未満",,385.86億円（2025年5月期・単体）,"○ gBizINFO（EDINET有価証券報告書）。2025年5月期提出会社売上高38,586,322千円。2025年12月の持株会社化後は子会社だが、対象法人単体の確定実績として採用。https://info.gbiz.go.jp/hojin/ichiran?hojinBango=7011001032594"
001Nn00000eVmT6,2010001090418,株式会社ディア・ライフ,https://www.dear-life.co.jp/,"5: 300億円以上~1,000億円未満",,667.54億円（2025年9月期・単体）,"○ gBizINFO（EDINET有価証券報告書）。2025年9月期提出会社売上高66,754百万円。https://info.gbiz.go.jp/hojin/ichiran?hojinBango=2010001090418"
001Nn00000eVmg3,2120001077552,丸善薬品産業株式会社,http://www.maruzen-chem.co.jp/,"5: 300億円以上~1,000億円未満",,849億円（2025年度）,○ 自社HP会社概要。令和7年度売上高849億円。https://www.maruzen-chem.co.jp/company/
001Nn00000eVmjx,8180001032694,丸高株式会社,http://www.marutakacorp.co.jp,"5: 300億円以上~1,000億円未満",,372億円（2025年・単体）,○ 厚生労働省ハローワーク求人情報。令和7年年商372億円。https://www.hellowork.mhlw.go.jp/
001Nn00000eVmkK,8200001001416,岐阜トヨタ自動車株式会社,https://www.gifutoyota.co.jp/corporation/,"5: 300億円以上~1,000億円未満",ハシモトワタル,"394億4,900万円（2025年3月期・単体）","○ 自社HP企業情報。令和7年3月期売上高394億4,900万円。https://www.gifutoyota.co.jp/corporation"
001Nn00000eVmkP,4011401003990,大東実業株式会社,https://www.daito-exp.co.jp/index.php/profile/profile,"5: 300億円以上~1,000億円未満",イワマシリュウ_2026/08/10,確認不可,△ 自社HP・公的公開情報を確認したが、直近3期の大東実業単体売上高を承認ソースで確認できず。https://www.daito-exp.co.jp/index.php/profile/profile
001Nn00000eVmkQ,4100001011503,株式会社竹内製作所,http://www.takeuchi-mfg.co.jp,"6: 1,000億円以上",,"2,252.84億円（2026年2月期・連結）","○ 自社IR業績ハイライト。2026年2月期連結売上高225,284百万円。https://www.takeuchi-mfg.co.jp/ir/finance/finance_01.html"
001Nn00000eVmpD,9330001010080,東京エレクトロン九州株式会社,http://www.tel.co.jp/tkl,"6: 1,000億円以上",,"4,642.98億円（2026年3月期・単体）","○ 東京エレクトロン子会社。2026年3月期官報決算で東京エレクトロン九州単体売上高4,642億98百万円を確認。https://www.tel.co.jp/about/locations/tkl.html"
001Nn00000eVmpI,6010001030403,株式会社三菱総合研究所,http://www.mri.co.jp/,"5: 300億円以上~1,000億円未満",,"1,214.58億円（2025年9月期・連結）","○ 自社IRセグメント情報。2025年9月期連結売上高121,458百万円。https://ir.mri.co.jp/ja/finance/segment.html"
001Nn00000eVmpM,2010601025145,株式会社日本デジタル研究所,https://www.jdl.co.jp/,"5: 300億円以上~1,000億円未満",,確認不可,△ 自社HP・官報決算を確認したが、2024〜2026年3月期の日本デジタル研究所の売上高は承認ソース本文で確認できず。https://www.jdl.co.jp/
001Nn00000eVmpN,7080101008234,株式会社エンチョー,https://www.encho.co.jp/orga/orga02.html,"5: 300億円以上~1,000億円未満",ヤナギダタツヤ,確認不可,△ DCMホールディングス子会社化後の対象法人単体売上高を承認ソースで確認できず。2025年3月期の旧連結売上高332.28億円は子会社判定には使用しない。https://www.encho.co.jp/
001Nn00000eVmpP,7010401028731,株式会社エム・エム・エー,http://www.malco.co.jp/ja/index.html,"5: 300億円以上~1,000億円未満",／,確認不可,△ 自社/公的公開情報を確認したが、直近3期の株式会社エム・エム・エー単体売上高を承認ソースで確認できず。http://www.malco.co.jp/ja/index.html
001Nn00000eVmpQ,3010401022812,日本国土開発株式会社,http://www.n-kokudo.co.jp/,"6: 1,000億円以上",システム　経理,"1,352億円（2026年5月期・連結）","○ 自社HP会社概要。2025年6月1日〜2026年5月31日の連結売上高1,352億円。https://www.n-kokudo.co.jp/company/company/"
001Nn00000eVmpX,8010001062097,日本酒類販売株式会社,http://www.nishuhan.co.jp/,"6: 1,000億円以上",,"6,059億円（2026年3月期・連結）","○ 自社HP会社概要。2026年3月期連結売上高6,059億円（605,922百万円）。https://www.nishuhan.co.jp/company/profile.html"
001Nn00000eVmpa,2080001011854,いなば食品株式会社,https://www.inaba-foods.jp/,"5: 300億円以上~1,000億円未満",,"1,665億円（2024年度・グループ）","○ 自社HP会社概要。2024年度グループ全体売上高1,665億円。2025年度値は見込のため確定実績の2024年度を採用。https://www.inaba-foods.jp/company/index"
001Nn00000eVmph,1010001034978,日本紙パルプ商事株式会社,https://www.kamipa.co.jp/company/group,"6: 1,000億円以上",,"6,067.79億円（2026年3月期・連結売上収益）","○ 自社IR業績推移。2026年3月期連結売上収益606,779百万円。https://www.kamipa.co.jp/ir/trends/"
001Nn00000eVmpq,9080001007508,株式会社アイ・テック,http://www.itec-c.co.jp/,"5: 300億円以上~1,000億円未満",,991億円（現行・グループ）,○ 自社採用サイト『数字で知る』でグループ全体売上高991億円を公表。株式会社アイ・テックはグループ事業会社の中核として掲載。https://www.itec-c.co.jp/recruit/about/
001Nn00000eVmpy,4010001033507,三井物産プラスチック株式会社,http://www.mitsui-plastics.com/,"6: 1,000億円以上",🌳★07/13(月)、定時00:00、🔵🌑🔴✳✡💡❄🔥,"3,394億円（2025年3月期・単体）","○ 三井物産100%子会社だが自社HP会社概要で対象法人の2025年3月期売上3,394億円を直接開示。https://www.mitsui-plastics.com/company/index.html"
001Nn00000eVmqd,9180001079578,株式会社スズキ自販中部,https://www.suzuki.co.jp/dealer/23106952.sj-chubu/,"5: 300億円以上~1,000億円未満",,417億円（2025年3月期・単体）,○ 自社HP企業情報。スズキ子会社だが対象法人の2025年3月期売上高417億円を直接開示。https://www.suzuki.co.jp/dealer/sj-chubu/corporate/
001Nn00000eVmqr,7050001004071,株木建設株式会社,https://www.kabuki.co.jp/company/,"5: 300億円以上~1,000億円未満",◆08/13(木)、定時00:00、11:30 👤情シス/DX,389億円（2025年5月期・単体）,○ 自社HP会社概要。2025年5月期売上高389億円。https://www.kabuki.co.jp/company/
001Nn00000eVmsw,6010001023992,デュポン・東レ・スペシャルティ・マテリアル株式会社,https://www.dupont-toray-sm.co.jp/,"5: 300億円以上~1,000億円未満",,確認不可,△ デュポングループ65%・東レ35%の合弁子会社。自社HP会社概要・公開情報を確認したが、直近3期の対象法人単体売上高を承認ソースで確認できず。https://www.dupont-toray-sm.co.jp/about/
001Nn00000eVmvj,3011101036771,プロパティエージェント株式会社,http://www.propertyagent.co.jp/,"5: 300億円以上~1,000億円未満",オカモトアツキ　0530,確認不可,△ gBizINFOで確認できる提出会社売上高357.23億円は2023年3月期までで鮮度条件外。直近3期の対象法人単体売上高を承認ソースで確認できず。https://info.gbiz.go.jp/hojin/ichiran?hojinBango=3011101036771
001Nn00000eVmvy,8380001006736,株式会社ミナミ・エンタープライズ,http://minami-enterprise.com/,"5: 300億円以上~1,000億円未満",,確認不可,△ 自社HP・公的公開情報を確認したが、直近3期の株式会社ミナミ・エンタープライズ売上高を承認ソースで確認できず。http://minami-enterprise.com/
001Nn00000eVmxT,6090001009778,シチズン電子株式会社,http://ce.citizen.co.jp/index.php,"5: 300億円以上~1,000億円未満",オカモトアツキ,確認不可,△ シチズングループ子会社。自社・親会社公開情報を確認したが、直近3期のシチズン電子単体売上高を承認ソースで確認できず。https://ce.citizen.co.jp/
001Nn00000eVmxn,1010001010624,石福金属興業株式会社,http://www.ishifuku.co.jp,"5: 300億円以上~1,000億円未満",,"2,903億円（2025年12月期・単体）","○ 自社HP会社概要。2025年12月期売上高2,903億円。https://www.ishifuku-kinzoku.co.jp/company/outline.html"
001Nn00000eVmxp,9010001116042,三菱ケミカルインフラテック株式会社,http://www.mp-infratec.co.jp/index.html,"5: 300億円以上~1,000億円未満",／,573.09億円（2026年3月期・単体）,○ 三菱ケミカルグループ100%子会社。官報決算公告で2026年3月期単体売上高573億900万円を確認。https://info.gbiz.go.jp/hojin/ichiran?hojinBango=9010001116042
001Nn00000eVmxy,9130001030561,ニデックドライブテクノロジー株式会社,http://www.nidec-shimpo.co.jp,"5: 300億円以上~1,000億円未満",🔵MC:人事部 075-280-3785 / 植村満 管理統括本部人事部長（旧直通:システム部：075-280-3786） ｜ 🌳★08/17(月)、定時00:00、🌟🚨🔵🌑✳✡🔥訴求用 ※音声(経理：3、システム：4),【300億未満】166.13億円（2025年3月期・単体）,"× 300億未満。gBizINFO第80期決算公告で2025年3月期売上高16,613百万円。ニデック子会社。https://info.gbiz.go.jp/hojin/financialstatement?kessanJohoId=3b207bfc-3043-493c-a1d0-3df4371cacae"
001Nn00000eVmy2,6100001022548,多摩川精機株式会社,http://www.tamagawa-seiki.co.jp,"5: 300億円以上~1,000億円未満",オガタユウ_2026/07/14,822億円（2025年11月期・連結）,○ 自社HP会社概要。2025年11月期売上高は単体481億円、連結822億円。https://www.tamagawa-seiki.co.jp/company/about/
001Nn00000eVn3c,2240001006697,株式会社エネコム,,"5: 300億円以上~1,000億円未満",オカモトアツキ　0530,498億円（2025年度・単体）,○ 自社公式ニュース。2025年度実績売上高498億円。https://www.enecom.co.jp/information/3147/
001Nn00000eVn4s,1120001058306,宝永電機株式会社,https://www.hoei-elec.co.jp/,"5: 300億円以上~1,000億円未満",◆07/09(木)、定時00:00,確認不可,△ 自社HP・公的公開情報を確認したが、直近3期の宝永電機単体売上高を承認ソースで確認できず。二次情報の数値は不採用。https://www.hoei-elec.co.jp/
001Nn00000eVnAR,2170001007975,株式会社ジェイク,http://jac777.com/,"5: 300億円以上~1,000億円未満",スズキユウガ,確認不可,△ 公的自治体就職情報の売上高97.81億円は2023年更新で鮮度条件を満たさず、直近3期の株式会社ジェイク売上高を承認ソースで確認できず。http://jac777.com/
001Nn00000eVnB5,9120001063653,合鐵産業株式会社,http://www.go-sun.co.jp/,"5: 300億円以上~1,000億円未満",オガタユウ_2026/07/14,"830億8,977万円（2026年3月期・単体）","○ 合同製鐵100%子会社だが自社HP会社概要で対象法人の2026年3月期年商830億8,977万円を直接開示。https://www.go-sun.co.jp/company/outline/"
001Nn00000eVnFH,8010401053134,コスモエネルギーソリューションズ株式会社,https://ces.cosmo-energy.co.jp/company/profile/,"6: 1,000億円以上",⭐／,確認不可,△ コスモエネルギーグループ子会社。自社HP会社概要・公開情報を確認したが、直近3期の対象法人単体売上高を承認ソースで確認できず。https://ces.cosmo-energy.co.jp/company/profile/
001Nn00000eVnFN,7010601004722,多田建設株式会社,https://www.tada-con.co.jp,"5: 300億円以上~1,000億円未満",,確認不可,△ 自社HP・公的公開情報を確認したが、直近3期の多田建設売上高を承認ソース本文で確認できず。https://www.tada-con.co.jp/
001Nn00000eVnFu,2010001142672,ウェルネオシュガー株式会社,https://www.wellneo-sugar.co.jp/company/outline/,"5: 300億円以上~1,000億円未満",,"1,129.04億円（2026年3月期・連結売上収益）","○ 自社IR連結財務ハイライト。2026年3月期IFRS連結売上収益112,904百万円。https://www.wellneo-sugar.co.jp/ir/library/highlight/"
001Nn00000eVnG4,6120001086665,日本建設株式会社,https://www.nihonkensetsu.co.jp/,"5: 300億円以上~1,000億円未満",,792億円（2026年2月期・単体）,○ 自社HP会社概要。2026年2月期売上高792億円。https://www.nihonkensetsu.co.jp/company/profile/
001Nn00000eVnG6,6140001048242,関西熱化学株式会社,https://www.tkcc.co.jp/company/about/,"5: 300億円以上~1,000億円未満",,"1,087億円（2026年3月期・単体）","○ 自社HP会社概要。2026年3月末実績売上高1,087億円。https://www.tkcc.co.jp/company/about/"
001Nn00000eVnGG,8180001062238,東邦ガス・カスタマーサービス株式会社,http://www.thgcs.co.jp/index.php,"5: 300億円以上~1,000億円未満",,確認不可,△ 東邦ガスグループ子会社。親会社のセグメント売上は複数社合算で対象法人単体値ではないため不採用。直近3期の単体売上高を承認ソースで確認できず。http://www.thgcs.co.jp/index.php
001Nn00000eVnGW,6020001005288,高梨販売株式会社,https://www.takanashi-milk.co.jp/company/gaiyou,"5: 300億円以上~1,000億円未満",,確認不可,△ 公開二次情報では2024年9月期売上高907.48億円が見つかるが、承認ソースで対象法人単体値を確認できず不採用。https://www.takanashi-milk.co.jp/company/gaiyou
001Nn00000eVnGe,5010001008714,第一実業株式会社,https://www.djk.co.jp/company/outline/,"6: 1,000億円以上",,"2,191.40億円（2026年3月期・連結）","○ 自社HP会社概要。2026年3月期連結売上高219,140百万円。https://www.djk.co.jp/company/outline/"
001Nn00000eVnJY,5011101047222,株式会社グッドコムアセット,https://www.goodcomasset.co.jp/,"5: 300億円以上~1,000億円未満",,545.81億円（2025年10月期・連結）,○ 自社IR・gBizINFO有価証券報告書で2025年10月期連結売上高545億81百万円を確認。https://www.goodcomasset.co.jp/ir%E8%B3%87%E6%96%99
001Nn00000eVnM1,4050001016689,キヤノン化成株式会社,http://www.canon-kasei.co.jp/,"5: 300億円以上~1,000億円未満",,338.24億円（2025年12月期・単体）,"○ キヤノン100%子会社。gBizINFO第76期決算公告で2025年売上高33,824百万円。自社会社概要も338億円と開示。https://info.gbiz.go.jp/hojin/financialstatement?kessanJohoId=d08e67f4-b410-4837-b957-9ce83b115558"
001Nn00000eVnM2,3010001088964,文化シヤッターサービス株式会社,http://www.bunka-shutter-service.co.jp/,"5: 300億円以上~1,000億円未満",,確認不可,△ 文化シヤッター子会社。親会社有報のサービス事業売上高325.96億円は当社を中心とするセグメント値で対象法人単体値ではないため不採用。直近3期の単体売上高を承認ソースで確認できず。https://www.bunka-shutter.co.jp/ir/library/
001Nn00000eVnM4,5010601031594,ジャパン建材株式会社,http://www.jkenzai.co.jp/,"6: 1,000億円以上",,確認不可,△ JKホールディングス傘下子会社。自社IR決算公告ページを確認したが、検索取得可能な承認ソース本文から2024〜2026年3月期のジャパン建材単体売上高数値を確定できず。https://www.jkenzai.co.jp/corporate/ir.html
001Nn00000eVnMB,6120001144720,吉本興業ホールディングス株式会社,http://www.yoshimoto.co.jp/corp/info/group.html,"5: 300億円以上~1,000億円未満",,確認不可,△ 持株会社。自社HP・公開決算情報を確認したが、直近3期の吉本興業ホールディングスの連結/グループ売上高を承認ソースで確認できず。https://www.yoshimoto.co.jp/corp/
001Nn00000eVnMC,2120001028670,奥村組土木興業株式会社,http://www.okumuradbk.co.jp/,"5: 300億円以上~1,000億円未満",,546億円（2025年度・単体）,○ 自社HP会社概要。2025年度売上高546億円。https://www.okumuradbk.co.jp/company/outline/
001Nn00000eVnMD,6011101022356,株式会社ラックランド,https://www.luckland.co.jp/,"5: 300億円以上~1,000億円未満",★商談確認完了後、リリースします★,565.74億円（2025年12月期・連結）,"○ 自社IR業績ハイライト。2025年12月期連結売上高56,574百万円。https://www.luckland.co.jp/ir/hilight.html"
001Nn00000eVnMJ,5010701012981,いすゞロジスティクス株式会社,http://www.isuzu-linex.co.jp/,"5: 300億円以上~1,000億円未満",,946億円（2025年度・単体）,○ いすゞ自動車100%子会社だが、自社HP会社概要で対象法人の2025年4月〜2026年3月売上高946億円を直接開示。https://www.ilc.isuzu.co.jp/company
001Nn00000eVnMb,9010401078551,伊藤忠エネクス株式会社,https://www.itcenex.com/,"6: 1,000億円以上",,"9,200億円以上（2025年3月期・連結売上収益）","○ 自社採用公式『はじめに知る伊藤忠エネクス』で2025年3月時点の連結売上収益9,200億円以上を開示。IFRS売上収益を採用。https://www.itcenex.com/ja/recruit/newgrads/about/"
001Nn00000eVnMf,9430001075196,株式会社土屋ホーム,https://www.tsuchiyahome.jp/,"5: 300億円以上~1,000億円未満",,確認不可,△ 土屋ホールディングス子会社。自社・公的公開情報を確認したが直近3期の株式会社土屋ホーム単体売上高を承認ソースで確認できず。二次情報の2025年売上高203.22億円は不採用。https://www.tsuchiyahome.jp/
001Nn00000eVnMt,2120001028927,株式会社駒井ハルテック,https://www.komaihaltec.co.jp/corp/,"5: 300億円以上~1,000億円未満",,344.14億円（2026年3月期・連結）,"○ JPX掲載2026年3月期決算短信。連結売上高34,414百万円。https://www2.jpx.co.jp/disc/59150/140120260513528754.pdf"
001Nn00000eVnMx,5020001027564,田辺商事株式会社,http://tanabe-net.co.jp/,"5: 300億円以上~1,000億円未満",,確認不可,△ 自社HP・gBizINFOを確認したが、直近3期の田辺商事売上高を承認ソースで確認できず。https://tanabe-net.co.jp/
001Nn00000eVnMy,1021001040016,株式会社エイヴイ,http://www.ave.gr.jp/,"5: 300億円以上~1,000億円未満",,797億円（2024年度・単体）,○ 自社HP会社概要。株式会社ブルーゾーンホールディングス傘下だが対象法人の2024年度年商797億円を直接開示。https://www.ave.gr.jp/company/
001Nn00000eVnN2,1011101036179,三井住建道路株式会社,http://www.smrc.co.jp/index.html,"5: 300億円以上~1,000億円未満",,【300億未満】286.78億円（2026年3月期・連結）,"× 300億未満。自社公式2026年3月期決算短信で連結売上高28,678百万円。https://www.smrc.co.jp/LinkClick.aspx?fileticket=egdn5mQ5JqM%3D&mid=566&tabid=120"
001Nn00000eVnNK,3180001048043,株式会社真城ホールディングス,http://www.p-castle.co.jp/index.html,"5: 300億円以上~1,000億円未満",【属性】R/👤人事：人事責任者　カワモリ様　6/19に一度お断わりされてる,"1,005億円（2026年7月期・連結）","○ 自社HP会社概要。2026年7月（59期）連結売上高1,005億円。https://www.p-castle.co.jp/company/"
001Nn00000eVnNn,8120001038771,ダイキンＨＶＡＣソリューション近畿株式会社,http://www.daikin.co.jp/group/dkhvac-kinki,"5: 300億円以上~1,000億円未満",⭐／,確認不可,△ ダイキン工業100%子会社。公的法人情報・自社情報を確認したが、直近3期の対象法人単体売上高を承認ソースで確認できず。求人媒体の592億円は不採用。https://www.ac.daikin.co.jp/group/dkhvac-kinki
001Nn00000eVnOV,3370001007384,扇屋商事株式会社,http://ohgiyashoji.jp/,"5: 300億円以上~1,000億円未満",,確認不可,△ 自社HP・公的公開情報を確認したが、直近3期の扇屋商事売上高を承認ソースで確認できず。二次情報の2024年5月期368.10億円は不採用。https://ohgiyashoji.jp/
001Nn00000eVnOo,7260001004488,株式会社テイツー,http://www.tay2.co.jp,"5: 300億円以上~1,000億円未満",🔵MC:管理本部／人事総務部／総務グループ 048-933-3070 / 青野友弘 CFO、取締役管理本部長兼人事総務部長（旧直通:048-933-3070）,約422億円（2026年2月期・連結）,○ 自社採用公式『3分でわかるテイツー』。2026年2月期売上高約422億円。https://www.tay2.co.jp/recruit/in3minutes.html
001Nn00000eVnQD,6030001058228,ハスクバーナ・ゼノア株式会社,http://www.zenoah.co.jp/jp,"6: 1,000億円以上",,確認不可,"△ ハスクバーナグループ子会社。自社HPの2025年12月期約6,834億円は世界グループ連結値で対象法人単体値ではないため不採用。直近3期の単体売上高を承認ソースで確認できず。https://www.husqvarna.com/jp/company-profile/"
001Nn00000eVnRP,3130001012169,京都トヨペット株式会社,https://www.kyoto-toyopet.jp/corporate/profile,"5: 300億円以上~1,000億円未満",,481億円（2025年度・単体）,○ 自社HP会社概要。2025年度実績売上高481億円。https://www.kyoto-toyopet.jp/corporate/profile/
001Nn00000eVnRS,8290001047673,ヤンマー建機株式会社,https://www.yanmar.com/jp/about/company/construction,"5: 300億円以上~1,000億円未満",,854.07億円（2026年3月期・単体）,○ ヤンマーグループ子会社。2026年3月期決算公告で対象法人単体売上高854億700万円を確認。https://www.yanmar.com/jp/about/company/construction/
001Nn00000eVnRT,9240001012607,株式会社リョーキ,http://www.ryoki-japan.co.jp,"5: 300億円以上~1,000億円未満",🔵MC:管理部／人事課 082-237-4457（旧直通:総務部082-237-4457）,372億円（2025年6月期・単体）,○ 自社HP会社概要。2025年6月決算売上高372億円。https://www.ryoki-japan.co.jp/company.html
001Nn00000eVnWx,2010401099579,ジクシス株式会社,https://www.gyxis.jp/company/profile/,"5: 300億円以上~1,000億円未満",,"3,828億円（2025年度・単体）","○ 自社HP会社概要。2025年度売上高3,828億円。https://www.gyxis.jp/company/profile/"
001Nn00000eVnY0,7010001108330,日軽エムシーアルミ株式会社,http://www.nmca.jp,"5: 300億円以上~1,000億円未満",／,575億円（2025年度・単体）,"○ 自社HP会社概要。2025年度売上高は単体575億円、連結1,170億円。出資会社を持つが対象法人単体値でも300億円以上。https://www.nmca.jp/company/kaisya-gaiyou.html"
001Nn00000eVnaB,5030001057049,株式会社内外テクノス,http://www.naigai-technos.co.jp/,"5: 300億円以上~1,000億円未満",◆08/17(月)、定時00:00、,【300億未満】108.20億円（2026年3月期・単体）,"× 300億未満。大林組子会社。2026年3月期決算公告で対象法人単体売上高108億2,000万円。https://www.naigai-technos.co.jp/"
001Nn00000eVnbp,6290801015451,日産トレーデイングオペレーションジャパン株式会社,http://www.nitco-jp.com/,"6: 1,000億円以上",,確認不可,△ 日産トレーデイング子会社。2026年3月期決算公告は売上高非開示で、直近3期の対象法人単体売上高を承認ソースで確認できず。https://www.nitco-jp.com/
001Nn00000eVndt,4011001032721,株式会社ディー・エヌ・エー,http://www.dena.jp/,"6: 1,000億円以上",,"1,639.97億円（2025年3月期・連結売上収益）","○ JPX掲載2025年3月期決算短信。IFRS連結売上収益163,997百万円。https://www2.jpx.co.jp/disc/24320/140120250509538269.pdf"
001Nn00000eVndu,8120001112188,株式会社バイセップス,https://www.biceps.co.jp/company/,"5: 300億円以上~1,000億円未満",,確認不可,△ 自社HP・公的公開情報を確認したが、直近3期の株式会社バイセップス売上高を承認ソースで確認できず。https://www.biceps.co.jp/company/
001Nn00000eVndw,4010001081836,東日本電気エンジニアリング株式会社,http://www.tems.co.jp/,"5: 300億円以上~1,000億円未満",,425億円（2025年度・単体）,○ 自社HP会社概要。2025年度売上高425億円。https://www.tems.co.jp/company/overview.html
001Nn00000eVndy,9180001088934,株式会社ギガス,https://www.ksdenki.co.jp/gigas,"6: 1,000億円以上",,714億円（2026年3月期・単体）,○ ケーズHD子会社だが自社HP会社概要で対象法人の2026年3月期売上高714億円を直接開示。https://www.ksdenki.co.jp/gigas/company/outline/
001Nn00000eVne4,5012801002680,株式会社リガク,https://www.japan.rigaku.com/,"5: 300億円以上~1,000億円未満",／,確認不可,△ リガク・ホールディングス子会社。HDの2025年12月期連結売上収益941.93億円はグループ値のため不採用。直近3期の株式会社リガク単体売上高を承認ソースで確認できず。https://www.rigaku.com/ja/about/company
001Nn00000eVne7,5180001097294,長田広告株式会社,https://ad-nagata.com/index.html,"5: 300億円以上~1,000億円未満",🎯360:名古屋支社／人事部／キャリア開発課 052-533-3533 ｜ 【属性】🧸/【👤人事】【👤経理】【👤総務/管理】： 人事部・総務部・財務経理部/部長/宮本 慶孝,確認不可,△ 自社HP・公的公開情報を確認したが、直近3期の長田広告単体売上高を承認ソースで確認できず。https://ad-nagata.com/
001Nn00000eVneK,1010001019962,ジョルジオアルマーニジャパン株式会社,https://www.armani.com/,"5: 300億円以上~1,000億円未満",,確認不可,△ Armaniグループ日本法人。自社・公的公開情報を確認したが、直近3期のジョルジオアルマーニジャパン単体売上高を承認ソースで確認できず。二次情報の2023年250億円は鮮度条件外かつ非承認。https://www.armani.com/ja-jp/
001Nn00000eVnef,4120001037604,岡本無線電機株式会社,http://www.okamotonet.co.jp/,"5: 300億円以上~1,000億円未満",🔵MC:人事部 06-6643-4671（旧直通:システム部署:06-6644-1107）,確認不可,△ 自社HP会社概要・公的公開情報を確認したが、直近3期の岡本無線電機単体売上高を承認ソースで確認できず。https://www.okamotonet.co.jp/company/about.html
001Nn00000eVnf3,1120001043596,サンキン株式会社,http://www.sankin.co.jp/index.html,"5: 300億円以上~1,000億円未満",🔵MC:管理本部／総務部／人事課 06-6539-3005 ｜ 7/10シモムラソウノスケ,428億円（2026年3月期・単体）,○ 自社HP会社概要。2026年3月期年商は単体428億円（連結554億円）。https://www.sankin.co.jp/company/about/
001Nn00000eVnf4,1020001053696,イリソ電子工業株式会社,http://www.iriso.co.jp,"5: 300億円以上~1,000億円未満",🌳★08/17(月)、定時00:00、⭐🌟🚨🔵🌑🌅 ・営業本部/執行役員 営業本部副本部長(欧米営業担当) 兼IRISO Electronics Europe GmbH Managing Director/今井 信一/※4,563.32億円（2025年3月期・連結）,"○ JPX掲載2025年3月期決算短信。連結売上高56,332百万円。https://www2.jpx.co.jp/disc/69080/140120250502530492.pdf"
001Nn00000eVnf8,1011001017865,日本電波工業株式会社,https://www.ndk.com/jp/info/engnet/index.html,"5: 300億円以上~1,000億円未満",シモムラソウノスケ　7/16,546.29億円（2026年3月期・連結売上収益）,"○ 自社公式2026年3月期決算短信（IFRS）。連結売上収益54,629百万円。https://www.ndk.com/jp/news/ir/index.html"
001Nn00000eVnlV,5013201005902,株式会社メル・ローズ,https://www.melrose.co.jp/,"5: 300億円以上~1,000億円未満",,確認不可,△ ビギホールディングス傘下。自社HP・公的公開情報を確認したが、直近3期の株式会社メル・ローズ単体売上高を承認ソースで確認できず。https://www.melrose.co.jp/
001Nn00000eVnlj,9220001001784,明祥株式会社,http://www.mshhs.com/,"5: 300億円以上~1,000億円未満",https://catr.jp/companies/ce6d8/10503　300億以上　定時1730,確認不可,"△ アルフレッサHD完全子会社。自社公式では2022年度に売上高1,000億円達成との記載はあるが鮮度条件外。直近3期の明祥単体売上高を承認ソースで確認できず。https://www.mshhs.com/message/"
001Nn00000eVnm1,6010401076946,あおみ建設株式会社,https://www.aomi.co.jp/company/,"5: 300億円以上~1,000億円未満",6/22シモムラソウノスケ,確認不可,△ 2026年に清水建設グループ傘下へ参画。自社HP・親会社公開情報を確認したが、直近3期の対象法人単体売上高を承認ソースで確認できず。2024年3月実績361.44億円の二次情報は不採用。https://aomi.co.jp/company/index.html
001Nn00000eVnmD,9180001017538,東海テレビ放送株式会社,http://tokai-tv.com/,"5: 300億円以上~1,000億円未満",,確認不可,△ 自社HP・公開決算情報を確認したが、直近3期の東海テレビ放送単体売上高を承認ソースで確認できず。二次情報の数値は不採用。https://www.tokai-tv.com/
001Nn00000eVnmL,4010401074134,日本コーンスターチ株式会社,http://www.nihon-cornstarch.com,"5: 300億円以上~1,000億円未満",,500億円（2025年8月期・単体）,○ 自社HP会社概要。2025年8月期売上高500億円。https://www.japan-cornstarch.com/information/company/tabid/115/Default.aspx
001Nn00000eVnmT,9010701001205,株式会社ＵＥＸ,https://www.uex-ltd.co.jp/,"5: 300億円以上~1,000億円未満",🔵MC:総務部／総務人事チーム 03-5460-6505 ｜ ／,497.25億円（2026年3月期・連結）,○ 自社HP会社概要。2026年3月期連結売上高497億25百万円。https://www.uex-ltd.co.jp/company/profile/
001Nn00000eVnyn,6070001006447,関東いすゞ自動車株式会社,https://www.kanto-isuzu.co.jp/office/takasaki/,"5: 300億円以上~1,000億円未満",,"876億7,250万円（2026年3月期・単体）","○ 自社HP会社概要。2026年3月期売上高876億7,250万円。https://www.kanto-isuzu.co.jp/company/"
001Nn00000eVnyt,8030001003330,埼玉トヨタ自動車株式会社,https://www.saitamatoyota.co.jp/,"5: 300億円以上~1,000億円未満",ハシモトワタル,"1,025億円（2026年3月期・単体）","○ 自社HP会社概要。2026年3月期売上高1,025億円。https://www.saitamatoyota.co.jp/company/nav_company-61"
001Nn00000eVnyy,8012801001936,株式会社エコス,https://www.eco-s.co.jp/,"5: 300億円以上~1,000億円未満",,"1,341.98億円（2026年2月期・連結）","○ JPX掲載2026年2月期決算短信。連結売上高134,198百万円。https://www2.jpx.co.jp/disc/75200/140120260413502301.pdf"
001Nn00000eVo5r,4120001103331,株式会社ソフトウェア・サービス,https://www.softs.co.jp/,"5: 300億円以上~1,000億円未満",,410.57億円（2025年10月期・単体）,"○ gBizINFO（EDINET有価証券報告書）。2025年10月期提出会社売上高41,057百万円。https://info.gbiz.go.jp/hojin/ichiran?hojinBango=4120001103331"
001Nn00000eVo5u,1010001008833,日本曹達株式会社,http://www.nippon-soda.co.jp/,"5: 300億円以上~1,000億円未満",,"1,551.99億円（2025年3月期・連結）","○ JPX掲載2025年3月期決算短信。連結売上高155,199百万円。https://www2.jpx.co.jp/disc/40410/140120250428525431.pdf"
001Nn00000eVo5y,9470001003475,株式会社ビッグ・エス,https://www.ksdenki.co.jp/big-s,"5: 300億円以上~1,000億円未満",,680億円（2026年3月期・単体）,○ ケーズHD子会社だが自社HP会社概要で対象法人の2026年3月期売上高680億円を直接開示。https://www.ksdenki.co.jp/big-s/company/outline/
001Nn00000eVo6H,3030001006734,ネッツトヨタ埼玉株式会社,https://saitama.netz-toyota-dealer.jp/corporate,"5: 300億円以上~1,000億円未満",シモムラ ソウノスケ,確認不可,△ 自社HPの最新会社概要で確認できる売上高461億円は『2023年度3月期実績』で、鮮度条件を満たす直近3期の確定売上高を確認できず。https://saitama.netz-toyota-dealer.jp/corporate
001Nn00000eVo6M,1010501008820,ＴＯＰＰＡＮロジスティクス株式会社,http://www.toppan-b.co.jp/index.html,"5: 300億円以上~1,000億円未満",6/22シモムラソウノスケ,【300億未満】283億円（2026年3月期・単体）,× 300億未満。自社HP会社概要。TOPPAN HD子会社だが対象法人の2026年3月期売上高283億円。https://www.logi.toppan.com/company/company-profile/
001Nn00000eVo6u,4100001019389,岡谷酸素株式会社,https://www.okayasanso.co.jp/,"5: 300億円以上~1,000億円未満",,確認不可,△ 自社HP・公的公開情報を確認したが、直近3期の岡谷酸素売上高を承認ソースで確認できず。採用媒体の2025年11月247億円は非承認のため不採用。https://www.okayasanso.co.jp/
001Nn00000eVo70,2110001023706,株式会社渡辺リネン,http://www.wash.co.jp/linen/index.html,"5: 300億円以上~1,000億円未満",,確認不可,△ 自社グループ会社概要では2024年2月期グループ合計売上高147億円を確認できるが、対象法人・渡辺リネン単体の売上高が分離開示されていないため判定値として不採用。https://www.wash.co.jp/group/corporate-information/corporate-profile/
001Nn00000eVo7P,8010401039851,シャープＮＥＣディスプレイソリューションズ株式会社,http://www.nec-display.com/jp/index.html,"6: 1,000億円以上",,対象外（吸収合併により消滅）,× 法人番号8010401039851。2025年11月にシャープディスプレイソリューションズへ商号変更後、2026年5月11日に合併による解散で登記閉鎖。gBizINFO確認。https://info.gbiz.go.jp/hojin/ichiran?hojinBango=8010401039851
001Nn00000eVoAL,4010401081171,サントリープロダクツ株式会社,https://www.suntory.co.jp/softdrink,"5: 300億円以上~1,000億円未満",,確認不可,△ サントリービバレッジ&フード子会社。自社/親会社公式ページ・gBizINFOを確認したが、直近3期のサントリープロダクツ単体売上高を承認ソース本文で確認できず。二次的な官報転載DBの546.72億円は不採用。https://www.suntory.co.jp/company/group/products/
001Nn00000eVoAM,1010401029660,森永製菓株式会社,http://morinaga.co.jp/,"6: 1,000億円以上",オガタユウ_2026/07/14,"2,366.72億円（2026年3月期・連結）","○ 自社公式2026年3月期決算短信。連結売上高236,672百万円。https://www.morinaga.co.jp/public/newsrelease/web/fix/file6a01323210934.pdf"
001Nn00000eVoEL,9120001059478,高松建設株式会社,http://www.takamatsu-const.co.jp/,"5: 300億円以上~1,000億円未満",,確認不可,△ 高松コンストラクショングループ子会社。採用媒体では2025年3月期単体990億円が見つかるが非承認ソースのため不採用。自社/親会社の承認ソースで直近3期の高松建設単体売上高を確定できず。https://www.takamatsu-const.co.jp/
001Nn00000eVoEM,4130001013991,エムケイ株式会社,,"5: 300億円以上~1,000億円未満",🌳★08/17(月)、定時00:00、👤情シス/DX👤人事👤営業,【300億未満】150億600万円（2025年度・単体）,× 300億未満。MKグループ公式会社情報でエムケイ株式会社の2025年度売上高150億600万円。グループ合計559億円は対象法人単体ではないため不採用。https://www.mk-group.co.jp/about/company
001Nn00000eVoEf,9210001004020,三谷セキサン株式会社,,"5: 300億円以上~1,000億円未満",,998.54億円（2026年3月期・連結）,"○ JPX掲載2026年3月期決算短信。連結売上高99,854百万円。https://www2.jpx.co.jp/disc/52730/140120260512527002.pdf"
001Nn00000eVoFC,2010401031962,リフィニティブ・ジャパン株式会社,http://www.datastream.jp/,"6: 1,000億円以上",／,確認不可,△ LSEGグループ日本法人。gBizINFO・公式日本法人情報を確認したが、直近3期のリフィニティブ・ジャパン単体売上高を承認ソースで確認できず。https://info.gbiz.go.jp/hojin/ichiran?hojinBango=2010401031962
001Nn00000eVoFH,5500001009968,住友共同電力株式会社,https://www.sumikyo.co.jp/,"5: 300億円以上~1,000億円未満",,確認不可,△ 自社HP・公的公開情報を確認したが、直近3期の住友共同電力単体売上高を承認ソースで確認できず。二次情報の2025年3月期700.69億円は不採用。https://www.sumikyo.co.jp/
001Nn00000eVoFj,4120001126778,株式会社阪急阪神ビジネストラベル,https://www.hhbt.co.jp/,"5: 300億円以上~1,000億円未満",,確認不可,"△ 阪急交通社子会社。親会社公式の2025年度グループ売上高2,965.46億円は阪急交通社等3社合算のため対象法人単体値として不採用。直近3期の単体売上高を承認ソースで確認できず。https://www.hhbt.co.jp/"
001Nn00000eVoHn,7120001057574,日清食品ホールディングス株式会社,https://www.nissin.com/,"6: 1,000億円以上",,"7,881億円（2026年3月期・連結売上収益）","○ 自社HP会社概要。持株会社の2026年3月期連結売上収益7,881億円。https://www.nissin.com/jp/company/about/nissinfoods-holdings/outline/"
001Nn00000eVoKr,9010001059563,株式会社ヤマハミュージックジャパン,https://www.jp.yamaha.com/,"5: 300億円以上~1,000億円未満",,確認不可,△ ヤマハ子会社。親会社有報で確認できるヤマハミュージックジャパン単体売上高は古い年度のため鮮度条件外。直近3期の単体売上高を承認ソースで確認できず。https://www.jp.yamaha.com/
001Nn00000eVoKs,2010401090562,ウエスタンデジタル合同会社,https://www.wdc.com/,"5: 300億円以上~1,000億円未満",,対象外（合同会社）,× 法人格。直アポ大は株式会社のみ。合同会社のため対象外
001Nn00000eVoKw,5010401000774,プラダジャパン株式会社,http://www.prada.com/ja.html?cc=JP,"5: 300億円以上~1,000億円未満",,確認不可,△ Pradaグループ日本法人。自社・公的公開情報を確認したが、直近3期のプラダジャパン単体売上高を承認ソースで確認できず。https://www.prada.com/jp/ja.html
001Nn00000eVoKy,2140001088234,アシックスジャパン株式会社,http://www.asics.com/jp,"5: 300億円以上~1,000億円未満",,951.28億円（2024年12月期・単体）,"○ 親会社アシックスのEDINET有価証券報告書『主要な損益情報等』で、子会社アシックスジャパン単体売上高95,128百万円を確認。https://info.gbiz.go.jp/hojin/edinetDownload?docId=S100VIXM"
001Nn00000eVoKz,3120001059624,株式会社読売新聞大阪本社,,"6: 1,000億円以上",,確認不可,△ 公開情報では2025年度売上高424.55億円の二次情報が見つかるが、承認ソースで株式会社読売新聞大阪本社の直近3期売上高を確認できず不採用。
001Nn00000eVoLF,9010701017036,東洋メビウス株式会社,http://www.toyo-mebius.com/,"5: 300億円以上~1,000億円未満",7/17シモムラソウノスケ,383.53億円（2026年3月期・単体）,"○ 東洋製罐グループHD子会社だが自社HP会社概要で対象法人の2026年3月期売上高38,353百万円を直接開示。https://www.toyo-mebius.com/company/"
001Nn00000eVoLJ,2120001066027,泉州電業株式会社,https://www.senden.co.jp/,"6: 1,000億円以上",,"1,355億円（現行・連結）","○ 自社HP会社概要。現行開示の売上高は連結1,355億円、単体1,282億円。いずれも300億円以上。https://www.senden.co.jp/company/overview/"
001Nn00000eVoLT,2010401076867,株式会社エネサンス関東,http://www.enessance-kanto.co.jp/index.html,"5: 300億円以上~1,000億円未満",,確認不可,△ 住友商事系子会社。自社HP・公的公開情報を確認したが、直近3期のエネサンス関東単体売上高を承認ソースで確認できず。採用媒体の2026年3月期192億円は非承認のため不採用。https://www.enessance-kanto.co.jp/
001Nn00000eVoLb,4011101026111,マーシュジャパン株式会社,https://www.marsh.com/jp/ja/home.html,"5: 300億円以上~1,000億円未満",,確認不可,△ 保険ブローカー。自社・公的公開情報を確認したが、直近3期のマーシュジャパン単体の売上高/保険業特例で採用可能な収益を承認ソースで確認できず。https://www.marsh.com/jp/ja/home.html
001Nn00000eVoLj,2010001017552,斎久工業株式会社,https://www.saikyu.co.jp/corporate/about/,"5: 300億円以上~1,000億円未満",,確認不可,△ 自社公式電子公告で2026年3月期まで損益計算書を公開していることを確認したが、検索取得本文から売上高数値を確定できず。推測せず確認不可。https://www.saikyu.co.jp/corporate/koukoku/
001Nn00000eVoM4,6120001041612,英和株式会社,http://www.eiwa-net.co.jp/,"5: 300億円以上~1,000億円未満",,457.93億円（2026年3月期・単体）,"○ gBizINFO（EDINET有価証券報告書）。2026年3月期提出会社売上高45,793,968千円。https://info.gbiz.go.jp/hojin/ichiran?hojinBango=6120001041612"
001Nn00000eVoNS,5120001158374,ラブリー・ペット商事株式会社,https://www.lovelypet.co.jp/corporate/company/,"5: 300億円以上~1,000億円未満",,"479億5,586万円（2025年3月期・単体）","○ 自社HP会社概要。令和7年3月期売上高479億5,586万円。https://www.lovelypet.co.jp/corporate/company/"
001Nn00000eVoNq,1010001090889,ＥＮＥＯＳグローブ株式会社,http://www.eneos-globe.co.jp/,"6: 1,000億円以上",,"約4,020億円（2026年3月期・単体）","○ 自社HP会社概要。2026年3月期売上約4,020億円。https://www.eneos-globe.co.jp/corporate/about.html"
001Nn00000eVoOF,7010601029810,株式会社滝山,,"5: 300億円以上~1,000億円未満",,確認不可,△ 公的法人情報・公開決算情報を確認したが、直近3期の株式会社滝山売上高を承認ソースで確認できず。
001Nn00000eVoOT,9011101016421,株式会社日本財託,http://www.nihonzaitaku.co.jp/company/about.html,"5: 300億円以上~1,000億円未満",,"367億2,000万円（2025年9月期・単体）","○ 自社HP会社概要。2025年9月期の日本財託単体売上高367億2,000万円（連結433億7,400万円）。対象法人単体でも300億円以上。https://www.nihonzaitaku.co.jp/company/about.html"
001Nn00000eVoU0,6130001047071,株式会社島津インターナショナル,http://www.shimadzu-inter.co.jp/index.html,"5: 300億円以上~1,000億円未満",,確認不可,△ 島津製作所子会社。自社HP・公開決算を確認したが、直近3期の島津インターナショナル単体売上高を承認ソースで確認できず。https://www.shimadzu-inter.co.jp/
001Nn00000eVoU4,2180001126155,株式会社シロキ,http://www.shiroki.com/index.html,"5: 300億円以上~1,000億円未満",,319億円（2025年度・グループ連結）,○ 自社HP会社概要。株式会社シロキ自身の会社概要で2025年度グループ連結売上高319億円を公表。https://shiroki.com/shiroki/
001Nn00000eVoUq,2120001073510,株式会社メタルワン特殊鋼,http://www.mtlo-tok.co.jp/index.html,"6: 1,000億円以上",,確認不可,△ 現法人名は株式会社Metal One Nexus。メタルワングループ子会社。公的法人情報・承認ソースを確認したが、直近3期の対象法人単体売上高を確認できず。官報転載DBの2025年3月期914.42億円は非承認のため不採用。https://info.gbiz.go.jp/hojin/ichiran?hojinBango=2120001073510
001Nn00000eVoUs,7140001052111,エア・リキード・オペレーション株式会社,https://industry.airliquide.jp/,"5: 300億円以上~1,000億円未満",／電話番号検索必須,確認不可,△ Air Liquideグループ子会社。自社・公的公開情報を確認したが、直近3期のエア・リキード・オペレーション単体売上高を承認ソースで確認できず。https://industry.airliquide.jp/
001Nn00000eVoVB,8470001000275,愛染興業株式会社,http://aizen-p.com/,"5: 300億円以上~1,000億円未満",,確認不可,△ 自社HP・公的公開情報を確認したが、直近3期の愛染興業売上高を承認ソースで確認できず。http://aizen-p.com/
001Nn00000eVoW2,8240001029866,株式会社一富士興業,http://www.ichifujinetwork.co.jp/,"5: 300億円以上~1,000億円未満",,確認不可,△ 自社HP・公的公開情報を確認したが、直近3期の一富士興業売上高を承認ソースで確認できず。http://www.ichifujinetwork.co.jp/
001Nn00000eVoWT,5180001026047,大和産業株式会社,https://www.yamatosangyo.co.jp/company/outline.html,"5: 300億円以上~1,000億円未満",,"2,063億円（2026年3月期・グループ）","○ 自社HP会社概要。大和産業を中核とするヤマトグループ売上高合計2,063億円（2026年3月期）。https://www.yamatosangyo.co.jp/company/outline.html"
001Nn00000eVoX6,5010001030296,美須賀海運株式会社,https://misuga-kaiun.co.jp/company.html,"5: 300億円以上~1,000億円未満",★08/26(水)午後、🔵🌑✳🌅💎🐧,確認不可,△ 自社HP・公的公開情報を確認したが、直近3期の美須賀海運売上高を承認ソースで確認できず。https://misuga-kaiun.co.jp/company.html
001Nn00000eVoYT,6010001155349,ＰＨＣホールディングス株式会社,http://www.panasonic-healthcare.com/jp,"6: 1,000億円以上",イワマシリュウ_2026/08/10,"3,615.93億円（2025年3月期・連結売上収益）","○ 自社統合報告書の主要財務データ。2025年3月期連結売上収益361,593百万円。https://prod-phchd-sc104-wjp-rp.phchd.com/jp/sustainability/integratedreport2025/data/financial_statements"
001Nn00000eVoZK,3380001000405,キョウワプロテック株式会社,https://www.kyowa-groupnet.jp/,"5: 300億円以上~1,000億円未満",,確認不可,△ 自社HP・2025年6月期決算公告を確認したが、検索取得できる承認ソース本文からキョウワプロテックの総売上高を確定できず。推測せず確認不可。https://www.kyowa-groupnet.jp/
001Nn00000eVoZP,1260001012752,菅公学生服株式会社,http://kanko-gakuseifuku.co.jp/,"5: 300億円以上~1,000億円未満",オカモトアツキ 0530,"456億2,100万円（2024年度・グループ連結）","○ 自社HP企業情報。2024年度グループ連結売上高456億2,100万円。菅公学生服がグループ中核会社として開示。https://kanko-gakuseifuku.co.jp/company/overview.html"
001Nn00000eVoZm,8180001017638,トヨタカローラ愛知株式会社,https://www.c-aichi.co.jp/store/higashikatahaten,"5: 300億円以上~1,000億円未満",,"640億3,400万円（2024年3月期・単体）","○ 自社HP会社概要。2024年3月期売上高640億3,400万円。https://www.c-aichi.co.jp/corporate"
001Nn00000eVoZp,1500001005095,太陽石油販売株式会社,https://www.taiyosekiyuhanbai.co.jp/about.html,"5: 300億円以上~1,000億円未満",🔵MC:総務部／人事グループ 089-904-9207（旧直通:システム部：089-955-1255） ｜ 🌳★08/17(月)、定時18:00、🔵🌑✳💡🌅💎🔥👤情シス/DX👤経理,確認不可,△ 太陽石油グループ子会社。自社HP・公的公開情報を確認したが、直近3期の太陽石油販売単体売上高を承認ソースで確認できず。二次情報の2025年3月期609.69億円は不採用。https://www.taiyosekiyuhanbai.co.jp/about.html
001Nn00000eVoaG,9100001000600,株式会社角藤,https://www.kakuto.co.jp/,"5: 300億円以上~1,000億円未満",,951億円（2026年1月期・単体）,○ 自社HP会社概要。2026年1月期決算売上高951億円。https://www.kakuto.co.jp/company/
001Nn00000eVoaJ,6240001026634,株式会社ムロオ,http://www.muroo.co.jp/company_general/,"5: 300億円以上~1,000億円未満",,確認不可,△ トライアルHD傘下子会社。自社HP・公的情報を確認したが、直近3期のムロオ単体売上高を承認ソースで確認できず。官報転載DBの2026年3月期780.78億円は非承認のため不採用。https://www.muroo.co.jp/company_general/
001Nn00000eVogl,2320001007828,株式会社チアエンタープライズ,http://www.cheer-group.jp/index.html,"5: 300億円以上~1,000億円未満",,確認不可,△ 自社HP・公的公開情報を確認したが、直近3期のチアエンタープライズ売上高を承認ソースで確認できず。http://www.cheer-group.jp/index.html
001Nn00000eVoi5,9180001031571,株式会社東海理化クリエイト,http://torica.co.jp/,"5: 300億円以上~1,000億円未満",ヤナギダタツヤ0703,489億円（2026年3月期・単体）,○ 自社HP会社概要。2026年3月期売上高は単体489億円、連結625億円。https://www.torica.co.jp/outline/
001Nn00000eVoiM,7013301022317,ヤマトクレジットファイナンス株式会社,http://www.yamato-credit-finance.co.jp/,"5: 300億円以上~1,000億円未満",,確認不可,△ ヤマトグループの金融子会社。自社・親会社公開情報を確認したが、直近3期のヤマトクレジットファイナンス単体売上高を承認ソースで確認できず。http://www.yamato-credit-finance.co.jp/
001Nn00000eVoiZ,8010401090648,株式会社アルファパーチェス,http://www.alphapurchase.co.jp/homepage/index.html,"5: 300億円以上~1,000億円未満",,589億円（2025年12月期・連結）,○ 自社HP企業情報。2025年12月期連結売上高589億円。https://www.alphapurchase.co.jp/aboutus/profile.html
001Nn00000eVoid,6400002001207,株式会社公楽,https://www.nk-group.co.jp/,"5: 300億円以上~1,000億円未満",,確認不可,△ 自社グループHP・公的公開情報を確認したが、直近3期の株式会社公楽売上高を承認ソースで確認できず。https://www.nk-group.co.jp/
001Nn00000eVoj0,1430001005219,株式会社なの花北海道,https://www.nanohana-ph.jp/company/nanohana-hokkaido.php,"5: 300億円以上~1,000億円未満",イワマシリュウ_2026/08/06,323.88億円（2025年3月期・単体）,"○ 親会社メディカルシステムネットワークの有価証券報告書『主要な損益情報等』で、子会社なの花北海道の売上高32,388百万円を確認。https://edinetdb.jp/company/E05274/text?fy=2025"
001Nn00000eVoj1,1060001010545,株式会社ナカニシ,http://www.nsk-nakanishi.co.jp/,"5: 300億円以上~1,000億円未満",,811.79億円（2025年12月期・連結）,"○ 自社IR財務・業績。2025年12月期連結売上高81,179百万円。https://www.nakanishi-inc.jp/ir/financial_data/"
001Nn00000eVoj3,9120001077430,塩野義製薬株式会社,http://www.shionogi.co.jp/,"6: 1,000億円以上",,"4,996.77億円（2026年3月期・連結売上収益）","○ 自社公式2026年3月期決算短信。IFRS連結売上収益499,677百万円。https://www.shionogi.com/content/dam/shionogi/jp/investors/ir-library/presentation-materials/fy2026/q1/2025%E5%B9%B4%E5%BA%A6%E6%B1%BA%E7%AE%97%20%E7%9F%AD%E4%BF%A1.pdf"
001Nn00000eVojV,6011701000463,株式会社イクタツ,http://www.ikutatsu.co.jp/,"6: 1,000億円以上",イワマシリュウ_2026/08/10,確認不可,△ 自社HP・公的公開情報を確認したが、直近3期の株式会社イクタツ売上高を承認ソースで確認できず。http://www.ikutatsu.co.jp/
001Nn00000eVoje,7021001021209,東海教育産業株式会社,http://www.tokai-eic.co.jp/,"5: 300億円以上~1,000億円未満",★08/24(月)、定時00:00、⭐🌟🚨✳✡🌅👤情シス/DX,確認不可,△ 東海大学関連会社。自社HP・公的公開情報を確認したが、直近3期の東海教育産業単体売上高を承認ソースで確認できず。http://www.tokai-eic.co.jp/
001Nn00000eVojo,6230001012701,アイディック株式会社,http://www.aidic.co.jp/index.html,"5: 300億円以上~1,000億円未満",,確認不可,△ 自社HP・公的公開情報を確認したが、直近3期のアイディック株式会社売上高を承認ソースで確認できず。http://www.aidic.co.jp/
001Nn00000eVoju,4190001007443,国分中部株式会社,http://www.kokubu.co.jp/chubu,"6: 1,000億円以上",,"1,909.46億円（2025年12月期・単体）","○ 自社HP会社概要。セントラルフォレストグループ100%子会社だが対象法人の2025年12月期売上高190,946百万円を直接開示。https://www.kokubu.co.jp/chubu/company/outline/"
001Nn00000eVojx,7012401009983,株式会社ビィ・フォアード,https://corporate.beforward.jp/company,"5: 300億円以上~1,000億円未満",,"1,609億円（2025年12月期・単体）","○ 自社HP会社情報。2025年12月期売上高1,609億円。https://corporate.beforward.jp/company/information"
001Nn00000eVok2,1290001011693,上村建設株式会社,https://www.e-uemura.jp/company/outline/,"5: 300億円以上~1,000億円未満",イワマシリュウ_2026/08/10,307億円（2025年度・単体）,○ 自社HP会社概要。2025年度売上高307億円。https://www.e-uemura.jp/company/outline/
001Nn00000eVok4,1010001093768,高島屋スペースクリエイツ株式会社,http://www.ts-create.jp/,"5: 300億円以上~1,000億円未満",,376億円（2025年度・単体）,○ 自社HP会社概要。高島屋グループ子会社だが対象法人の2025年度売上高376億円を直接開示。https://www.ts-create.jp/index.php/company/outline
001Nn00000eVokA,4080401000843,株式会社遠鉄百貨店,https://www.endepa.com/,"5: 300億円以上~1,000億円未満",X,確認不可,"△ 遠鉄グループ公式で2026年2月期営業収益12,323,879千円を確認したが、通常企業の判定ルールでは営業収益を売上高と同一視しないため不採用。売上高表記を承認ソースで確認できず。https://www.entetsu.co.jp/company/group/depart.html"
001Nn00000eVokD,4010401033255,日新商事株式会社,http://www.nissin-shoji.co.jp/,"5: 300億円以上~1,000億円未満",,394.25億円（2026年3月期・連結）,"○ 自社IR業績ハイライト。2026年3月期連結売上高39,425百万円。https://www.nissin-shoji.co.jp/ir/highlight/"
001Nn00000eVomn,7010001067799,フィリップ・モリス・ジャパン合同会社,https://www.pmi.com/markets/japan/ja/about-us,"6: 1,000億円以上",,対象外（合同会社）,× 法人格。直アポ大は株式会社のみ。合同会社のため対象外
001Nn00000eVomr,9110001012818,グローバルウェーハズ・ジャパン株式会社,http://www.sas-globalwafers.co.jp/,"5: 300億円以上~1,000億円未満",🌳★08/17(月)、定時00:00、⭐🌟🚨🔵🌑✳🌅🔥,551億円（2025年12月末時点・単体）,○ 自社公式採用サイト「数字で見るGWJ」。会社基本データとして売上高551億円（データは2025年12月31日時点）。https://recruit.sas-globalwafers.co.jp/our_gwj/data/
001Nn00000eVon2,3020001005290,高梨乳業株式会社,http://www.takanashi-milk.co.jp/,"5: 300億円以上~1,000億円未満",,"1,094億2,210万円（2025年9月末・単体）","○ 自社HP会社概要。2025年9月末現在売上高1,094億2,210万円。https://www.takanashi-milk.co.jp/company/gaiyou"
001Nn00000eVon5,8010701005322,ソニーネットワークコミュニケーションズ株式会社,https://www.sonynetwork.co.jp/,"6: 1,000億円以上",,"1,553.92億円（2025年3月期・単体）","○ JPX掲載ミーク株式会社「非上場の親会社等の決算に関するお知らせ」。ソニー株式会社100%子会社の対象法人単体売上高155,392百万円。https://www2.jpx.co.jp/disc/332A0/140120250828548912.pdf"
001Nn00000eVonI,5010601030076,ＴＯＴＯアクアエンジ株式会社,http://teg.jp.toto.com/index.html,"5: 300億円以上~1,000億円未満",,確認不可,△ TOTOグループ子会社。自社・親会社・公的決算情報を確認したが、直近3期のTOTOアクアエンジ単体売上高を承認ソースで確認できず。官報決算は売上高非開示。
001Nn00000eVonO,9120001077505,中山福株式会社,https://www.nakayamafuku.co.jp/,"5: 300億円以上~1,000億円未満",,430.52億円（2026年3月期・連結）,"○ 2026年3月期決算開示で連結売上高43,052百万円を確認。https://api.tdview.net/pdf/202605/140120260508520508.pdf"
001Nn00000eVonq,6010001065457,日本設備工業株式会社,https://www.nihonsetsubi.co.jp/corporate/about/,"5: 300億円以上~1,000億円未満",,343億円（2026年3月期・単体）,○ 自社HP会社概要。2026年3月期売上高343億円。https://www.nihonsetsubi.co.jp/corporate/about/
001Nn00000eVoqe,7010401060899,株式会社トライステージ,http://www.tri-stage.jp/,"5: 300億円以上~1,000億円未満",,対象外（吸収合併により消滅）,× gBizINFOで合併による閉鎖を確認。法人番号7010401060899、2025年12月10日閉鎖。https://info.gbiz.go.jp/hojin/ichiran?hojinBango=7010401060899
001Nn00000eVorb,4050001024551,日立ＧＥニュークリア・エナジー株式会社,,"6: 1,000億円以上",,確認不可,△ 2025年6月1日付で日立GEベルノバニュークリアエナジー株式会社へ商号変更。日立製作所グループ子会社。自社・親会社公式情報では直近3期の対象法人単体売上高を承認ソースで確認できず。https://www.hitachi.com/ja-jp/press/articles/2025/04/0424/
001Nn00000eVot7,2010901005961,株式会社スウェーデンハウスリフォーム,,"5: 300億円以上~1,000億円未満",,対象外（吸収合併により消滅）,× 2025年7月1日付で合併・閉鎖を確認。株式会社として現存しないため対象外。
001Nn00000eVoue,2010701003348,コスモエンジニアリング株式会社,http://www.cosmoeng.co.jp/,"5: 300億円以上~1,000億円未満",,396億円（2026年3月期・単体）,○ 自社HP会社概要。コスモエネルギーHD子会社だが対象法人の2026年3月期売上高396億円を直接開示。https://www.cosmoeng.co.jp/company/company.html
001Nn00000eVoui,3010701019351,新光商事株式会社,http://www.shinko-sj.co.jp/,"6: 1,000億円以上",,991億13百万円（2026年3月期・連結）,○ 自社HP会社概要。2026年3月期連結売上高991億13百万円（単体448億19百万円）。https://shinko-sj.co.jp/corp/outline/
001Nn00000eVouq,9120001096018,東レ建設株式会社,http://www.toray-tcc.co.jp/,"5: 300億円以上~1,000億円未満",,439億円（2024年度・単体）,○ 自社公式会社案内PDF。東レ子会社だが対象法人の2024年度事業別売上高合計439億円を開示。https://www.toray-tcc.co.jp/outline/download/pdf/profile_01.pdf
001Nn00000eVoux,2010401067908,三井化学クロップ＆ライフソリューション株式会社,http://www.mitsui-agro.com/,"5: 300億円以上~1,000億円未満",,確認不可,△ 三井化学グループ子会社。gBizINFO・親会社有報・自社公開情報を確認したが、直近3期の対象法人単体売上高を承認ソースで確認できず。二次情報の852.71億円は不採用。https://info.gbiz.go.jp/hojin/ichiran?hojinBango=2010401067908
001Nn00000eVovZ,7010001129137,東宝舞台株式会社,https://www.tohostg.co.jp/,"5: 300億円以上~1,000億円未満",,確認不可,△ 東宝100%子会社。自社会社概要・親会社公開情報を確認したが、直近3期の東宝舞台単体売上高を承認ソースで確認できず。https://www.tohostg.co.jp/company/outline/
001Nn00000eVovk,2420001000657,株式会社角弘,http://www.kakuhiro.co.jp/,"5: 300億円以上~1,000億円未満",,【300億未満】290億円（2024年度・単体）,× 300億未満。自社HP会社概要。令和6年度売上高290億円。https://www.kakuhiro.co.jp/about/
001Nn00000eVoxN,3150001012794,株式会社山晃住宅,https://www.sanko-jyutaku.co.jp/contact/ouji.html,"5: 300億円以上~1,000億円未満",キセカヨ,確認不可,△ 自社公式会社概要で2025年10月度取扱高345億円は確認できるが、通常企業の判定ルールでは取扱高を売上高と同一視しないため不採用。売上高表記を承認ソースで確認できず。https://www.sanko-jyutaku.co.jp/company/
001Nn00000eVoxj,7140001009549,東興海運株式会社,http://tokokaiunkk.wixsite.com/tokokaiun,"5: 300億円以上~1,000億円未満",,495億円（2025年3月期・単体）,○ 自社HP会社概要。2025年3月決算売上高495億円。https://www.tokoline.co.jp/company/overview/index.html
001Nn00000eVoyI,9011101028202,エヌ・ティ・ティ・アドバンステクノロジ株式会社,https://www.ntt-at.co.jp/,"5: 300億円以上~1,000億円未満",,743億円（2026年3月期・単体）,○ 自社HP会社概要。NTT株式会社100%子会社だが対象法人の2026年3月期売上高743億円を直接開示。https://www.ntt-at.co.jp/company/overview/
001Nn00000eVoyN,1010001008742,ピーエス・コンストラクション株式会社,http://www.psmic.co.jp/,"6: 1,000億円以上",★08/24(月)、定時17:30、⭐🌟🚨🔵🌑✳✡👤情シス/DX※東京のDX担当宛に選手交代。,"1,493.70億円（2026年3月期・連結）","○ EDINET有価証券報告書で2026年3月期連結売上高149,370百万円、個別1,391億円。https://edinetdb.jp/company/E01161/text?fy=2026"
001Nn00000eVoyO,3020001090176,オリックス・レンテック株式会社,http://www.orixrentec.jp/index.html,"5: 300億円以上~1,000億円未満",,確認不可,"△ オリックスグループ子会社。gBizINFO・親会社有報・自社公開情報を確認したが、直近3期のオリックス・レンテック単体売上高を承認ソースで確認できず。二次情報の2026年3月期1,346.85億円は不採用。https://info.gbiz.go.jp/hojin/ichiran?hojinBango=3020001090176"
001Nn00000eVoyU,5040001004834,千葉トヨペット株式会社,https://www.chibatoyopet.co.jp/,"5: 300億円以上~1,000億円未満",イワマシリュウ_2026/08/07,771億円（2024年3月期・単体）,○ 自社公式会社紹介。2024年3月売上高771億円。https://www.chibatoyopet.co.jp/recruit/company
001Nn00000eVoyV,5220001018849,カナカン株式会社,http://www.kanakan.co.jp/,"6: 1,000億円以上",,"1,831億1,158万円（2026年3月期・単体）","○ 自社HP会社概要。令和8年3月期実績売上高1,831億1,158万円。https://www.kanakan.co.jp/company/outline/index.html"
001Nn00000eVoyX,9040001008253,千葉日産自動車株式会社,https://ni-chiba.nissan-dealer.jp/,"5: 300億円以上~1,000億円未満",,440億円（2024年度・単体）,○ 日産販売会社グループ公式採用情報。千葉日産自動車の2024年度実績売上高440億円。https://dealersaiyo.nissan.co.jp/saiyou/fresh/chiba/?tab=tab01
001Nn00000eVoyZ,2010001056261,アーケムビジネスジャパン株式会社,https://www.archem.co.jp/,"5: 300億円以上~1,000億円未満",🔵MC:管理本部／人事・労務・総務部／人事・労務・総務課 03-6823-4655,確認不可,△ 株式会社アーケムのグループ子会社。自社グループページ・gBizINFOを確認したが、直近3期のアーケムビジネスジャパン単体売上高を承認ソースで確認できず。https://info.gbiz.go.jp/hojin/ichiran?hojinBango=2010001056261
001Nn00000eVoya,7010701019273,株式会社バンダイナムコエンターテインメント,https://www.bandainamcoent.co.jp/,"6: 1,000億円以上",,"3,399億円（2026年3月期・単体）","○ 自社公式採用サイト「数字で見る」。バンダイナムコHD傘下だが対象法人自身の2026年3月期売上高3,399億円を直接開示。https://www.bandainamcoent.co.jp/job/data/"
001Nn00000eVoye,6010701009457,三菱鉛筆株式会社,https://www.mpuni.co.jp/company/sales_network.html,"5: 300億円以上~1,000億円未満",🔵MC:人事部 03-3458-6211 / 五十嵐九州男 執行役員、人事兼総務部長（旧直通:総務部：03-3458-6223） ｜ キセカヨ　20260515,898.14億円（2025年12月期・連結）,"○ JPX掲載の自社2025年12月期決算補足資料。連結売上高89,814百万円。https://www2.jpx.co.jp/disc/79760/140120260210554625.pdf"
001Nn00000eVoyr,7180001037793,タキヒヨー株式会社,http://www.takihyo.co.jp,"5: 300億円以上~1,000億円未満",,639.70億円（2026年2月期・連結）,○ 自社トップメッセージ・JPX決算短信。2026年2月期連結売上高639億円（短信精査639.70億円）。https://www.takihyo.co.jp/ir/message/
001Nn00000eVoyy,5080401006195,マザーサンアツミテック・オートモーティブシステム株式会社,https://www.atsumitec.co.jp/,"5: 300億円以上~1,000億円未満",🔵MC:人事管理部／総務ブロック 053-438-6711,確認不可,△ Mothersonグループ子会社。自社IRは貸借対照表中心で、直近3期の対象法人単体売上高を承認ソースで確認できず。求人・二次情報の連結/単体数値は不採用。https://www.atsumitec.co.jp/corporate/
001Nn00000eVozh,8430001020343,北海道日野自動車株式会社,https://www.hokkaido-hino.co.jp/,"5: 300億円以上~1,000億円未満",,確認不可,△ 自社公式会社概要の売上高294億円は2023年度3月期で鮮度条件外。非承認の採用媒体では2025年3月期341億円があるが不採用。直近3期の確定売上高を承認ソースで確認できず。https://hokkaido-hino.co.jp/about/
001Nn00000eVozv,2030001004499,株式会社スズキ自販埼玉,https://www.suzuki.co.jp/dealer/11205950.sj-saitama/,"5: 300億円以上~1,000億円未満",【🐰】 👤人事：総務部／採用担当　長田 👤人事：採用担当　杉山🌳★V06/08(月)、定時00:00、🔵🌑✳✡🌅❄火曜定休,351億円（2025年3月期・単体）,○ スズキ100%子会社だが自社HP会社概要で対象法人の2025年3月期売上高351億円を直接開示。https://www.suzuki.co.jp/dealer/sj-saitama/corporate/
001Nn00000eVp0W,3040001059104,大多喜ガス株式会社,http://www.otakigas.co.jp/,"5: 300億円以上~1,000億円未満",,648.51億円（2025年12月期・単体）,"○ K&Oエナジーグループ有価証券報告書「主要な損益情報等」で子会社・大多喜ガスの2025年12月期売上高64,851百万円を確認。https://www.otakigas.co.jp/corporate/about/"
001Nn00000eVp3G,7011101080460,ＡＮＹＣＯＬＯＲ株式会社,https://www.ichikara.co.jp/,"5: 300億円以上~1,000億円未満",/　AI受付突破不可,556.81億円（2026年4月期・単体）,"○ 2026年4月期決算短信（非連結）。売上高55,681百万円。https://www.anycolor.co.jp/ir/results"
001Nn00000eVp5R,5011101048856,住友不動産ベルサール株式会社,https://www.bellesalle.co.jp/,"5: 300億円以上~1,000億円未満",,確認不可,△ 住友不動産グループ子会社。自社HP・親会社公開情報を確認したが、直近3期の住友不動産ベルサール単体売上高を承認ソースで確認できず。https://www.bellesalle.co.jp/company/
001Nn00000eVp5d,4180001000754,株式会社玉越,http://www.tamakoshi.com/#top,"5: 300億円以上~1,000億円未満",,365億円（2026年2月実績・単体）,○ 自社HP会社概要。2026年2月実績売上高365億円。https://www.tamakoshi.com/company/profile/
001Nn00000eVp6F,2130001001825,ベニス産業株式会社,http://www.venice.co.jp/,"5: 300億円以上~1,000億円未満",,確認不可,△ 自社HP会社概要で売上高615億円の記載はあるが「14年度実績」と古く、鮮度条件を満たさない。直近3期のベニス産業単体売上高を承認ソースで確認できず。https://www.venice.co.jp/company.html
001Nn00000eVp8J,8430001010336,株式会社丹波屋,http://www.kk-tanbaya.co.jp/kaisya/index.html,"5: 300億円以上~1,000億円未満",🌳★07/27(月)、定時00:00、🔵🌑🔴✳💡🌅❄ ・経理部/執行役員経理部長/宇野　学/※1/デフォ番アプローチは受拒。,"700億2,900万円（2026年3月期・単体）","○ 自社HP会社案内。2026年3月期年商700億2,900万円。https://www.kk-tanbaya.co.jp/kaisya"
001Nn00000eVp8j,8070001000877,群馬県卸酒販株式会社,http://www.g-shuhan.co.jp/,"5: 300億円以上~1,000億円未満",,"308億5,500万円（2025年度・単体）","○ 自社HP会社概要。2025年度年商308億5,500万円（グループ366億6,000万円）。対象法人単体でも300億円以上。https://www.g-shuhan.co.jp/overview/"
001Nn00000eVpAS,5500001015561,株式会社ヨンキュウ,http://www.yonkyu.co.jp/company/group.php,"5: 300億円以上~1,000億円未満",,374.78億円（2026年3月期・単体）,"○ gBizINFO（EDINET有価証券報告書）。2026年3月期提出会社売上高37,478,146千円。https://info.gbiz.go.jp/hojin/ichiran?hojinBango=5500001015561"
001Nn00000eVpDF,4210001003266,フクビ化学工業株式会社,http://www.fukuvi.co.jp,"5: 300億円以上~1,000億円未満",,405.94億円（2026年3月期・連結）,"○ 自社HP会社概要。2026年3月期連結売上高40,594百万円（単体36,736百万円）。https://www.fukuvi.co.jp/company/about"
001Nn00000eVpGC,3340001004211,株式会社宮永商事,http://p-ny.jp/,"5: 300億円以上~1,000億円未満",,確認不可,△ 自社HP・公的公開情報を確認したが、直近3期の株式会社宮永商事売上高を承認ソースで確認できず。http://p-ny.jp/
001Nn00000eVpHT,6200001013974,株式会社中部メイカン,http://cyubu-meikan.la.coocan.jp/company-group.html,"5: 300億円以上~1,000億円未満",,357億円（現行・グループ）,○ 自社HP会社概要。株式会社中部メイカンを中核とするグループ年間売上357億円。https://www.meikan-group.co.jp/company-outline.html
001Nn00000eVpHk,3021001021674,株式会社ジャパンニューアルファ,http://www.jn-alpha.co.jp/,"5: 300億円以上~1,000億円未満",,確認不可,△ 自社HP会社概要・公的公開情報を確認したが、直近3期のジャパンニューアルファ売上高を承認ソースで確認できず。https://www.jn-alpha.co.jp/outline
001Nn00000eVpLO,8080001003697,東泉産業株式会社,http://www.tosensangyo.co.jp/,"5: 300億円以上~1,000億円未満",,568億円（2026年3月期・単体）,○ 自社公式採用サイト会社案内。2026年3月期売上高568億円。https://www.tosensangyo.co.jp/recruit/company.html
001Nn00000eVpMz,2010001125974,日本製紙木材株式会社,http://www.np-l.co.jp,"5: 300億円以上~1,000億円未満",,"1,312億円（2025年度・単体）","○ 日本製紙100%子会社だが自社HP会社概要で対象法人の2025年度売上高1,312億円を直接開示。https://www.np-l.co.jp/company/about.html"
001Nn00000eVpN7,3290801002659,九州共同発電株式会社,http://www.tobata-kyoka.co.jp/000home/homepage.htm,"5: 300億円以上~1,000億円未満",,確認不可,"△ 自社・公的公開情報を確認したが、直近3期の九州共同発電単体売上高を承認ソースで確認できず。二次情報の2025年3月期1,161.29億円は不採用。https://info.gbiz.go.jp/hojin/ichiran?hojinBango=3290801002659"
001Nn00000eVpOV,1122001014313,株式会社ライオン事務器,http://www.lion-jimuki.co.jp/,"5: 300億円以上~1,000億円未満",,370.22億円（2025年9月期・連結）,"○ 自社IR財務ハイライト。2025年9月期連結売上高37,022百万円。https://www.lion-jimuki.co.jp/ja/ir/finance/highlight.html"
001Nn00000eVpOg,1122001028973,楽天ブックスネットワーク株式会社,https://oakpress.oak-pd.co.jp/index.html,"5: 300億円以上~1,000億円未満",,確認不可,△ 楽天グループ子会社。官報決算の二次転載では2024年12月期売上高38.03億円が見つかるが非承認ソースのため不採用。直近3期の対象法人単体売上高を承認ソースで確認できず。https://www.rakuten-booksnetwork.co.jp/
001Nn00000eVpPz,9120001061525,株式会社扇谷,http://www.ogico.co.jp/index.html,"5: 300億円以上~1,000億円未満",,確認不可,"△ 自社HP・gBizINFOを確認したが、直近3期の株式会社扇谷売上高を承認ソースで確認できず。二次情報の2025年3月期1,128.67億円は不採用。https://info.gbiz.go.jp/hojin/ichiran?hojinBango=9120001061525"
001Nn00000eVpQ1,3040001030080,山一興産株式会社,http://www.yamaichikousan.co.jp/,"5: 300億円以上~1,000億円未満",👤情シス/DX✖リンモチ✖Concur：300名以下,673億円（2025年度・単体）,○ 自社HP会社概要。令和7年度年商673億円。https://yamaichikousan.co.jp/corporate/outline.html
001Nn00000eVpRH,8120001059611,泉株式会社,http://izumi-cosmo.co.jp/japanese/index.html,"5: 300億円以上~1,000億円未満",,372億円（2025年10月期・連結）,○ 自社HP会社概要。2025年10月期売上高は連結372億円、単体136億円。グループ統括機能を有する会社のため連結値を採用。https://izumi.inc/japanese/corporate/profile/
001Nn00000eVpRR,7010701019496,プラマテルズ株式会社,http://www.plamatels.co.jp/,"5: 300億円以上~1,000億円未満",🌳★V06/25(木)、定時00:00、🔵🌑🔴✳✡💡❄,確認不可,△ 双日系子会社。自社・公的公開情報を確認したが直近3期のプラマテルズ単体売上高を承認ソースで確認できず。二次情報の2025年3月期204.38億円は不採用。https://www.plamatels.com/
001Nn00000eVpT6,1010501033760,株式会社ムラサキスポーツ,https://www.murasaki.co.jp/home.html,"5: 300億円以上~1,000億円未満",,380億円（2026年3月期・単体）,○ ムラサキホールディングス子会社だが自社HP会社概要で対象法人の2026年3月期年商380億円を直接開示。https://www.murasaki.co.jp/company/
001Nn00000eVpTA,5070001009541,三益半導体工業株式会社,http://www.mimasu.co.jp/,"5: 300億円以上~1,000億円未満",,909.36億円（2024年5月期・単体）,"○ JPX掲載2024年5月期決算短信（非連結）。売上高90,936百万円。現在は信越化学工業子会社だが対象法人単体実績として採用。https://www2.jpx.co.jp/disc/81550/140120240625536992.pdf"
001Nn00000eVpTB,1180001027354,名工建設株式会社,https://www.meikokensetsu.co.jp/company/outline/about.html,"5: 300億円以上~1,000億円未満",,確認不可,△ 自社公式2026年3月期決算短信・有価証券報告書の存在を確認したが、検索取得本文から売上高数値を確定できず。推測せず確認不可。https://www.meikokensetsu.co.jp/ir/financial_report/
001Nn00000eVpTC,6140001021397,トーカロ株式会社,https://www.tocalo.co.jp/,"5: 300億円以上~1,000億円未満",🔵MC:管理本部／人事総務部 078-303-3433 / 細見憲司 執行役員、人事総務部長（旧直通:管理本部／経営企画部：078-303-3433）,584.90億円（2026年3月期・連結）,○ 自社HP会社概要。2026年3月期年間売上高は連結584億90百万円、単独448億2百万円。https://www.tocalo.co.jp/company/corporate/
001Nn00000eVpTG,6220001012867,加賀東芝エレクトロニクス株式会社,http://www.toshiba-kaga.co.jp/,"5: 300億円以上~1,000億円未満",／,確認不可,△ 東芝グループ子会社。公的情報では直近売上高の二次転載値が見つかるが非承認。自社・親会社承認ソースで2024〜2026年3月期の対象法人単体売上高を確定できず。https://www.toshiba-kaga.co.jp/
001Nn00000eVpTH,7011001029649,株式会社ジェイアール東日本企画,https://www.jeki.co.jp/,"6: 1,000億円以上",,"1,192億円（2025年度・単体）","○ 自社HP会社概要。JR東日本グループ子会社だが対象法人自身の2025年度売上高1,192億円を直接開示。https://www.jeki.co.jp/corporate/outline/"
001Nn00000eVpTL,7140001077703,株式会社トーホーキャッシュアンドキャリー,http://tcc.to-ho.co.jp/,"5: 300億円以上~1,000億円未満",,456億円（2025年度・単体）,○ 親会社トーホー公式IR事業紹介。キャッシュアンドキャリー事業は株式会社トーホーキャッシュアンドキャリー1社で構成され、売上高456億円。https://www.to-ho.co.jp/ir/individual.html
001Nn00000eVpTN,7110001025961,ＴＳサービス株式会社,http://www.tsservice.co.jp/,"5: 300億円以上~1,000億円未満",イワマシリュウ_2026/08/10,【300億未満】40.80億円（2025年4月期・単体）,"× 300億未満。第一銀行系公表資料の会社概要でTSサービス株式会社の2025年4月期売上高4,080百万円を確認。https://www.first-bank.co.jp/showimage/pdf?fileNo=12794"
001Nn00000eVpTP,4120001150200,東洋紙業株式会社,http://www.toyo-s.co.jp/index.html,"5: 300億円以上~1,000億円未満",,【300億未満】293.6億円（2026年3月期・単体）,× 300億未満。自社HP会社概要。2026年3月末売上高293.6億円。タイヘイグループ子会社。https://www.toyo-s.co.jp/company/outline.html
001Nn00000eVpTR,8010401123151,アルテリア・ネットワークス株式会社,https://www.arteria-net.com/,"5: 300億円以上~1,000億円未満",/,681億円（2026年3月期・連結）,○ 自社HP会社概要。2026年3月期売上高は連結681億円、単体553億円。https://www.arteria-net.com/company/information/
001Nn00000eVpTW,6010401053656,株式会社ミニテック,http://www.minitech.co.jp/,"5: 300億円以上~1,000億円未満",,確認不可,△ ミニミニグループ子会社。自社HP・公的公開情報を確認したが、直近3期のミニテック単体売上高を承認ソースで確認できず。http://www.minitech.co.jp/
001Nn00000eVpTb,2220001004983,日成ビルド工業株式会社,https://www.nisseibuild.co.jp/company/company.html,"5: 300億円以上~1,000億円未満",🔵MC:人事本部 076-266-1151（旧直通:番号変更0342220512）,443.53億円（2025年3月期・単体）,"○ スペースバリューHD系子会社だが自社HP会社概要で対象法人の2025年3月期売上高44,353百万円を直接開示。https://www.nisseibuild.co.jp/company/company.html"
001Nn00000eVpTg,5010401043253,マイケル・ペイジ・インターナショナル・ジャパン株式会社,https://www.michaelpage.co.jp/,"6: 1,000億円以上",／,確認不可,△ PageGroup日本法人。gBizINFO・自社公開情報を確認したが、直近3期の対象法人単体売上高を承認ソースで確認できず。https://info.gbiz.go.jp/hojin/ichiran?hojinBango=5010401043253
001Nn00000eVpU2,6020001106219,リコーＰＦＵコンピューティング株式会社,http://www.rins.ricoh.co.jp,"5: 300億円以上~1,000億円未満",,確認不可,△ リコーグループ子会社。2025年4月設立で、自社・親会社公開情報およびgBizINFOを確認したが、対象法人単体の確定売上高を承認ソースで確認できず。https://info.gbiz.go.jp/hojin/ichiran?hojinBango=6020001106219
001Nn00000eVpU5,3110001014357,株式会社高儀,http://www.takagi-plc.co.jp/index.html,"5: 300億円以上~1,000億円未満",,376億円（2025年・単体）,○ 厚生労働省ハローワーク公式求人情報。令和7年年商376億円。https://www.hellowork.mhlw.go.jp/kensaku/GECA110020.do?action=dispDetailBtn&fullPart=2&jgshNo=GRn%2BKMu0H38SZGaTJ%2BszjA%3D%3D&kjNo=1504005583261&screenId=GECA110020
001Nn00000eVpUA,2140001049112,神鋼鋼線工業株式会社,http://www.shinko-wire.co.jp,"5: 300億円以上~1,000億円未満",,330.74億円（2026年3月期・連結）,"○ 自社HP会社概要。2026年3月期連結売上高33,074百万円。https://www.shinko-wire.co.jp/company/outline.html"
001Nn00000eVpUB,6021001011037,アイダエンジニアリング株式会社,http://www.aida.co.jp,"5: 300億円以上~1,000億円未満",6/22シモムラソウノスケ,786.47億円（2026年3月期・連結）,"○ 自社公式2026年3月期決算短信。連結売上高78,647百万円。https://www.aida.co.jp/ir/data/tanshin.html"
001Nn00000eVpYj,1011101073742,株式会社大氣?,http://www.taikisha.co.jp/,"6: 1,000億円以上",／,"2,861.27億円（2026年3月期・連結）","○ 自社IR業績推移。2026年3月期連結売上高286,127百万円（個別145,404百万円）。https://www.taikisha.co.jp/ir/finance/achievement/"
001Nn00000eVpYm,5180001015504,株式会社松尾製作所,http://www.kk-matsuo-ss.co.jp/,"5: 300億円以上~1,000億円未満",システム　経理,確認不可,△ 自社HP・公的公開情報を確認したが、直近3期の株式会社松尾製作所売上高を承認ソースで確認できず。二次情報の2025年度451億円は不採用。https://www.kk-matsuo-ss.co.jp/
001Nn00000eVpYo,8010001008703,飛島建設株式会社,https://www.tobishima.co.jp/,"6: 1,000億円以上",,"1,129億円（2025年度・単体）","○ 自社HP会社概要。2025年度売上高1,129億円。https://www.tobishima.co.jp/company/outline.html"
001Nn00000eVpYt,2010001097124,三井不動産レジデンシャル株式会社,http://www.mfr.co.jp/,"6: 1,000億円以上",,"4,899億円（2025年度・単体）","○ 三井不動産グループ子会社だが自社HP会社概要で対象法人の2025年度売上高4,899億円を直接開示。https://www.mfr.co.jp/company/outline/"
001Nn00000eVpYv,7030001004387,新明電材株式会社,https://www.shinmei-denzai.co.jp/,"5: 300億円以上~1,000億円未満",,"約1,292億円（2026年3月期・グループ）","○ 自社HP会社概要。2026年3月期グループ年商約1,292億円。新明電材がグループ中核会社として開示。https://www.shinmei-denzai.co.jp/company/overview/"
001Nn00000eVpYw,2050001007847,株式会社アーバンアーキテック,http://urbanarchitech.com/,"5: 300億円以上~1,000億円未満",,確認不可,△ 自社HP・公的公開情報を確認したが、直近3期の株式会社アーバンアーキテック売上高を承認ソースで確認できず。http://urbanarchitech.com/
001Nn00000eVpZ0,8010003022693,ＰｗＣビジネスアシュアランス合同会社,https://www.pwc.com/jp/ja/about-us/member/business-assurance.html,"5: 300億円以上~1,000億円未満",,対象外（合同会社）,× 法人格。直アポ大は株式会社のみ。合同会社のため対象外
001Nn00000eVpZ1,9180001056874,愛知日産自動車株式会社,https://ni-aichi.nissan-dealer.jp/company/about.html,"5: 300億円以上~1,000億円未満",,対象外（吸収合併により消滅）,× 愛知日産自動車株式会社は2026年4月1日付で合併・閉鎖され、現存法人ではないため対象外。
001Nn00000eVpZ3,2010001101505,ＪＦＥ建材株式会社,http://www.jfe-kenzai.co.jp/about/group/index.html,"5: 300億円以上~1,000億円未満",,515.32億円（2025年3月期・連結）,"○ 自社公式『2025年3月期の業績について』。JFEスチール子会社だがJFE建材自身の連結売上高51,532百万円。https://jfe-kenzai.co.jp/sbp-data/media/2025/05/202503-about-achievements.pdf"
001Nn00000eVpZH,4400501000586,株式会社オヤマ,http://www.kk-oyama.co.jp/company.html,"5: 300億円以上~1,000億円未満",,確認不可,△ 自社HP・岩手県系公的就職情報を確認したが、確認できる年商103億円は2020年度で鮮度条件外。直近3期の株式会社オヤマ売上高を承認ソースで確認できず。http://www.kk-oyama.co.jp/company.html
001Nn00000eVpZa,4040001046951,ＴＯＴＯバスクリエイト株式会社,https://tbc.jp.toto.com/,"5: 300億円以上~1,000億円未満",★08/20(木)、定時00:00、✳💎🔥👤経理,775億円（2025年度・単体）,○ TOTO100%子会社だが自社HP会社概要で対象法人の2025年度売上高775億円を直接開示。https://tbc.jp.toto.com/company/
001Nn00000eVpap,4120001118404,光昭株式会社,http://www.koshow.jp/,"5: 300億円以上~1,000億円未満",,697億円（2025年度・単体）,○ 光昭ホールディングス100%子会社だが自社HP会社概要で対象法人の2025年度年商697億円を直接開示。https://www.koshow.jp/company/outline/
001Nn00000eVpbX,6010001031723,株式会社読売ＩＳ,http://www.yomiuri-is.co.jp/,"5: 300億円以上~1,000億円未満",🔵MC:総務統括本部／総務部／人事課 03-5847-1500 / 山川雄平 読売IS 人事・採用担当者（旧直通:03-5847-1800） ｜ ヘイトウミユウ,確認不可,△ 読売グループ子会社。自社HP・公的公開情報を確認したが、直近3期の株式会社読売IS単体売上高を承認ソースで確認できず。採用媒体の2025年3月期437億円は非承認のため不採用。https://www.yomiuri-is.co.jp/
001Nn00000eVpbx,4010401007457,関東礦油株式会社,http://kanto-koyu.co.jp/,"5: 300億円以上~1,000億円未満",,確認不可,△ 自社HP・公的公開情報を確認したが、直近3期の関東礦油株式会社売上高を承認ソースで確認できず。http://kanto-koyu.co.jp/
001Nn00000eVpgs,7140001015662,アシックス商事株式会社,https://www.asics-trading.co.jp/company/about_us.html,"5: 300億円以上~1,000億円未満",,確認不可,△ アシックス子会社。自社・親会社の公開情報を確認したが、直近3期のアシックス商事単体売上高を承認ソースで確定できず。二次決算DBの2025年12月期774.4億円は不採用。https://www.asics-trading.co.jp/company/about_us.html
001Nn00000eVphS,1470001010628,四国明治株式会社,http://shikoku.meiji.co.jp/,"5: 300億円以上~1,000億円未満",,確認不可,△ 明治グループ子会社。自社・親会社・gBizINFOを確認したが、直近3期の四国明治単体売上高を承認ソースで確認できず。http://shikoku.meiji.co.jp/
001Nn00000eVphw,1010701024774,三井倉庫サプライチェーンソリューション株式会社,http://mscs.mitsui-soko.com/,"5: 300億円以上~1,000億円未満",,確認不可,△ 三井倉庫HD・ソニー系子会社。官報二次DBでは2026年3月期194.1億円が見つかるが非承認ソースのため不採用。承認ソースで対象法人単体売上高を確認できず。https://www.mitsui-soko.com/company/group/mscs/
001Nn00000eVpi8,5130001033080,株式会社松原興産,http://www.matsubara-kosan.co.jp/,"6: 1,000億円以上",,確認不可,△ 自社HP・公的公開情報を確認したが、直近3期の株式会社松原興産売上高を承認ソースで確認できず。http://www.matsubara-kosan.co.jp/
001Nn00000eVpiH,9050001007345,株式会社平成興業,http://www.zent-heisei.co.jp/index.html,"5: 300億円以上~1,000億円未満",,確認不可,△ 自社HP・公的公開情報を確認したが、直近3期の株式会社平成興業売上高を承認ソースで確認できず。二次情報の2025年550億円は不採用。http://www.zent-heisei.co.jp/index.html
001Nn00000eVpio,2180001049678,株式会社三洋販売,http://www.sanyobussan.co.jp/,"5: 300億円以上~1,000億円未満",／,確認不可,△ 三洋物産グループ会社。自社HP・公的公開情報を確認したが、直近3期の株式会社三洋販売単体売上高を承認ソースで確認できず。http://www.sanyobussan.co.jp/
001Nn00000eVpkh,3010001008815,理研ビタミン株式会社,https://www.rikenvitamin.jp/corporate/info/outline/,"5: 300億円以上~1,000億円未満",イイヅカカイト,963億円（2026年3月期・連結）,"○ JPX掲載2026年3月期決算短信。連結売上高96,300百万円。https://www2.jpx.co.jp/disc/45260/140120260512527497.pdf"
001Nn00000eVpnR,8010001052437,トプレック株式会社,http://www.toprec.co.jp/,"5: 300億円以上~1,000億円未満",,658億円（2026年3月期・単体）,○ 東プレグループ子会社だが自社HP会社概要で対象法人の2026年3月期売上高658億円を直接開示。https://www.toprec.co.jp/corporate/profile.html
001Nn00000eVpps,6140001036065,株式会社藤原産業ホールディングス,,"5: 300億円以上~1,000億円未満",,確認不可,△ 持株会社。自社HPで2015年に売上高400億円突破の沿革は確認できるが、直近3期のグループ売上高を承認ソースで確認できず。https://www.fujiwarasangyo.co.jp/about/aboutus/
001Nn00000eVpw9,7240001015512,株式会社タカキベーカリー,https://www.takaki-bakery.co.jp/,"5: 300億円以上~1,000億円未満",ヤナギダタツヤ0727,確認不可,△ アンデルセングループ子会社。自社・親会社公開情報を確認したが、直近3期のタカキベーカリー単体売上高を承認ソースで確認できず。https://www.takaki-bakery.co.jp/company/
001Nn00000eVq9K,1340001002316,セイカ食品株式会社,http://www.seikafoods.jp/,"5: 300億円以上~1,000億円未満",ヤナギダタツヤ0727,"465億3,100万円（2024年度・単体）","○ 自社HP会社概要。2024年度売上高465億3,100万円。https://www.seikafoods.jp/company/about/"
001Nn00000eVqCS,3010401044641,株式会社ケリングジャパン,http://www.kering.com/ja,"5: 300億円以上~1,000億円未満",,確認不可,△ Keringグループ日本法人。グループ世界売上は対象法人単体値ではないため不採用。直近3期の株式会社ケリングジャパン単体売上高を承認ソースで確認できず。https://www.kering.com/jp/
001Nn00000eVqCU,5130001025094,株式会社ファルコバイオシステムズ,http://www.falco.co.jp/,"5: 300億円以上~1,000億円未満",,【300億未満】233億99百万円（2026年3月期・単体）,× 300億未満。自社HP会社概要。2026年3月期売上高233億99百万円。https://www.falco.co.jp/company/
001Nn00000eVqCW,8010701018794,クアーズテック合同会社,http://www.coorstek.co.jp/index.html,"5: 300億円以上~1,000億円未満",／,対象外（合同会社）,× 法人格。直アポ大は株式会社のみ。合同会社のため対象外
001Nn00000eVqCY,2010001029085,ボストン・コンサルティング・グループ合同会社,https://www.bcg.co.jp/,"5: 300億円以上~1,000億円未満",,対象外（合同会社）,× 法人格。直アポ大は株式会社のみ。合同会社のため対象外
001Nn00000eVqCZ,3380001012573,岡田電気産業株式会社,http://www.okadad.com/,"5: 300億円以上~1,000億円未満",,"1,030億円（2026年4月現在・単体）","○ 自社HP会社案内。2026年4月現在の年間売上高1,030億円。https://www.okadad.com/company/"
001Nn00000eVqCa,3190001022170,ユナイテッド・セミコンダクター・ジャパン株式会社,http://www.fujitsu.com/jp/group/mifs,"5: 300億円以上~1,000億円未満",／,733.42億円（2025年12月期・単体）,"○ 自社公式損益計算書。2025年1月1日〜12月31日の売上高73,342,232千円。UMCグループ子会社だが対象法人単体値。https://www.usjpc.com/wp/wp-content/uploads/2026/02/2026021901.pdf"
001Nn00000eVqCe,9011701004271,スターツアメニティー株式会社,https://www.amenity-net.co.jp/,"5: 300億円以上~1,000億円未満",,745.97億円（2026年3月期・単体）,"○ 一般社団法人マンション管理業協会の会員財務情報。2026年3月期総売上高74,596,513千円。スターツ子会社の対象法人単体値。https://www.kanrikyo.or.jp/member/data/200012002.html"
001Nn00000eVqCn,4010401072162,コクヨマーケティング株式会社,http://www.kokuyo-marketing.co.jp/,"5: 300億円以上~1,000億円未満",⭐／,確認不可,△ コクヨ子会社。自社・親会社公開情報を確認したが、直近3期のコクヨマーケティング単体売上高を承認ソースで確認できず。官報二次DBの2025年12月期766.47億円は不採用。https://www.kokuyo-marketing.co.jp/
001Nn00000eVqCp,9050001000291,茨城日産自動車株式会社,https://ni-ibaraki.nissan-dealer.jp/company/about.html,"5: 300億円以上~1,000億円未満",6/29シモムラソウノスケ,確認不可,△ 日産系販売会社。自社HP・日産グループ公開情報を確認したが、直近3期の茨城日産自動車単体売上高を承認ソースで確認できず。https://ni-ibaraki.nissan-dealer.jp/
001Nn00000eVqFC,3240001018675,株式会社合人社グループ,https://www.gojin.co.jp/,"5: 300億円以上~1,000億円未満",,【300億未満】31.41億円（2026年3月期・単体）,"× 300億未満。自社公式決算報告。持株会社・株式会社合人社グループの2026年3月期営業収益（売上高）3,141,318千円。https://www.gojin.co.jp/kessan/2603/gr-2603/"
001Nn00000eVqFZ,5010001111996,Ｊ．フロントリテイリング株式会社,http://www.j-front-retailing.com/index.php,"6: 1,000億円以上",,"4,450.94億円（2026年2月期・連結売上収益）","○ 自社公式2026年2月期決算短信。IFRS連結売上収益445,094百万円。https://www.j-front-retailing.com/_data_json/news/_upload/2602_4Q_results_J.pdf"
001Nn00000eVqGN,8120001112683,株式会社アーバンリサーチ,http://www.urban-research.co.jp/,"5: 300億円以上~1,000億円未満",X,確認不可,△ 自社HP・公的公開情報を確認したが、直近3期の株式会社アーバンリサーチ売上高を承認ソースで確認できず。二次情報の2025年度564億円は不採用。https://www.urban-research.co.jp/company/
001Nn00000eVqGQ,3700150009197,チューリッヒ・インシュアランス・カンパニー・リミテッド,https://www.zurich.co.jp/,"5: 300億円以上~1,000億円未満",,対象外（株式会社以外）,× チューリッヒ・インシュアランス・カンパニー・リミテッドは外国会社で株式会社ではないため対象外。
001Nn00000eVqGS,5021001025707,日本モレックス合同会社,https://www.japanese.molex.com/molex/home,"5: 300億円以上~1,000億円未満",,対象外（合同会社）,× 法人格。直アポ大は株式会社のみ。合同会社のため対象外
001Nn00000eVqGU,2010501002707,株式会社セキノ興産,http://www.sekino.co.jp/,"5: 300億円以上~1,000億円未満",オカモトアツキ　0614,760億円（2025年7月期・グループ）,○ 自社HP会社概要。株式会社セキノ興産を中核とするグループ総額売上高760億円（令和7年7月期）。https://www.sekino.co.jp/company/message/
001Nn00000eVqGV,7011001045927,モルガン・スタンレー・グループ株式会社,,"5: 300億円以上~1,000億円未満",,確認不可,△ Morgan Stanley日本グループ会社。自社・公的公開情報を確認したが、直近3期のモルガン・スタンレー・グループ株式会社の売上高を承認ソースで確認できず。金融グループ全体の海外数値は対象法人値ではないため不採用。
001Nn00000eVqGX,3120001116986,セッツカートン株式会社,http://www.settsucarton.co.jp/company/group.html,"5: 300億円以上~1,000億円未満",🌳★08/17(月)、定時00:00、🔵🌑✳✡🌅🔥,693億円（2026年3月期・単体）,○ 自社HP会社概要。2026年3月末売上高693億円。https://www.settsucarton.co.jp/company/
001Nn00000eVqGZ,6011101020541,三井不動産レジデンシャルリース株式会社,http://mfhl.mitsui-chintai.co.jp/,"5: 300億円以上~1,000億円未満",,"1,196億円（2026年3月期・単体）","○ 自社HP会社概要。三井不動産100%子会社だが対象法人の2026年3月期単体売上高1,196億円を直接開示。https://mfhl.mitsui-chintai.co.jp/company/outline/"
001Nn00000eVqGb,9080401004526,株式会社ビッグ富士,https://www.bigfuji.co.jp/,"5: 300億円以上~1,000億円未満",,736億円（2025年9月時点・単体）,○ 自社HP会社情報。2025年9月現在、年間売上736億円以上と開示。https://www.bigfuji.co.jp/company/
001Nn00000eVqGm,7020001107810,フィード・ワン株式会社,http://www.feed-one.co.jp/,"6: 1,000億円以上",🔵MC:管理本部／人事部 045-211-6524 / 笹川貴生 総務、取締役業務本部長兼人事・ ｜🎯360:管理本部／人事部／採用研修課 045-211-6524,"2,906.75億円（2026年3月期・連結）","○ 2026年3月期決算短信/有報。連結売上高290,675百万円。https://info.gbiz.go.jp/hojin/ichiran?hojinBango=7020001107810"
001Nn00000eVqH7,9240001005494,積水ハウス建設中国四国株式会社,http://sekiwakensetsu.com/company/chugoku,"5: 300億円以上~1,000億円未満",イワマシリュウ_2026/08/10,309億円（2025年1月実績・単体）,○ 広島県公式Go!ひろしま企業情報。積水ハウスグループ子会社だが対象法人の年間売上額309億円（2025年1月実績）を確認。https://www.pref.hiroshima.lg.jp/go-hiroshima-database-kigyo/go-data-01121.html
001Nn00000eVqHT,6470001000839,四国アルフレッサ株式会社,http://www.s-alfresa.com/,"5: 300億円以上~1,000億円未満",,744億円（2025年3月期・単体）,○ 自社HP会社概要。アルフレッサHD子会社だが対象法人の2025年3月期売上高744億円を直接開示。https://www.s-alfresa.com/company/overview
001Nn00000eVqHk,3180001030538,ジェイアール東海建設株式会社,http://www.jken.co.jp/index.html,"5: 300億円以上~1,000億円未満",,322億円（2025年度・単体）,○ 自社HP会社概要。JR東海100%子会社だが対象法人の令和7年度売上高322億円を直接開示。https://www.jken.co.jp/company/profile/
001Nn00000eVqHz,5120001144309,株式会社ナックス,http://www.nacx.co.jp/,"5: 300億円以上~1,000億円未満",,"2,112億円（2025年・単体）","○ 自社HP会社概要。2025年1月〜12月売上高2,112億円。https://www.nacx.co.jp/company/profile/"
001Nn00000eVqIP,3010001086522,株式会社ＦＰＧ,https://www.fpg.jp/,"6: 1,000億円以上",,"1,297.6億円（2025年9月期・連結）","○ 自社HP社長メッセージ。2025年9月期売上高1,297億6千万円。https://fpg.jp/company/message.html"
001Nn00000eVqJ9,5011201015896,日新航空サービス株式会社,https://www.nissin-trvl.co.jp/,"5: 300億円以上~1,000億円未満",／,確認不可,"△ 株式会社日新の子会社。親会社有報で確認できる単体売上高48,668百万円は古い開示で鮮度条件外。自社/親会社の直近3期公開情報では対象法人単体売上高を確認できず。https://www.nissin-trvl.co.jp/"
001Nn00000eVqJI,6010001008688,株式会社サンケイビル,http://www.sankeibldg.co.jp/,"5: 300億円以上~1,000億円未満",,"1,961.80億円（2026年3月期・連結）","○ 自社HP『数字で見るサンケイビル』。2026年3月期相当の連結売上高196,180百万円を開示。https://www.sankeibldg.co.jp/about/sankei_numbers/"
001Nn00000eVqK3,1010401021428,西川計測株式会社,http://www.nskw.co.jp/,"5: 300億円以上~1,000億円未満",,387.19億円（2025年6月期・単体）,"○ 自社公式2025年6月期決算短信。非連結売上高38,719,270千円。https://www.nskw.co.jp/uploads/2025/08/kt2025.pdf"
001Nn00000eVqKB,7010001012862,新生紙パルプ商事株式会社,https://www.sppcl.co.jp/company/associated.html,"6: 1,000億円以上",,"2,592.81億円（2026年3月期・連結）","○ 有価証券報告書で2026年3月期連結売上高259,281百万円。提出会社単体も247,817百万円で300億円以上。https://info.gbiz.go.jp/hojin/ichiran?hojinBango=7010001012862"
001Nn00000eVqKZ,8010001008694,全国保証株式会社,http://www.zenkoku.co.jp/,"5: 300億円以上~1,000億円未満",サトウリョウト26/07/17,確認不可,"△ 自社/EDINETで確認できる2026年3月期の指標は『営業収益』55,855百万円。通常企業の判定ルールでは営業収益を売上高と同一視しないため不採用。売上高表記を承認ソースで確認できず。https://info.gbiz.go.jp/hojin/ichiran?hojinBango=8010001008694"
001Nn00000eVqKz,4070001018972,関東建設工業株式会社,http://www.kanto-k.co.jp/,"5: 300億円以上~1,000億円未満",,817億円（2025年3月期・単体）,○ 自社採用公式『データで見るカンケン』で売上高817億円を公表。2025年3月期の公表実績として確認。https://kanto-k.co.jp/recruit/data/
001Nn00000eVqL7,4010401004058,Ａ．Ｔ．カーニー株式会社,https://www.jp.kearney.com/,"6: 1,000億円以上",,確認不可,△ 日本法人の自社HP・gBizINFOを確認したが、直近3期のA.T.カーニー株式会社単体売上高を承認ソースで確認できず。https://info.gbiz.go.jp/hojin/ichiran?hojinBango=4010401004058
001Nn00000eVqLc,7010001129517,株式会社シーアールイー,http://www.cre-jpn.com/,"5: 300億円以上~1,000億円未満",,774.78億円（2025年7月期・連結）,○ 自社公式採用情報/会社概要。2025年7月期連結売上高774億78百万円。2026年1月期は決算期変更で6カ月のため264億96百万円。https://www.cre-jpn.com/ja/corporate/profile.html
001Nn00000eVqMZ,8010401040264,日本チバガイギー株式会社,https://www.novartis.co.jp/about-us/contact-us/office-locations,"6: 1,000億円以上",,確認不可,△ ノバルティス系日本法人。自社/公的公開情報を確認したが、直近3期の日本チバガイギー単体売上高を承認ソースで確認できず。古い二次情報は不採用。https://info.gbiz.go.jp/hojin/ichiran?hojinBango=8010401040264
001Nn00000eVqMo,8010401054611,株式会社ダイキンアプライドシステムズ,http://www.daps.co.jp/,"5: 300億円以上~1,000億円未満",,確認不可,△ ダイキン工業子会社。自社HP・官報決算情報を確認したが、直近3期のダイキンアプライドシステムズ単体売上高は承認ソースで確認できず。二次情報の386.46億円は不採用。https://www.daps.co.jp/
001Nn00000eVqOh,5070001000715,カネコ種苗株式会社,http://www.kanekoseeds.jp/,"5: 300億円以上~1,000億円未満",★08/27(木)、🔵🌑✳🌅💎🔥🌐🐧,677.33億円（2026年5月期・連結）,"○ 自社HP会社概要。2026年5月期連結売上高67,733百万円。https://www.kanekoseeds.jp/corporate/outline.html"
001Nn00000eVqPH,7010601040057,オリエンタル白石株式会社,http://www.orsc.co.jp,"5: 300億円以上~1,000億円未満",ナカムラシュント,516億円（2026年3月期・単体）,○ 自社HP会社概要。2026年3月期売上高516億円。https://orsc.co.jp/com/con04.html
001Nn00000eVqPT,1013301004808,山洋電気株式会社,https://www.sanyodenki.co.jp/corporate/outline.html,"5: 300億円以上~1,000億円未満",,"1,073.46億円（2026年3月期・連結売上収益）","○ EDINET有価証券報告書。IFRS連結売上収益107,346百万円。https://regfis.com/reports/20260617_S100YCEQ_E01806_null_010_030000_120"
001Nn00000eVqPV,4010401069373,三井デザインテック株式会社,https://www.mitsui-designtec.co.jp/company/map/,"5: 300億円以上~1,000億円未満",,657億円（2025年度・単体）,○ 自社HP会社概要。三井不動産子会社だが対象法人の2025年度売上高657億円を直接開示。https://www.mitsui-designtec.co.jp/company/outline/
001Nn00000eVqPX,7290001025218,セキスイハイム九州株式会社,https://www.heim-k.com/company/,"5: 300億円以上~1,000億円未満",／,359億円（2026年3月期・単体）,○ 自社HP会社概要。積水化学工業グループ子会社だが対象法人の2026年3月単体売上359億円。https://www.heim-k.com/company/
001Nn00000eVqT7,8480001000893,ノヴィルホールディングス株式会社,http://novil-taxi.com/aboutus.html,"5: 300億円以上~1,000億円未満",,確認不可,△ 持株会社。自社/公的公開情報を確認したが直近3期の承認ソースでグループ売上高を確認できず。非承認の採用媒体では2025年4月期グループ139億円との記載があるが不採用。https://www.novil.co.jp/
001Nn00000eVqUf,3050001031953,株式会社麗都商事,https://www.reitogroup.com/,"5: 300億円以上~1,000億円未満",サトウリョウト26/08/10,確認不可,△ 自社HP・gBizINFO・公的求人情報を確認したが、直近3期の株式会社麗都商事売上高を承認ソースで確認できず。https://info.gbiz.go.jp/hojin/ichiran?hojinBango=3050001031953
001Nn00000eVqUy,7010001006633,ビッグホリデー株式会社,http://bigs.jp/,"5: 300億円以上~1,000億円未満",,確認不可,△ 自社公式会社情報で2025年度取扱金額402億円、グループ取扱金額761億円を確認したが、通常企業の判定ルールでは取扱金額を売上高と同一視しないため不採用。https://d23zm749dodzm5.cloudfront.net/company/
001Nn00000eVqW1,3290001013779,七洋物産株式会社,http://www.shichiyou.jp/index.html,"5: 300億円以上~1,000億円未満",,確認不可,△ 自社HP・gBizINFOを確認したが、直近3期の七洋物産株式会社売上高を承認ソースで確認できず。https://info.gbiz.go.jp/hojin/ichiran?hojinBango=3290001013779
001Nn00000eVqWr,6010001094217,株式会社ＪＲ東日本ビルディング,http://www.jebl.co.jp/,"5: 300億円以上~1,000億円未満",オガタユウ_2026/07/14,確認不可,"△ JR東日本100%子会社。自社HPで2026年3月期営業収益1,066億3,000万円は確認できるが、通常企業の判定ルールでは営業収益を売上高と同一視しないため不採用。https://www.jebl.co.jp/corporate/facts-and-figures/"
001Nn00000eVqX7,6122001001166,株式会社オーアンドケー,http://www.o-and-k.co.jp/,"5: 300億円以上~1,000億円未満",,確認不可,△ 自社HP・公的公開情報を確認したが直近3期の株式会社オーアンドケー売上高を承認ソースで確認できず。二次情報の2023年度473.88億円は不採用。http://www.o-and-k.co.jp/
001Nn00000eVqXg,4340001003385,日本瓦斯株式会社,https://www.nihongas.co.jp/,"5: 300億円以上~1,000億円未満",,【300億未満】299.13億円（2026年3月期・単体）,"× 300億未満。法人番号4340001003385の日本瓦斯株式会社についてgBizINFO（EDINET有報）で2026年3月期売上高29,913,034千円。https://info.gbiz.go.jp/hojin/ichiran?hojinBango=4340001003385"
001Nn00000eVqY1,3010001112633,旭化成メディカル株式会社,http://www.asahi-kasei.co.jp/medical,"5: 300億円以上~1,000億円未満",,667.71億円（2025年3月期・単体）,"○ 自社公式決算公告。2025年3月期旭化成メディカル単体売上高66,771百万円。https://www.asahi-kasei.co.jp/medical/news/ir/pdf/medical_20250814.pdf"
001Nn00000eVqY2,5200001003266,たんぽぽ薬局株式会社,https://www.tanpopo-ph.co.jp/,"5: 300億円以上~1,000億円未満",,585億円（2026年3月期・単体）,○ 自社HP会社概要。2026年3月期実績売上高585億円。https://www.tanpopo-ph.co.jp/company/about/
001Nn00000eVqYA,2120001016527,国分西日本株式会社,https://www.kokubu.co.jp/nishinihon/company/outline/,"5: 300億円以上~1,000億円未満",／,"3,858.38億円（2025年12月期・単体）","○ 自社HP会社概要。国分グループ子会社だが対象法人の2025年12月期売上高385,838百万円を直接開示。https://www.kokubu.co.jp/nishinihon/company/outline/"
001Nn00000eVqYa,5010001051615,株式会社ラクト・ジャパン,http://www.lactojapan.com/,"6: 1,000億円以上",,"1,828.16億円（2025年11月期・連結）","○ 自社IR業績ハイライト。2025年11月期連結売上高182,816百万円。https://www.lactojapan.com/ja/ir/finance/highlight.html"
001Nn00000eVqZB,8010901029220,京セラドキュメントソリューションズジャパン株式会社,https://www.kyoceradocumentsolutions.co.jp/,"5: 300億円以上~1,000億円未満",,確認不可,△ 京セラグループ子会社。gBizINFO・自社公開情報では直近3期の対象法人単体売上高を承認ソース本文で確認できず。二次データベースの2026年3月期402億円は不採用。https://info.gbiz.go.jp/hojin/ichiran?hojinBango=8010901029220
001Nn00000eVqZE,5060001003000,栃木トヨペット株式会社,https://tochigi.toyopet-dealer.jp/corporate,"5: 300億円以上~1,000億円未満",ハシモトワタル,【300億未満】283億円（2024年3月期・単体）,× 300億未満。自社HP会社概要。2024年3月期年間売上高283億円。https://tochigi.toyopet-dealer.jp/corporate
001Nn00000eVqbu,2011801016693,株式会社ピーアーク埼玉,,"5: 300億円以上~1,000億円未満",,対象外（吸収合併により消滅）,× gBizINFOで合併による解散・2026年2月2日閉鎖を確認。株式会社として現存しないため対象外。https://info.gbiz.go.jp/hojin/ichiran?hojinBango=2011801016693
001Nn00000eVqcS,2010001108896,株式会社Ｄ＆Ｄマネージメント,https://www.dd-management.co.jp/company,"5: 300億円以上~1,000億円未満",／,800億円（2025年度・グループ）,○ 自社HP会社概要。D&Dマネージメントがグループ統括会社として2025年度グループ合算売上高800億円を公表。https://www.dd-management.co.jp/company/
001Nn00000eVqmk,8110001003339,敦井産業株式会社,http://www.tsurui.co.jp/,"5: 300億円以上~1,000億円未満",担当名なし,327億円（2026年3月期・単体）,○ 自社HP会社概要。2026年3月期売上高327億円。https://www.tsurui.co.jp/about/outline/
001Nn00000eVqny,6120001176383,株式会社Ａｓｕｅ,http://www.maruzen-intec.co.jp/,"6: 1,000億円以上",,確認不可,△ 自社HP・公的公開情報を確認したが、直近3期の株式会社Asue単体売上高を承認ソースで確認できず。二次情報の2025年6月期898.85億円は不採用。https://asue-group.com/jp/
001Nn00000eVqsp,6310001008757,ＳＵＭＣＯ　ＴＥＣＨＸＩＶ株式会社,http://www.sumcotechxiv.com/,"5: 300億円以上~1,000億円未満",システム部,確認不可,△ SUMCO子会社。自社HP・gBizINFO等の承認ソース本文では直近3期の対象法人単体売上高を確認できず。二次情報の2025年12月期518.73億円は不採用。https://sumcotechxiv.com/
001Nn00000eVqsr,7010401074305,株式会社花正,http://www.hanamasa.co.jp/,"5: 300億円以上~1,000億円未満",HI,確認不可,△ 自社HP会社概要に売上高の掲載なし。JMホールディングス傘下子会社のため対象法人単体値が必要だが、直近3期の承認ソースで確認できず。https://hanamasa.co.jp/company/about/index.html
001Nn00000eVqsu,9010001110631,日本信号株式会社,http://www.signal.co.jp/,"5: 300億円以上~1,000億円未満",,"1,140.71億円（2026年3月期・連結）","○ JPX掲載2026年3月期決算短信。連結売上高114,071百万円。https://www2.jpx.co.jp/disc/67410/140120260508520518.pdf"
001Nn00000eVqvp,9180001018453,名菱テクニカ株式会社,http://www.mtco-web.co.jp,"5: 300億円以上~1,000億円未満",★08/17(月)、定時18:00、🔵🌑✳✡🌅 👤情シス/DX,353億円（2025年度・単体）,○ 自社HP会社概要。三菱電機グループ子会社だが対象法人の2025年度売上高353億円を直接開示。https://www.mtco-web.co.jp/company/profile/
001Nn00000eVqvt,9030001000566,株式会社アイダ設計,https://www.aidagroup.co.jp/,"5: 300億円以上~1,000億円未満",,578億円（2025年度・単体）,○ 自社HP会社概要。2025年度売上高578億円。https://aidagroup.co.jp/company/
001Nn00000eVqwA,7010601037788,リコーリース株式会社,http://www.r-lease.co.jp/,"6: 1,000億円以上",,"3,385.79億円（2026年3月期・連結）","○ JPX掲載2026年3月期決算短信。連結売上高338,579百万円。https://www2.jpx.co.jp/disc/85660/140120260507517933.pdf"
001Nn00000eVqwC,8500001007168,丸協運輸株式会社,https://www.marukyo.jp/,"5: 300億円以上~1,000億円未満",,確認不可,△ 自社HP・官報決算情報を確認したが、2024〜2026年3月期の売上高は非開示。対象法人単体売上高を承認ソースで確認できず。https://www.marukyo.jp/
001Nn00000eVqwH,7010001104899,キリングループロジスティクス株式会社,http://www.kirin-logistics.co.jp/,"5: 300億円以上~1,000億円未満",,768億円（2025年度・連結）,○ 自社HP会社概要。2025年度年商768億円（連結）。https://www.kirin-logistics.co.jp/company/outline/
001Nn00000eVqwI,6010001033496,中央日本土地建物株式会社,https://www.nittochi.co.jp/,"5: 300億円以上~1,000億円未満",,確認不可,△ 中央日本土地建物グループ子会社。自社公式決算公告は確認できるが、検索取得可能な本文から直近3期の対象法人単体売上高を確定できず。https://www.chuo-nittochi.co.jp/e-publicnotice/
001Nn00000eVqwV,8010001136966,ＫＨネオケム株式会社,http://www.khneochem.co.jp/,"6: 1,000億円以上",,"1,150.98億円（2025年12月期・連結）","○ 2025年12月期決算短信で連結売上高115,098百万円。https://www.khneochem.co.jp/"
001Nn00000eVqwW,5013301008549,株式会社東武百貨店,http://www.tobu-dept.jp/,"6: 1,000億円以上",,"1,523億5,100万円（2025年度・単体）","○ 自社HP会社概要。東武鉄道100%子会社だが対象法人の2025年度売上高1,523億5,100万円を直接開示。https://www.tobu-dept.co.jp/index.html"
001Nn00000eVqwd,1010901014856,Ａｕｄｉ　Ｖｏｌｋｓｗａｇｅｎ　Ｒｅｔａｉｌ　Ｊａｐａｎ株式会社,http://www.audi-sales.co.jp/index.html,"5: 300億円以上~1,000億円未満",★08/17(月)、定時00:00、🌟🚨🔵🌑✳🌅💎🔥👤人事,633億円（2025年12月期・単体）,"○ 自社HP会社概要。2025年12月期売上高63,300,000,000円。https://www.audi-vw-retail.co.jp/company/index.html"
001Nn00000eVqxE,4010501004131,株式会社桑山,https://www.kuwayama.co.jp/outline/,"5: 300億円以上~1,000億円未満",,577.25億円（2026年3月期・連結）,○ 自社HP会社概要。令和8年3月期連結売上高577億25百万円。https://www.kuwayama.co.jp/outline/
001Nn00000eVqxf,8180001060415,株式会社アールプランナー,https://www.arrplanner.co.jp/company/outline/,"5: 300億円以上~1,000億円未満",,486.23億円（2026年1月期・連結）,"○ 自社IR業績ハイライト。2026年1月期売上高48,623百万円。https://ir.arrplanner.co.jp/ja/ir/finance/highlight.html"
001Nn00000eVqyS,1010901008288,東神開発株式会社,http://www.toshin-dev.co.jp/index.html,"5: 300億円以上~1,000億円未満",／,確認不可,△ 高島屋子会社。自社HPの第59〜63期決算公告を確認したが、検索取得可能な承認ソース本文から直近3期の対象法人単体売上高を確定できず。https://www.toshin-dev.co.jp/about/outline/
001Nn00000eVqyr,7010001089380,株式会社エフティグループ,https://www.ftgroup.co.jp/,"5: 300億円以上~1,000億円未満",,315.79億円（2026年3月期・連結）,○ 2026年3月期決算短信で連結売上高315億79百万円。https://www.ftgroup.co.jp/
001Nn00000eVr08,7010701021923,神鋼コベルコ建機株式会社,http://www.kobelco-kenki.co.jp/,"6: 1,000億円以上",,確認不可,△ gBizINFOで法人の現存は確認したが、直近3期の神鋼コベルコ建機単体売上高は公開されていない。非承認データベースの数値は不採用。https://info.gbiz.go.jp/hojin/ichiran?hojinBango=7010701021923
001Nn00000eVr0F,5190001006584,株式会社ぎゅーとら,http://www.gyutora.com/,"5: 300億円以上~1,000億円未満",タカモトアヤノ,407億円（2025年度・単体）,○ 自社HP会社概要。2025年度決算売上高407億円。https://gyutora.co.jp/company/about
001Nn00000eVr0M,2010701011540,シミックヘルスケア・インスティテュート株式会社,https://www.cmic-hci.com/,"5: 300億円以上~1,000億円未満",,確認不可,△ シミックグループ子会社。自社HP・親会社公開情報を確認したが、直近3期のシミックヘルスケア・インスティテュート単体売上高を承認ソースで確認できず。https://www.cmic-hci.com/
001Nn00000eVr0R,1120001026551,大日本塗料株式会社,http://www.dnt.co.jp/index.html,"5: 300億円以上~1,000億円未満",,725.11億円（2025年3月期・連結）,"○ 自社公式2026年3月期決算短信の前期比較欄で、2025年3月期連結売上高72,511百万円を確認。https://www.dnt.co.jp/ir/pdf/tan260513.pdf"
001Nn00000eVr0S,2010401046465,ジンマー・バイオメット合同会社,https://www.zimmerbiomet.com/ja,"5: 300億円以上~1,000億円未満",,対象外（合同会社）,× 法人格。直アポ大は株式会社のみ。合同会社のため対象外
001Nn00000eVr0Y,9100001001879,株式会社高見澤,https://www.kk-takamisawa.co.jp/,"5: 300億円以上~1,000億円未満",,756.60億円（2026年6月期・連結）,"○ 2026年6月期決算短信。連結売上高756億60百万円。自社HP会社概要の2025年6月期単体売上高321億5,700万円も300億円以上。https://www.kk-takamisawa.co.jp/about/philosophy.html"
001Nn00000eVr0j,6010403007032,ブリティッシュ・アメリカン・タバコ・ジャパン合同会社,http://www.batj.com/group/sites/bat_7ybmf2.nsf/vwPagesWebLive/DO7YCCT5?opendocument,"5: 300億円以上~1,000億円未満",,対象外（合同会社）,× 法人格。直アポ大は株式会社のみ。合同会社のため対象外
001Nn00000eVr0l,2290001013499,三洋ビル管理株式会社,https://sbm-g.jp/company/profile/,"5: 300億円以上~1,000億円未満",🌳★V06/15(月)、定時00:00、✳❄,確認不可,△ 自社HP会社概要・公的公開情報を確認したが、直近3期の三洋ビル管理株式会社売上高を承認ソースで確認できず。https://sbm-g.jp/company/profile/
001Nn00000eVr10,6080101001529,ネッツトヨタ静岡株式会社,https://www.netz-shizuoka.net/archives/store/numazu,"5: 300億円以上~1,000億円未満",🔵MC:総務室／総務人事グループ 055-962-9511 ｜🎯360:人材開発室 055-962-9511 ｜ 🌳★V06/17(水)、定時00:00、🔴✳✡❄※月火定休,316億円（2025年度・単体）,○ 自社HP会社概要。2025年度実績売上高316億円。https://www.netz-shizuoka.net/company
001Nn00000eVr1I,7020001054078,ブリーズベイオペレーション２号株式会社,https://breezbay-group.com/rihga-niihama/index.html,"5: 300億円以上~1,000億円未満",,確認不可,△ ブリーズベイホテルグループ関連会社。自社・公的公開情報を確認したが、直近3期のブリーズベイオペレーション2号株式会社単体売上高を承認ソースで確認できず。
001Nn00000eVr1a,3012801002559,株式会社ベジテック,https://www.vegetech.co.jp/,"5: 300億円以上~1,000億円未満",,851億円（2026年3月期・連結）,○ 自社HP会社概要。2026年3月連結年間売上851億円。https://www.vegetech.co.jp/company/
001Nn00000eVr1c,4010401083639,大興物産株式会社,http://www.taiko.co.jp/,"6: 1,000億円以上",,716億円（2025年度・単体）,○ 自社HP会社概要。鹿島建設100%子会社だが対象法人の2025年度売上高716億円を直接開示。https://www.taiko.co.jp/company/profile/
001Nn00000eVr1j,7480001000861,株式会社ジャストシステム,https://www.justsystems.com/jp,"5: 300億円以上~1,000億円未満",🌳★V06/02(火)、定時00:00、✳❄,515億円（2025年度・単体）,○ 自社採用公式『数字で見るジャストシステム』。2025年度売上高515億円。https://www.justsystems.com/jp/employ/new-graduates/company/ten-numbers.html
001Nn00000eVr1s,6010001008820,東京産業株式会社,https://www.tscom.co.jp/,"5: 300億円以上~1,000億円未満",◆07/09(木)、定時00:00,632億円（2026年3月期・連結）,○ 自社採用公式『東京産業をデータでみる』。2026年3月期連結売上高632億円。https://www.tscom.co.jp/recruit/about/view-by-data/
001Nn00000eVr29,3010001034860,高島株式会社,http://www.tak.co.jp/,"5: 300億円以上~1,000億円未満",,906億円（2026年3月期・連結）,○ 自社IR『数字でみる高島』。2025年度（2026年3月期）連結売上高906億円。https://www.tak.co.jp/ja/ir/investor.html
001Nn00000eVr42,1340001001045,鹿児島プロフーズ株式会社,http://kpf362157.wixsite.com/mysite,"5: 300億円以上~1,000億円未満",,【300億未満】約248億円（2025年6月末・単体）,× 300億未満。鹿児島県企業立地ガイドで年商約248億円（令和7年6月末現在）。https://kagoshima-kigyouricchi-guide.jp/company-information/%E9%B9%BF%E5%85%90%E5%B3%B6%E3%83%97%E3%83%AD%E3%83%95%E3%83%BC%E3%82%BA%E6%A0%AA%E5%BC%8F%E4%BC%9A%E7%A4%BE%EF%BC%88%E9%B9%BF%E5%85%90%E5%B3%B6%E5%B8%82%EF%BC%9Ar8-1-8%EF%BC%89/
001Nn00000eVr6Y,8190001016226,株式会社マイクロキャビン,http://www.microcabin.co.jp,"5: 300億円以上~1,000億円未満",,確認不可,△ 自社HP・公的公開情報を確認したが、直近3期の株式会社マイクロキャビン売上高を承認ソースで確認できず。http://www.microcabin.co.jp/
001Nn00000eVr8j,2130001028744,森紙販売株式会社,,"5: 300億円以上~1,000億円未満",◆08/25(火)、定時00:00、,確認不可,△ 王子グループ子会社。官報決算では2023〜2025年3月期の売上高が非開示。非承認求人媒体の2025年3月期657億円は不採用。https://www.ojiholdings.co.jp/group/groupcompany/
001Nn00000eVrCi,3010001092628,株式会社ニチレイロジグループ本社,https://www.nichirei-logi.co.jp/,"6: 1,000億円以上",,"2,783億円（2025年3月期・連結）","○ 自社HP会社概要。持株・統括会社として2025年3月期連結売上高2,783億円を公表。https://www.nichirei-logi.co.jp/company/summary.html"
001Nn00000eVrFp,9230001014075,サンエツ金属株式会社,https://www.sanetu.co.jp,"5: 300億円以上~1,000億円未満",オガタユウ_2026/07/14,確認不可,△ CKサンエツ傘下子会社。自社HP・親会社公開情報を確認したが、直近3期のサンエツ金属単体売上高を承認ソース本文で確定できず。https://www.sanetu.co.jp/corporate/
001Nn00000eVrFw,6140001035281,日工株式会社,http://www.nikko-net.co.jp,"5: 300億円以上~1,000億円未満",7/16シモムラ ソウノスケ,493億円（2026年3月期・連結）,○ 自社HP会社概要。2026年3月期連結売上高493億円。https://www.nikko-net.co.jp/company/overview.html
001Nn00000eVrMM,7180001047999,中川物産株式会社,http://nakagawa-bussan.co.jp/company/group_in_japan,"6: 1,000億円以上",,"3,031億円（2025年10月期・単体）","○ 自社HP事業報告。中川物産単体の第54期2025年10月期売上高3,031億円。https://www.nakagawa-bussan.co.jp/company/business_report.html"
001Nn00000eVrTD,7030001090700,キヤノン電子株式会社,http://www.canon-elec.co.jp/,"5: 300億円以上~1,000億円未満",6/23シモムラソウノスケ,"1,044.21億円（2025年12月期・連結）","○ 自社IR業績ハイライト。2025年連結売上高104,421百万円。https://www.canon-elec.co.jp/finance/highlight/"
001Nn00000eVrTE,7400001000423,株式会社岩手銀行,http://www.iwatebank.co.jp/,"5: 300億円以上~1,000億円未満",オカモトアツキ,715.85億円（2026年3月期・単体経常収益）,"○ 銀行特例で経常収益を採用。gBizINFO（EDINET有価証券報告書）で2026年3月期の岩手銀行単体経常収益71,585百万円。https://info.gbiz.go.jp/hojin/ichiran?hojinBango=7400001000423"
001Nn00000eVrTG,8010001034947,三菱倉庫株式会社,http://www.mitsubishi-logistics.co.jp/,"6: 1,000億円以上",,確認不可,"△ 自社/JPXの2026年3月期開示は『営業収益』273,446百万円。通常企業の判定ルールでは営業収益を売上高と同一視しないため不採用。売上高表記を承認ソースで確認できず。https://www2.jpx.co.jp/disc/93010/140120260427511965.pdf"
001Nn00000eVrTH,3010001139107,日鉄鋼板株式会社,http://www.nisc-s.co.jp/,"5: 300億円以上~1,000億円未満",,"約1,600億円（現行会社情報・単体）","○ 自社HP企業情報。日本製鉄グループ子会社だが対象法人自身の売上高を『約1,600億円』と現行会社情報で公表。https://www.niscs.nipponsteel.com/company/"
001Nn00000eVrTZ,2080401016338,株式会社スニック,http://www.snic.jp/index.html,"5: 300億円以上~1,000億円未満",,確認不可,△ スズキグループ子会社。自社・gBizINFO・公的情報を確認したが、直近3期のスニック単体売上高を承認ソースで確認できず。二次情報の2025年3月期679.92億円は不採用。https://info.gbiz.go.jp/hojin/ichiran?hojinBango=2080401016338
001Nn00000eVrTb,4010501014675,株式会社ヨシダ,http://www.yoshida-dental.co.jp/,"5: 300億円以上~1,000億円未満",,362.6億円（2025年7月期・単体）,○ 自社HP会社概要。2025年7月期売上高362.6億円。https://www.yoshida-dental.co.jp/company/business/
001Nn00000eVrTc,1010601035335,日本メジフィジックス株式会社,http://www.nmp.co.jp/corpo/index.html,"5: 300億円以上~1,000億円未満",／,308.59億円（2026年3月期・単体）,"○ 官報第55期決算公告（2026年7月7日号外第152号p.87）で売上高30,859百万円。https://kanpou.npb.go.jp/"
001Nn00000eVrTr,9430001022223,株式会社北海道畜産公社,https://tikusan.securesite.jp/company/profile/,"5: 300億円以上~1,000億円未満",,【300億未満】107.55億円（2025年3月期・単体）,"× 300億未満。官報第68期決算公告で2025年3月期売上高107億5,494万5千円。会社概要も併せて確認。https://tikusan.securesite.jp/company/profile/"
001Nn00000eVrUM,1180301018895,トヨタＴ＆Ｓ建設株式会社,http://www.toyota-ts.co.jp/,"5: 300億円以上~1,000億円未満",イワマシリュウ_2026/08/07,703.66億円（2026年3月期・単体）,"○ 官報決算公告で2026年3月期売上高703億6,600万円。トヨタ自動車出資会社だが対象法人単体値。https://www.toyota-ts.co.jp/corporate/profile"
001Nn00000eVrUR,9040001059346,ＴＯＴＯハイリビング株式会社,https://thl.jp.toto.com/,"5: 300億円以上~1,000億円未満",イワマシリュウ_2026/08/10,305億円（2025年度・単体）,○ 自社HP会社概要。TOTOグループ子会社だが対象法人の2025年度売上高305億円を直接開示。https://thl.jp.toto.com/company/company_info
001Nn00000eVrUY,4010401086856,バークレイズ証券株式会社,https://www.barclays.co.jp/,"5: 300億円以上~1,000億円未満",⭐,確認不可,△ 証券会社。自社・gBizINFO等の公開情報を確認したが、通常の売上高に相当する承認済み指標を確認できず。証券業の営業収益は今回の売上高ルールでは採用しない。https://info.gbiz.go.jp/hojin/ichiran?hojinBango=4010401086856
001Nn00000eVrVT,4430001056671,株式会社栗林商会,http://www.kurinet.co.jp/,"5: 300億円以上~1,000億円未満",🔵MC:総務部／人事課 0143-24-7011（旧直通:0143-24-7021）,495億円（2025年度・単体）,○ 自社HP会社概要。令和7年度実績の年商495億円。https://www.kurinet.co.jp/about_the_kuribayashi/corporate_profile.html
001Nn00000eVrWu,7010401022924,ＮＥＣネクサソリューションズ株式会社,http://www.nec-nexs.com/,"5: 300億円以上~1,000億円未満",,979億円（2025年度・単体）,○ 自社HP会社プロフィール。NESICホールディングス100%子会社だが対象法人の2025年度売上実績979億円を直接開示。https://www.nec-nexs.com/company/profile/
001Nn00000eVrWv,3010501030830,ＴＯＰＰＡＮグラフィックコミュニケーションズ株式会社,http://www.toppan-tgc.co.jp/,"5: 300億円以上~1,000億円未満",イワマシリュウ_2026/08/10,確認不可,△ TOPPANグループ子会社。自社・gBizINFOの直近決算情報を確認したが売上高が非開示で、対象法人単体売上高を承認ソースで確認できず。https://info.gbiz.go.jp/hojin/ichiran?hojinBango=3010501030830
001Nn00000eVrWy,3010401016731,株式会社太平洋ゴルフサービス,http://www.taiheiyoclub.co.jp/corporate/index.html,"5: 300億円以上~1,000億円未満",,確認不可,△ マルハングループ子会社。グループ公式資料では親会社の株式会社太平洋クラブ売上高185.3億円は確認できるが、対象法人の太平洋ゴルフサービス単体売上高ではないため不採用。https://www.maruhan.co.jp/download/csr_report/pdf/2025company_brochure.pdf
001Nn00000eVrX0,5120001057238,トヨタモビリティ新大阪株式会社,https://toyota-mobi-shinosaka.jp/corporate/index,"5: 300億円以上~1,000億円未満",【属性】🦁/👤情シス/DX：つながる・管理本部　リーダー　岩井様/管理本部06-6350-6550/h-iwai@t-shinosaka.co.jp,682.44億円（2025年3月期・単体）,○ 自社HP会社概要。2025年3月期売上高682.44億円。https://toyota-mobi-shinosaka.jp/corporate/index
001Nn00000eVrX1,2011801009680,田島ルーフィング株式会社,https://tajima.jp/,"5: 300億円以上~1,000億円未満",オガタユウ_2026/07/14,690.95億円（2025年12月期・単体）,"○ 自社HP会社概要。2025年12月時点の個別売上高69,095百万円。https://tajima.jp/corporate/about/outline/"
001Nn00000eVrX2,5230001008469,川田工業株式会社,http://www.kawada.co.jp/,"5: 300億円以上~1,000億円未満",◆09/04(金)、定時00:00、09:30 再コール,663.89億円（2026年3月期・単体）,"○ 自社公式2026年3月期決算公告。損益計算書の売上高66,389百万円。https://www.kawada.co.jp/company/ir/pdf/20260618.pdf"
001Nn00000eVrX7,7120001205067,ヒロセ株式会社,http://www.hirose-net.com/company/group.html,"5: 300億円以上~1,000億円未満",,629.78億円（2024年3月期・単体）,"○ gBizINFO第7期決算公告。2024年3月期売上高62,978百万円。直近3期範囲内の承認ソースとして採用。https://info.gbiz.go.jp/hojin/financialstatement?kessanJohoId=2c4f7679-3b61-410b-9457-b379de2eeb5e"
001Nn00000eVrXJ,6050001000278,茨城トヨペット株式会社,https://www.ibaraki-toyopet.co.jp/,"5: 300億円以上~1,000億円未満",ハシモトワタル,確認不可,"△ 自社HP会社概要で確認できる売上高379億3,200万円は2021年3月実績で鮮度条件外。直近3期の売上高を承認ソースで確認できず。https://www.ibaraki-toyopet.co.jp/corporate/profile"
001Nn00000eVrXL,7210001004022,三谷商事株式会社,http://www.mitani-corp.co.jp/,"6: 1,000億円以上",🔵MC:人事課 0776-20-3011,"3,390.31億円（2026年3月期・連結）","○ 自社公式2026年3月期決算短信。連結売上高3,390億31百万円。https://www.mitani-corp.co.jp/ir/library/financial_results/20260515ir1.pdf"
001Nn00000eVrXP,7010001051968,東レフィルム加工株式会社,http://www.toray-taf.co.jp/index.html,"5: 300億円以上~1,000億円未満",🌳★V06/25(木)、定時00:00、🔵🌑🔴✳💡🌅❄,確認不可,△ 東レグループ子会社。親会社公式で確認できる対象法人単体売上高は古い年度のみで鮮度条件外。直近3期の東レフィルム加工単体売上高を承認ソースで確認できず。https://www.toray.co.jp/saiyou/group/
001Nn00000eVrXr,8030001033121,株式会社ワコム,https://www.wacom.com/ja-jp,"6: 1,000億円以上",,"1,099.95億円（2026年3月期・連結）","○ gBizINFO掲載EDINET有価証券報告書。2026年3月期連結売上高109,995百万円。https://info.gbiz.go.jp/hojin/edinetDownload?docId=S100YHU2"
001Nn00000eVrXy,3010401026846,ＦＤＫ株式会社,http://www.fdk.co.jp/,"5: 300億円以上~1,000億円未満",🌳◆07/27(月)、定時00:00、16:30 再コール/🌟検索必須,595.61億円（2026年3月期・連結）,"○ 自社HP会社概要。2025年度（2025/4/1〜2026/3/31）連結売上高59,561百万円、単独49,687百万円。https://www.fdk.co.jp/company_j/gaiyo.html"
001Nn00000eVrYB,6010001133486,ＥＮＥＯＳトレーディング株式会社,http://www.notc.co.jp/,"5: 300億円以上~1,000億円未満",イシマツハル,【300億未満】193.71億円（2024年3月期・単体）,"× 300億未満。自社公式第73期決算公告。2024年3月期売上高19,370,810千円。https://www.etr.eneos.co.jp/company/info/pdf/fy2024.pdf"
001Nn00000eVrYR,6010001039766,王子製鉄株式会社,http://www.oji-steel.co.jp/,"5: 300億円以上~1,000億円未満",🌳★V07/09(木)、定時00:00、✳✡🌅❄🔥,確認不可,△ 日本製鉄グループ子会社。自社・親会社公開情報を確認したが、直近3期の王子製鉄単体売上高を承認ソースで確認できず。https://www.oji-steel.co.jp/
001Nn00000eVrZ9,2430001012263,株式会社ナシオ,http://www.nasio.co.jp/,"5: 300億円以上~1,000億円未満",🔵MC:人事総務部 03-4226-2740,"720億4,905万円（2026年5月期・単体）","○ 自社HP企業情報。令和8年5月期売上高720億4,905万円。https://www.nasio.co.jp/about"
001Nn00000eVrZD,3010001034992,日本証券金融株式会社,,"5: 300億円以上~1,000億円未満",,確認不可,△ 自社IRで確認できる主要なトップラインは営業収益。今回の通常企業判定ルールでは営業収益を売上高と同一視しないため不採用。https://www.jsf.co.jp/ja/ir/finance/segment.html
001Nn00000eVrZG,8010001024980,株式会社徳力本店,http://www.tokuriki-kanda.co.jp/,"5: 300億円以上~1,000億円未満",260327 追客難リリース,確認不可,△ 自社HP・公的公開情報を確認したが、直近3期の株式会社徳力本店売上高を承認ソースで確認できず。https://www.tokuriki-kanda.co.jp/
001Nn00000eVrZy,6012401007856,シダックス・コミュニティー株式会社,http://www.shidax.co.jp/index.php,"6: 1,000億円以上",,確認不可,△ gBizINFOで株式会社として現存し、2025年2月に吸収合併を実施していることは確認したが、直近3期の対象法人売上高を承認ソースで確認できず。https://info.gbiz.go.jp/hojin/patent?Category=1&hojinBango=6012401007856
001Nn00000eVra5,4380001004512,株式会社アラジン,http://www.p-aladdin.com/,"5: 300億円以上~1,000億円未満",TOKIUM対象外　業績悪化？,確認不可,△ 自社・公的公開情報を確認したが、直近3期の株式会社アラジン（法人番号4380001004512）売上高を承認ソースで確認できず。グループ/別法人の数値は不採用。
001Nn00000eVrca,9390001010240,フジクラ電装株式会社,http://www.fujikuradenso.co.jp/,"5: 300億円以上~1,000億円未満",,確認不可,△ フジクラグループ子会社。自社・親会社公開情報を確認したが、直近3期のフジクラ電装単体売上高を承認ソースで確認できず。https://www.fujikuradenso.co.jp/
001Nn00000eVrcm,1020001041569,株式会社シティコミュニケーションズ,http://www.city-s.co.jp/index.html,"5: 300億円以上~1,000億円未満",,"490億1,800万円（2025年度・グループ）","○ 自社HP企業情報。グループ運営会社として2025年度グループ総売上490億1,800万円を公表。https://www.city-s.co.jp/company/"
001Nn00000eVrdj,5340001015264,株式会社ジャパンファーム,https://www.japanfarm.co.jp/,"5: 300億円以上~1,000億円未満",アカバネミサキ26/06/01,確認不可,△ ジャパンファームホールディングス傘下子会社。gBizINFO・自社公開情報を確認したが、直近3期の対象法人単体売上高を承認ソースで確認できず。https://info.gbiz.go.jp/hojin/ichiran?hojinBango=5340001015264
001Nn00000eVre7,5010001106600,ＪＸ金属商事株式会社,http://jx-kinzokushoji.com/index.html,"5: 300億円以上~1,000億円未満",🌳★08/17(月)、定時00:00、✳✡🔥👤経理👤人事,確認不可,△ JX金属グループ子会社。自社・親会社公開情報を確認したが、直近3期のJX金属商事単体売上高を承認ソースで確認できず。https://jx-kinzokushoji.com/
001Nn00000eVrer,9400001001510,株式会社三田商店,http://www.mita-gnet.co.jp/,"5: 300億円以上~1,000億円未満",オガタユウ_2026/07/14,確認不可,△ 自社HP・公的公開情報を確認したが、直近3期の株式会社三田商店売上高を承認ソースで確認できず。http://www.mita-gnet.co.jp/
001Nn00000eVrg1,8011401001099,株式会社オーシカ,http://www.oshika.co.jp/,"5: 300億円以上~1,000億円未満",カワハラアユウ2026/05/19,確認不可,△ 自社HP・官報決算情報を確認したが、直近3期の株式会社オーシカ売上高は非開示。二次情報の数値は不採用。https://www.oshika.co.jp/
001Nn00000hssxT,8120001049001,株式会社スタンダード石油大阪発売所,https://www.ssoh.jp/company/,"5: 300億円以上~1,000億円未満",,確認不可,△ 自社HP・官報決算情報を確認したが、直近3期の株式会社スタンダード石油大阪発売所売上高を承認ソースで確認できず。https://www.ssoh.jp/company/
001Nn00000hssyk,2290001030338,株式会社グッデイ,https://gooday.co.jp/about/,"5: 300億円以上~1,000億円未満",タカモトアヤノ,約340億円（2025年3月期・単体）,○ 自社公式採用サイト会社概要。売上高約340億円（2025年3月）。https://recruit.gooday.co.jp/about/profile/
001Nn00000hssyl,6290001009106,トヨタカローラ福岡株式会社,https://corolla-fukuoka.net/shop/1.html,"5: 300億円以上~1,000億円未満",,661億円（2026年3月期・単体）,○ 自社公式採用サイト会社概要。2026年3月期売上高661億円。https://corolla-fukuoka.net/recruit/outline/
001Nn00000hssym,8100001027883,株式会社長野県Ａ・コープ,https://www.nagano-acoop.co.jp/about/company,"5: 300億円以上~1,000億円未満",,382億円（2024年3月期・単体）,○ 自社HP会社概要。売上高382億円（2024年3月末）。https://www.nagano-acoop.co.jp/about/company
001Nn00000hssyo,2040001054130,株式会社せんどう,https://www.sendo.co.jp/company.php,"5: 300億円以上~1,000億円未満",🌳★V07/07(火)、定時00:00、⭐🌟🚨🔵🌑✳✡💡🌅 ・経理部/課長/40代男性,497億円（2024年3月期・単体）,○ 自社HP会社概要。2024年3月期年商497億円。https://www.sendo.co.jp/company.php
001Nn00000hssyq,2120901029776,ネクサスエナジー株式会社,https://www.nexus-e.jp/company/access.html,"5: 300億円以上~1,000億円未満",,856億円（2026年3月期・単体）,○ 自社HP会社概要。2026年3月期年商856億円。https://www.nexus-e.jp/company/info.html
001Nn00000hssyr,3030001011668,日産プリンス埼玉販売株式会社,https://np-saitama.nissan-dealer.jp/company/about.html,"5: 300億円以上~1,000億円未満",,"424億4,605万円（2024年度・単体）","○ 日産販売会社グループ公式採用情報。2024年度実績売上高424億4,605万円。https://dealersaiyo.nissan.co.jp/saiyou/fresh/prince-saitama/?tab=tab01"
001Nn00000hssys,6011101007919,株式会社三徳,https://santoku.co.jp/company,"5: 300億円以上~1,000億円未満",,373億円（2025年2月期・単体）,○ 自社HP会社案内。2025年2月期売上高373億円。https://santoku.co.jp/company
001Nn00000hssyt,7400001000836,株式会社マルイチ,https://www.super-maruichi.co.jp/company/,"5: 300億円以上~1,000億円未満",,【300億未満】151億円（2024年5月期・単体）,× 300億未満。自社HP会社案内。令和6年5月決算の年間売上高151億円。https://supermaruichi.com/information/
001Nn00000hssyu,2110001015042,株式会社ハーモニック,https://info.harmonick.co.jp/about/,"5: 300億円以上~1,000億円未満",🔵MC:総務人事部 0256-55-1547,384億円（2025年度・単体）,○ 自社HP会社概要。令和7年度実績年商384億円。https://info.harmonick.co.jp/about/
001Nn00000hssyw,2021001004358,株式会社ニュー・クイック,http://www.new-quick.co.jp/company/,"5: 300億円以上~1,000億円未満",🔵MC:管理本部／人事総務部　03-3527-2919,【300億未満】271億円（2026年3月期・単体）,× 300億未満。自社HP企業情報。2026年3月期売上高271億円。https://www.new-quick.co.jp/company
001Nn00000hssyx,3180001094608,株式会社ユー・エス・エス,https://www.ussnet.co.jp/corporate/company/index.html,"5: 300億円以上~1,000億円未満",,"1,138.54億円（2026年3月期・連結）","○ 自社公式2026年3月期決算説明資料。2025年度実績売上高113,854百万円。https://www.ussnet.co.jp/ir/item/script2026_4q.pdf"
001Nn00000hssyz,1010001216832,株式会社デイトナ・インターナショナル,https://daytonajp.com/company/,"5: 300億円以上~1,000億円未満",／,【300億未満】250.74億円（2026年2月期・単体）,"× 300億未満。TSIホールディングス有価証券報告書の主要な損益情報等で、完全子会社デイトナ・インターナショナル単体売上高25,074百万円。https://www.tsi-holdings.com/pdf/260520_report.pdf"
001Nn00000hssz1,4490001001085,株式会社サンシャインチェーン本部,https://sunshinechain.com/corporate_prof,"5: 300億円以上~1,000億円未満",,320億円（現行・チェーン年商）,○ 自社HP会社概要。チェーン本部としてチェーン年商320億円を公表。https://sunshinechain.com/about/
001Nn00000hssz2,8013301039979,株式会社フェイス,https://www.faith-jpn.co.jp/company/,"5: 300億円以上~1,000億円未満",,確認不可,△ 自社HP・gBizINFO・官報決算情報を確認したが、直近3期の株式会社フェイス単体売上高を承認ソースで確認できず。https://info.gbiz.go.jp/hojin/ichiran?hojinBango=8013301039979
001Nn00000hsszJ,3140001054838,株式会社フジデン,https://www.fujiden.com/about/,"5: 300億円以上~1,000億円未満",,確認不可,△ 自社HP会社概要では2029年売上高500億円目標を確認できるが、現時点の売上高数値は画像で取得できず、官報も売上高非開示。推測せず確認不可。https://www.fujiden.com/about/
001Nn00000hsszd,1420001009352,弘果弘前中央青果株式会社,https://hiroka.jp/,"5: 300億円以上~1,000億円未満",,347億円（2023年度・単体）,○ 自社HP会社概要。令和5年度売上高347億円（税抜）。https://hiroka.jp/company
001Nn00000hsszm,6120001057501,西日本フリート株式会社,https://www.wjp-fleet.co.jp/profile/profile.html,"5: 300億円以上~1,000億円未満",,600億100万円（2025年度・単体）,○ 自社HP会社概要。2025年度売上高600億1百万円。丸紅エネルギー子会社だが対象法人単体値。https://www.wjp-fleet.co.jp/profile/profile.html
001Nn00000hsszs,6180001096683,株式会社ヨシヅヤストアー,https://www.yoshizuya.com/company/outline/,"5: 300億円以上~1,000億円未満",,確認不可,△ 義津屋グループ子会社。自社グループ公式情報を確認したが、直近3期の株式会社ヨシヅヤストアー単体売上高を承認ソースで確認できず。https://www.yoshizuya.com/company/outline/
001Nn00000hst03,1290001009738,林兼エスト株式会社,https://www.hayashikaneoil.co.jp/company/information/overview/,"5: 300億円以上~1,000億円未満",,640億円（現行会社情報・単体）,○ 自社公式採用サイト『林兼エストを数字で知る』で売上高640億円を公表。https://www.h-est.co.jp/recruit/
001Nn00000hst0y,1180001096688,株式会社義津屋,https://www.yoshizuya.com/company/outline/,"5: 300億円以上~1,000億円未満",,確認不可,△ 自社公式会社概要の売上高611億円は2023年実績で鮮度条件外。直近3期の株式会社義津屋売上高を承認ソースで確認できず。https://recruit.yoshizuya.com/company/
001Nn00000hst3X,8010001115350,東レエンジニアリングＤソリューションズ株式会社,https://www.toray-eng.co.jp/tds/corporate/,"5: 300億円以上~1,000億円未満",,確認不可,△ 東レエンジニアリンググループ子会社。自社・親会社公開情報を確認したが、直近3期の対象法人単体売上高を承認ソースで確認できず。https://www.toray-eng.co.jp/tds/corporate/
001Nn00000hst6p,9120001102246,株式会社ジョヴィ,https://www.jovy.co.jp/,"5: 300億円以上~1,000億円未満",イシマツハル,確認不可,△ 自社HP・公的公開情報を確認したが、直近3期の株式会社ジョヴィ売上高を承認ソースで確認できず。https://www.jovy.co.jp/
001Nn00000hst99,1240001006178,株式会社アンデルセン・パン生活文化研究所,https://www.andersen-group.jp/company/22/,"5: 300億円以上~1,000億円未満",,確認不可,△ アンデルセングループの持株会社。自社公式で持株会社としてグループ統括であることは確認したが、直近3期のグループ売上高を承認ソースで確認できず。二次情報の742.07億円は不採用。https://www.andersen-group.jp/company/22/
001Nn00000hstDw,6240001001983,オタフクホールディングス株式会社,https://www.otafuku.co.jp/corporate/about-otafuku/,"5: 300億円以上~1,000億円未満",,325億円（2025年度・連結）,○ 自社公式サステナビリティレポート。持株会社としてOtafukuグループ2025年度連結売上高325億円を公表。https://www.otafuku.co.jp/activity/report/pdf/otafuku_2025-26.pdf
001Nn00000hstEb,4140001033865,ネスレ日本株式会社,https://www.nestle.co.jp/,"5: 300億円以上~1,000億円未満",,確認不可,△ ネスレグループ日本法人。自社・公的公開情報を確認したが、直近3期のネスレ日本株式会社単体売上高を承認ソースで確認できず。https://www.nestle.co.jp/
001Nn00000hstEc,4420001006041,プライフーズ株式会社,https://www.prifoods.jp/,"5: 300億円以上~1,000億円未満",,888億円（2026年3月期・単体）,○ 自社HP採用情報。2026年3月期売上高888億円。https://www.prifoods.jp/
001Nn00000hstEd,7200001000245,アピ株式会社,https://www.api3838.co.jp/outline/factory/headoffice.html,"5: 300億円以上~1,000億円未満",,確認不可,△ 自社HP・公的公開情報を確認したが、直近3期のアピ株式会社売上高を承認ソースで確認できず。https://www.api3838.co.jp/
001Nn00000hstEe,8140001011529,株式会社ユーハイム,https://www.juchheim.co.jp/info,"5: 300億円以上~1,000億円未満",,【300億未満】282億円（2026年3月期・単体）,× 300億未満。自社HP会社概要。2026年3月期年間売上高282億円。https://www.juchheim.co.jp/info
001Nn00000hstEf,2400001007720,株式会社十文字チキンカンパニー,https://www.chicken.co.jp/,"5: 300億円以上~1,000億円未満",20260807キクチリョウスケ,確認不可,△ 自社HP・官報決算情報を確認したが、直近3期の売上高を承認ソースで確認できず。非承認求人媒体の2026年3月期787億円は不採用。https://www.chicken.co.jp/
001Nn00000hstEh,2040001071167,キッコーマン株式会社,https://www.kikkoman.com/jp/,"5: 300億円以上~1,000億円未満",,"7,455.39億円（2026年3月期・連結売上収益）","○ 自社HP会社概要。持株会社として2026年3月期IFRS連結売上収益745,539百万円。https://www.kikkoman.com/jp/corporate/about/profile.html"
001Nn00000hstEi,7110001007027,三幸製菓株式会社,https://www.sanko-seika.co.jp/company/profile/,"5: 300億円以上~1,000億円未満",,確認不可,△ 自社HPでは2017年に売上高500億円突破との沿革は確認できるが鮮度条件外。直近3期の売上高を承認ソースで確認できず。https://sanko-seika.co.jp/company/history/
001Nn00000hstEj,6120901023791,三栄源エフ・エフ・アイ株式会社,https://www.saneigenffi.co.jp/company/summary/,"5: 300億円以上~1,000億円未満",,908億円（2026年3月期・単体）,○ 自社HP会社概要。2026年3月期売上高908億円。https://www.saneigenffi.co.jp/company/summary/
001Nn00000hstEl,9240001000537,株式会社アンデルセン,https://www.andersen.co.jp/company/,"5: 300億円以上~1,000億円未満",🎯360:営業本部／人材教育室 03-5753-6240（旧直通:03-5753-6240　◯）,確認不可,△ アンデルセングループ子会社。自社公式会社情報では店舗・事業概要は確認できるが、直近3期の株式会社アンデルセン単体売上高を承認ソースで確認できず。https://www.andersen-group.jp/company/23/
001Nn00000hstEm,6200001013834,株式会社大光,https://www.oomitsu.com/,"5: 300億円以上~1,000億円未満",,795億円（2026年5月期・連結）,○ 自社HP会社概要。2026年5月期連結売上高795億円、単体766億円。https://www.oomitsu.com/company/gaiyo.html
001Nn00000hstEz,1090001012233,アリメント工業株式会社,http://www.aliment.co.jp/index.html,"5: 300億円以上~1,000億円未満",,確認不可,△ 自社HP・公的公開情報を確認したが、直近3期のアリメント工業株式会社売上高を承認ソースで確認できず。http://www.aliment.co.jp/
001Nn00000hstF6,1050001018473,トモヱ乳業株式会社,https://tomoemilk.jp/,"5: 300億円以上~1,000億円未満",👤人事：生産部／生産技術課／安全教育係 0280-28-5935（旧直通:経営企画部／経営企画課：0280-32-1111）,473億円（2025年3月期・単体）,○ 自社HP会社概要。2025年3月期年商473億円。https://tomoemilk.jp/company/information/
001Nn00000hstFJ,3010001091786,バイエルクロップサイエンス株式会社,https://cropscience.bayer.jp/ja/home/corporate/,"5: 300億円以上~1,000億円未満",,【300億未満】236.94億円（2025年度・単体）,× 300億未満。バイエル公式会社概要。バイエルHD100%子会社の対象法人単体売上高236億94百万円（2025年度）。https://cropscience.bayer.jp/ja/home/corporate/
001Nn00000hstFN,2120001077560,味覚糖株式会社,https://www.uha-mikakuto.co.jp/company/index_02.html,"5: 300億円以上~1,000億円未満",X,確認不可,△ 自社HP・公的公開情報を確認したが、直近3期の味覚糖株式会社売上高を承認ソースで確認できず。https://www.uha-mikakuto.co.jp/company/index_02.html
001Nn00000hstFo,6470001008188,西野金陵株式会社,https://www.nishino-kinryo.co.jp/company/,"5: 300億円以上~1,000億円未満",,確認不可,△ 自社HP・公的公開情報を確認したが、直近3期の西野金陵株式会社売上高を承認ソースで確認できず。https://www.nishino-kinryo.co.jp/company/
001Nn00000hstFv,4010501002614,カネダ株式会社,https://www.kaneda.co.jp/company/overview/,"5: 300億円以上~1,000億円未満",／,501億円（2026年3月期・単体）,○ 自社HP会社概要。R8年3月期売上高501億円。https://www.kaneda.co.jp/company/overview/
001Nn00000hstFx,4010001024786,株式会社ドール,https://www.dole.co.jp/our-company/info/,"5: 300億円以上~1,000億円未満",,確認不可,△ Doleグループ日本法人。自社・公的公開情報を確認したが、直近3期の株式会社ドール単体売上高を承認ソースで確認できず。https://www.dole.co.jp/our-company/info/
001Nn00000hstJt,3250001005193,大西商事株式会社,https://www.ohnishishoji.jp/,"5: 300億円以上~1,000億円未満",,458億円（2025年度・単体）,○ 自社HP会社概要。令和7年度売上高458億円。https://www.ohnishishoji.jp/pages/40/
001Nn00000hstJx,1430001023716,丸水札幌中央水産株式会社,https://www.marusui-net.co.jp/,"5: 300億円以上~1,000億円未満",,"476億9,500万円（2025年3月期・単体）","○ 自社HP会社概要。2025年3月期売上高476億9,500万円。https://www.marusui-net.co.jp/company/"
001Nn00000hstTo,8010401005580,ＬＧ　Ｅｌｅｃｔｒｏｎｉｃｓ　Ｊａｐａｎ株式会社,http://www.lg.com/jp/about-lg/our-brand,"5: 300億円以上~1,000億円未満",,確認不可,△ LGグループ日本法人。自社公式ではグローバルLG Electronicsの売上高のみ確認でき、直近3期のLG Electronics Japan単体売上高を承認ソースで確認できず。https://www.lg.com/jp/about-lg/press-and-media/20250625-lg-honored-with-vgp2025-summer/
001Nn00000hstVE,6021001024410,和光金属株式会社,https://www.wakoh-kinzoku.co.jp/wakohkinzoku/company/,"5: 300億円以上~1,000億円未満",🌳★V06/16(火)、定時00:00、🔵🌑✳✡💡🌅平井さまは横浜営業所。,確認不可,△ 自社HP・gBizINFOを確認したが、直近3期の和光金属株式会社売上高を承認ソースで確認できず。https://info.gbiz.go.jp/hojin/ichiran?hojinBango=6021001024410
001Nn00000hstep,2120001095991,アイテック株式会社,https://www.aitec-j.com/company/overview/,"5: 300億円以上~1,000億円未満",,確認不可,△ 自社HP・gBizINFOを確認したが、直近3期のアイテック株式会社（法人番号2120001095991）売上高を承認ソースで確認できず。https://info.gbiz.go.jp/hojin/ichiran?hojinBango=2120001095991
001Nn00000hsteq,6180001043470,ニッカホーム株式会社,https://www.nikka-home.co.jp/corporate/,"5: 300億円以上~1,000億円未満",,818.8億円（2025年・グループ）,○ 自社HP会社概要。ニッカホームを中核とするグループの2025年年商818.8億円を公表。https://www.nikka-home.co.jp/corporate/
001Nn00000hster,4010701008411,平田機工株式会社,https://www.hirata.co.jp/corporate/summary,"5: 300億円以上~1,000億円未満",,949.07億円（2026年3月期・連結）,"○ JPX掲載2026年3月期決算短信。連結売上高94,906,641千円。https://www2.jpx.co.jp/disc/62580/140120260514533902.pdf"
001Nn00000hstes,9220001011932,小松ウオール工業株式会社,https://www.komatsuwall.co.jp/company/outline/index.html,"5: 300億円以上~1,000億円未満",,467.25億円（2026年3月期・単体）,"○ 自社IR。2026年3月期は非連結で売上高46,725百万円。https://komatsuwall.co.jp/ir/investor/index.html"
001Nn00000hstet,8250001005924,株式会社長府製作所,https://www.chofu.co.jp/corporate/profile.php,"5: 300億円以上~1,000億円未満",,465億円（2025年12月期・連結）,○ 自社HP会社概要。2025年12月期連結売上高465億円。https://www.chofu.co.jp/corporate/profile.php
001Nn00000hstev,7100001003539,株式会社本久,https://motoq.co.jp/,"5: 300億円以上~1,000億円未満",🌳★08/17(月)、定時00:00、🌟🚨🔵🌑✳✡🌅🔥,確認不可,△ 本久ホールディングス傘下の事業会社。自社公式でグループ売上高710億円は確認できるが、対象法人株式会社本久の単体値ではないため不採用。直近3期の単体売上高を承認ソースで確認できず。https://motoq.co.jp/pages/2/
001Nn00000hstex,1150001014512,村本建設株式会社,https://ssl.muramoto.co.jp/,"5: 300億円以上~1,000億円未満",,確認不可,△ 自社HP・公的公開情報を確認したが、直近3期の村本建設株式会社売上高を承認ソース本文で確認できず。求人媒体等の2025年5月期743億円は不採用。https://www.muramoto.co.jp/
001Nn00000hstf1,5030001064375,株式会社中央住宅,null,"5: 300億円以上~1,000億円未満",,"1,102億円（2025年度・単体）","○ 自社HP会社概要。ポラスグループ子会社だが対象法人の2025年度売上高1,102億円を直接開示。https://chuojutaku.polus.co.jp/overview/"
001Nn00000hstf8,8470001001447,株式会社合田工務店,https://www.godaweb.com/,"5: 300億円以上~1,000億円未満",,760億円（2026年3月期・単体）,○ 自社HP会社概要。2026年3月実績売上高760億円。https://www.godaweb.com/company/
001Nn00000hstfe,1012301002796,株式会社ニチエネ,https://nishi.nichiene.jp/kigyo/gaiyo.html,"5: 300億円以上~1,000億円未満",,確認不可,△ 自社HP・官報決算情報を確認したが、直近3期の株式会社ニチエネ売上高を承認ソースで確認できず。https://nishi.nichiene.jp/kigyo/gaiyo.html
001Nn00000hstiU,5012701004744,シチズン時計株式会社,https://www.citizen.co.jp/company/outline.html,"5: 300億円以上~1,000億円未満",／,"3,468億円（2026年3月期・連結）","○ 自社IR『グループの強み』。2025年度（2026年3月期）連結売上高3,468億円。https://www.citizen.co.jp/ir/growth.html"
001Nn00000hstiY,1120001090234,株式会社マンダム,https://www.mandom.co.jp/company/access.html,"5: 300億円以上~1,000億円未満",🔵MC:人事総務部・法務室・役員秘書室 06-6767-5002 / 三戸武史 総務部担当、執行役員人事部長・（旧直通:情報システム部／ＩＴ活用推進課：06-6767-5009） ｜ 🌳★V06/29(月)、定時00:00、✳✡❄,761.83億円（2025年3月期・連結）,"○ 自社公式2025年3月期決算短信。連結売上高76,183百万円。https://www.mandom.co.jp/release/pdf/financial202503.pdf"
001Nn00000hstiZ,6120001075437,エース株式会社,https://www.ace.jp/,"5: 300億円以上~1,000億円未満",／,347.2億円（2025年度・連結）,○ 自社公式ニュースリリース会社概要。2025年度連結売上高347.2億円。https://www.ace.jp/news/pdf/2604_ace.pdf
001Nn00000hstjV,3120001090356,株式会社水上,https://www.mizukami.co.jp/company/outline,"5: 300億円以上~1,000億円未満",,確認不可,△ 自社HP・公的公開情報を確認したが、直近3期の株式会社水上売上高を承認ソースで確認できず。https://www.mizukami.co.jp/company/outline
001Nn00000hstvm,2020001003758,株式会社オーヴァル,https://oval.gr.jp/,"5: 300億円以上~1,000億円未満",,確認不可,△ 法人番号2020001003758の株式会社オーヴァルについてgBizINFO・公的情報を確認したが、直近3期の売上高を承認ソースで確認できず。https://info.gbiz.go.jp/hojin/ichiran?hojinBango=2020001003758
001Nn00000hsuAt,5011101062717,株式会社木下の賃貸,https://kinoshita-chintai.com/other/office_list.html,"5: 300億円以上~1,000億円未満",,確認不可,△ 木下グループ子会社。自社・公的公開情報を確認したが、直近3期の株式会社木下の賃貸単体売上高を承認ソースで確認できず。https://kinoshita-chintai.com/other/office_list.html
001Nn00000hsuG3,5030001004232,パイン株式会社,https://pine-company.jp/,"5: 300億円以上~1,000億円未満",,確認不可,△ 法人番号5030001004232のパイン株式会社についてgBizINFO・自社公開情報を確認したが、直近3期の売上高を承認ソースで確認できず。https://info.gbiz.go.jp/hojin/ichiran?hojinBango=5030001004232
001Nn00000hsuGy,3011101044378,太平ホールディングス株式会社,http://www.taihei-bs.co.jp/index.html,"5: 300億円以上~1,000億円未満",,確認不可,△ 持株会社。自社・公的公開情報を確認したが、直近3期の太平ホールディングス株式会社の連結/グループ売上高を承認ソースで確認できず。http://www.taihei-bs.co.jp/index.html
001Nn00000hsuGz,2011101012138,太平ビルサービス株式会社,https://www.taihei-bs.co.jp/,"5: 300億円以上~1,000億円未満",🌳★V07/01(水)、定時00:00、🔵🌑✳✡💡🌅,確認不可,△ 自社HPの売上高推移で確認できる最新値は2021年度687.28億円で鮮度条件外。直近3期の売上高を承認ソースで確認できず。https://www.taihei-bs.co.jp/about/corporate.html
001Nn00000hsuH3,8010501007717,三井不動産ファシリティーズ株式会社,https://www.mitsui-fc.co.jp/company/outline/,"5: 300億円以上~1,000億円未満",★08/24(月)、定時17:30、✳✡💡👤情シス/DX,429億円（2025年度・単体）,○ 自社HP会社概要。三井不動産100%子会社だが対象法人の2025年度売上高429億円を直接開示。https://www.mitsui-fc.co.jp/company/outline/
001Nn00000hsuH4,8120001077456,星光ビル管理株式会社,https://www.saycogroup.co.jp/company/about/,"5: 300億円以上~1,000億円未満",,424億円（2025年度・単体）,○ 自社HP会社概要。2025年度決算の年商424億円。https://www.saycogroup.co.jp/company/about/
001Nn00000hsuH6,4011101020543,三井不動産レジデンシャルサービス株式会社,http://www.mitsui-kanri.co.jp,"5: 300億円以上~1,000億円未満",キセカヨ,506億円（2025年度・単体）,○ 自社公式キャリア採用サイト。三井不動産グループ子会社だが対象法人の2025年度売上506億円を直接開示。https://www.mitsui-kanri.co.jp/recruit/career/special/number.html
001Nn00000hsuH7,4010001035783,株式会社アトックス,https://www.atox.co.jp/company/profile/,"5: 300億円以上~1,000億円未満",オカモトアツキ　0530,331.14億円（2026年3月期・単体）,"○ 自社HP会社概要。令和8年3月期売上高33,114百万円。https://www.atox.co.jp/testsite/company/profile/"
001Nn00000hsuHH,3120001089786,パナソニックＥＷエンジニアリング株式会社,https://panasonic.co.jp/ew/peweg/company/overview.html,"5: 300億円以上~1,000億円未満",,631.8億円（2025年度・単体）,○ 自社HP会社概要。パナソニックHDグループ100%子会社だが対象法人の2025年度売上高631.8億円を直接開示。https://panasonic.co.jp/ew/peweg/company/overview/
001Nn00000hsuHK,9013301017315,株式会社ランドネット,https://landnet.co.jp/,"5: 300億円以上~1,000億円未満",,959.93億円（2025年7月期・連結）,"○ 2025年7月期決算短信。連結売上高95,992,728千円。https://f.irbank.net/pdf/20250912/140120250912557282.pdf"
001Nn00000hsuHL,6010001115658,パーク二四株式会社,https://www.park24.co.jp/company/about/profile.html,"5: 300億円以上~1,000億円未満",,"4,061.68億円（2025年10月期・連結）","○ JPX掲載2025年10月期決算補足資料。連結売上高406,168百万円。https://www2.jpx.co.jp/disc/46660/140120251212518748.pdf"
001Nn00000hsuHU,4013301007915,株式会社ハウスメイトショップ,http://www.housemate.co.jp/company/about.html#s,"5: 300億円以上~1,000億円未満",🌳★V07/06(月)、定時00:00、🔵🌑🔴✳💡🌅❄ ※デフォ番は取次不可。 ※親会社：ハウスメイトパートナーズ,確認不可,△ ハウスメイトパートナーズ傘下子会社。自社公式で確認できるグループ合計値は対象法人単体値ではないため不採用。直近3期のハウスメイトショップ単体売上高を承認ソースで確認できず。https://www.housemate.co.jp/company/about.html
001Nn00000hsuMQ,3011001044453,株式会社グローバル・リンク・マネジメント,https://www.global-link-m.com/company/glm/profile/,"5: 300億円以上~1,000億円未満",オカモトアツキ　0530,692.62億円（2025年12月期・連結）,○ 自社IR。2025年12月期売上高692.62億円。https://www.global-link-m.com/ir/
001Nn00000hsueQ,5180301012804,カリツー株式会社,https://www.karitsu.co.jp/company/profile/,"5: 300億円以上~1,000億円未満",,772億円（2026年3月期・単体）,○ 自社HP会社概要。2026年3月期売上高772億円。https://www.karitsu.co.jp/company/profile/
001Nn00000hsueS,3120001031863,吉川運輸株式会社,https://www.yosun.jp/about/index.html,"5: 300億円以上~1,000億円未満",,確認不可,△ 自社HP・公的公開情報を確認したが、直近3期の吉川運輸株式会社売上高を承認ソースで確認できず。https://www.yosun.jp/about/index.html
001Nn00000hsueT,3010601029525,カトーレック株式会社,http://www.katolec.com/,"5: 300億円以上~1,000億円未満",イワマシリュウ_2026/08/10,"1,242億円（2024年度・グループ）","○ 自社公式採用サイト。カトーレックを中核とするグループ全体の2024年度売上高1,242億円を公表。https://www.katolec.com/fresher/infographics.html"
001Nn00000hsueV,5020001030543,楠原輸送株式会社,https://www.kusuhara.co.jp/,"5: 300億円以上~1,000億円未満",,確認不可,△ 自社HP・官報決算情報を確認したが売上高は非開示。直近3期の楠原輸送株式会社売上高を承認ソースで確認できず。https://www.kusuhara.co.jp/
001Nn00000hsueX,8180301014153,大興運輸株式会社,https://www.taikoh.co.jp/company/profile.html,"5: 300億円以上~1,000億円未満",,469.46億円（2026年3月期・単体）,"○ 自社HP会社概要。豊田自動織機子会社だが対象法人の2026年3月期売上高46,946百万円を直接開示。https://www.taikoh.co.jp/company/profile.html"
001Nn00000hsuea,4020001079978,株式会社ゼロ,https://www.zero-group.co.jp/,"5: 300億円以上~1,000億円未満",,"1,478.43億円（2025年6月期・連結売上収益）","○ 自社HP会社概要。IFRS連結売上収益147,843百万円。https://www.zero-group.co.jp/corporate/zero/profile/"
001Nn00000hsuec,6190001005354,株式会社ホンダロジスティクス,https://www.honda-logistics.co.jp/company/domestic/,"5: 300億円以上~1,000億円未満",,596億円（2025年度・単体）,○ 自社公式採用サイト。Hondaグループ子会社だが対象法人単独売上596億円（2025年度）を直接開示。https://www.honda-logistics.co.jp/saiyo/environment/attraction/
001Nn00000hsuhY,1200001024729,株式会社エスラインヒダ,https://sline.co.jp/sline_hida/company/,"5: 300億円以上~1,000億円未満",,確認不可,△ エスライングループ子会社。自社・親会社公開情報を確認したが、直近3期のエスラインヒダ単体売上高を承認ソースで確認できず。https://sline.co.jp/sline_hida/company/
001Nn00000hsujB,9010401018045,鶴見サンマリン株式会社,https://www.trsm.co.jp/profile/gaiyou.html,"5: 300億円以上~1,000億円未満",,確認不可,△ 自社HP・公的公開情報を確認したが、直近3期の鶴見サンマリン株式会社売上高を承認ソースで確認できず。求人媒体の2026年3月期625.92億円は不採用。https://www.trsm.co.jp/profile/gaiyou.html
001Nn00000hsvuH,2010001004567,株式会社太平エンジニアリング,http://www.taihei-group.co.jp/,"5: 300億円以上~1,000億円未満",イワマシリュウ_2026/08/10,705.57億円（2025年度・単体）,"○ 自社IR。2025年度の株式会社太平エンジニアリング単体売上高70,556,701千円。https://www.taihei-group.co.jp/ir/"
001Nn00000hsvuJ,6010401021555,ユナイテッドエンジニアリング株式会社,https://www.likes.co.jp/profile/outline/,"5: 300億円以上~1,000億円未満",,確認不可,△ 自社HP・gBizINFOを確認したが、直近3期のユナイテッドエンジニアリング株式会社売上高を承認ソースで確認できず。https://www.likes.co.jp/profile/outline/
001Nn00000hsvuK,6010001044155,三建設備工業株式会社,https://skk.jp/corporate/about/,"5: 300億円以上~1,000億円未満",,"1,142億円（2026年3月期・単体）","○ 自社HP会社概要。2026年3月期売上高1,142億円。https://skk.jp/corporate/about/"
001Nn00000hsvuM,6180001018506,矢作建設工業株式会社,https://www.yahagi.co.jp/,"5: 300億円以上~1,000億円未満",／,"1,693.99億円（2026年3月期・連結）","○ 自社HP『すぐわかるYAHAGI』。2026年3月期連結売上高169,399百万円。https://www.yahagi.co.jp/pickup/quickly-understand/"
001Nn00000hsvuN,5010401000023,株式会社朝日工業社,http://www.asahikogyosha.co.jp/,"5: 300億円以上~1,000億円未満",,"1,027.31億円（2026年3月期・単体）","○ gBizINFO（EDINET有価証券報告書）。2026年3月期提出会社売上高102,731百万円。https://info.gbiz.go.jp/hojin/ichiran?hojinBango=5010401000023"
001Nn00000hsvuP,7010001036564,昱株式会社,http://akira.agns.co.jp,"5: 300億円以上~1,000億円未満",★08/24(月)、定時00:00、⭐🌟🚨🔵🌑✳✡👤情シス/DX,確認不可,△ 自社HP・公的公開情報を確認したが、直近3期の昱株式会社売上高を承認ソースで確認できず。http://akira.agns.co.jp
001Nn00000hsw0W,6140001080939,ＡＳブレーキシステムズ株式会社,http://www.asbrake.co.jp/corporate/outline.html,"5: 300億円以上~1,000億円未満",,657億円（2026年3月期・単体）,○ アイシングループ公式会社情報。子会社だが対象法人の2025/4/1〜2026/3/31売上高657億円を直接開示。https://www.aisin.com/jp/group/asbrake/corporate
001Nn00000hsw8w,1180001012182,三協株式会社,https://www.sankyo-group.jp/about/outline,"5: 300億円以上~1,000億円未満",,確認不可,△ 法人番号1180001012182の三協株式会社について自社・公的公開情報を確認したが、直近3期の売上高を承認ソースで確認できず。https://www.sankyo-group.jp/about/outline
001Nn00000hsw97,5190001015288,センコーアドバンス株式会社,https://www.senko-adv.com/company/network/,"5: 300億円以上~1,000億円未満",サトウリョウト26/08/10,634億円（2025年3月期・単体）,○ 自社HP会社概要。2025年3月期国内単体売上高634億円。https://www.senko-adv.com/company/profile/
001Nn00000hswAN,1180001037122,株式会社スギヤマ薬品,https://sugiyama-club.jp/corporate/gaiyou.html,"5: 300億円以上~1,000億円未満","🌳★07/21(火)、定時00:00、⭐🌟🔵🌑✳✡💡🌅 ※従業員数：3,264名（2025年8月現在）",確認不可,△ 自社HP・公的公開情報を確認したが、直近3期の株式会社スギヤマ薬品売上高を承認ソースで確認できず。https://sugiyama-club.jp/corporate/gaiyou.html
001Nn00000hswE0,6110001004660,株式会社ハヤマ,https://www.kk-hayama.net/,"5: 300億円以上~1,000億円未満",,確認不可,△ 自社公式で確認できる売上高の最新掲載は2023年5月期318億46百万円で鮮度条件外。直近3期の売上高を承認ソースで確認できず。https://www.kk-hayama.net/corp/fuel/
001Nn00000hswEG,4021001041192,株式会社むらせ,https://www.murase-group.co.jp/about/about2/,"5: 300億円以上~1,000億円未満",,702.78億円（2025年9月末時点・単体）,"○ 自社HP会社概要。2025年9月末現在の売上実績70,278百万円。https://www.murase-group.co.jp/about/gaiyou/"
001Nn00000hswNU,5130001041059,株式会社さとう,https://www.sato-kyoto.com/kigyou/gaiyou.html,"5: 300億円以上~1,000億円未満",,"1,124億円（2026年2月期・連結）","○ 自社HP会社概要。グループ中核会社として2026年2月期連結売上高1,124億円。https://www.sato-kyoto.com/kigyou/gaiyou.html"
001Nn00000hswNV,3040001006808,イオンペット株式会社,https://www.aeonpet.com/company/about-us/overview/index.html,"5: 300億円以上~1,000億円未満",,確認不可,△ イオングループ子会社。自社・親会社公開情報を確認したが、直近3期のイオンペット単体売上高を承認ソースで確認できず。https://www.aeonpet.com/company/about-us/overview/index.html
001Nn00000hswNW,2340001003271,株式会社ニシムタ,https://nishimuta.co.jp/about/company/,"5: 300億円以上~1,000億円未満",システム　人事　1110→情シス,892.56億円（2026年2月期・単体）,"○ 自社公式採用サイト。令和8年2月期総売上高89,256百万円。https://recruit.nishimuta.co.jp/data/analyzed-data"
001Nn00000hswNX,4410001006868,株式会社伊徳,http://www.itoku.co.jp/,"5: 300億円以上~1,000億円未満",,650億円（現行会社概要・単体）,○ 自社HP会社概要。売上高650億円を現行会社情報として公表。https://www.itoku.co.jp/company/outline/outline.html
001Nn00000hswNY,9120001014301,株式会社イトーキ,https://www.itoki.jp/showroom/osaka/,"5: 300億円以上~1,000億円未満",,"1,536.82億円（2025年12月期・連結）","○ 2025年12月期決算短信で連結売上高153,682百万円を確認。https://www.itoki.jp/company/ir/"
001Nn00000hswNZ,8120001119497,株式会社ホンダモビリティ近畿,https://www.hondamobility-kinki.co.jp/corporate/company.html,"5: 300億円以上~1,000億円未満",🌳★08/17(月)、定時00:00、🌟🚨✳✡🌅,"1,482.72億円（2026年3月期・単体）","○ 官報第54期決算公告。Honda100%子会社だが対象法人単体売上高148,272百万円。https://kanpou.npb.go.jp/"
001Nn00000hswNa,2110001013962,株式会社オーシャンシステム,https://www.ocean-system.com/,"5: 300億円以上~1,000億円未満",🔵MC:管理本部／人事総務課 0256-33-3987 ｜🎯360:人材開発部 0256-32-6877 ｜ ヤナギダタツヤ,960.55億円（2026年3月期・連結）,"○ 自社IR財務情報。2026年3月期連結売上高96,055百万円。https://www.ocean-system.com/invest/zaimu.html"
001Nn00000hswNb,5011001016616,株式会社ハンズ,https://info.hands.net/company/gaiyo.html,"5: 300億円以上~1,000億円未満",◆08/17(月)、定時00:00、11:30 資料フォロー メールアドレス:daiki-arakawa@hands.net 定時11:00~18:00、🌟🚨,726億円（2026年2月期・単体）,○ 自社HP会社概要。2026年2月決算売上高726億円。https://info.hands.net/company/gaiyo.html
001Nn00000hswNc,2290001016634,株式会社ホンダモビリティ九州,https://honda-mobility-kyushu.co.jp/corporate/,"5: 300億円以上~1,000億円未満",🔵MC:人事部 092-732-1211（旧直通:経営企画室：092-732-1211）,"1,253.60億円（2026年3月期・単体）","○ 官報決算公告。Honda子会社だが対象法人単体の2026年3月期売上高1,253億6,000万円を確認。https://kanpou.npb.go.jp/"
001Nn00000hswNd,8011701003943,島村楽器株式会社,https://www.shimamura.co.jp/corporate/outline/index.html,"5: 300億円以上~1,000億円未満",,503億円（2026年2月期・単体）,○ 自社HP会社概要。2026年2月売上高503億円。https://www.shimamura.co.jp/corporate/outline/index.html
001Nn00000hswNe,4460101000213,株式会社オカモト,https://okamoto-self.com/company,"5: 300億円以上~1,000億円未満",,確認不可,"△ オカモトホールディングス傘下の事業会社。公式グループ情報では2026年3月期グループ合計売上高2,051億円を確認できるが、対象法人株式会社オカモト単体値ではないため不採用。直近3期の単体売上高を承認ソースで確認できず。https://www.okamoto-group.co.jp/jp/company/group/about/"
001Nn00000hswNf,3010901002207,株式会社オオゼキ,http://www.ozeki-net.co.jp/company/outline/,"5: 300億円以上~1,000億円未満",,確認不可,"△ 自社HP・gBizINFOを確認したが、直近3期の株式会社オオゼキ売上高を承認ソースで確認できず。二次情報の2025年度1,050.81億円は不採用。https://www.ozeki-net.co.jp/about/"
001Nn00000hswNg,4490001001093,株式会社サニーマート,https://www.sunnymart.co.jp/profile,"5: 300億円以上~1,000億円未満",,493.93億円（2024年9月期・単体）,○ 自社HP会社情報。令和6年9月期売上高493億93百万円。https://www.sunnymart.co.jp/profile
001Nn00000hswNi,6460101000896,株式会社ダイイチ,https://www.daiichi-d.co.jp/post_shop/post_shop-472,"5: 300億円以上~1,000億円未満",イシマツハル,585.70億円（2025年9月期・単体）,○ 自社HP会社概要・財務情報。2025年9月期売上高585億70百万円。https://www.daiichi-d.co.jp/company/company-profile
001Nn00000hswNj,2010001137037,三井不動産商業マネジメント株式会社,https://www.mf-shogyo.co.jp/,"5: 300億円以上~1,000億円未満",★09/11(金)、定時00:00、🌟🚨✳✡👤経理,438.26億円（2026年3月期・単体）,"○ 自社HP会社概要。三井不動産100%子会社だが対象法人の2026年3月期売上高43,826百万円を直接開示。https://www.mf-shogyo.co.jp/company/"
001Nn00000hswNp,4140001043617,株式会社マルアイ,https://www.maruai-super.co.jp/profile/,"5: 300億円以上~1,000億円未満",,833億円（2026年3月期・単体）,○ 自社HP会社概要。2026年3月売上高833億円。https://www.maruai-super.co.jp/profile/
001Nn00000hswNq,1430001015597,株式会社ホクレン商事,https://www.hokurenshoji.co.jp/company/,"5: 300億円以上~1,000億円未満",／,562.87億円（2024年3月期・単体）,"○ gBizINFO第59期決算公告。2024年3月期売上高56,287百万円。ホクレン農業協同組合連合会の子会社だが対象法人単体値。https://info.gbiz.go.jp/hojin/financialstatement?kessanJohoId=7c127931-8300-412c-b9fe-51e12935e0e5"
001Nn00000hswNr,3470001003902,株式会社マルヨシセンター,http://ww2.maruyoshi-center.co.jp/corporate/,"5: 300億円以上~1,000億円未満",🔵MC:人事総務部 087-874-5516 ｜ ヤナギダタツヤ0809,407.09億円（2026年2月期・単体）,"○ gBizINFO（EDINET有価証券報告書）。2026年2月期提出会社売上高40,708,621千円。https://info.gbiz.go.jp/hojin/ichiran?hojinBango=3470001003902"
001Nn00000hswNs,7110001031415,角上魚類株式会社,http://www.kakujoe.co.jp,"5: 300億円以上~1,000億円未満",,確認不可,"△ 自社公式採用情報では2025年3月期グループ売上高456億5,850万円を確認できるが、角上魚類ホールディングスを含むグループ値で対象法人単体値ではないため不採用。直近3期の角上魚類株式会社単体売上高を承認ソースで確認できず。https://www.recruit.kakujoe.co.jp/company/profile/"
001Nn00000hswNt,9350001008222,株式会社ハンズマン,https://www.handsman.co.jp/company/,"5: 300億円以上~1,000億円未満",X,352億円（2026年6月期・単体）,○ 自社HP会社概要。2026年6月期売上高352億円。https://www.handsman.co.jp/company/
001Nn00000hswNu,9180301006315,クックマート株式会社,https://delight-cookmart.com/company.html,"5: 300億円以上~1,000億円未満",,372億円（2025年度・単体）,○ 自社HP会社概要。2025年度決算のスーパーマーケット全体売上372億円。https://delight-cookmart.com/company.html
001Nn00000hswNv,8010401019531,株式会社トゥモローランド,https://www.tomorrowland.co.jp/,"5: 300億円以上~1,000億円未満",,確認不可,△ 自社HP・gBizINFOを確認したが、直近3期の株式会社トゥモローランド売上高を承認ソースで確認できず。二次情報の2025年度443.73億円は不採用。https://info.gbiz.go.jp/hojin/ichiran?hojinBango=8010401019531
001Nn00000hswNx,1040001006660,株式会社未来屋書店,https://www.miraiyashoten.co.jp/corporate/,"5: 300億円以上~1,000億円未満",,確認不可,△ イオングループ子会社。公的法人情報・自社HPを確認したが、直近3期の売上高を承認ソース上で直接確認できず。官報由来の二次データでは2026年2月期432.87億円があるが、承認ソースでないため不採用。https://info.gbiz.go.jp/hojin/ichiran?hojinBango=1040001006660
001Nn00000hswNz,6370001006557,宮城トヨタ自動車株式会社,https://www.miyagi-toyota.co.jp/tenpo-ichiran/hinodemachi,"5: 300億円以上~1,000億円未満",,"587億9,500万円（2025年3月期・単体）","○ 自社HP会社概要。2025年3月期売上高587億9,500万円。https://www.miyagi-toyota.co.jp/corporate"
001Nn00000hswO0,8140001012345,兵庫トヨタ自動車株式会社,https://www.hyogotoyota.co.jp/company/,"5: 300億円以上~1,000億円未満",スズキユウガ 26/08/07　BO,"857億2,300万円（2024年3月期・単体）","○ 自社HP会社概要。2024年3月期売上高857億2,300万円。https://www.hyogotoyota.co.jp/company/"
001Nn00000ht0JZ,1180301018771,トヨタ自動車株式会社,https://global.toyota/,"6: 1,000億円以上",,"18兆2,599.79億円（2026年3月期・単体）","○ 自社公式2026年3月期決算要旨の個別業績。トヨタ自動車株式会社単体売上高18,259,979百万円。https://global.toyota/pages/global_toyota/ir/financial-results/2026_4q_summary_jp.pdf"
001Nn00000ht0Ja,9180301014251,株式会社デンソー,https://www.denso.com/jp/ja/about-us/corporate-info/profile/,"6: 1,000億円以上",,"7兆5,399.75億円（2026年3月期・連結売上収益）","○ 自社IR。2026年3月期IFRS連結売上収益7,539,975百万円。https://www.denso.com/jp/ja/about-us/investors/financial/"
001Nn00000ht0Jb,4010001008772,三菱電機株式会社,https://www.mitsubishielectric.co.jp/,"6: 1,000億円以上",⭐／,"5兆8,947.47億円（2026年3月期・連結）","○ 自社HPプロフィール・決算短信。2026年3月期連結売上高5,894,747百万円。https://www.mitsubishielectric.co.jp/ja/about/corporate-data/"
001Nn00000ht0Jc,6180301013611,株式会社アイシン,https://www.aisin.com/jp/profile/outline/,"6: 1,000億円以上",,"5兆1,177.64億円（2026年3月期・連結売上収益）","○ JPX掲載2026年3月期決算短信。IFRS連結売上収益5,117,764百万円。https://www2.jpx.co.jp/disc/72590/140120260427512421.pdf"
001Nn00000ht0Jd,1020001071491,富士通株式会社,https://www.fujitsu.com/jp/about/corporate/facilities/,"6: 1,000億円以上",オガタユウ_2026/07/17,"3兆5,501億円（2025年3月期・連結売上収益）","○ 自社公式2024年度決算概要。2024年度年間実績の連結売上収益35,501億円。https://pr.fujitsu.com/jp/ir/library/presentation/pdf/20250424-02.pdf"
001Nn00000ht0Je,6010401027577,本田技研工業株式会社,https://global.honda/jp/,"6: 1,000億円以上",,"21兆7,966.10億円（2026年3月期・連結売上収益）","○ 自社公式2026年3月期連結決算参考資料。IFRS連結売上収益21,796,610百万円。https://global.honda/jp/investors/library/financialresult/main/00/teaserItems1/01117/linkList/04/link/FYE202603_4Q_financial_reference_j_1.pdf"
001Nn00000ht0Jf,3011001041302,トランス・コスモス株式会社,https://www.trans-cosmos.co.jp/,"6: 1,000億円以上",,"3,938.66億円（2026年3月期・連結）","○ EDINET有価証券報告書。2026年3月期連結売上高393,866百万円。https://edinetdb.jp/company/E04837/text?fy=2026"
001Nn00000ht0Jg,4010001008806,山崎製パン株式会社,https://www.yamazakipan.co.jp/,"6: 1,000億円以上",,"1兆3,114億円（2025年12月期・連結）","○ 自社HP会社概要。2025年12月31日現在、連結売上高13,114億円（単体8,911億円）。https://www.yamazakipan.co.jp/company/company/index.html"
001Nn00000ht0Jh,9020001031109,日産自動車株式会社,https://www.nissan-global.com/JP/,"6: 1,000億円以上",,"3兆6,019.71億円（2026年3月期・単体）","○ 自社公式2026年3月期決算短信の個別業績。日産自動車株式会社単体売上高3,601,971百万円。https://www.nissan-global.com/JP/IR/FINANCIAL_RESULTS/ASSETS/DATA/2025/20254th_financialresult_792_j.pdf"
001Nn00000ht0Ji,1120001059675,西日本旅客鉄道株式会社,https://www.westjr.co.jp/company/info/outline/,"6: 1,000億円以上",,確認不可,"△ 自社/JPXの2026年3月期開示で連結トップラインは営業収益1兆8,458億円。通常企業の判定ルールでは営業収益を売上高と同一視しないため不採用。売上高表記を承認ソースで確認できず。https://www2.jpx.co.jp/disc/90210/140120260501516243.pdf"
001Nn00000ht0Jj,7010401001556,アクセンチュア株式会社,http://www.accenture.com/jp,"6: 1,000億円以上",,確認不可,△ Accentureグループ日本法人。自社・公的公開情報を確認したが、直近3期のアクセンチュア株式会社単体売上高を承認ソースで確認できず。https://www.accenture.com/jp-ja/about/company/japan
001Nn00000ht0Jk,4130001000049,京セラ株式会社,https://www.kyocera.co.jp/company/company_profile.html,"6: 1,000億円以上",🌳★V06/15(月)、定時00:00、✳✡,2兆702.03億円（2026年3月期・連結）,"○ 自社HP会社概要。2026年3月期連結売上高2,070,203百万円。https://www.kyocera.co.jp/company/company_profile.html"
001Nn00000ht0Jl,3240001036223,マツダ株式会社,https://www.mazda.com/ja/about/outline/,"6: 1,000億円以上",,"3兆1,350億円（2026年3月期・単体）","○ 自社公式2026年3月期決算参考資料（単独）。売上高31,350億円。https://www.mazda.com/content/dam/mazda/corporate/mazda-com/ja/pdf/investors/library/result/2026/summary20260512_j.pdf"
001Nn00000ht0Jm,7010401022916,日本電気株式会社,https://jpn.nec.com/,"6: 1,000億円以上",,"3兆5,827億円（2026年3月期・連結売上収益）","○ 自社HPプロフィール。2025年度実績の連結売上収益3兆5,827億円（単独2兆945億円）。https://group.nec/global/ja/about/corporate/profile/"
001Nn00000ht0Jn,3010001032864,株式会社ソラスト,https://www.solasto.co.jp/,"6: 1,000億円以上",⭐,"1,411.44億円（2026年3月期・連結）","○ 自社IR業績概況。2025年度連結売上高141,144百万円。https://www.solasto.co.jp/ir/finance/performance/"
001Nn00000ht0Jo,3180001031569,東海旅客鉄道株式会社,https://company.jr-central.co.jp/company/about/outline.html,"6: 1,000億円以上",シモムラソウノスケ　🌱☆V 07/09〈木〉、定時00:00、🌟🚨✳✡直通微妙/・情報システム部デジタル変革推進室/室長/渡邉 禎也,確認不可,"△ gBizINFO有価証券報告書で2026年3月期トップラインは営業収益1,663,235百万円。通常企業の判定ルールでは営業収益を売上高と同一視しないため不採用。https://info.gbiz.go.jp/hojin/ichiran?hojinBango=3180001031569"
001Nn00000ht0Jp,3011001037077,株式会社綜合キャリアオプション,https://sougo-career.co.jp/hub/stk/,"5: 300億円以上~1,000億円未満",,確認不可,△ 自社HP・公的公開情報を確認したが、直近3期の株式会社綜合キャリアオプション単体売上高を承認ソースで確認できず。https://sougo-career.co.jp/
001Nn00000ht0Jq,5010601004914,株式会社ＬＩＸＩＬ,https://www.lixil.com/jp/about/information.html,"6: 1,000億円以上",,"1兆5,107億円（2026年3月期・連結売上収益）","○ 自社IR財務情報。2026年3月期IFRS連結売上収益15,107億円。https://www.lixil.com/jp/investor/financial/sales.html"
001Nn00000ht0Jr,6120001059662,大和ハウス工業株式会社,https://www.daiwahouse.co.jp/company/outline/,"6: 1,000億円以上",,"5兆5,768.61億円（2026年3月期・連結）","○ 自社HP会社概要。2026年3月期連結売上高5,576,861百万円（単体2,228,120百万円）。https://www.daiwahouse.co.jp/company/outline/index.html"
001Nn00000ht0Js,2010005008201,朝日生命保険相互会社,https://www.asahi-life.co.jp/company/intro/outline.html,"6: 1,000億円以上",,対象外（相互会社）,× 法人格。直アポ大は株式会社のみ。相互会社のため対象外
001Nn00000ht0Jt,2080001012662,株式会社ＢＲＥＸＡ　Ｎｅｘｔ,https://next.brexa.com/,"5: 300億円以上~1,000億円未満",,確認不可,"△ 旧アウトソーシングから商号変更した法人。BREXAグループ公式ではグループ売上約8,000億円を確認できるが、対象法人BREXA Next単体値ではないため不採用。直近3期の単体売上高を承認ソースで確認できず。https://www.brexa.com/news/2068/"
001Nn00000ht0Ju,3180301014273,株式会社豊田自動織機,https://www.toyota-shokki.co.jp/company/data/,"6: 1,000億円以上",,"4兆3,695億円（2026年3月期・連結）","○ 自社HP会社概要。2026年3月期IFRS売上高43,695億円。単体売上高も1,289,907百万円。https://www.toyota-shokki.co.jp/company/data/"
001Nn00000ht0Jw,1120001037978,株式会社クボタ,https://www.kubota.co.jp/,"6: 1,000億円以上",,3兆189億円（2025年12月期・連結）,"○ 自社HP会社概要・主要財務データ。2025年12月期連結売上高30,189億円（単独12,358億円）。https://www.kubota.co.jp/corporate/overview/index.html"
001Nn00000ht0Jx,6020001030402,日総工産株式会社,https://www.nisso.co.jp/,"5: 300億円以上~1,000億円未満",,873.30億円（2025年3月期・単体）,"○ 自社HP会社概要。NISSOホールディングス子会社だが対象法人の日総工産単体売上高87,330百万円（2025年3月期）を直接開示。https://www.nisso.co.jp/nextcareer/"
001Nn00000ht0Jy,1140001005719,川崎重工業株式会社,https://www.khi.co.jp/corporate/network/kobe.html,"6: 1,000億円以上",,"2兆3,112億円（2026年3月期・連結売上収益）","○ 自社公式2026年3月期決算短信。IFRS連結売上収益2兆3,112億円。https://www.khi.co.jp/ir/pdf/sta_260512-1j.pdf"
001Nn00000ht0Jz,6010801001974,オーケー株式会社,https://ok-corporation.jp/company/company-profile.html,"6: 1,000億円以上",,"7,544億円（2026年3月期・単体）","○ 自社HP年度別業績。2026年3月期売上高7,544億円。https://ok-corporation.jp/company/performance/59-03/entry-3254.html"
001Nn00000ht0K0,7010401029044,三菱自動車工業株式会社,http://www.mitsubishi-motors.com/,"6: 1,000億円以上",,"2兆7,882.32億円（2026年3月期・連結）","○ JPX掲載2026年3月期決算短信。連結売上高2,788,232百万円。https://www2.jpx.co.jp/disc/72110/140120260508519452.pdf"
001Nn00000ht0K1,3010001166927,東京電力パワーグリッド株式会社,https://www.tepco.co.jp/pg/company/summary/,"6: 1,000億円以上",,確認不可,△ 東京電力HD子会社。親会社有報の連結売上高は確認できるが、直近3期の東京電力パワーグリッド単体売上高を承認ソースで確認できず。https://www.tepco.co.jp/about/ir/library/securities_report/pdf/202606-j.pdf
001Nn00000ht0K2,3010001034943,株式会社ブリヂストン,https://www.bridgestone.co.jp/,"6: 1,000億円以上",,"4兆4,295億円（2025年12月期・連結売上収益）","○ 自社IR。2025年通期実績の連結売上収益44,295億円。https://www.bridgestone.co.jp/ir/financialdata/forecasts/"
001Nn00000ht0K3,1010401010455,株式会社小松製作所,https://home.komatsu/jp/,"6: 1,000億円以上",,"4兆1,327.51億円（2026年3月期・連結）","○ 自社公式2026年3月期決算短信。連結売上高4,132,751百万円。https://www.komatsu.jp/ja/-/media/home/ir/library/financial/ja/2603q4_j.pdf"
001Nn00000ht0K4,6140001005714,株式会社神戸製鋼所,https://www.kobelco.co.jp/,"6: 1,000億円以上",,"2兆4,365.81億円（2026年3月期・連結）","○ JPX掲載2026年3月期決算短信。連結売上高2,436,581百万円。https://www2.jpx.co.jp/disc/54060/140120260508520419.pdf"
001Nn00000ht0K5,3120901019710,ダイハツ工業株式会社,https://www.daihatsu.com/jp/,"6: 1,000億円以上",,確認不可,△ トヨタグループ子会社。自社・親会社の公開情報を確認したが、直近3期のダイハツ工業単体売上高を承認ソースで確認できず。https://www.daihatsu.com/jp/
001Nn00000ht0K6,9120001079055,株式会社ジェイテクト,https://www.jtekt.co.jp/company/profile.html,"6: 1,000億円以上",,"1兆9,249.50億円（2026年3月期・連結売上収益）","○ 自社IR業績ハイライト。2026年3月期IFRS連結売上収益1,924,950百万円。https://www.jtekt.co.jp/ir/achievement.html"
001Nn00000ht0K7,8013401000626,日野自動車株式会社,https://www.hino.co.jp/,"6: 1,000億円以上",,確認不可,"△ トヨタグループ子会社。自社会社概要で2026年3月期連結売上高1,565,332百万円は確認できるが、子会社判定ルールでは対象法人単体値が必要。直近3期の単体売上高を承認ソースで確認できず。https://www.hino.co.jp/corp/about_us/corporate_information.html"
001Nn00000ht0K8,4130001030475,株式会社村田製作所,http://www.murata.co.jp/,"6: 1,000億円以上",,"1兆8,309億円（2026年3月期・連結売上収益）","○ 自社IR財務ハイライト。2026年3月期IFRS連結売上収益1兆8,309億円。https://corporate.murata.com/ja-jp/ir/financial/highlite"
001Nn00000ht0K9,4011101010841,セイコーエプソン株式会社,https://www.epson.jp/corporate/about/profile.htm,"6: 1,000億円以上",,"1兆4,132.51億円（2026年3月期・連結売上収益）","○ 自社公式2026年3月期決算短信。IFRS連結売上収益1,413,251百万円。https://corporate.epson/ja/news/2026/260501.html"
001Nn00000ht0KB,9010701020592,楽天グループ株式会社,https://corp.rakuten.co.jp/,"6: 1,000億円以上",⭐／,"2兆4,965.75億円（2025年12月期・連結売上収益）","○ 自社公式開示。2025年12月期IFRS連結売上収益2,496,575百万円。https://corp.rakuten.co.jp/news/press/2026/0212_15.html"
001Nn00000ht0KC,1010401013565,清水建設株式会社,https://www.shimz.co.jp/company/about/network/tokyo/,"6: 1,000億円以上",★08/10(月)、定時00:00、⭐🌟🚨✳✡👤情シス/DX👤経理,"1兆4,896億円（2026年3月期・単体）","○ JPX掲載2026年3月期決算短信の個別内訳。清水建設単体の建設事業売上高合計14,896億円。https://www2.jpx.co.jp/disc/18030/140120260511522669.pdf"
001Nn00000ht0KE,3120001059632,関西電力株式会社,https://www.kepco.co.jp/,"6: 1,000億円以上",,確認不可,△ 電力会社。自社/JPXの直近開示で主要トップラインは営業収益。今回の通常企業判定ルールでは営業収益を売上高と同一視しないため不採用。https://www.kepco.co.jp/ir/
001Nn00000ht0KH,5010701000904,いすゞ自動車株式会社,https://www.isuzu.co.jp/company/profile.html,"6: 1,000億円以上",,"3兆4,791億円（2026年3月期・連結売上収益）","○ 自社公式2026年3月期決算説明資料。連結売上収益3兆4,791億円。https://www.isuzu-global.com/ja/investor/financial/results/main/01112/teaserItems3/0111112/linkList/04/link/kessan202603.pdf"
001Nn00000ht0KI,7010401088742,株式会社大林組,https://www.obayashi.co.jp/,"6: 1,000億円以上",,"1兆5,099.91億円（2026年3月期・単体）","○ JPX掲載2026年3月期決算説明資料。大林組単体売上高合計1,509,991百万円。https://www2.jpx.co.jp/disc/18020/140120260512526641.pdf"
001Nn00000ht0KJ,5010001034867,東レ株式会社,https://www.toray.co.jp/aboutus/outline.html,"6: 1,000億円以上",,"2兆5,850.77億円（2026年3月期・連結売上収益）","○ 自社公式2026年3月期決算短信。IFRS連結売上収益2,585,077百万円。https://www.toray.co.jp/ir/pdf/fin/fin_a133.pdf"
001Nn00000ht0KK,4010501022810,東京地下鉄株式会社,https://www.tokyometro.jp/,"6: 1,000億円以上",オガタユウ_2026/08/06,確認不可,△ 鉄道会社。自社/JPX開示の主要トップラインは営業収益で、通常企業の判定ルールでは売上高と同一視しないため不採用。https://www.tokyometro.jp/corporate/ir/
001Nn00000ht0KL,1240001032736,福山通運株式会社,https://corp.fukutsu.co.jp/company/profile.html,"6: 1,000億円以上",オガタユウ_2026/07/17,"3,185.82億円（2026年3月期・連結）","○ JPX掲載2026年3月期決算補足説明資料。連結売上高318,582百万円。https://www2.jpx.co.jp/disc/90750/140120260514532804.pdf"
001Nn00000ht0KM,3160001008726,株式会社平和堂,https://www.heiwado.jp/about/profile,"6: 1,000億円以上",,"4,560.10億円（2026年2月期・連結）","○ 自社IR財務・業績ページ。2026年2月期連結売上高456,010百万円。https://www.heiwado.jp/ir/sales"
001Nn00000ht0KN,1010001128061,日本アイ・ビー・エム株式会社,https://www.ibm.com/jp-ja,"6: 1,000億円以上",／,"8,321億円（2025年度・単体）","○ 日本IBM公式会社経歴書。2025年度単独損益計算書の売上高8,321億円。https://www.ibm.com/downloads/documents/jp-ja/115dcc7f0f363739"
001Nn00000ht0KP,8240001000777,株式会社イズミ,https://www.izumi.co.jp/corp/outline/,"6: 1,000億円以上",,確認不可,"△ 自社公式2026年2月期開示のトップラインは営業収益569,312百万円。通常企業の判定ルールでは営業収益を売上高と同一視しないため不採用。https://www.izumi.co.jp/ir/library/results/"
001Nn00000ht0KQ,3010001097635,ＳＭＣ株式会社,https://www.smcworld.com/ja-jp/,"6: 1,000億円以上",／,"8,425億円（2026年3月期・連結）","○ 自社IR『SMC早わかり』。2026年3月期連結売上高8,425億円。https://www.smcworld.com/ir/ja-jp/investor.html"
001Nn00000ht0KR,8030001085963,株式会社ベルク,https://www.belc.jp/company/about/overview,"6: 1,000億円以上",,"4,160.59億円（2026年2月期・単体）","○ gBizINFO（EDINET有価証券報告書）。2026年2月期提出会社売上高416,059百万円。https://info.gbiz.go.jp/hojin/ichiran?hojinBango=8030001085963"
001Nn00000ht0KS,5011101012069,大日本印刷株式会社,https://www.dnp.co.jp/corporate/overview/index.html,"6: 1,000億円以上",,"1兆5,125.71億円（2026年3月期・連結）","○ 自社HP会社概要。2026年3月期連結売上高1兆5,125億71百万円、単体9,256億93百万円。https://www.dnp.co.jp/corporate/overview/"
001Nn00000ht0KT,6030005005060,曙ブレーキ工業労働組合,http://www.akebono-brake.com,"6: 1,000億円以上",,対象外（労働組合）,× 法人格。直アポ大は株式会社のみ。労働組合のため対象外
001Nn00000ht0KU,6260001002220,株式会社グロップ,https://www.grop.co.jp/,"5: 300億円以上~1,000億円未満",,639.9億円（2025年8月期・グループ連結）,○ 自社HP会社概要。2025年8月期グループ連結売上高639.9億円。https://www.grop.co.jp/profile/
001Nn00000ht0KV,7010001034064,株式会社東京海上日動キャリアサービス,https://www.tokiomarine-tcs.jp/c/corporate/office/index.html,"5: 300億円以上~1,000億円未満",,確認不可,△ 東京海上グループ子会社。gBizINFO第42期決算公告は貸借対照表のみで、直近3期の対象法人単体売上高を確認できず。https://info.gbiz.go.jp/hojin/financialstatement?kessanJohoId=6cb41dee-51ae-4f75-9b57-9e8663db72fc
001Nn00000ht0KW,4010401016607,大東建託株式会社,https://www.kentaku.co.jp/,"6: 1,000億円以上",,"1兆9,847.43億円（2026年3月期・連結）","○ 2026年3月期決算短信。連結売上高1,984,743百万円。https://www.kentaku.co.jp/corporate/ir/"
001Nn00000ht0KY,8010001074167,ＳＣＳＫ株式会社,https://www.scsk.jp/corp/base.html,"6: 1,000億円以上",,"7,803.26億円（2026年3月期・連結）","○ 自社HP会社概要。2026年3月期連結売上高780,326百万円。https://www.scsk.jp/corp/outline.html"
001Nn00000ht0KZ,1120001063033,株式会社きんでん,http://www.kinden.co.jp,"6: 1,000億円以上",,"7,507.42億円（2026年3月期・連結）","○ 2026年3月期有価証券報告書・決算開示で連結売上高750,742百万円。https://www.kinden.co.jp/ir/"
001Nn00000ht0Kc,3010001029968,株式会社マイナビ,https://www.mynavi.jp/company/overview/,"6: 1,000億円以上",,"2,282億円（2025年9月期・単体）","○ 自社公式キャリア採用サイト。2025年9月期単体売上高2,282億円。https://www.mynavi.jp/recruit/career/company/profile/"
001Nn00000ht0Kd,1120001074930,株式会社魚国総本社,https://www.uokuni-s.co.jp/corporate/profile.html,"5: 300億円以上~1,000億円未満",,709億円（2026年3月期・単体）,○ 自社HP会社概要。2026年3月期売上高709億円。https://www.uokuni-s.co.jp/corporate/profile.html
001Nn00000ht0Ke,6140001008691,住友ゴム工業株式会社,https://www.srigroup.co.jp/corporate/company.html,"6: 1,000億円以上",,"1兆2,070.61億円（2025年12月期・連結売上収益）","○ 自社公式2025年12月期決算短信。IFRS連結売上収益1,207,061百万円。https://www.srigroup.co.jp/ir/library/financial-report/dvql4p00000qekq7-att/2025_end_tanshin.pdf"
001Nn00000ht0Kf,4010401052081,三井化学株式会社,https://www.mcictm.com/company/outline.html,"6: 1,000億円以上",,"1兆6,688億円（2026年3月期・連結売上収益）","○ JPX掲載2026年3月期決算短信。IFRS連結売上収益1兆6,688億円。https://www2.jpx.co.jp/disc/41830/140120260508519131.pdf"
001Nn00000ht0Kh,3070001004866,株式会社ベイシア,https://www.beisia.co.jp/,"6: 1,000億円以上",,"3,615億円（2026年2月期・単体）","○ 自社HP会社概要。2026年2月期売上高3,615億円。https://www.beisia.co.jp/%E4%BC%81%E6%A5%AD%E6%83%85%E5%A0%B1/%E4%BC%9A%E7%A4%BE%E6%A6%82%E8%A6%81"
001Nn00000ht0Ki,4011101013398,テイケイ株式会社,https://www.teikeigroup.co.jp/company/overview/,"5: 300億円以上~1,000億円未満",,"943億9,898万円（2025年6月・連結）","○ 自社HP会社概要。令和7年6月時点の連結売上高943億9,898万円。https://teikeigroup.co.jp/company/overview/"
001Nn00000ht0Kj,9030001045124,株式会社武蔵野,https://www.ms-net.co.jp/ms_01_company/ms_01_01_company.html,"6: 1,000億円以上",,"1,705億8,194万円（2025年3月期・単体）","○ 自社HP会社案内。2025年3月期売上高1,705億8,194万円。https://www.ms-net.co.jp/ms_01_company/ms_01_01_company.html"
001Nn00000ht0Kk,6290001012621,九州旅客鉄道株式会社,https://www.jrkyushu.co.jp/company/info/outline/,"6: 1,000億円以上",,"5,003.93億円（2026年3月期・連結）","○ 自社公式2026年3月期決算短信。連結売上高500,393百万円。https://www.jrkyushu.co.jp/company/ir/news/__icsFiles/afieldfile/2026/05/11/9142.FY2026.4q.kessan.ja.pdf"
001Nn00000ht0Km,4030001007483,株式会社富士薬品,http://www.fujiyakuhin.co.jp/company/company.php,"6: 1,000億円以上",,"3,812億円（2024年度・グループ）","○ 自社HP『数字で見る富士薬品』。グループ中核会社として2024年度グループ売上高3,812億円を公表。https://www.fujiyakuhin.co.jp/about/"
001Nn00000ht0Kn,4290001007004,九州電力株式会社,https://www.kyuden.co.jp/company/outline.html,"6: 1,000億円以上",,"2兆2,472.14億円（2026年3月期・連結）","○ 自社公式2026年3月期決算短信。連結売上高2,247,214百万円。https://www.kyuden.co.jp/var/rev0/0842/2908/hnr9wCtW.pdf"
001Nn00000ht0Ko,6120101002720,株式会社サカイ引越センター,https://www.hikkoshi-sakai.co.jp/company/profile.html,"6: 1,000億円以上",,"1,063.14億円（2026年3月期・単体）","○ gBizINFO（EDINET有価証券報告書）。2026年3月期提出会社売上高106,314百万円。https://info.gbiz.go.jp/hojin/ichiran?hojinBango=6120101002720"
001Nn00000ht0Kp,7010001034849,ＴＤＫ株式会社,https://www.tdk.com/,"6: 1,000億円以上",,"2兆5,048.20億円（2026年3月期・連結）","○ 自社IR業績情報。2026年3月期連結売上高2,504,820百万円。https://www.tdk.com/ja/ir/financial_information/projections/index.html"
001Nn00000ht0Kq,7180001045235,豊田合成株式会社,https://www.toyoda-gosei.co.jp/kigyou/gaiyou/company/,"6: 1,000億円以上",,"1兆1,467億円（2026年3月期・連結売上収益）","○ 自社HP会社概要。2025年度連結売上収益1兆1,467億円。https://www.toyoda-gosei.co.jp/kigyou/gaiyou/company/"
001Nn00000ht0Kr,3120001048981,ＮＴＮ株式会社,https://www.ntn.co.jp/japan/index.html,"6: 1,000億円以上",,"8,263.44億円（2026年3月期・連結）","○ JPX掲載2026年3月期決算短信。連結売上高826,344百万円。https://www2.jpx.co.jp/disc/64720/140120260511521289.pdf"
001Nn00000ht0Ks,6290001001120,株式会社クラフティア,https://www.kyudenko.co.jp/company/about.html,"6: 1,000億円以上",,"4,761.23億円（2026年3月期・連結）","○ 2026年3月期有価証券報告書・決算開示で連結売上高476,123百万円。https://www2.jpx.co.jp/disc/19590/140120260428513134.pdf"
001Nn00000ht0Kt,4010001090011,住友林業株式会社,https://sfc.jp/,"6: 1,000億円以上",★08/24(月)、定時00:00、⭐🌟🚨✳✡👤経理👤情シス/DX👤経企,"2兆2,675.77億円（2025年12月期・連結）","○ 自社公式株主向け資料。2025年12月期連結売上高2,267,577百万円。https://sfc.jp/information/ir/stockholder/pdf/2025_syosyu.pdf"
001Nn00000ht0Kv,4370001011311,東北電力株式会社,https://www.tohoku-epco.co.jp/comp/gaiyo/gaiyo.html,"6: 1,000億円以上",,"2兆3,724.20億円（2026年3月期・連結）","○ 自社公式2026年3月期決算短信。連結売上高2,372,420百万円。https://www.tohoku-epco.co.jp/ir_n/report/results/pdf/2026_tan.pdf"
001Nn00000ht0Kw,5011001005222,オリンパス株式会社,https://www.olympus.co.jp/company/base/office.html,"6: 1,000億円以上",イワマシリュウ_2026/08/10,1兆106.76億円（2026年3月期・連結）,"○ 自社公式2026年3月期決算短信。継続事業の連結売上高1,010,676百万円。https://www.olympus.co.jp/ir/data/brief/pdf/01_tanshin_Q4FY2026_jp.pdf"
001Nn00000ht0Kx,9120001059833,株式会社ｉＤＡ,https://ida-mode.com/,"6: 1,000億円以上",,確認不可,△ 自社HP・gBizINFOを確認したが、直近3期の株式会社iDA単体売上高を承認ソースで確認できず。https://info.gbiz.go.jp/hojin/ichiran?hojinBango=9120001059833
001Nn00000ht0Ky,4010401030574,横浜ゴム株式会社,https://www.y-yokohama.com/profile/company/,"6: 1,000億円以上",,"1兆2,349.59億円（2025年12月期・連結売上収益）","○ 自社HP会社概要。2025年12月期売上収益1,234,959百万円。https://www.y-yokohama.com/profile/company/"
001Nn00000ht0Kz,3370001006799,アイリスオーヤマ株式会社,https://www.irisohyama.co.jp/company/address/,"6: 1,000億円以上",イワマシリュウ_2026/08/10,"2,458億円（2025年度・単体）","○ 自社HP会社概要。2025年度アイリスオーヤマ単体売上高2,458億円（グループ7,949億円）。https://www.irisohyama.co.jp/company/outline/"
001Nn00000ht0L0,2010001134133,ＴＩＳ株式会社,https://www.tis.co.jp/company/network/shinjuku.html,"6: 1,000億円以上",,"5,964.79億円（2026年3月期・連結）","○ 現TISI株式会社公式会社概要。2026年3月期連結売上高596,479百万円。対象法人の旧TIS単体売上高も273,173百万円。https://www.tisi.jp/company/information/"
001Nn00000ht0L1,8020001075701,ルネサスエレクトロニクス株式会社,https://www.renesas.com/,"6: 1,000億円以上",,"9,269.86億円（2025年12月期・単体）","○ gBizINFO（EDINET有価証券報告書）。2025年12月期提出会社売上高926,986百万円。https://info.gbiz.go.jp/hojin/ichiran?hojinBango=8020001075701"
001Nn00000ht0L2,9010001096367,アズビル株式会社,https://www.azbil.com/jp/corporate/company/data.html,"6: 1,000億円以上",,"2,989.30億円（2026年3月期・連結）","○ 2026年3月期決算短信。連結売上高298,930百万円。https://www.azbil.com/jp/ir/"
001Nn00000ht0L3,9010001011318,出光興産株式会社,https://www.idemitsu.com/jp/company/profile/index.html,"6: 1,000億円以上",,"8兆1,058.91億円（2026年3月期・連結）","○ 自社公式2026年3月期決算短信。連結売上高8,105,891百万円。https://www.idemitsu.com/jp/news/2026/260512_1.pdf"
001Nn00000ht0L4,5040001020385,株式会社あらた,https://www.arata-gr.jp,"6: 1,000億円以上",,1兆47.49億円（2026年3月期・連結）,"○ 2026年3月期決算開示で連結売上高1,004,749百万円。https://www.arata-gr.jp/ir/"
001Nn00000ht0L5,3090001010053,ファナック株式会社,https://www.fanuc.co.jp/ja/profile/outline.html,"6: 1,000億円以上",,"8,578.31億円（2026年3月期・連結）","○ 自社公式2026年3月期決算短信。連結売上高857,831百万円。https://www.fanuc.co.jp/ja/ir/announce/pdf/2026/financialresult202603.pdf"
001Nn00000ht0L6,3060001014164,株式会社カワチ薬品,https://www.cawachi.co.jp/corporate/outline/,"6: 1,000億円以上",,"2,844.92億円（2026年3月期・連結）","○ 2026年3月期決算短信で連結売上高284,492百万円。https://www.cawachi.co.jp/corporate/ir/"
001Nn00000ht0L7,3130001012441,株式会社王将フードサービス,https://ir.ohsho.co.jp/company/outline/,"6: 1,000億円以上",,"1,168.38億円（2026年3月期・単体）","○ 自社HP会社概要。2026年3月期売上高1,168億38百万円。https://ir.ohsho.co.jp/company/outline/"
001Nn00000ht0L8,1012401000634,株式会社サンドラッグ,https://www.sundrug.co.jp/company/outline,"6: 1,000億円以上",,確認不可,△ 自社IR・公的公開情報を確認したが、2026年3月期の売上高数値を承認ソース本文で確定できず。推測せず確認不可。https://www.sundrug.co.jp/company/outline
001Nn00000ht0L9,7290801002705,株式会社ナフコ,https://www.nafco.tv/corporate/data.html,"6: 1,000億円以上",,"1,744.77億円（2026年3月期・単体）","○ 自社IR決算ハイライト。2026年3月期売上高174,477百万円。https://www.nafco.tv/ir/financial/highlights.html"
001Nn00000ht0LA,5010001008796,古河電気工業株式会社,https://www.furukawa.co.jp/company/office/headoffice.html,"6: 1,000億円以上",,"1兆3,076億円（2026年3月期・連結）","○ 自社IR業績概要。2026年3月期連結売上高1兆3,076億円。https://www.furukawaelectric.com/ir/achievements/highlight.html"
001Nn00000ht0LB,2011001033515,株式会社エービーシー・マート,https://www.abc-mart.co.jp/,"6: 1,000億円以上",,"3,786.24億円（2026年2月期・連結）","○ 自社HP会社概要。2026年2月期連結売上高3,786億24百万円。https://abc-mart.co.jp/aboutus/gaiyo.html"
001Nn00000ht0LC,7020001006616,日本発條株式会社,http://www.nhkspg.co.jp,"6: 1,000億円以上",,"8,168.79億円（2026年3月期・連結）","○ EDINET有価証券報告書。2026年3月期連結売上高816,879百万円。提出会社単体も371,607百万円で300億円以上。https://disclosure2dl.edinet-fsa.go.jp/searchdocument/pdf/S100YD4O.pdf"
001Nn00000ht0LD,8100001007753,ミネベアミツミ株式会社,https://www.minebeamitsumi.com/corp/company/aboutus/profile/,"6: 1,000億円以上",,"1兆6,643.87億円（2026年3月期・連結）","○ 自社HP会社概要。2026年3月期連結売上高1,664,387百万円。https://www.minebeamitsumi.com/corp/company/aboutus/profile/"
001Nn00000ht0LE,7240001031724,株式会社ハローズ,https://www.halows.com/company/profile/,"6: 1,000億円以上",,"2,165億円超（2026年2月期・単体）","○ 自社IR月次売上高を2025年3月〜2026年2月で合算すると2,165億円超。月次表は売上高として公式開示。https://www.halows.com/ir/finance_monthly/"
001Nn00000ht0LF,4290001009413,西日本鉄道株式会社,https://www.nishitetsu.co.jp/,"6: 1,000億円以上",,確認不可,"△ 自社公式2025年度会社概要・決算短信ではトップラインが営業収益188,036百万円。通常企業の判定ルールでは営業収益を売上高と同一視しないため不採用。https://www.nishitetsu.co.jp/ja/group/company/outline.html"
001Nn00000ht0LG,8180001031837,名古屋鉄道株式会社,https://www.meitetsu.co.jp/profile/company/about/,"6: 1,000億円以上",,確認不可,△ 自社公式2026年3月期決算短信のトップラインは営業収益。通常企業の判定ルールでは営業収益を売上高と同一視しないため不採用。https://www.meitetsu.co.jp/ir/reference/statement/__icsFiles/afieldfile/2026/05/14/kessan260515.pdf
001Nn00000ht0LH,5120001101680,株式会社ケア２１,https://www.care21.co.jp/company/outline/,"5: 300億円以上~1,000億円未満",,481.58億円（2025年10月期・連結）,"○ 自社HP会社概要。2025年10月期売上481億5,800万円。https://www.care21.co.jp/company/outline/"
001Nn00000ht0LI,7010401006126,沖電気工業株式会社,https://www.oki.com/jp/profile/info/,"6: 1,000億円以上",,"4,216.35億円（2026年3月期・連結）","○ 自社公式2026年3月期決算短信。連結売上高421,635百万円。https://www.oki.com/global/ja/ir/assets_c/uploads/260513_all.pdf"
001Nn00000ht0LJ,1010001069520,株式会社ＩＤＯＭ,https://idom-inc.com/,"6: 1,000億円以上",,"5,627億円（2026年2月期・連結）","○ 自社HP会社情報。2026年2月期連結売上高5,627億円。https://idom-inc.com/ir/company/"
001Nn00000ht0LL,4010001142571,渡辺パイプ株式会社,https://www.sedia-system.co.jp/company/profile.html,"6: 1,000億円以上",,"4,342.37億円（2026年3月期・単体）","○ 自社HP会社概要。2026年3月期単体年商434,237百万円。https://www.sedia-system.co.jp/company/profile.html"
001Nn00000ht0LM,6010001034791,株式会社全日警,https://www.zennikkei.co.jp/company,"5: 300億円以上~1,000億円未満",,413.45億円（2025年度・単体）,"○ 自社HP企業概要。2025年度売上高41,345百万円。https://www.zennikkei.co.jp/company"
001Nn00000ht0LO,8120001068678,ニプロ株式会社,https://www.nipro.co.jp/corporate/profile/,"6: 1,000億円以上",,"6,605.38億円（2026年3月期・連結）","○ 自社IR業績ハイライト。2026年3月期連結売上高660,538百万円。https://www.nipro.co.jp/ir/financial/"
001Nn00000ht0LP,7290001008379,総合メディカル株式会社,https://www.sogo-medical.co.jp/,"6: 1,000億円以上",,確認不可,"△ 総合メディカルグループ子会社化後の対象法人単体売上高を自社・公的承認ソースで確認できず。二次情報の2025年3月期1,103.01億円は不採用。https://www.sogo-medical.co.jp/"
001Nn00000ht0LQ,5250001010002,東ソー株式会社,https://www.tosoh.co.jp/,"6: 1,000億円以上",,1兆199億円（2026年3月期・連結）,○ 自社HP会社概要。2026年3月期連結売上高1兆199億円。https://www.tosoh.co.jp/company/outline/
001Nn00000ht0LR,2120001059666,東洋紡株式会社,https://www.toyobo.co.jp/company/access/map_osaka.html,"6: 1,000億円以上",,"4,216億円（2026年3月期・連結）","○ 自社IRセグメント情報。2026年3月期連結売上高4,216億円。https://ir.toyobo.co.jp/ja/ir/finance/segment/about-segment-graph.html"
001Nn00000ht0LS,7020001008645,株式会社横浜銀行,https://www.boy.co.jp/boy/company/gaiyou.html,"6: 1,000億円以上",オカモトアツキ,確認不可,△ 銀行特例で経常収益を採用できるが、2026年3月期の横浜銀行単体経常収益を承認ソース本文で確定できず。推測せず確認不可。https://www.boy.co.jp/boy/company/gaiyou.html
001Nn00000ht0LT,1010001008692,住友商事株式会社,https://www.sumitomocorp.com/ja/jp/about/point/japan/tokyo,"6: 1,000億円以上",,確認不可,"△ 自社公式2026年3月期決算短信のトップラインはIFRS『収益』7,337,259百万円。今回の通常企業判定ルールでは一般的な『収益』を売上高と同一視しないため不採用。https://www.sumitomocorp.com/-/media/Files/hq/ir/report/summary/2025/2603Tanshin.pdf"
001Nn00000ht0LV,6010001167617,株式会社ＪＥＲＡ,https://www.jera.co.jp/corporate/about/com_outline,"6: 1,000億円以上",,3兆500億円（2026年3月期・連結売上収益）,○ 自社公式2025年度連結決算。IFRS売上収益（売上高）3兆500億円。https://www.jera.co.jp/news/information/20260427_2404
001Nn00000ht0LW,4010401020757,東京エレクトロン株式会社,https://www.tel.co.jp/about/summary/,"6: 1,000億円以上",,"2兆4,435億円（2026年3月期）","○ 自社HP会社概要。2026年3月期売上高2兆4,435億円を公表。https://www.tel.co.jp/about/summary/"
001Nn00000ht0LX,3010401046159,株式会社ＳＵＭＣＯ,https://www.sumcosi.com/corporate/offices/tokyo.html,"6: 1,000億円以上",オガタユウ_2026/07/14,"4,096億円（2025年12月期・連結）","○ 自社HP会社概要。2025年12月期連結売上高4,096億円。https://www.sumcosi.com/corporate/profile.html"
001Nn00000ht0LY,2180001007751,株式会社ＡＴグループ,https://www.at-group.jp/company/outline.html,"6: 1,000億円以上",,"4,545.38億円（2026年3月期・連結）","○ 自社HP会社概要。持株会社として2026年3月期連結売上高454,538百万円。https://www.at-group.jp/company/outline.html"
001Nn00000ht0La,6110001017563,株式会社ブルボン,https://www.bourbon.co.jp/company/about/office.html,"6: 1,000億円以上",,"1,203.03億円（2026年3月期・連結）","○ 自社IR業績ハイライト。2026年3月期連結売上高120,303百万円。https://www.bourbon.co.jp/ir/finance/highlights.html"
001Nn00000ht0Lb,5010001008680,信越化学工業株式会社,https://www.shinetsu.co.jp/jp/company/profile/,"6: 1,000億円以上",スズキユウガ,"2兆5,739億円（2026年3月期・連結）","○ JPX掲載2026年3月期決算短信。連結売上高2兆5,739億円。https://www2.jpx.co.jp/disc/40630/140120260428512667.pdf"
001Nn00000ht0Lc,8430001041570,雪印メグミルク株式会社,https://www.meg-snow.com/corporate/data/outline/,"6: 1,000億円以上",,"6,157.61億円（2026年3月期・連結）","○ JPX掲載2026年3月期決算短信。連結売上高615,761百万円。https://www2.jpx.co.jp/disc/22700/140120260514531756.pdf"
001Nn00000ht0Ld,8011301002049,グリーン警備保障株式会社,https://www.gkh.co.jp/,"5: 300億円以上~1,000億円未満",,【300億未満】263億円（2025年度・単体）,× 300億未満。自社HP会社概要。令和7年度実績年商263億円。https://www.gkh.co.jp/company/
001Nn00000ht0Le,1180001035761,株式会社コアズ,http://www.corps.co.jp/,"5: 300億円以上~1,000億円未満",6/29シモムラソウノスケ,確認不可,△ 自社公式サイト・公的公開情報を確認したが、直近3期の株式会社コアズ売上高を承認ソースで確認できず。非承認の二次情報では2025年8月期226億円だが不採用。http://www.corps.co.jp/
001Nn00000ht0Lf,6050001009303,株式会社ジョイフル本田,https://www.joyfulhonda.co.jp/ja/company/summary.html,"6: 1,000億円以上",,"1,328.17億円（2026年6月期・連結）","○ 自社IR業績ハイライト。2026年6月期連結売上高132,817百万円。https://www.joyfulhonda.co.jp/ja/ir/finance/highlight.html"
001Nn00000ht0Lg,6010601014508,東武鉄道株式会社,https://www.tobu.co.jp/corporation/overview/,"6: 1,000億円以上",,確認不可,△ 鉄道会社。自社/JPXの主要トップラインは営業収益で、通常企業の判定ルールでは売上高と同一視しないため不採用。https://www.tobu.co.jp/corporation/ir/
001Nn00000ht0Lh,4240001006753,中国電力株式会社,https://www.energia.co.jp/corp/company/outline.html,"6: 1,000億円以上",,確認不可,△ 電力会社。自社/JPXの主要トップラインは営業収益で、今回の通常企業判定ルールでは売上高と同一視しないため不採用。https://www.energia.co.jp/ir/
001Nn00000ht0Li,6180001076207,住友理工株式会社,https://www.sumitomoriko.co.jp/company/profile/,"6: 1,000億円以上",,確認不可,△ 自社公式会社概要・IRを確認したが、検索取得可能な承認ソース本文から2026年3月期売上収益を確定できず。推測せず確認不可。https://www.sumitomoriko.co.jp/ir/highlight.html
001Nn00000ht0Lj,6010001034874,戸田建設株式会社,https://www.toda.co.jp/company/map/tokyo.html,"6: 1,000億円以上",,"6,457億円（2026年3月期・連結）","○ 自社IR財務データ。2026年3月期連結売上高6,457億円（単体5,138億円）。https://www.toda.co.jp/ir/finance/"
001Nn00000ht0Ll,1010401029826,株式会社ヤナセ,https://www.yanase.co.jp/company/profile.html,"6: 1,000億円以上",,確認不可,△ 伊藤忠商事グループ子会社。自社公式会社情報・公的公開情報を確認したが、直近3期の株式会社ヤナセ単体売上高を承認ソースで確認できず。https://www.yanase.co.jp/company/profile.html
001Nn00000ht0Lm,8120001059628,株式会社カネカ,https://www.kaneka.co.jp/corporate/office/osaka.html,"6: 1,000億円以上",,"8,116.38億円（2026年3月期・連結）","○ 自社/JPXの2026年3月期決算開示。連結売上高811,638百万円。https://www.kaneka.co.jp/ir/"
001Nn00000ht0Ln,6080401006062,トヨタバッテリー株式会社,https://www.toyota-battery.com/jp/company/outline/,"6: 1,000億円以上",,"2,929億円（2025年度・単体）","○ 自社HP会社概要。トヨタ自動車100%子会社だが対象法人の2025年度売上高2,929億円を直接開示。https://www.toyota-battery.com/jp/company/outline/"
001Nn00000ht0Lo,3011001118728,レバウェル株式会社,https://leverages-medicalcare.jp/company,"5: 300億円以上~1,000億円未満",,確認不可,△ 現行自社HPでは社名がレバレジーズメディカルケア株式会社で、売上高の掲載なし。対象法人の直近3期売上高を承認ソースで確認できず。https://leverages-medicalcare.jp/company
001Nn00000ht0Lp,5011001061661,株式会社ティーガイア,https://www.t-gaia.co.jp/corp/about/profile.html,"6: 1,000億円以上",,確認不可,△ 自社HP会社概要・公的公開情報を確認したが、直近3期の株式会社ティーガイア単体売上高を承認ソース本文で確認できず。https://www.t-gaia.co.jp/corp/about/profile.html
001Nn00000ht0Lq,2080401004193,浜松ホトニクス株式会社,http://www.hamamatsu.com/,"6: 1,000億円以上",オガタユウ_2026/07/14,"2,120億円（2025年9月期・連結）","○ 自社HP会社概要。2025年9月期連結売上高2,120億円。https://www.hamamatsu.com/jp/ja/our-company/corporate-profile/"
001Nn00000ht0Lr,4010701009640,株式会社明電舎,https://www.meidensha.co.jp/corporate/,"6: 1,000億円以上",,"3,261.94億円（2026年3月期・連結）","○ 自社HP企業情報。2025年度連結売上高3,261億94百万円。https://www.meidensha.co.jp/corporate/"
001Nn00000ht0Ls,9130001000052,ローム株式会社,http://www.rohm.co.jp/,"6: 1,000億円以上",,"4,811.48億円（2026年3月期・連結）","○ 自社HP会社概要。2026年3月期連結売上高481,148百万円。https://www.rohm.co.jp/company/about/profile"
001Nn00000ht0Lt,8010401029662,森永乳業株式会社,https://www.morinagamilk.co.jp/,"6: 1,000億円以上",,"5,714.58億円（2026年3月期・連結）","○ 自社IR決算情報。2026年3月期グループ売上高5,714億58百万円。https://www.morinagamilk.co.jp/ir/result/report.html"
001Nn00000ht0Lv,8180001010997,ブラザー工業株式会社,https://www.brother.co.jp/corporate/bil/,"6: 1,000億円以上",,"8,934.64億円（2026年3月期・連結売上収益）","○ EDINET有価証券報告書。2026年3月期IFRS連結売上収益893,464百万円。https://disclosure2dl.edinet-fsa.go.jp/searchdocument/pdf/S100YECO.pdf"
001Nn00000ht0Lw,1080401004368,株式会社ハマキョウレックス,https://www.hamakyorex.co.jp/corporate/outline/office/,"6: 1,000億円以上",,確認不可,"△ 自社HP会社概要の直近指標は単体579億54百万円・連結1,555億円の『営業収益』。通常企業の判定ルールでは営業収益を売上高と同一視しないため不採用。https://www.hamakyorex.co.jp/corporate/outline/"
001Nn00000ht0Lx,3120001031541,カナデビア株式会社,https://www.kanadevia.com/,"6: 1,000億円以上",イワマシリュウ_2026/08/10,"6,452.22億円（2026年3月期・連結）","○ 自社公式2026年3月期決算短信。連結売上高645,222百万円。https://www.kanadevia.com/ir/data/pdf/20260512_kessantanshin_J.pdf"
001Nn00000ht0Ly,2010801012645,三菱食品株式会社,https://www.mitsubishi-shokuhin.com/corporate/profile/,"6: 1,000億円以上",,確認不可,"△ 三菱商事グループ子会社。自社公式では2026年3月期連結売上高2兆1,230億円を確認できるが、子会社判定ルールでは対象法人単体売上高が必要。直近3期の単体値を承認ソースで確認できず。https://www.mitsubishi-shokuhin.com/corporate/profile/"
001Nn00000ht0Lz,3180301001916,フタバ産業株式会社,https://www.futabasangyo.com/profile/outline/,"6: 1,000億円以上",,"4,461.57億円（2026年3月期・連結）","○ JPX掲載2026年3月期決算短信。連結売上高（支給品除く）446,157百万円。https://www2.jpx.co.jp/disc/72410/140120260424510888.pdf"
001Nn00000ht0M0,3010701006176,ＴＨＫ株式会社,https://www.thk.com/jp/ja/company/outline/,"6: 1,000億円以上",情報システム部(上記電話番号から取次ぎ可能),"2,404.44億円（2025年12月期・連結売上収益）","○ 自社IR損益情報。2025年12月期連結売上収益240,444百万円。https://www.thk.com/jp/ja/ir/finance/pl/"
001Nn00000ht0M1,4011001034156,株式会社サイバーエージェント,https://www.cyberagent.co.jp/corporate/overview/,"6: 1,000億円以上",,"8,740.30億円（2025年9月期・連結）","○ 自社公式2025年9月期決算短信。連結売上高874,030百万円。https://pdf.cyberagent.co.jp/C4751/lAG8/ELbd/HDw5.pdf"
001Nn00000ht0M2,9010001008776,丸紅株式会社,https://www.marubeni.com/jp/company/network/tokyo/,"6: 1,000億円以上",★V07/23(水)、定時00:00、🔵🌑 ・情報企画部/部長/橘高　弘一郎(キッタカ)様/※2,確認不可,"△ 自社公式2026年3月期決算短信のトップラインはIFRS『収益』8,265,841百万円。通常企業の判定ルールでは一般的な『収益』を売上高と同一視しないため不採用。https://www.marubeni.com/jp/news/2026/release/data/202605012-1J.pdf"
001Nn00000ht0M3,4370001006286,株式会社ユアテック,https://www.yurtec.co.jp/,"6: 1,000億円以上",,"2,522.62億円（2026年3月期・連結）","○ 自社公式2026年3月期決算資料。連結売上高252,262百万円。https://www.yurtec.co.jp/ir/pdf/260428_03.pdf"
001Nn00000ht0M5,6180001037514,大同特殊鋼株式会社,https://www.daido.co.jp/about/profile/index.html,"6: 1,000億円以上",サトウリョウト,"5,781.29億円（2026年3月期・連結売上収益）","○ 自社IR損益情報。2026年3月期『売上収益（売上高）』578,129百万円。https://www.daido.co.jp/ir/finance/pl/index.html"
001Nn00000ht0M7,8010001129202,クラフト株式会社,https://www.kraft-net.co.jp/company/about/kraft/,"5: 300億円以上~1,000億円未満",,"1,540億円（2026年3月期・連結）","○ 自社HPグループ会社概要。クラフト株式会社の2026年3月期売上高1,540億円（連結）。https://www.kraft-net.co.jp/company/about/kraft/"
001Nn00000ht0M8,1011001005060,小田急電鉄株式会社,https://www.odakyu.jp/company/about/,"6: 1,000億円以上",◆07/09(木)、定時00:00  【対象企業】1011001005060 / 小田急電鉄株式会社 🚨Web公開情報🚨 ・観光事業開発部/国内マーケティング・地域連携担当/井上 亜由美/※1 ・経営戦略部/執行役員 経営戦略部長/室橋 正和/※2 ・財務部・IR室/執行役員 財務部長兼IR室長/山本 武史/※2 ・監査・内部統制室/室長/山田 優/※2 ・グループ経営部/部長/須賀 裕二郎/※2 ・交通企画部/部長/山口 和樹/※2 ・安全・技術部/部長/久保田 勤/※2 ・デジタル事業創造部/部長,確認不可,△ 鉄道会社。自社IRの2026年3月期トップラインは『営業収益』で、通常企業の判定ルールでは売上高と同一視しないため不採用。https://www.odakyu.jp/ir/highlight/
001Nn00000ht0M9,6010401088867,株式会社システナ,https://www.systena.co.jp/about/outline.html,"5: 300億円以上~1,000億円未満",,944億円（2026年3月期・連結）,○ 自社HP会社概要。2026年3月期連結売上高944億円。https://www.systena.co.jp/about/outline.html
001Nn00000ht0MA,6011101039623,グリーンホスピタリティフードサービス株式会社,https://www.greenhouse.co.jp/corporate/group/,"5: 300億円以上~1,000億円未満",,確認不可,△ グリーンハウスグループ子会社。自社公式会社情報・官報公開情報では直近3期の対象法人単体売上高が非開示。二次情報の過年度値は不採用。https://www.greenhouse.co.jp/ghfs/
001Nn00000ht0MC,1011001028441,株式会社ユナイテッドアローズ,https://www.united-arrows.co.jp/,"6: 1,000億円以上",,"1,646億円（2026年3月期・連結）","○ 自社IR店舗・業績概要。2026年3月期連結売上高1,646億円。https://www.united-arrows.co.jp/ir/store/overview/"
001Nn00000ht0MD,2180001109424,株式会社フィールコーポレーション,https://feel-corp.jp/fresh/corporation/outline/,"6: 1,000億円以上",,"1,341億円（2026年1月期・単体）","○ 自社HP会社概要。2026年1月期売上高1,341億円。https://feel-corp.jp/fresh/corporation/outline/"
001Nn00000ht0ME,7011101030309,株式会社グリーンヘルスケアサービス,https://www.greenhouse.co.jp/ghcs/company/,"6: 1,000億円以上",,確認不可,△ グリーンハウスグループ子会社。自社公式会社情報・公的公開情報を確認したが、直近3期の株式会社グリーンヘルスケアサービス単体売上高を承認ソースで確認できず。https://www.greenhouse.co.jp/ghcs/company/
001Nn00000ht0MF,4200001009933,三甲株式会社,https://www.sanko-kk.co.jp/company/data.html,"6: 1,000億円以上",,"2,015億円（現行会社情報・グループ）","○ 自社公式採用サイト会社情報。グループ中核会社としてグループ売上2,015億円を公表。https://www.sanko-kk.co.jp/saiyo/company/profile.html"
001Nn00000ht0MG,1010601006939,株式会社吉野工業所,http://www.yoshinokogyosho.co.jp/,"6: 1,000億円以上",,"2,108億円（2025年5月末現在・グループ）","○ 自社HP会社概要。グループ中核会社として2025年5月末現在グループ売上高2,108億円。https://www.yoshinokogyosho.co.jp/company.html"
001Nn00000ht0MH,4010001008789,前田建設工業株式会社,https://www.maeda.co.jp/company/outline.html,"6: 1,000億円以上",,"4,937.68億円（2025年3月期・単体）","○ 親会社インフロニアHD公式決算資料の前田建設工業個別業績。2025年3月期売上高493,768百万円。https://www.infroneer.com/pdf/ir/results/FY2024.pdf"
001Nn00000ht0MJ,5130001016589,株式会社コトリオ,https://kotrio.co.jp/company/,"5: 300億円以上~1,000億円未満",,確認不可,△ 自社HP・公的公開情報を確認したが、直近3期の株式会社コトリオ売上高を承認ソースで確認できず。二次情報の2024年度136億円は不採用。https://kotrio.co.jp/company/
001Nn00000ht0ML,1180001035811,興和株式会社,http://www.kowa.co.jp,"6: 1,000億円以上",,"5,569.23億円（2025年3月期・連結）","○ 自社HP会社概要。グループ中核会社として2025年3月期連結売上高556,923百万円。https://www.kowa.co.jp/company/index.html"
001Nn00000ht0MM,8200001003544,株式会社トーカイ,https://www.tokai-corp.com/profile/outline.html,"5: 300億円以上~1,000億円未満",,"1,596.64億円（2026年3月期・連結）","○ 自社HP会社概要。2026年3月期連結売上高1,596億64百万円。https://www.tokai-corp.com/profile/outline.html"
001Nn00000ht0MN,7010001008670,協和キリン株式会社,https://www.kyowakirin.co.jp/about_us/profile/index.html,"6: 1,000億円以上",,確認不可,"△ キリンHD子会社。自社公式会社概要で2025年12月期連結売上収益496,826百万円は確認できるが、子会社判定ルールでは対象法人単体売上高が必要。直近3期の単体値を承認ソースで確認できず。https://www.kyowakirin.co.jp/about_us/profile/index.html"
001Nn00000ht0MO,9010401030487,株式会社ユニマットライフ,https://www.unimat-life.co.jp/,"5: 300億円以上~1,000億円未満",,651.54億円（2025年3月期・単体）,"○ 自社公式第34期財務諸表概要。2025年3月期売上高65,154百万円。https://www.unimat-life.co.jp/company/img/public_fs_202503.pdf"
001Nn00000ht0MP,1011101044248,株式会社ロッテ,https://www.lotte.co.jp/,"6: 1,000億円以上",,"3,548億円（2025年度・グループ）","○ 自社HP会社概要。グループ中核会社として2025年度売上高3,548億円（海外拠点・グループ会社含む）。https://www.lotte.co.jp/corporate/about/outline/"
001Nn00000ht0MR,8010401005011,ＮＴＴファイナンス株式会社,https://www.ntt-finance.co.jp/,"6: 1,000億円以上",イワマシリュウ_2026/08/10,確認不可,"△ NTT100%子会社。自社HP会社概要で2026年3月期連結売上高3,568億円は確認できるが、子会社判定ルールでは対象法人単体売上高が必要。直近3期の単体値を承認ソースで確認できず。https://www.ntt-finance.co.jp/company/outline/"
001Nn00000ht0MS,8010401006942,オリックス株式会社,https://www.orix.co.jp/grp/,"6: 1,000億円以上",,確認不可,"△ 自社/JPXの2026年3月期トップラインは米国基準『営業収益』3,330,831百万円。通常企業の判定ルールでは営業収益を売上高と同一視しないため不採用。https://www2.jpx.co.jp/disc/85910/140120260507518852.pdf"
001Nn00000ht0MT,5040001000461,イオンモール株式会社,https://www.aeonmall.com/,"6: 1,000億円以上",,確認不可,"△ イオン完全子会社。2026年2月期有報のトップラインは営業収益472,702百万円で、通常企業ルールでは売上高と同一視しない。さらに子会社のため単体値が必要。https://www.aeonmall.com/ir/pdf/securities_report/202602_01.pdf"
001Nn00000ht0MV,9140001009530,シスメックス株式会社,https://www.sysmex.co.jp/corporate/info/profile.html,"6: 1,000億円以上",,"5,000.06億円（2026年3月期・連結）","○ 自社HP会社概要。2026年3月期連結売上高500,006百万円。https://www.sysmex.co.jp/corporate/profile.html"
001Nn00000ht0MW,4010401004280,株式会社エイブル,http://www.able.co.jp,"6: 1,000億円以上",,443.23億円（2025年10月期・単体）,"○ 自社HP会社概要。2025年10月期売上高44,323百万円。https://www.able.co.jp/company/about/outline/"
001Nn00000ht0MX,4230001002687,株式会社不二越,https://www.nachi-fujikoshi.co.jp/company/company.html,"6: 1,000億円以上",オカモトアツキ,"2,359.03億円（2025年11月期・連結）","○ JPX掲載2025年11月期決算短信。連結売上高235,903百万円。https://www2.jpx.co.jp/disc/64740/140120260108530497.pdf"
001Nn00000ht0MY,3180001010845,日本特殊陶業株式会社,https://www.niterragroup.com/corporate/profile/overview/,"6: 1,000億円以上",,"7,312.07億円（2026年3月期・連結売上収益）","○ JPX掲載2026年3月期決算資料。IFRS連結売上収益731,207百万円。https://www2.jpx.co.jp/disc/53340/140120260427512176.pdf"
001Nn00000ht0MZ,3010001034910,株式会社不二家,https://www.fujiya-peko.co.jp/company/about/outline.html,"5: 300億円以上~1,000億円未満",,"1,195.58億円（2025年12月期・連結）","○ 自社HP会社概要。2025年12月期連結売上高1,195億円（決算短信では119,558百万円）。https://www.fujiya-peko.co.jp/company/about/outline.html"
001Nn00000ht0Ma,1010001101101,株式会社クリーク・アンド・リバー社,https://datasolution-cr.com/company/,"5: 300億円以上~1,000億円未満",／,613.93億円（2026年2月期・連結）,"○ JPX掲載2026年2月期決算短信。連結売上高61,393百万円。https://www2.jpx.co.jp/disc/47630/140120260409500736.pdf"
001Nn00000ht0Mb,2250001002992,ＵＢＥ株式会社,https://www.ube.com/ube/corporate/office/japan/,"6: 1,000億円以上",,"4,623.43億円（2026年3月期・連結）","○ JPX掲載2026年3月期決算短信。連結売上高462,343百万円。https://www2.jpx.co.jp/disc/42080/140120260513528560.pdf"
001Nn00000ht0Mc,5140001021051,ピー・アンド・ジー株式会社,https://jp.pg.com/profile/,"6: 1,000億円以上",,確認不可,△ P&Gグループ日本法人。自社HP・gBizINFOを確認したが、直近3期のピー・アンド・ジー株式会社単体売上高を承認ソースで確認できず。https://info.gbiz.go.jp/hojin/ichiran?hojinBango=5140001021051
001Nn00000ht0Md,2010401051696,株式会社安藤・間,https://www.ad-hzm.co.jp/corporate/corporate/,"6: 1,000億円以上",,"4,396.15億円（2026年3月期・連結）","○ JPX掲載2026年3月期決算短信。連結売上高439,615百万円。https://www2.jpx.co.jp/disc/17190/140120260514531951.pdf"
001Nn00000ht0Me,5140001023997,ＪＡ全農Ａコープ株式会社,https://www.acoop-east-t.jp/company/,"6: 1,000億円以上",,確認不可,"△ 自社公式会社概要の売上高104,000百万円は令和4年度実績で鮮度条件外。直近3期の売上高は官報系二次情報では確認できるが、承認ソース本文で確定できず。https://www.acoop-kinki.co.jp/company/outline.html"
001Nn00000ht0Mf,4010401076766,株式会社セールスフォース・ジャパン,https://www.salesforce.com/jp/,"5: 300億円以上~1,000億円未満",,確認不可,"△ Salesforceグループ日本法人。gBizINFO・自社HPでは直近3期の対象法人単体売上高を確認できず。二次情報の2026年1月期3,065.59億円は不採用。https://info.gbiz.go.jp/hojin/ichiran?hojinBango=4010401076766"
001Nn00000ht0Mg,6010701005431,株式会社第一興商,https://www.dkkaraoke.co.jp/corporate/about.html,"6: 1,000億円以上",,"1,629.50億円（2026年3月期・連結）","○ JPX掲載2026年3月期決算短信。連結売上高162,950百万円。https://www2.jpx.co.jp/disc/74580/140120260512526724.pdf"
001Nn00000ht0Mh,7120001077374,小野薬品工業株式会社,https://www.ono-pharma.com/ja/company/about/outline.html,"6: 1,000億円以上",,"5,157.85億円（2026年3月期・連結売上収益）","○ 自社IR業績報告。2026年3月期IFRS連結売上収益515,785百万円。https://prd.ono.co.jp/ja/ir/overview"
001Nn00000ht0Mi,7020001067105,株式会社ミツトヨ,https://www.mitutoyo.co.jp/corporate/outline/,"5: 300億円以上~1,000億円未満",／,"1,551.52億円（2025年12月期・連結）","○ 自社HP会社概要。2025年度（2025年12月31日終了）連結売上高155,152百万円。https://www.mitutoyo.co.jp/corporate/outline/"
001Nn00000ht0Mj,2440001001001,株式会社ジャックス,https://www.jaccs.co.jp/,"6: 1,000億円以上",,確認不可,"△ 自社IRの2026年3月期トップラインは『営業収益』192,315百万円。通常企業判定ルールでは営業収益を売上高と同一視しないため不採用。https://www.jaccs.co.jp/corporate/ir/achievements/highlight/"
001Nn00000ht0Mk,4120001125937,株式会社ダイセル,https://www.daicel.com/,"6: 1,000億円以上",,"5,796.29億円（2026年3月期・連結）","○ 自社HP会社概要。2026年3月期売上高579,629百万円。https://www.daicel.com/corporate/company/"
001Nn00000ht0Ml,9120001073652,アストラゼネカ株式会社,https://www.astrazeneca.co.jp/azkk/company.html,"6: 1,000億円以上",イワマシリュウ_2026/08/10,確認不可,"△ AstraZenecaグループ日本法人。自社HP・gBizINFOでは直近3期の対象法人単体売上高を確認できず。二次官報DBの2025年12月期4,197.82億円は不採用。https://info.gbiz.go.jp/hojin/ichiran?hojinBango=9120001073652"
001Nn00000ht0Mm,2010601040697,マルハニチロ株式会社,https://www.maruha-nichiro.co.jp/,"6: 1,000億円以上",,1兆786.31億円（2025年3月期・連結）,"○ JPX掲載2026年3月期業績予想修正資料の前期連結実績。2025年3月期売上高1,078,631百万円。https://www2.jpx.co.jp/disc/13330/140120260209551754.pdf"
001Nn00000ht0Mn,6120001077499,南海電気鉄道株式会社,https://www.nankai.co.jp/company/gaiyou.html,"6: 1,000億円以上",,確認不可,△ 鉄道会社。自社/JPXの主要トップラインは営業収益で、通常企業判定ルールでは売上高と同一視しないため不採用。https://www.nankai.co.jp/ir/
001Nn00000ht0Mp,7010401009277,京浜急行電鉄株式会社,https://www.keikyu.co.jp/company/outline.html,"6: 1,000億円以上",,確認不可,△ 鉄道会社。自社/JPXの主要トップラインは営業収益で、通常企業判定ルールでは売上高と同一視しないため不採用。https://www.keikyu.co.jp/company/ir/
001Nn00000ht0Mq,9390001002171,株式会社ヤマザワ,https://yamazawa.co.jp/company/aboutus.html,"6: 1,000億円以上",,"1,054.05億円（2026年2月期・連結）","○ JPX掲載2026年2月期決算短信。顧客との契約から生じる連結売上高105,405百万円。https://www2.jpx.co.jp/disc/99930/140120260420506871.pdf"
001Nn00000ht0Mr,9010401018458,株式会社ＤＴＳ,https://www.dts.co.jp/,"5: 300億円以上~1,000億円未満",,"1,352.13億円（2026年3月期・連結）","○ 自社HP会社概要。2026年3月期連結売上高135,213百万円。https://www.dts.co.jp/corp/company/"
001Nn00000ht0Ms,7010401057862,タマホーム株式会社,https://www.tamahome.jp/company/profile,"6: 1,000億円以上",,"1,977億円（2026年5月期）","○ 自社HP会社概要。2026年5月期売上高1,977億円。https://www.tamahome.jp/company/profile/"
001Nn00000ht0Mt,4010001049866,三菱ＨＣキャピタル株式会社,https://www.mitsubishi-hc-capital.com/,"6: 1,000億円以上",,"2兆2,153.84億円（2026年3月期・連結）","○ 自社公式2026年3月期決算短信。連結売上高2,215,384百万円。https://www.mitsubishi-hc-capital.com/investors/library/assets/pdf/2026051508.pdf"
001Nn00000ht0Mv,3011201000900,株式会社レオパレス２１,https://www.leopalace21.co.jp/,"6: 1,000億円以上",⭐／,"4,448.20億円（2026年3月期・連結）","○ 自社IR。2026年3月期売上高444,820百万円。https://www.leopalace21.co.jp/ir/finance/latest/"
001Nn00000ht0Mx,5010001034768,キリンホールディングス株式会社,https://www.kirinholdings.com/jp/company/overview/,"6: 1,000億円以上",／,"2兆4,333.63億円（2025年12月期・連結売上収益）","○ 自社HP会社概要。持株会社として2025年12月期連結売上収益2,433,363百万円。https://www.kirinholdings.com/jp/company/overview/"
001Nn00000ht0My,3011101036326,株式会社日本教育クリエイト,https://www.nk-create.co.jp/,"5: 300億円以上~1,000億円未満",,【300億未満】146.1億円（2025年・単体）,× 300億未満。自社公式採用サイト『データで見るクリエイト』。2025年売上高146.1億円。https://www.nk-create.co.jp/newgrad/data/
001Nn00000ht0Mz,7010401024061,株式会社長谷工コーポレーション,https://www.haseko.co.jp/hc/,"6: 1,000億円以上",,"5,750.77億円（2026年3月期・単体）","○ 自社公式2026年3月期決算短信。個別受注・売上高表の売上高合計575,077百万円。https://www.haseko.co.jp/hc/ir/news/upload_files/20260515_1.pdf"
001Nn00000ht0N0,6120001012282,コクヨ株式会社,http://www.kokuyo.co.jp/,"6: 1,000億円以上",,"3,598.76億円（2025年12月期・連結）","○ JPX掲載2025年12月期決算短信。連結売上高359,876百万円。https://www2.jpx.co.jp/disc/79840/140120260213560269.pdf"
001Nn00000ht0N1,1230001002946,株式会社北陸銀行,https://www.hokugin.co.jp/company/profile.html,"5: 300億円以上~1,000億円未満",,"1,549.62億円（2026年3月期・単体経常収益）","○ 銀行特例で経常収益を採用。親会社ほくほくFGの2026年3月期決算開示で北陸銀行単体セグメント経常収益154,962百万円。https://www.hokuhoku-fg.co.jp/ir/library/results/"
001Nn00000ht0N2,2180301008326,株式会社サンキョウテクノスタッフ,https://www.sankyo-gr.com/page/detail/company-overview,"5: 300億円以上~1,000億円未満",◆08/26(水)、定時00:00、13:00,確認不可,"△ 自社HP会社概要には売上高の掲載なし。非承認求人媒体では2024年8月期151億4,200万円を確認できるが最終根拠に採用せず。https://sankyo-gr.com/page/detail/company-overview/"
001Nn00000ht0N3,2011001056755,レバレジーズ株式会社,https://leverages.jp/company/profile/,"5: 300億円以上~1,000億円未満",,"1,762億円（2025年度・グループ）","○ 自社公式オウンドメディア。グループ中核会社として2025年度売上1,762億円を公表。https://melev.leverages.jp/article/2257/"
001Nn00000ht0N4,2180001022387,東邦瓦斯株式会社,http://www.tohogas.co.jp/,"6: 1,000億円以上",【属性】🦁/👤情シス/DX】：（在籍有）DX推進部マネジャー（企画担当）	イノベーション推進部	長谷川 順一,"6,510億円（2026年3月期・連結）","○ 自社公式2026年3月期連結決算説明資料。連結売上高6,510億円。https://www.tohogas.co.jp/corporate-n/ir/document/settlement-accounts/__icsFiles/afieldfile/2026/04/30/20260430presen.pdf"
001Nn00000ht0N5,5320201000126,株式会社アムコー・テクノロジー・ジャパン,http://j-devices.co.jp,"6: 1,000億円以上",オガタユウ_2026/07/14,確認不可,△ Amkorグループ日本子会社。自社・公的公開情報を確認したが、直近3期の株式会社アムコー・テクノロジー・ジャパン単体売上高を承認ソースで確認できず。https://amkor.com/jp/
001Nn00000ht0N6,1012301000965,株式会社三和,https://www.heartful-sanwa.co.jp/company/guideline,"6: 1,000億円以上",,"1,650億円（2024年3月期・単体）","○ 自社HP会社概要。三和HD子会社だが対象法人の2024年3月期売上高1,650億円を直接開示。https://www.heartful-sanwa.co.jp/company/guideline"
001Nn00000ht0N8,7010401029746,株式会社ヤクルト本社,https://www.yakult.co.jp/company/about/profile/,"6: 1,000億円以上",,"4,864億円（2026年3月期・連結）","○ 自社公式2026年3月期決算説明資料。連結売上高4,864億円。https://www.yakult.co.jp/company/ir/finance/results/pdf_tanshin/26_04_shiryou.pdf"
001Nn00000ht0N9,7120001006861,株式会社あさひ,https://corporate.cb-asahi.co.jp/about/profile/,"5: 300億円以上~1,000億円未満",【属性】R/👤人事：人事部　人材開発セクション：06-7178-1871　人事部長 徳弘　裕二　オガジェム,813.74億円（2026年2月期・単体）,"○ 自社公式2026年2月期決算短信。非連結売上高81,374百万円。https://corporate.cb-asahi.co.jp/ir/library/Non-consolidated-Financial-Results-for-the-Fiscal-Year-Ended-February-20-2026_ja.pdf"
001Nn00000ht0NA,8013301016185,株式会社ヒト・コミュニケーションズ,https://hitocom.co.jp/company/outline.html,"5: 300億円以上~1,000億円未満",,確認不可,△ ヒト・コミュニケーションズHD100%子会社。自社公式会社概要に売上高記載がなく、親会社連結売上高635.96億円は対象法人単体値ではないため不採用。https://www.hitocom.co.jp/company/outline.html
001Nn00000ht0ND,3120001098201,株式会社近鉄百貨店,https://abenoharukas.d-kintetsu.co.jp/,"5: 300億円以上~1,000億円未満",,"1,254.50億円（2026年2月期・連結）","○ 自社公式2026年2月期決算短信。連結売上高125,450百万円。https://www.d-kintetsu.co.jp/corporate/ir/upload_file/tdnrelease/8244_20260303574324_P01_.pdf"
001Nn00000ht0NE,9010001008834,日本ゼオン株式会社,https://www.zeon.co.jp/company/locations/head_office/,"6: 1,000億円以上",,"4,119.66億円（2026年3月期・連結）","○ 自社HP会社概要・IR。2026年3月期連結売上高411,966百万円。https://www.zeon.co.jp/company/profile/"
001Nn00000ht0NF,5180301020410,株式会社三五,https://sango.jp/profile.html,"6: 1,000億円以上",,"3,264億円（2026年3月期・単体）","○ 自社HP会社概要。2026年3月期の単体売上高3,264億円（連結6,406億円）。https://sango.jp/profile.html"
001Nn00000ht0NG,4012401012569,横河電機株式会社,https://www.yokogawa.co.jp/,"6: 1,000億円以上",,"6,048.29億円（2026年3月期・連結）","○ 2026年3月期決算短信。連結売上高604,829百万円。https://www2.jpx.co.jp/disc/68410/140120260507517451.pdf"
001Nn00000ht0NH,1011501001600,株式会社コモディイイダ,https://www.comodi-iida.co.jp/corp/profile.html,"6: 1,000億円以上",★08/17(月)、定時00:00、🔵🌑✳✡🌅,"1,093億円（2025年8月期・単体）","○ 自社HP会社概要。令和7年8月決算売上高1,093億円。https://www.comodi-iida.co.jp/corp/profile/"
001Nn00000ht0NI,7010001042703,株式会社建設技術研究所,https://www.ctie.co.jp/company/office/,"5: 300億円以上~1,000億円未満",,"1,010.38億円（2025年12月期・連結）","○ 自社公式2026年第1四半期決算報告の会社概要。2025年12月期売上高101,038百万円。https://www.ctie.co.jp/ir/financial/uploads/2026/05/64_1.pdf"
001Nn00000ht0NJ,1011301004381,株式会社チヨダ,https://www.chiyodagrp.co.jp/company/,"5: 300億円以上~1,000億円未満",,確認不可,△ 自社IRで2026年2月期決算資料を確認したが、検索取得可能な承認ソース本文から通期売上高額を確定できず。推測せず確認不可。https://www.chiyodagrp.co.jp/ir/financial_report.html
001Nn00000ht0NK,4011801008243,株式会社サンベルクスホールディングス,https://sunbelx.com/company/info.html,"6: 1,000億円以上",,確認不可,"△ 持株会社。自社公式で事業会社サンベルクスの2026年2月期売上高1,402億円は確認できるが、サンベルクスホールディングスの直近グループ売上高として明示された最新額を確認できず。https://sunbelx.com/company/info.html"
001Nn00000ht0NM,1210001001082,株式会社熊谷組,http://www.kumagaigumi.co.jp/,"6: 1,000億円以上",,"4,876.98億円（2026年3月期・連結）","○ JPX掲載2026年3月期決算短信。連結売上高487,698百万円。https://www2.jpx.co.jp/disc/18610/140120260501516263.pdf"
001Nn00000ht0NN,4180001017641,株式会社トヨタシステムズ,https://www.toyotasystems.com/company/location/,"6: 1,000億円以上",,"2,616億円（2025年度・単体）","○ 自社HP会社概要。トヨタ自動車100%子会社だが対象法人の2025年度売上2,616億円を直接開示。https://www.toyotasystems.com/company/outline/"
001Nn00000ht0NO,9010701012499,ルートインジャパン株式会社,https://www.route-inn.co.jp/company/about/,"6: 1,000億円以上",X,確認不可,"△ 自社公式会社概要・公的公開情報を確認したが、直近3期のルートインジャパン株式会社売上高を承認ソースで確認できず。二次情報の2025年度1,426.66億円は不採用。https://www.route-inn.co.jp/company/about/"
001Nn00000ht0NP,9170001000916,株式会社紀陽銀行,http://www.kiyobank.co.jp,"5: 300億円以上~1,000億円未満",X,"1,023.44億円（2026年3月期・単体経常収益）","○ 銀行特例で経常収益を採用。gBizINFO（EDINET有価証券報告書）で紀陽銀行単体2026年3月期経常収益102,344百万円。https://info.gbiz.go.jp/hojin/ichiran?hojinBango=9170001000916"
001Nn00000ht0NQ,9120001077620,株式会社日本触媒,https://www.shokubai.co.jp/ja/company/outline/,"6: 1,000億円以上",,"3,998.98億円（2026年3月期・連結売上収益）","○ 自社HP会社概要。2025年度連結売上収益399,898百万円。https://www.shokubai.co.jp/ja/company/outline/"
001Nn00000ht0NR,9470001001933,四国電力株式会社,https://www.yonden.co.jp/corporate/yonden/summary/index.html,"6: 1,000億円以上",オガタユウ_2026/07/17,"7,618.62億円（2026年3月期・連結）","○ 自社公式2026年3月期決算短信。連結売上高761,862百万円。https://www.yonden.co.jp/press/2026/__icsFiles/afieldfile/2026/04/30/pr009.pdf"
001Nn00000ht0NS,4010401041588,日本ビジネスシステムズ株式会社,https://www.jbs.co.jp/corp/aboutus,"6: 1,000億円以上",,"1,725.80億円（2025年9月期・連結）","○ 自社IR業績ページ。2025年9月期連結売上高172,580百万円。https://www.jbs.co.jp/corp/ir/finance/forecast"
001Nn00000ht0NT,3120001112341,西日本高速道路株式会社,https://corp.w-nexco.co.jp/corporate/company/,"6: 1,000億円以上",,確認不可,△ 自社公式決算情報でトップラインは営業収益。通常企業判定ルールでは営業収益を売上高と同一視しないため不採用。https://corp.w-nexco.co.jp/ir/settlement/r8_0609.html
001Nn00000ht0NV,4430001022351,北海道電力株式会社,https://www.hepco.co.jp,"6: 1,000億円以上",オカモトアツキ　0528,"8,559.83億円（2026年3月期・連結）","○ JPX掲載2026年3月期決算短信。連結売上高855,983百万円。https://www2.jpx.co.jp/disc/95090/140120260422508510.pdf"
001Nn00000ht0NX,6010601030604,株式会社東日本宇佐美,https://usami-net.com/content/company/group/usami-east-japan.php,"6: 1,000億円以上",キセカヨ　20260703,確認不可,△ 宇佐美グループ子会社。自社公式会社情報では対象法人の売上高非掲載で、直近3期の東日本宇佐美単体売上高を承認ソースで確認できず。https://usami-net.com/content/recruit/fresh/about/company-overview/
001Nn00000ht0Na,3010601021713,株式会社日立社会情報サービス,https://www.hitachi-sis.co.jp/company/kigyou/profile.html,"5: 300億円以上~1,000億円未満",,確認不可,△ 日立グループ子会社。自社HPの2026年3月期811億円は『日立社会情報サービスグループ全体』で、子会社判定ルール上必要な対象法人単体売上高ではないため不採用。https://www.hitachi-sis.co.jp/company/profile/
001Nn00000ht0Nc,4020001007831,株式会社日産クリエイティブサービス,https://www.nissan-nics.co.jp/corporate/overview/,"5: 300億円以上~1,000億円未満",,492億円（2025年度・単体）,○ 自社HP会社概要。日産グループ会社だが対象法人の2025年度売上高492億円を直接開示。https://www.nissan-nics.co.jp/corporate/overview/
001Nn00000ht0Nd,3120901007178,株式会社ダスキン,https://www.duskin.co.jp/,"6: 1,000億円以上",,"1,945.54億円（2026年3月期・連結）","○ 自社IR。2026年3月期連結売上高194,554百万円。https://www.duskin.co.jp/ir/finance/highlight1/"
001Nn00000ht0Nf,5290801002046,株式会社ゼンリン,https://www.zenrin.co.jp/,"5: 300億円以上~1,000億円未満",,642.77億円（2026年3月期・連結）,"○ JPX掲載2026年3月期決算短信。連結売上高64,277百万円。https://www2.jpx.co.jp/disc/94740/140120260423509298.pdf"
001Nn00000ht0Ng,6280001000230,株式会社山陰合同銀行,https://www.gogin.co.jp/about/corporation/profile/index.html,"6: 1,000億円以上",／,"1,463.04億円（2026年3月期・単体経常収益）","○ 銀行特例で経常収益を採用。gBizINFO（EDINET有価証券報告書）で山陰合同銀行単体経常収益146,304百万円。https://info.gbiz.go.jp/hojin/ichiran?hojinBango=6280001000230"
001Nn00000ht0Nh,6010001023778,アコム株式会社,https://www.acom.co.jp/corp/about-us/company/outline/,"6: 1,000億円以上",,確認不可,"△ 自社IRの2026年3月期トップラインは営業収益337,709百万円。通常企業判定ルールでは営業収益を売上高と同一視しないため不採用。https://www.acom.co.jp/corp/ir/highlights/indicator/"
001Nn00000ht0Nj,5010401049977,双日株式会社,https://www.sojitz.com/jp/corporate/profile/,"6: 1,000億円以上",,確認不可,"△ 自社公式2026年3月期決算短信のトップラインはIFRS『収益』2,757,350百万円。通常企業判定ルールでは一般的な『収益』を売上高と同一視しないため不採用。https://www.sojitz.com/pdf/jp/ir/meetings/financial/2026/2026j_04_01_summary_of_consolidated_financial_results.pdf"
001Nn00000ht0Nk,3230001008974,株式会社ゴールドウイン,https://about.goldwin.co.jp/about/group,"6: 1,000億円以上",,"1,375.16億円（2026年3月期・連結）","○ JPX掲載2026年3月期決算短信。連結売上高137,516百万円。https://www2.jpx.co.jp/disc/81110/140120260512526304.pdf"
001Nn00000ht0Nl,6160001000993,株式会社滋賀銀行,http://www.shigagin.com/investor/group.html,"6: 1,000億円以上",ヤナギダタツヤ0707,"1,450.38億円（2026年3月期・単体経常収益）","○ 銀行特例で経常収益を採用。JPX掲載2026年3月期決算短信の単体損益計算書で経常収益145,038百万円。https://www2.jpx.co.jp/disc/83660/140120260512526633.pdf"
001Nn00000ht0Nn,9180001067905,日東工業株式会社,https://www.nito.co.jp/company/overview/,"5: 300億円以上~1,000億円未満",,"1,957億円（2026年3月期・連結）","○ 自社HP会社概要。2026年3月期連結売上高1,957億円。https://www.nito.co.jp/company/overview/"
001Nn00000ht0No,5080401000702,遠州鉄道株式会社,http://www.entetsu.co.jp/,"6: 1,000億円以上",,確認不可,"△ 自社HPで2026年3月期の単体44,937百万円・連結233,168百万円は『営業収益』として開示。通常企業判定ルールでは営業収益を売上高と同一視しないため不採用。https://www.entetsu.co.jp/company/profile/profile.html"
001Nn00000ht0Nr,9010701005073,住友ベークライト株式会社,https://www.sumibe.co.jp/,"5: 300億円以上~1,000億円未満",オガタユウ_2026/07/14,"3,199億円（2026年3月期・連結売上収益）","○ 自社HP会社概要。2026年3月期IFRS連結売上収益3,199億円（単体1,096億円）。https://www.sumibe.co.jp/company/outline/"
001Nn00000ht0Ns,4010401011491,ノバルティスファーマ株式会社,https://www.novartis.co.jp/,"6: 1,000億円以上",,確認不可,△ ノバルティスグループ日本子会社。自社・公的公開情報を確認したが、直近3期のノバルティスファーマ株式会社単体売上高を承認ソースで確認できず。https://www.novartis.co.jp/
001Nn00000ht0Nu,2011001026329,グラクソ・スミスクライン株式会社,http://glaxosmithkline.co.jp/,"6: 1,000億円以上",,"2,585億5,200万円（2025年・単体）","○ 自社HP日本法人会社概要。GSKグループ100%子会社だが対象法人の2025年売上高2,585億5,200万円を直接開示。https://jp.gsk.com/ja-jp/company/at-a-glance/"
001Nn00000ht0Nw,3010001008749,高砂熱学工業株式会社,https://www.tte-net.com/corporate/profile/,"6: 1,000億円以上",,"4,239.23億円（2026年3月期・連結）","○ 自社HP会社概要・IR。2026年3月期連結売上高423,923百万円。https://www.tte-net.com/corporate/profile/"
001Nn00000ht0Nx,9011601000379,株式会社アドバンテスト,https://www.advantest.com/ja/about/overview/,"6: 1,000億円以上",サトウリョウト26/06/26,"1兆1,286.10億円（2026年3月期・連結）","○ 自社公式2026年3月期決算短信。IFRS連結売上高1,128,610百万円。https://www.advantest.com/document/ja/investors/ir-library/result/J_FR_FY2025_FN.pdf"
001Nn00000ht0Nz,9010001075825,日本オーチス・エレベータ株式会社,https://www.otis.com/ja/jp,"5: 300億円以上~1,000億円未満",,確認不可,"△ Otisグループ日本子会社。gBizINFOで確認できる売上高69,596百万円は2021年11月期で鮮度条件外。直近3期の対象法人単体売上高を承認ソースで確認できず。https://info.gbiz.go.jp/hojin/ichiran?hojinBango=9010001075825"
001Nn00000ht0O0,3010001076738,合同会社デロイトトーマツ,https://www2.deloitte.com/jp/ja/pages/about-deloitte/articles/dtfa/deloitte-tohmatsu-financial-advisory.html,"6: 1,000億円以上",,対象外（合同会社）,× 法人格。直アポ大は株式会社のみ。合同会社のため対象外
001Nn00000ht0O1,2240001047246,株式会社エブリイ,https://www.super-every.co.jp/company/profile/,"6: 1,000億円以上",★08/17(月)、定時00:00、🌟🚨🔵🌑✳✡🌅👤人事,"1,154億円（2025年6月期・単体）","○ 自社HP会社概要。2025年6月期売上高1,154億円。https://www.super-every.co.jp/company/profile/"
001Nn00000ht0O3,4180001014630,新日本ウエックス株式会社,http://www.wex.co.jp,"6: 1,000億円以上",,確認不可,△ 自社HP会社概要・公的公開情報を確認したが、直近3期の新日本ウエックス株式会社売上高を承認ソースで確認できず。二次情報の2025年4月期437億円は不採用。https://www.wex.co.jp/corporate/about.html
001Nn00000ht0O4,9180001081170,ヤマザキマザック株式会社,https://www.mazak.com/jp-ja/about-us/company-outline/,"5: 300億円以上~1,000億円未満",,確認不可,△ 自社HP会社概要では従業員数・事業概要等は確認できるが売上高の掲載なし。直近3期のヤマザキマザック株式会社売上高を承認ソースで確認できず。https://www.mazak.com/jp-ja/about-us/company-outline/
001Nn00000ht0O5,4120001077402,小林製薬株式会社,https://www.kobayashi.co.jp/corporate/office/,"6: 1,000億円以上",,"1,655億円（2025年12月期・連結）","○ 自社IRセグメント情報。2025年12月期の国内・国際・その他の売上高合計約1,655億円。https://www.kobayashi.co.jp/ir/finance/segment/"
001Nn00000ht0O8,5120001049268,江崎グリコ株式会社,https://www.glico.com/jp/company/about/access/detail/honsha/,"6: 1,000億円以上",,"3,613.90億円（2025年12月期・連結）","○ 自社HP会社情報・IR。2025年12月期連結売上高361,390百万円。https://www.glico.com/jp/company/about/outline/"
001Nn00000ht0OB,1011101029018,エン株式会社,https://corp.en-japan.com/profile/outline.html,"5: 300億円以上~1,000億円未満",／,"590億9,300万円（2026年3月期・連結）","○ 自社HP会社概要。2026年3月期連結売上高590億9,300万円。https://corp.en-japan.com/profile/outline.html"
001Nn00000ht0OE,6010401039960,日本トーター株式会社,https://www.totor.co.jp/company/profile,"5: 300億円以上~1,000億円未満",／,確認不可,△ 自社HP会社概要に売上高欄はあるが検索取得可能な本文では数値を確定できず。直近3期の日本トーター株式会社売上高を承認ソースで確認できないため推測せず確認不可。https://www.totor.co.jp/company/profile
001Nn00000ht0OH,5010001008739,能美防災株式会社,https://www.nohmi.co.jp/about_nohmi/map/001_1.html,"5: 300億円以上~1,000億円未満",,"1,396.57億円（2026年3月期・連結）","○ 自社IR。2026年3月期連結売上高139,657百万円。https://www.nohmi.co.jp/ir/management_policy/message.html"
001Nn00000ht0OL,3020001019365,アマノ株式会社,https://www.amano.co.jp/corp/outline/,"5: 300億円以上~1,000億円未満",サトウリョウト26/07/28,"1,764.67億円（2026年3月期・連結）","○ 自社HP会社概要。2026年3月期連結売上高176,467百万円（単体76,689百万円）。https://www.amano.co.jp/corp/outline/"
001Nn00000ht0OM,4010001120965,Ｓａｎｓａｎ株式会社,https://jp.corp-sansan.com/company/info/,"5: 300億円以上~1,000億円未満",,537.61億円（2026年5月期・連結）,"○ 自社IR個人投資家向け情報。2026年5月期連結売上高53,761百万円。https://ir.corp-sansan.com/ja/ir/individual/quickguide.html"
001Nn00000ht0OO,7011001017109,日機装株式会社,https://www.nikkiso.co.jp/company/profile.html,"6: 1,000億円以上",,"2,156.42億円（2025年12月期・連結売上収益）","○ 自社公式事業報告。2025年12月期IFRS連結売上収益215,642百万円。https://www.nikkiso.co.jp/77cc0b5d74a1fb6dc254971d2dfad7a2.pdf"
001Nn00000ht0OU,5120001096533,株式会社スタジオアリス,https://www.studio-alice.co.jp/company/company/data.html,"5: 300億円以上~1,000億円未満",,329.28億円（2026年2月期・連結）,"○ 自社IR財務ハイライト。2026年2月期連結売上高32,928百万円。https://ir.studio-alice.co.jp/ja/Finance/BusinessHighlights.html"
001Nn00000ht0OV,2010401045277,株式会社ゼンショーホールディングス,https://www.zensho.co.jp/jp/,"6: 1,000億円以上",／,"1兆2,640.53億円（2026年3月期・連結）","○ 自社公式会社情報・決算開示。持株会社として2026年3月期連結売上高1,264,053百万円。https://www.zensho.co.jp/jp/"
001Nn00000ht0OX,1040001018202,イオンフードサプライ株式会社,https://www.aeon-fs.com/,"6: 1,000億円以上",,"2,692億円（2026年2月期・単体）","○ 自社HP会社概要。イオングループ子会社だが対象法人の2026年2月決算売上高2,692億円を直接開示。https://www.aeon-fs.com/company/profile/?id=2"
001Nn00000ht0OY,2010701019419,トピー工業株式会社,https://www.topy.co.jp/ja/company/network/mapHeadOffice.html,"6: 1,000億円以上",,"2,977.50億円（2026年3月期・連結）","○ 自社HP会社概要。2025年度連結売上高297,750百万円。https://www.topy.co.jp/ja/company/outline.html"
001Nn00000ht0Oa,3010601033469,株式会社リクルートスタッフィング情報サービス,https://www.rs-is.co.jp/corp-information/,"6: 1,000億円以上",,確認不可,△ リクルートスタッフィング100%子会社。自社HP会社概要に売上高記載がなく、直近3期の対象法人単体売上高を承認ソースで確認できず。https://www.rs-is.co.jp/corp-information/
001Nn00000ht0Od,5010401056882,ＮＴＴテクノクロス株式会社,https://www.ntt-tx.co.jp/corporate/location/head.html,"5: 300億円以上~1,000億円未満",/,572.63億円（2026年3月期・単体）,"○ 自社HP会社概要。NTT子会社だが対象法人の2026年3月期売上高57,263百万円を直接開示。https://www.ntt-tx.co.jp/corporate/data.html"
001Nn00000ht0Of,2010001049273,大和製罐株式会社,https://www.daiwa-can-ens.com/aboutus.html,"6: 1,000億円以上",🔵MC:人事部 03-6212-9711,"1,621億円（2026年3月期・単体）","○ 自社HP会社概要。2026年3月期売上1,621億円。https://www.daiwa-can.co.jp/company/general.html"
001Nn00000ht0Og,3010701007868,日本ロジテム株式会社,http://www.logitem.co.jp/,"5: 300億円以上~1,000億円未満",,713.17億円（2026年3月期・連結）,○ 自社HP会社概要。2026年3月期連結売上高713億17百万円（単体518億25百万円）。https://www.logitem.co.jp/company/outline.html
001Nn00000ht0Oi,1120001049040,株式会社山善,https://www.yamazen.co.jp/about/network/japan/,"6: 1,000億円以上",,確認不可,△ 2026年3月期連結売上高の公表は確認できるが、取得できた根拠が二次情報のみで、承認ソース本文で金額を確定できず。推測せず確認不可。https://www.yamazen.co.jp/
001Nn00000ht0Oj,9040001061120,タイヘイ株式会社,https://www.taiheig.co.jp/company/outline/,"6: 1,000億円以上",,"1,454億円（2025年12月現在・単体）","○ 自社公式採用情報。2025年12月現在の売上高1,454億円。https://www.taiheig.co.jp/recruit/company_outline/"
001Nn00000ht0Ok,1250001006136,株式会社日本セレモニー,https://www.nihon-ceremony.jp/aboutus/company.html,"5: 300億円以上~1,000億円未満",,確認不可,△ 自社HPに第53期決算概要PDFの掲載は確認したが、検索取得可能な公式本文から売上高額を確定できず。二次官報DBの420.42億円は不採用。https://www.nihon-ceremony.jp/aboutus/company.html
001Nn00000ht0Ol,9010001016861,株式会社あおぞら銀行,https://www.aozorabank.co.jp/,"6: 1,000億円以上",,"2,075.31億円（2026年3月期・単体経常収益）","○ 銀行特例で経常収益を採用。自社公式第93期株主総会資料の単体損益計算書で2026年3月期経常収益207,531百万円。https://www.aozorabank.co.jp/ir/stock/meeting/pdf/2026stockmtg.pdf"
001Nn00000ht0Oo,3010701008973,ホーチキ株式会社,https://www.hochiki.co.jp/corporation/outline/,"5: 300億円以上~1,000億円未満",🌳★07/27(月)、定時00:00、⭐🌟🚨🔵🌑,"1,058.55億円（2026年3月期・連結）","○ 自社IR。2026年3月期連結売上高1,058億55百万円。https://www.hochiki.co.jp/ir/about/"
001Nn00000ht0Op,3122001019698,株式会社延田エンタープライズ,https://www.nobuta123.co.jp/corporate/profile,"6: 1,000億円以上",,確認不可,△ 自社HP会社概要では売上高の掲載なし。直近3期の株式会社延田エンタープライズ売上高を承認ソースで確認できず。https://www.nobuta123.co.jp/corporate/profile/
001Nn00000ht0Oq,7010101003547,株式会社ヒューマンアイ,https://www.human-i.co.jp/companyprofile,"5: 300億円以上~1,000億円未満",,【300億未満】92.25億円（2025年8月期・単体）,"× 300億未満。自社HP会社概要。2025年8月期単体売上高9,225百万円。https://www.human-i.co.jp/companyprofile"
001Nn00000ht0Os,7230001008590,ＤＡＩＫＥＮ株式会社,http://www.daiken.jp/,"6: 1,000億円以上",本社管理,確認不可,"△ 自社HP・IRを確認したが、検索取得可能な承認ソース本文から直近3期のDAIKEN株式会社売上高を確定できず。二次情報の2026年3月期1,373.91億円は不採用。https://www.daiken.jp/"
001Nn00000ht0Ot,5140001070263,古野電気株式会社,http://www.furuno.co.jp/,"5: 300億円以上~1,000億円未満",,"1,406.16億円（2026年2月期・連結）","○ 自社公式2026年2月期決算短信。連結売上高140,616百万円。https://www.furuno.co.jp/Portals/0/images/ir/library/bs/kessan_26kt.pdf"
001Nn00000ht0Ou,2021001021865,アンリツ株式会社,https://www.anritsu.com/ja-JP,"5: 300億円以上~1,000億円未満",イワマシリュウ_2026/08/06,"1,174.62億円（2026年3月期・連結）","○ 自社HP会社概要。2026年3月期連結売上高117,462百万円。https://www.anritsu.com/ja-jp/about-anritsu/corporate-information/profile"
001Nn00000ht0Ox,8180001078754,河村電器産業株式会社,https://www.kawamura.co.jp/corporate/about/,"5: 300億円以上~1,000億円未満",クボタミナミ,確認不可,△ 自社HP・公式会社案内を確認したが、検索取得可能な承認ソース本文から直近3期の河村電器産業単体売上高を確定できず。二次情報の2025年3月期690.37億円は不採用。https://www.kawamura.co.jp/corporate/about/
001Nn00000ht0Oy,4013301006867,大正製薬株式会社,https://www.taisho.co.jp/company/facility/headquarters/,"6: 1,000億円以上",,"1,868.41億円（2024年3月期・単体）","○ 自社HP会社概要。大正製薬HD傘下子会社だが対象法人の2024年3月期売上高1,868億41百万円を直接開示。https://www.taisho.co.jp/company/outline/"
001Nn00000ht0Oz,6010701012329,オイシックス・ラ・大地株式会社,https://www.oisixradaichi.co.jp/,"6: 1,000億円以上",,"2,514.19億円（2026年3月期・連結）","○ JPX掲載2026年3月期決算短信。連結売上高251,419百万円。https://www2.jpx.co.jp/disc/31820/140120260514532280.pdf"
001Nn00000ht0P0,6200001006994,岐阜車体工業株式会社,https://www.gifubody.co.jp/company/outline.html,"6: 1,000億円以上",,確認不可,"△ トヨタ車体グループ子会社。自社HP会社概要には売上高の掲載がなく、直近3期の対象法人単体売上高を承認ソースで確認できず。二次情報の2025年3月期2,096億円は不採用。https://www.gifubody.co.jp/company/outline.html"
001Nn00000ht0P1,4011101020774,株式会社ミロク情報サービス,https://www.mjs.co.jp/outline/overview/,"5: 300億円以上~1,000億円未満",,439.87億円（2026年3月期・単体）,"○ JPX掲載2026年3月期決算短信。個別経営成績の売上高43,987百万円。https://www2.jpx.co.jp/disc/99280/140120260515536638.pdf"
001Nn00000ht0P2,5140001048243,関西ペイント株式会社,https://www.kansai.co.jp/company/network/,"6: 1,000億円以上",,"5,897.95億円（2026年3月期・連結）","○ 自社HP会社概要。2026年3月期連結売上高589,795百万円。https://www.kansai.co.jp/company/overview/"
001Nn00000ht0P4,8011101010739,住友不動産株式会社,https://www.sumitomo-rd.co.jp/,"6: 1,000億円以上",,1兆142.39億円（2025年3月期・連結）,"○ 自社公式2026年3月期決算資料の前連結会計年度欄で、2025年3月期売上高1,014,239百万円を確認。直近3期内の承認ソースとして採用。https://www.sumitomo-rd.co.jp/uploads/20260514_release_tanshin.pdf"
001Nn00000ht0P7,7010001134137,株式会社ラック,https://www.lac.co.jp/corporate/info/,"5: 300億円以上~1,000億円未満",,628億円（2025年度・連結）,○ 自社HP会社概要。2025年度連結売上高628億円。https://www.lac.co.jp/corporate/info/
001Nn00000ht0P9,1010401146357,株式会社Ｗｏｒｋｓ　Ｈｕｍａｎ　Ｉｎｔｅｌｌｉｇｅｎｃｅ,https://www.works-hi.co.jp/corporate/information,"5: 300億円以上~1,000億円未満",,576.69億円（2025年12月期・単体）,"○ gBizINFO第8期決算公告。2025年12月期売上高57,669百万円。https://info.gbiz.go.jp/hojin/financialstatement?kessanJohoId=9052ab05-b9cb-43d1-91d2-f59fcbbf3ba1"
001Nn00000ht0PB,3011001015719,株式会社ティラド,https://www.trad.co.jp/databox/data.php/place01_ja/code,"5: 300億円以上~1,000億円未満",,836.76億円（2026年3月期・単体）,"○ 自社公式2026年3月期決算短信。個別売上高83,676百万円。https://www.trad.co.jp/images/library/File/IR/2025/202604%E6%B1%BA%E7%AE%97%E7%9F%AD%E4%BF%A1.pdf"
001Nn00000ht0PC,6010001100247,藤田観光株式会社,https://www.fujita-kanko.co.jp/corporate/about.html,"5: 300億円以上~1,000億円未満",オガタユウ_2026/07/14,820.04億円（2025年12月期・連結）,"○ 自社IR財務情報。2025年12月期連結売上高82,004百万円。https://www.fujita-kanko.co.jp/ir/financial/statements.html"
001Nn00000ht0PD,6011101014147,東鉄工業株式会社,http://www.totetsu.co.jp/,"6: 1,000億円以上",ヤナギダタツヤ,"1,630.18億円（2026年3月期・連結）","○ 自社HP会社概要。2026年3月期連結売上高163,018百万円（単体151,427百万円）。https://www.totetsu.co.jp/company/outline/"
001Nn00000ht0PJ,5010101009430,株式会社東京精密,https://www.accretech.com/jp/company/com_profile.html,"6: 1,000億円以上",🌳★08/17(月)、定時17:30、🔵🌑✳,"1,668.39億円（2026年3月期・連結）","○ 自社公式2026年3月期決算短信。連結売上高166,839百万円。https://www.accretech.com/jp/ir/news/news-202605180003/main/0/link/FS_2026_4q_J_rev.pdf"
001Nn00000ht0PN,1130001011676,株式会社堀場製作所,https://www.horiba.com/jpn/,"5: 300億円以上~1,000億円未満",,636.79億円（2025年12月期・単体）,"○ 自社公式採用サイト会社概要。2025年12月期売上高636億7,900万円。https://recruit.horiba.com/recruit/fresher.html"
001Nn00000ht0PP,8190001010385,ＳＷＳ西日本株式会社,https://www.sws-w.co.jp/corporation/company.html,"5: 300億円以上~1,000億円未満",,【300億未満】164.8億円（2025年度・単体）,× 300億未満。自社HP会社概要。住友電装グループ子会社だが対象法人の2025年度売上高164.8億円を直接開示。https://www.sws-w.co.jp/corporation/company.html
001Nn00000ht0PQ,2040001001644,株式会社キッツ,https://www.kitz.co.jp/company/,"5: 300億円以上~1,000億円未満",,"1,720億円（2024年12月期・連結）","○ 自社公式Corporate Report 2025。キッツグループの2024年12月期売上高1,720億円。直近3期内の承認ソースとして採用。https://www.kitz.co.jp/cms/wp-content/uploads/Kitz_Corporate_Report_2025_J_05.pdf"
001Nn00000ht0PR,8240001034478,リョービ株式会社,https://www.ryobi-group.co.jp/,"6: 1,000億円以上",,"3,091.11億円（2025年12月期・連結）","○ 自社IR業績ハイライト。2025年12月期連結売上高309,111百万円。https://www.ryobi-group.co.jp/ir/highlight.html"
001Nn00000ht0PS,9210001001785,セーレン株式会社,https://www.seiren.com/company/profile/,"5: 300億円以上~1,000億円未満",,"1,717.65億円（2026年3月期・連結）","○ 自社HP会社概要。2026年3月期連結売上高171,765百万円。https://www.seiren.com/company/profile/"
001Nn00000ht0PT,5140001013916,バンドー化学株式会社,https://www.bandogrp.com/corporate/global/japan.html,"5: 300億円以上~1,000億円未満",,"1,192.57億円（2026年3月期・連結）","○ 自社HP会社概要。2026年3月期売上高119,257百万円。グループ会社情報として連結値を採用。https://www.bandogrp.com/corporate/business/index.html"
001Nn00000ht0PU,8140001051822,ユニチカ株式会社,https://www.unitika.co.jp/company/outline/,"5: 300億円以上~1,000億円未満",🌳★08/17(月)、定時00:00、⭐🌟🚨✳✡👤経理,"1,185.63億円（2026年3月期・連結）","○ 自社公式2026年3月期決算短信。連結売上高118,563百万円。https://www.unitika.co.jp/news/io-pdf/260514.pdf"
001Nn00000ht0PV,7300001006281,久光製薬株式会社,https://www.hisamitsu.co.jp/company/kyoten.html,"6: 1,000億円以上",,"1,630.24億円（2026年2月期・連結）","○ 自社公式2026年2月期決算短信。連結売上高163,024百万円。https://www.hisamitsu.co.jp/ir/pdf/kessan/124/4Qall.pdf"
001Nn00000ht0PW,3020001069823,東京応化工業株式会社,https://www.tok.co.jp/company/outline,"6: 1,000億円以上",,"2,370.29億円（2025年12月期・連結）","○ 自社HP会社概要。2025年12月期連結売上高237,029百万円（個別128,009百万円）。https://www.tok.co.jp/company/outline"
001Nn00000ht0PX,7010001105955,株式会社ティーケーピー,https://www.tkp.jp/,"5: 300億円以上~1,000億円未満",,503.91億円（2026年2月期・単体）,"○ gBizINFO（EDINET有価証券報告書）。2026年2月期提出会社売上高50,391百万円。https://info.gbiz.go.jp/hojin/ichiran?hojinBango=7010001105955"
001Nn00000ht0PY,1040001008285,株式会社マイスターエンジニアリング,https://www.mystar.co.jp/company/profile/,"5: 300億円以上~1,000億円未満",,確認不可,△ マイスターエンジニアリンググループの公式情報で2026年3月期グループ連結売上高415億円は確認できるが、対象法人株式会社マイスターエンジニアリング単体値ではないため不採用。直近3期の単体売上高を承認ソースで確認できず。https://www.mystar.co.jp/company/profile/
001Nn00000ht0Pb,2010401002451,イーグル工業株式会社,https://www.ekkeagle.com/jp/,"5: 300億円以上~1,000億円未満",,確認不可,△ 自社HP・IRを確認したが、直近3期のイーグル工業株式会社売上高を承認ソース本文で確定できず。推測せず確認不可。https://www.ekkeagle.com/jp/
001Nn00000ht0Pd,5010401020186,東亞合成株式会社,https://www.toagosei.co.jp/company/about/outline.html,"6: 1,000億円以上",,"1,623億円（2025年12月期・連結）","○ 自社公式採用サイト。2025年度12月期集計の連結売上高1,623億円。https://www.toagosei.co.jp/recruit/aboutus/atfirst/"
001Nn00000ht0Pf,4010001008228,ヨネックス株式会社,https://www.yonex.co.jp/company/info/,"5: 300億円以上~1,000億円未満",,"1,164.42億円（2024年3月期・連結）","○ JPX掲載自社決算説明資料。2024年3月期連結売上高116,442百万円。直近3期内の承認ソースとして採用。https://www2.jpx.co.jp/disc/79060/140120240516599601.pdf"
001Nn00000ht0Pg,1010001008791,株式会社ミクニ,https://www.mikuni.co.jp/corporate/guide/,"5: 300億円以上~1,000億円未満",,"1,034.19億円（2026年3月期・連結）","○ 自社IR社長メッセージ。第104期2026年3月期連結売上高1,034億1,900万円。https://www.mikuni.co.jp/ir/message/"
001Nn00000ht0Ph,9290001017163,ヤマエ久野株式会社,https://www.yamaehisano.co.jp/company/gaiyo.html,"6: 1,000億円以上",🔵MC:人事部／人事課 092-474-0713 / 山田良二 専務執行役員管理統轄兼管財運用部長（常務 ｜🎯360:人事部／研修課 092-474-0713,確認不可,△ ヤマエグループホールディングス傘下の事業会社。自社公式会社概要・採用サイトで対象法人の直近3期単体売上高を確認できず。親会社グループ値は不採用。https://www.yamaehisano.co.jp/about/outline/
001Nn00000ht0Pj,3020001017402,レイズネクスト株式会社,https://www.raiznext.co.jp/company/outline.html,"6: 1,000億円以上",,"1,745.31億円（2026年3月期・連結）","○ 自社IR主要経営指標。2026年3月期完成工事高（売上高）174,531百万円。https://www.raiznext.co.jp/ir/finance/indicators.html"
001Nn00000ht0Pk,4010401013678,株式会社ジユン,https://www.jun.co.jp/,"5: 300億円以上~1,000億円未満",,確認不可,△ 自社HP・公的公開情報を確認したが、直近3期の株式会社ジユン売上高を承認ソースで確認できず。https://www.jun.co.jp/
001Nn00000ht0Pl,9030001003544,株式会社サイサン,https://www.saisan.net/company/profile.html,"5: 300億円以上~1,000億円未満",,620.51億円（2025年8月実績・単体）,"○ 自社HP会社概要。2025年8月実績の単体売上高620億5,137万円。https://www.saisan.net/company/profile.html"
001Nn00000ht0Pn,3360001008565,沖縄電力株式会社,http://www.okiden.co.jp/company/guide/outline/,"6: 1,000億円以上",,"2,201.77億円（2026年3月期・連結）","○ 自社公式2026年3月期決算短信。連結財務諸表計上額の売上高220,177百万円。https://www.okiden.co.jp/shared/pdf/ir/zaimu/2025/260430_2.pdf"
001Nn00000ht0Po,1120001048991,株式会社栗本鐵工所,https://corp.kurimoto.co.jp/company/info/map/main-office/,"5: 300億円以上~1,000億円未満",,"1,281億円（2026年3月期・連結）","○ 自社HP会社概要。2026年3月期連結売上高1,281億円（単独825億円）。https://corp.kurimoto.co.jp/company/info/profile/"
001Nn00000ht0Pr,9120001077496,東洋建設株式会社,https://www.toyo-const.co.jp/company/profile,"6: 1,000億円以上",,確認不可,△ 自社IRで2026年3月期の四半期実績・通期予想は確認できるが、通期実績の売上高を承認ソース本文で確定できず。予想値は不採用。https://www.toyo-const.co.jp/ir/
001Nn00000ht0Ps,9120001079690,株式会社コングレ,https://congre.com/company/office/,"5: 300億円以上~1,000億円未満",,確認不可,△ 自社HP・公的公開情報を確認したが、直近3期の株式会社コングレ売上高を承認ソースで確認できず。https://congre.com/company/office/
001Nn00000ht0Pw,1240001011129,丸井産業株式会社,https://www.marui-sangyo.jp/,"5: 300億円以上~1,000億円未満",🔵MC:管理本部／人事部／総務部 082-218-0200,678億円（現行会社概要・単体）,○ 自社HP会社概要。売上高678億円、決算月5月31日と現行会社情報で公表。https://www.marui-sangyo.jp/company/profile.html
001Nn00000ht0Px,9010401031452,理想科学工業株式会社,https://www.riso.co.jp/company/corp/index.html,"5: 300億円以上~1,000億円未満",／,789.90億円（2026年3月期・連結）,"○ 自社IR業績推移。2026年3月期連結売上高78,990百万円。https://www.riso.co.jp/company/ir/suii/index.html"
001Nn00000ht0Q0,4010001034868,大日精化工業株式会社,https://www.daicolor.co.jp/company/profile/index.html,"5: 300億円以上~1,000億円未満",,"1,242.94億円（2026年3月期・連結）","○ 自社HP会社概要。2026年3月期連結売上高1,242億9,400万円。https://www.daicolor.co.jp/company/profile/index.html"
001Nn00000ht0Q2,1180001029202,株式会社アオキスーパー,https://aokisuper.co.jp/company/outline.html,"6: 1,000億円以上",🔵MC:人事部 052-414-3600 / 高橋真知 執行役員、総務部長（旧直通:情報システム部：052-414-3605） ｜ ★08/24(月)、定時18:00、⭐🌟🚨🔵🌑✳✡🌅🔥訴求用👤情シス/DX,確認不可,△ 自社公式で直近3期の売上高額を確認できず。二次情報の2025年2月期898億円は不採用。https://aokisuper.co.jp/company/outline.html
001Nn00000ht0Q3,9011701006326,ネグロス電工株式会社,https://www.negurosu.co.jp/company/information/,"5: 300億円以上~1,000億円未満",,562億円（2025年度・単体）,○ 自社公式採用サイト。2025年度売上高562億円。https://www.negurosu.co.jp/recruit/fresh/
001Nn00000ht0Q4,7010401008700,株式会社クレスコ,https://www.cresco.co.jp/ja/corpinfo/outline.html,"5: 300億円以上~1,000億円未満",,646.76億円（2026年3月期・連結）,○ 自社HP会社概要。2026年3月期連結売上高646億76百万円。https://www.cresco.co.jp/ja/corpinfo/outline.html
001Nn00000ht0Q6,6011101056965,ＺＡＣＲＯＳ株式会社,https://www.zacros.co.jp,"5: 300億円以上~1,000億円未満",,"1,585.35億円（2026年3月期・連結）","○ 自社HP企業概要。2026年3月期連結売上高158,535百万円（単体97,736百万円）。https://www.zacros.co.jp/company-profile/about-us/"
001Nn00000ht0Q7,7010001043552,株式会社コーセーホールディングス,https://corp.kose.co.jp/ja/info/outline/,"6: 1,000億円以上",,確認不可,△ 持株会社。自社公式IRで2025年12月期の事業構成は確認したが、検索取得可能な承認ソース本文から連結売上高総額を確定できず。推測せず確認不可。https://koseholdings.co.jp/ja/ir/individual/beginner/
001Nn00000ht0QB,2020001037946,ナイス株式会社,https://www.nice.co.jp/,"6: 1,000億円以上",,"2,591.54億円（2026年3月期・連結）","○ 自社公式決算発表。2026年3月期連結売上高2,591億54百万円。https://www.nice.co.jp/nbr/20260601_02.html"
001Nn00000ht0QC,4010001041880,株式会社紀文食品,https://www.kibun.co.jp/corporate/office.html,"5: 300億円以上~1,000億円未満",,"1,089.12億円（2025年3月期・連結）","○ 自社公式2026年3月期業績予想修正資料の前期実績欄。2025年3月期連結売上高108,912百万円。直近3期内の実績として採用。https://www.kibun.co.jp/cms1/kibuncontent/uploads/20260212_gyousekiyosou_syuusei.pdf"
001Nn00000ht0QD,9011101015480,株式会社ナック,https://www.nacoo.com/,"5: 300億円以上~1,000億円未満",ナカムラシュント,589.19億円（2026年3月期・連結）,"○ JPX掲載2026年3月期決算短信。連結売上高58,919百万円。https://www2.jpx.co.jp/disc/97880/140120260515538403.pdf"
001Nn00000ht0QE,3010401089298,ＮＴＴドコモビジネスエンジニアリング株式会社,https://www.nttceng.com/,"5: 300億円以上~1,000億円未満",イワマシリュウ_2026/08/10,確認不可,△ NTTドコモ100%子会社。自社公式で第39期決算公告・売上高推移の掲載は確認したが、検索取得可能な本文から2025年度単体売上高を確定できず。推測せず確認不可。https://www.nttceng.com/corporation/
001Nn00000ht0QK,6180301021779,株式会社メイドー,https://www.meidoh.co.jp/prof/about,"5: 300億円以上~1,000億円未満",,確認不可,△ 自社HP・公的公開情報を確認したが、直近3期の株式会社メイドー売上高を承認ソースで確認できず。https://www.meidoh.co.jp/prof/about
001Nn00000ht0QL,4240001010045,株式会社ヒロテック,https://www.hirotec.co.jp/company/outline.html,"5: 300億円以上~1,000億円未満",タカモトアヤノ,639億円（2024年・単体）,○ 自社HP会社概要。2024年売上高639億円。直近3期内の承認ソースとして採用。https://www.hirotec.co.jp/company/outline.html
001Nn00000ht0QN,8180001049706,朝日インテック株式会社,http://www.asahi-intecc.co.jp/about/overview.html,"5: 300億円以上~1,000億円未満",,"1,454.19億円（2026年6月期・連結）","○ 自社IR財務ハイライト。2026年6月期連結売上高145,419百万円。https://ir.asahi-intecc.co.jp/ja/ir/highlights.html"
001Nn00000ht0QO,1010001034730,株式会社内田洋行,https://www.uchida.co.jp/company/corporate/bases_1.html,"6: 1,000億円以上",／,"3,370.55億円（2025年7月期・連結）","○ 自社公式第88期中間株主通信に掲載された前期通期実績。2025年7月期連結売上高337,055百万円。https://www.uchida.co.jp/company/ir/pdf/20260324report.pdf"
001Nn00000ht0QQ,5020001038891,オートリブ株式会社,https://www.autoliv.jp,"5: 300億円以上~1,000億円未満",,確認不可,△ Autolivグループ日本子会社。自社公式プレスリリースでグローバル2025年売上高108億ドルは確認できるが、対象法人オートリブ株式会社単体値ではないため不採用。直近3期の単体売上高を承認ソースで確認できず。https://www.autoliv.jp/
001Nn00000ht0QT,1013101005329,株式会社やまびこ,https://www.yamabiko-corp.co.jp/corporate/outline/,"5: 300億円以上~1,000億円未満",オガタユウ_2026/07/14,確認不可,"△ 自社公式中期経営計画で2025年12月期売上高1,700億円は目標値として確認できるが、実績値を承認ソース本文で確定できず。予想・目標値は不採用。https://www.yamabiko-corp.co.jp/ir/management/plan/index_2025.html/"
001Nn00000ht0QV,9200001004384,株式会社ヒマラヤ,https://www.hmry.jp/profile/,"5: 300億円以上~1,000億円未満",🔵MC:総務人事部 058-271-6622 ｜🎯360:販売本部／店舗運営部／人材評価・育成チーム 058-268-6150（旧直通:ＥＣ事業本部／物流・システム部／物流チーム：058-277-3992）,604.47億円（2025年8月期・連結）,"○ 自社公式2025年8月期決算短信。連結売上高60,447百万円。https://www.hmry.jp/wp-content/uploads/2025/10/hmry_report_202508_04.pdf"
001Nn00000ht0QY,5030001044311,株式会社フコク,https://www.fukoku-rubber.co.jp/company/outline.html,"5: 300億円以上~1,000億円未満",,900.25億円（2026年3月期・連結）,"○ 自社公式2026年3月期決算説明資料。連結売上高90,025百万円。https://www.fukoku-rubber.co.jp/dcms_media/other/ir_BriefingScript_FY2025q4_260526.pdf"
001Nn00000ht0QZ,2011101020140,松田産業株式会社,https://www.matsuda-sangyo.co.jp/ja/company/outline.html,"6: 1,000億円以上",🔵MC:人事部 03-5381-0725 / 鈴木秀樹 執行役員総務部管掌補佐、人事部長 ｜🎯360:人事部／人材開発課 03-5381-0725,"6,878.43億円（2026年3月期・連結）","○ 自社IR財務ハイライト。2026年3月期連結売上高687,843百万円。https://www.matsuda-sangyo.co.jp/ja/ir/finance/highlight.html"
001Nn00000ht0Qa,1011001035512,株式会社ＭＩＸＩ,https://mixi.co.jp/,"6: 1,000億円以上",,"1,713億円（2026年3月期・連結）","○ 自社IRトップメッセージ。2026年3月期通期連結売上高1,713億円。https://mixi.co.jp/ir/message/"
001Nn00000ht0Qb,5010001000002,オカモト株式会社,http://www.okamoto-inc.co.jp,"5: 300億円以上~1,000億円未満",6/23シモムラソウノスケ,"1,080.40億円（2026年3月期・連結）","○ 自社HP会社概要。2026年3月期連結売上高108,040百万円（単体79,688百万円）。https://www.okamoto-inc.jp/company/outline"
001Nn00000ht0Qd,4010001147620,デクセリアルズ株式会社,https://www.dexerials.jp/profile/office.html,"5: 300億円以上~1,000億円未満",,確認不可,△ 自社HP・IRを確認したが、検索取得可能な承認ソース本文から2026年3月期の売上収益実績を確定できず。推測せず確認不可。https://www.dexerials.jp/
001Nn00000ht0Qe,9011401005578,株式会社湖池屋,https://koike-ya.com/,"5: 300億円以上~1,000億円未満",,611.56億円（2026年3月期・連結）,"○ JPX掲載2026年3月期決算短信。連結売上高61,156百万円。https://www2.jpx.co.jp/disc/22260/140120260420506365.pdf"
001Nn00000ht0Qg,8180001032174,フタムラ化学株式会社,https://www.futamura.co.jp/corporate/info,"5: 300億円以上~1,000億円未満",6/29シモムラソウノスケ,確認不可,△ 自社HP・公的公開情報を確認したが、直近3期のフタムラ化学株式会社売上高を承認ソース本文で確認できず。二次官報データベースの2026年3月期934.12億円は不採用。https://www.futamura.co.jp/corporate/info
001Nn00000ht0Ql,6290001010006,福岡トヨタ自動車株式会社,https://www.fukuoka-toyota.jp/corporate/outline,"6: 1,000億円以上",,"1,077.10億円（2026年3月期・単体）","○ 自社HP会社概要。2026年3月期『お買上高（売上高）』1,077億971万円。https://www.fukuoka-toyota.jp/corporate/outline"
001Nn00000ht0Qn,6010401015821,東京センチュリー株式会社,https://www.tokyocentury.co.jp/jp/company/info/outline/,"6: 1,000億円以上",,"3,811.58億円（2026年3月期・単体）","○ 自社公式2026年3月期決算短信。個別売上高381,158百万円。https://www.tokyocentury.co.jp/jp/ir/library/pdf/2025_4q_jp_financial-results.pdf"
001Nn00000ht0Qo,7010001024692,株式会社トーモク,https://www.tomoku.co.jp/,"5: 300億円以上~1,000億円未満",,"2,240.90億円（2026年3月期・連結）","○ 自社HP会社概要。2026年3月期連結売上高224,090百万円（単体97,618百万円）。https://www.tomoku.co.jp/corporate/outline.html"
001Nn00000ht0Qp,1010001024087,東光電気工事株式会社,https://www.tokodenko.co.jp/company/profile/,"6: 1,000億円以上",★08/17(月)、定時18:00、⭐🌟🚨✳✡💎👤情シス/DX👤経理,"1,247.14億円（2026年3月期・連結）","○ 自社HP財務情報。2025年度第111期連結売上高124,714百万円。https://www.tokodenko.co.jp/company/financial/"
001Nn00000ht0Qq,6120101041611,大栄環境株式会社,https://www.dinsgr.co.jp/about/overview/,"5: 300億円以上~1,000億円未満",,878.55億円（2026年3月期・連結）,"○ 自社IR中期経営計画。2026年3月期実績売上高87,855百万円。https://www.dinsgr.co.jp/ir/midtermplan/"
001Nn00000ht0Qr,3011401006846,理研計器株式会社,https://www.rikenkeiki.co.jp/company/overview,"5: 300億円以上~1,000億円未満",★V07/23(水)、定時00:00、⭐🌟🚨🌅 ・管理本部情報システム課(048-878-8324)/課長/木村　公胤/※2,552.12億円（2026年3月期・連結）,○ 自社HP会社概要。2026年3月期連結売上高552億1千万円。https://www.rikenkeiki.co.jp/company/overview
001Nn00000ht0Qt,4010001005258,株式会社東京ドーム,https://www.tokyo-dome.jp/company/outline/,"5: 300億円以上~1,000億円未満",,確認不可,△ 三井不動産グループ子会社。自社公式で第116期決算公告の掲載は確認したが、検索取得可能な本文から2026年3月期の株式会社東京ドーム単体売上高を確定できず。親会社連結値は不採用。https://www.tokyo-dome.jp/company/publication/
001Nn00000ht0Qw,2080001005740,株式会社レント,https://www.rent.co.jp/outline/outline/,"5: 300億円以上~1,000億円未満",,529.45億円（2026年5月期・連結）,○ 自社HP会社概要。2026年5月期連結売上高529億45百万円。https://www.rent.co.jp/outline/outline/
001Nn00000ht0Qy,2010001034531,応用地質株式会社,https://www.oyo.co.jp/corporate-profile/list-of-offices/,"5: 300億円以上~1,000億円未満",クボタミナミ,確認不可,△ 自社HP・IRを確認したが、直近3期の応用地質株式会社売上高実績を承認ソース本文で確定できず。https://www.oyo.co.jp/
001Nn00000ht0R1,1010401014101,株式会社叙々苑,https://www.jojoen.co.jp/shop/yugentei/nishiazabu/,"5: 300億円以上~1,000億円未満",★09/14(月)、定時18:00、🌅🌐👤情シス/DX,確認不可,△ 自社公式採用サイトで売上高が業界トップクラスとの説明はあるが金額非開示。直近3期の株式会社叙々苑売上高を承認ソースで確認できず。https://www.jojoen.co.jp/recruit/overlay01.html
001Nn00000ht0R4,3500001014441,福助工業株式会社,https://fukusuke-kogyo.co.jp/company,"5: 300億円以上~1,000億円未満",🔵MC:人事部／人事課 0896-24-1114,確認不可,△ 自社HP・公的公開情報を確認したが、直近3期の福助工業株式会社売上高を承認ソースで確認できず。https://fukusuke-kogyo.co.jp/company
001Nn00000ht0R7,7011101077531,健康コーポレーション株式会社,https://www.kenkoucorp.com/info/company/,"6: 1,000億円以上",,確認不可,△ RIZAPグループ関連会社。自社HP・公的公開情報を確認したが、直近3期の健康コーポレーション株式会社単体売上高を承認ソースで確認できず。https://www.kenkoucorp.com/info/company/
001Nn00000ht0R8,5180301013959,小林クリエイト株式会社,https://k-cr.jp/company/profile/,"5: 300億円以上~1,000億円未満",,412億円（2025年度・単体）,○ 自社HP会社概要。2025年度売上高412億円。https://k-cr.jp/company/profile/
001Nn00000ht0RA,8120001034119,アイテック阪急阪神株式会社,https://itec.hankyu-hanshin.co.jp/company/outline/,"5: 300億円以上~1,000億円未満",オカモトアツキ　0722,402億円（2025年度・単体）,○ 自社HP会社概要。阪急阪神東宝グループ子会社だが対象法人の2025年度売上高402億円を直接開示。https://itec.hankyu-hanshin.co.jp/company/outline/
001Nn00000ht0RC,4010001000003,科研製薬株式会社,https://www.kaken.co.jp/company/office.html,"5: 300億円以上~1,000億円未満",,確認不可,△ 自社HP・IRを確認したが、検索取得可能な承認ソース本文から2026年3月期の科研製薬株式会社売上高を確定できず。推測せず確認不可。https://www.kaken.co.jp/
001Nn00000ht0RD,6011101016382,日本シイエムケイ株式会社,https://www.cmk-corp.com/company/office/location/,"5: 300億円以上~1,000億円未満",,確認不可,△ 自社公式では2026年3月期売上高の掲載ページを確認したが、動的表示のため検索取得本文から金額を確定できず。推測せず確認不可。https://www.cmk-corp.com/cmk/
001Nn00000ht0RF,3010001204364,東京電力リニューアブルパワー株式会社,https://www.tepco.co.jp/rp/about/company/,"6: 1,000億円以上",／,確認不可,△ 東京電力HD子会社。2025年度決算・有価証券報告書の公開は確認したが、検索取得本文では対象法人単体の売上高を確定できず。経常損益403億円は売上高ではないため不採用。https://www.tepco.co.jp/rp/about/bond/securities_report/index-j.html
001Nn00000ht0RG,1070001022762,しげる工業株式会社,https://www.sgrc.co.jp/,"5: 300億円以上~1,000億円未満",🔵MC:人事総務部 0276-31-3913（旧直通:0276-31-6048） ｜ X,確認不可,△ 自社HP・公的公開情報を確認したが、直近3期のしげる工業株式会社売上高を承認ソースで確認できず。https://www.sgrc.co.jp/
001Nn00000ht0RH,5020001029800,株式会社光洋,https://www.koyo.jp/company/,"5: 300億円以上~1,000億円未満",,確認不可,△ 自社HP・公的公開情報を確認したが、法人番号5020001029800の株式会社光洋について直近3期売上高を承認ソースで確認できず。https://www.koyo.jp/company/
001Nn00000ht0RJ,3010001108219,石油資源開発株式会社,https://www.japex.co.jp/company/overview/profile/,"6: 1,000億円以上",,"3,403億円（2026年3月期・連結）","○ 自社IR経営成績報告。2026年3月期連結売上高3,403億円。https://www.japex.co.jp/ir/irsummary/semiannualreport/"
001Nn00000ht0RK,7120001092225,株式会社レクザム,https://www.rexxam.co.jp/corporate/overview.html,"5: 300億円以上~1,000億円未満",,確認不可,△ 自社HP・公的公開情報を確認したが、直近3期の株式会社レクザム売上高を承認ソースで確認できず。https://www.rexxam.co.jp/corporate/overview.html
001Nn00000ht0RO,3230001000097,朝日印刷株式会社,https://www.asahi-pp.co.jp/about/outline/,"5: 300億円以上~1,000億円未満",🔵MC:人事部 076-421-1177 / 伊藤茂 朝日人材サービス社長、専務管理本部長 ｜ 【属性】R/ 👤人事：人事部　高嶋 👤人事：人事部　寺井 親会社：独立系,確認不可,△ 自社HP・IRを確認したが、検索取得可能な承認ソース本文から2026年3月期の朝日印刷株式会社売上高を確定できず。推測せず確認不可。https://www.asahi-pp.co.jp/about/outline/
001Nn00000ht0RQ,4010401043667,ＮＥＣビジネスインテリジェンス株式会社,https://www.nec-businessintelligence.co.jp/company/profile.html,"5: 300億円以上~1,000億円未満",イワマシリュウ_2026/08/10,439億円（2023年度・単体）,○ 自社公式採用サイト会社データ。NEC100%子会社だが対象法人単体の2023年度売上高439億円を直接開示。直近3期範囲内として採用。https://www.nec-businessintelligence.co.jp/company/recruit/about/data/index.html
001Nn00000ht0RU,6180301007357,武蔵精密工業株式会社,https://www.musashi.co.jp/company/profile/,"5: 300億円以上~1,000億円未満",,"3,471億円（2025年3月期・連結）","○ 自社公式統合報告書2025。2024年度（2025年3月期）連結売上高3,471億円。https://www.musashi.co.jp/assets/pdf/musashi_integrated_report_2025.pdf"
001Nn00000ht0RV,8010001008819,東京製鐵株式会社,http://www.tokyosteel.co.jp/,"6: 1,000億円以上",,"2,680.95億円（2026年3月期・単体）","○ 自社公式2026年3月期決算短信。非連結売上高268,095百万円。https://www.tokyosteel.co.jp/assets/docs/ir/disclosures/disclosures_20260424-01.pdf"
001Nn00000ht0RW,8021001026041,薬樹株式会社,https://www.yakuju.co.jp/company/,"5: 300億円以上~1,000億円未満",／,確認不可,△ 自社HP・公的公開情報を確認したが、直近3期の薬樹株式会社売上高を承認ソースで確認できず。https://www.yakuju.co.jp/company/
001Nn00000ht0Ra,5080401010065,株式会社エフ・シー・シー,http://www.fcc-net.co.jp/,"5: 300億円以上~1,000億円未満",,"2,608.36億円（2026年3月期・連結売上収益）","○ 自社公式2026年3月期決算短信。IFRS連結売上収益260,836百万円。https://www.fcc-net.co.jp/pict/2026051306_01.pdf"
001Nn00000ht0Re,4020001009043,東京エレクトロンデバイス株式会社,https://www.teldevice.co.jp/company/gaiyou.html,"6: 1,000億円以上",,"2,037.48億円（2026年3月期・連結）","○ 自社HP会社概要・決算短信。2026年3月期連結売上高203,748百万円。https://www.teldevice.co.jp/company/gaiyou.html"
001Nn00000ht0Rf,7010401062128,ＪＡ全農ミートフーズ株式会社,https://www.jazmf.co.jp/outline/office.html,"6: 1,000億円以上",／,確認不可,"△ 自社公式会社概要で2025年度年間取扱高2,978億円を確認したが、通常企業の判定ルールでは取扱高を売上高と同一視しないため不採用。https://www.jazmf.co.jp/outline/overview.html"
001Nn00000ht0Rg,2010401017243,株式会社タツノ,https://tatsuno-corporation.com/jp/company/outline/,"5: 300億円以上~1,000億円未満",🌳★07/14(火)、定時00:00、🔵🌑✳✡🔥👤情シス/DX※デフォ番はシステム部門ではなく横浜工場にあると仰せ。,469億円（2025年3月期・単体）,○ 自社公式ニュースリリースの会社概要。2025年3月期売上高469億円。https://tatsuno-corporation.com/jp/news/%E6%A0%AA%E5%BC%8F%E4%BC%9A%E7%A4%BE%E9%96%A2%E9%9B%BB%E5%B7%A5%E3%81%A8%E3%81%AEev%E3%83%90%E3%82%B9%E5%85%85%E9%9B%BB%E3%82%A4%E3%83%B3%E3%83%95%E3%83%A9%E5%88%86%E9%87%8E%E3%81%AB%E3%81%8A%E3%81%91/
001Nn00000ht0Ri,3290001006642,株式会社大賀薬局,https://www.ohga-ph.com/company/profile/,"5: 300億円以上~1,000億円未満",ナカムラシュント,370億円（2025年9月末・グループ）,○ 自社HP会社概要。グループ中核会社として株式会社大賀薬局＋株式会社さわやかファーマシーの年商370億円を公表。https://www.ohga-ph.com/company/profile/
001Nn00000ht0Rr,8010001093803,株式会社アシスト,https://www.ashisuto.co.jp/corporate/company/office/,"5: 300億円以上~1,000億円未満",,537億円（2025年度・単体）,○ 自社HP会社概要。アシストホールディングス100%子会社だが対象法人単体の2025年度売上高537億円を直接開示。https://www.ashisuto.co.jp/corporate/company/outline.html
001Nn00000ht0Rs,8010601027540,株式会社アシスト,http://assist-japan.co.jp,"5: 300億円以上~1,000億円未満",,確認不可,△ 自社公式グループ概要で令和7年度グループ売上高117.54億円は確認できるが、対象法人株式会社アシスト単体値ではないため不採用。直近3期の単体売上高を承認ソースで確認できず。https://assist-japan.co.jp/logical/Group.html
001Nn00000ht0Rt,2010001051477,東テク株式会社,https://www.totech.co.jp/company/summary/,"6: 1,000億円以上",,"1,700億円（2026年3月期・連結）","○ 自社IR『成長の軌跡』。2026年3月期売上高1,700億円。https://www.totech.co.jp/ir/glance/grow"
001Nn00000ht0Rx,8010001065835,株式会社ガイア,https://www.gaia-jp.com/map/,"6: 1,000億円以上",,確認不可,△ 自社HP・gBizINFO等の承認ソースを確認したが、直近3期の株式会社ガイア売上高を確認できず。https://www.gaia-jp.com/
001Nn00000ht0Ry,6320001000746,小野建株式会社,https://www.onoken.co.jp/jp/about/outline.html,"6: 1,000億円以上",,"2,531億円（2026年3月期・連結）","○ 自社IR『小野建早わかり』。2026年3月期連結売上高2,531億円。https://www.onoken.co.jp/jp/ataglance/"
001Nn00000ht0S4,7120001030374,永大産業株式会社,http://www.eidai.com/,"5: 300億円以上~1,000億円未満",,737億円（2026年3月期・連結）,○ 自社HP会社概要。2026年3月期連結売上高737億円（単体667億円）。https://www.eidai.com/about/profile.html
001Nn00000ht0S5,3010001034852,ＴＰＲ株式会社,https://www.tpr.co.jp/company/corporate/,"5: 300億円以上~1,000億円未満",🔵MC:人事部 03-5293-2811（旧直通:長野工場　ＩＴ統轄室  0266-23-2834） ｜ ☆V 07/13〈月〉、定時00:00、/パンチラ/一度接触/担当変更,"1,905億円（2026年3月期・連結）","○ 自社IR『数字で見るTPR』。2026年3月期売上高1,905億円。https://www.tpr.co.jp/ir/individual/"
001Nn00000ht0S6,7010001128155,レック株式会社,http://www.lecinc.co.jp/,"5: 300億円以上~1,000億円未満",,682.94億円（2026年3月期・連結）,○ 自社HP会社概要。2026年3月期連結売上高682億94百万円（単体653億26百万円）。https://www.lecinc.co.jp/company/info/
001Nn00000ht0S7,1120001050238,東洋炭素株式会社,https://www.toyotanso.co.jp/Company/Base.html,"5: 300億円以上~1,000億円未満",,461億円（2025年12月期・連結）,○ 自社HP会社概要。2025年12月期連結年間売上高461億円（単体310億円）。https://www.toyotanso.co.jp/Company/Outline.html
001Nn00000ht0S9,4010801008518,株式会社巴商会,https://www.tomoeshokai.co.jp/about_j/overview/,"5: 300億円以上~1,000億円未満",,"1,022億円（2025年8月期・単体）","○ 自社公式採用サイト・サステナビリティレポート。2025年8月期に巴商会単独売上高1,000億円突破、採用サイトで売上高1,022億円を公表。https://recruit.tomoeshokai.co.jp/special/numbers.html"
001Nn00000ht0SB,3010401151289,ＮＴＴ・ＴＣリース株式会社,https://www.ntt-tc-lease.com/company/address/headoffice.html,"6: 1,000億円以上",7/3シモムラソウノスケ,"4,285.69億円（2026年3月期・単体）","○ 自社公式有価証券報告書。NTTグループ子会社だが対象法人の2026年3月期提出会社売上高428,569百万円。https://www.ntt-tc-lease.com/ir/shoken/pdf/yuukashouken_260615.pdf?2606="
001Nn00000ht0SC,3330001012792,アイシン九州株式会社,https://www.aisin.com/jp/group/aisin-kyushu/outline-aik/,"5: 300億円以上~1,000億円未満",,517.6億円（2025年度・単体）,○ 自社HP会社概要。アイシングループ子会社だが対象法人の2025年度売上高517.6億円を直接開示。https://www.aisin.com/jp/group/aisin-kyushu/outline-aik/
001Nn00000ht0SF,4011801009092,千住金属工業株式会社,https://www.senju.com/ja/company/network/tokyo.php,"5: 300億円以上~1,000億円未満",オガタユウ_2026/07/14,"1,359億円（2024年度・連結）","○ 自社HP会社概要。2024年度連結売上高1,359億円。https://www.senju.com/ja/company/overview/"
001Nn00000ht0SH,5012701003630,グローブライド株式会社,https://www.globeride.co.jp/about/,"5: 300億円以上~1,000億円未満",,確認不可,"△ 自社HP・IRを確認したが、2026年3月期の売上高実績を承認ソース本文で確定できず。2027年3月期目標1,400億円は予想値のため不採用。https://www.globeride.co.jp/"
001Nn00000ht0SI,4010001018053,株式会社サードウェーブ,https://info.twave.co.jp/,"5: 300億円以上~1,000億円未満",,確認不可,△ 自社HP・公的公開情報を確認したが、直近3期の株式会社サードウェーブ売上高を承認ソースで確認できず。https://info.twave.co.jp/
001Nn00000ht0SK,3120001083145,ダイハツインフィニアース株式会社,http://www.dhtd.co.jp/,"5: 300億円以上~1,000億円未満",,確認不可,△ 自社公式IRで業績資料は確認したが、検索取得可能な本文から直近3期のダイハツインフィニアース株式会社売上高を確定できず。https://www.dhtd.co.jp/
001Nn00000ht0SL,2010401046416,三井倉庫ホールディングス株式会社,https://www.mitsui-soko.com/,"6: 1,000億円以上",キセカヨ,確認不可,△ 持株会社。自社公式2026年3月期決算短信で売上高拡大の記載は確認したが、検索取得可能な本文から連結売上高総額を確定できず。推測せず確認不可。https://www.mitsui-soko.com/-/media/pdf/msh/ir/library/tanshin/2026/2026_4Q_tanshin.pdf
001Nn00000ht0SM,6010001034998,東京建物株式会社,https://tatemono.com/company/outline.html,"6: 1,000億円以上",,確認不可,△ 自社HP・IRを確認したが、検索取得可能な承認ソース本文から2025年12月期の東京建物株式会社売上高を確定できず。推測せず確認不可。https://tatemono.com/
001Nn00000ht0SN,3010401033768,シービーアールイー株式会社,https://www.cbre.co.jp/,"5: 300億円以上~1,000億円未満",,確認不可,△ CBREグループ日本法人。自社HP・公的公開情報を確認したが、直近3期のシービーアールイー株式会社単体売上高を承認ソースで確認できず。https://www.cbre.co.jp/
001Nn00000ht0SR,3010001034869,大豊建設株式会社,https://www.daiho.co.jp/company/profile/,"6: 1,000億円以上",🌳★08/13(木)、定時00:00、🔵🌑✳✡,"1,398.18億円（2026年3月期・連結）","○ 自社公式2026年3月期決算短信。連結売上高139,818百万円。対象法人単体も102,938百万円で300億円以上。https://www.daiho.co.jp/wp/wp-content/uploads/2026/05/20260513-tanshin.pdf"
001Nn00000ht0ST,2010701023536,株式会社ＪＴＢコミュニケーションデザイン,https://www.jtbcom.co.jp/company/access/,"5: 300億円以上~1,000億円未満",🔵MC:永井正昭 執行役員総合企画兼HRソリューション事業 ｜🎯360:ＨＲソリューション事業部／ＨＲコンサルティング局／人材開発課 03-5657-0619,確認不可,△ JTBグループ子会社。自社公式で確認できる売上高資料は古く鮮度条件外。直近3期の対象法人単体売上高を承認ソースで確認できず。https://www.jtbcom.co.jp/company/
001Nn00000ht0SV,5020001000471,株式会社アイスコ,https://www.iceco.co.jp/,"5: 300億円以上~1,000億円未満",,577億円（2025年度・単体）,○ 自社HP会社概要。2025年度売上高577億円。https://www.iceco.co.jp/about1/
001Nn00000ht0SZ,2020001029308,株式会社有隣堂,https://www.yurindo.co.jp/,"5: 300億円以上~1,000億円未満",,"544億9,300万円（2025年8月期・単体）","○ 自社HP会社概要。2025年8月期売上高544億9,300万円。https://www.yurindo.co.jp/corporate/outline/"
001Nn00000ht0Sb,5240001029984,株式会社エフピコ,https://www.fpco.jp/about/company/overview.html,"6: 1,000億円以上",,"2,405億円（2026年3月期・連結）","○ 自社公式2026年3月期決算概要。連結売上高2,405億円。https://www.fpco.jp/dcms_media/other/press_keieikikaku_20260430_7.pdf"
001Nn00000ht0Se,3011601004237,株式会社タムラ製作所,https://www.tamura-ss.co.jp/jp/index.html,"5: 300億円以上~1,000億円未満",,確認不可,△ 自社HP・IRを確認したが、検索取得可能な承認ソース本文から2026年3月期の株式会社タムラ製作所売上高を確定できず。推測せず確認不可。https://www.tamura-ss.co.jp/
001Nn00000ht0Sf,2120001043471,サカタインクス株式会社,http://www.inx.co.jp/,"5: 300億円以上~1,000億円未満",,"2,576.68億円（2025年12月期・連結）","○ 自社HP会社概要・決算短信。2025年度連結売上高257,668百万円（会社概要表記2,576億円）。https://www.inx.co.jp/company/outline.html"
001Nn00000ht0Sh,5180001038918,トランコム株式会社,https://www.trancom.co.jp/whatstrancom/overview,"6: 1,000億円以上",キクチリョウスケ,"1,813億円（2026年3月期・連結）","○ 自社HP会社概要。2026年3月期連結売上高1,813億円。https://www.trancom.co.jp/whatstrancom/overview/"
001Nn00000ht0Sn,5010001087865,ＮＴＴインテグレーション株式会社,https://www.niandc.co.jp/,"5: 300億円以上~1,000億円未満",6/22シモムラソウノスケ,確認不可,△ NTT株式会社65%出資の子会社。自社HPでは2025年度連結ベース売上高564億円を確認できるが、子会社判定ルールでは対象法人単体値が必要なため不採用。https://www.niandc.co.jp/company/profile/
001Nn00000ht0Sr,6120001101143,近鉄不動産株式会社,https://www.kintetsu-re.co.jp/company/outline/,"6: 1,000億円以上",🔵MC:岡田浩一 執行役員総務本部長 ｜🎯360:総務本部／人材開発部 06-6776-3060 / 太田洋平 総務本部人材開発部長（経理本部経理部長） ｜ 【属性】R/👤人事：井上さま(労務担当？みたいに言われた),"1,287.71億円（2025年度・単体）","○ 自社HP会社概要。近鉄グループ子会社だが対象法人の2025年度売上高128,771百万円を直接開示。https://www.kintetsu-re.co.jp/company/outline/index.html/1000"
001Nn00000ht0Sv,5010001140979,株式会社ドミノ・ピザジャパン,http://www.dominos.jp/,"5: 300億円以上~1,000億円未満",X,確認不可,△ 自社HP・公的公開情報を確認したが、直近3期の株式会社ドミノ・ピザジャパン売上高を承認ソースで確認できず。http://www.dominos.jp/
001Nn00000ht0Sw,6011001110293,伊藤ハム米久ホールディングス株式会社,https://www.itoham.co.jp/corporate/company/,"6: 1,000億円以上",ヤナギダタツヤ0804,1兆714億円（2026年3月期・連結）,○ 自社公式2026年3月期通期決算説明資料。持株会社として連結売上高1兆714億円。https://www.itoham-yonekyu-holdings.com/ir/library/script/202603_Q4.html
001Nn00000ht0Sz,4260001000671,内山工業株式会社,https://www.umc-net.co.jp/company/,"5: 300億円以上~1,000億円未満",ヤナギダタツヤ0521,566億円（2025年9月時点・単体）,○ 自社HP会社概要。2025年9月現在売上高566億円。https://www.umc-net.co.jp/company/
001Nn00000ht0T1,7012401000240,ＮＥＣネットワーク・センサ株式会社,https://www.necnets.co.jp/gaiyo/jigyosho/ji1.html,"5: 300億円以上~1,000億円未満",イワマシリュウ_2026/08/10,確認不可,△ NECグループ子会社。自社HP・公的公開情報を確認したが、直近3期のNECネットワーク・センサ株式会社単体売上高を承認ソースで確認できず。https://www.necnets.co.jp/gaiyo/jigyosho/ji1.html
001Nn00000ht0T9,7010701022780,株式会社レスター,https://www.restargp.com/,"6: 1,000億円以上",,"5,610.01億円（2025年3月期・連結）","○ 自社公式2026年3月期通期見通し資料の前期実績欄。2025年3月期連結売上高561,001百万円。直近3期内の実績として採用。https://www.restargp.com/wp-content/uploads/2025/09/8fb51c4a848bab7dd380d230b467ee1f.pdf"
001Nn00000ht0TJ,2060001003812,藤井産業株式会社,https://www.fujii.co.jp/company/about/,"5: 300億円以上~1,000億円未満",,961億円（2025年3月期・連結）,"○ 自社公式2026年3月期業績予想修正資料の前期実績欄。2025年3月期連結売上高96,100百万円。https://www.fujii.co.jp/wp/wp-content/uploads/2026/05/bab319b59f67f455217be922199764fe.pdf"
001Nn00000ht0TK,3020001061862,ＮＴＴイノベーティブデバイス株式会社,https://www.ntt-innovative-devices.com/company/honsha.html,"5: 300億円以上~1,000億円未満",🔵MC:人事部 050-9000-6321（旧直通:ITソリューション推進部門：045-414-9700） ｜ ／,確認不可,△ NTTグループ子会社。自社HP・公的公開情報を確認したが、直近3期のNTTイノベーティブデバイス株式会社単体売上高を承認ソースで確認できず。https://www.ntt-innovative-devices.com/company/
001Nn00000ht0TU,5120001049004,株式会社錢高組,https://www.zenitaka.co.jp/company/outline.html,"6: 1,000億円以上",サトウリョウト26/07/28,"1,254.10億円（2026年3月期・単体）","○ 自社公式2026年3月期決算短信。個別売上高125,410百万円。https://www.zenitaka.co.jp/news/shi2603-4.pdf"
001Nn00000ht0TY,6120001069744,福西電機株式会社,https://www.fukunishi.com/,"5: 300億円以上~1,000億円未満",,確認不可,△ パナソニックグループ系企業。自社HP・公的公開情報を確認したが、直近3期の福西電機株式会社単体売上高を承認ソースで確認できず。https://www.fukunishi.com/
001Nn00000ht0Td,8011001058176,パーソルホールディングス株式会社,https://www.persol-group.co.jp/corporate/business/,"5: 300億円以上~1,000億円未満",,"1兆5,558.33億円（2026年3月期・連結売上収益）","○ 自社HP会社概要。持株会社として2026年3月期IFRS連結売上収益1,555,833百万円。https://www.persol-group.co.jp/corporate/business/"
001Nn00000ht0Tl,9011001022577,ミツイワ株式会社,https://www.mitsuiwa.co.jp/corporate/corporate/,"5: 300億円以上~1,000億円未満",◆08/24(月)、定時00:00、10:00,652.24億円（2025年度・連結）,"○ 自社HP売上高推移。2025年度連結売上高65,224百万円（単体64,394百万円）。https://www.mitsuiwa.co.jp/corporate/sales/"
001Nn00000ht0To,3180001006050,伊勢湾海運株式会社,https://www.isewan.co.jp/company/profile/,"5: 300億円以上~1,000億円未満",,確認不可,△ 自社IRで2026年3月期決算資料の公開は確認したが、検索取得可能な承認ソース本文から売上高金額を確定できず。推測せず確認不可。https://www.isewan.co.jp/ir/library/
001Nn00000ht0Tq,5120001048550,株式会社ワキタ,https://www.wakita.co.jp/corporate_profile/cov.html,"5: 300億円以上~1,000億円未満",🔵MC:総務部／人事課 06-6449-1901 / 成山敦彦 取締役（執行役員）総務部長,確認不可,△ 自社HP・IRを確認したが、検索取得可能な承認ソース本文から2026年2月期の株式会社ワキタ売上高を確定できず。推測せず確認不可。https://www.wakita.co.jp/
001Nn00000ht0Tr,5120001102126,株式会社タカミヤ,https://corp.takamiya.co/corporate/outline/,"5: 300億円以上~1,000億円未満",,452.12億円（2026年3月期・連結）,"○ 自社IR業績ハイライト。2026年3月期連結売上高45,212百万円。https://corp.takamiya.co/ir/finance/highlight/"
001Nn00000ht0Tx,7010601023788,株式会社ＴＨＩＮＫフィットネス,https://www.thinkgroup.co.jp/company/about.html,"5: 300億円以上~1,000億円未満",,確認不可,△ 自社HP・公的公開情報を確認したが、直近3期の株式会社THINKフィットネス売上高を承認ソースで確認できず。https://www.thinkgroup.co.jp/company/about.html
001Nn00000ht0U6,1011101017047,野原グループ株式会社,https://nohara-inc.co.jp/,"5: 300億円以上~1,000億円未満",／,"1,528.52億円（2025年6月期・グループ連結）","○ 自社HP会社概要。グループ経営・事業を担う中核会社として2025年6月期野原グループ連結売上高1,528億5,232万円を公表。https://nohara-inc.co.jp/company/group/nohara_group/"
001Nn00000ht0UD,1011001064627,ヴィアトリス製薬合同会社,https://www.viatris.jp/ja-jp/about-us/company-profile,"6: 1,000億円以上",,対象外（合同会社）,× 法人格。直アポ大は株式会社のみ。合同会社のため対象外
001Nn00000ht0UG,6130001003272,株式会社ＳＣＲＥＥＮホールディングス,https://www.screen.co.jp/about/outline,"5: 300億円以上~1,000億円未満",,"6,057.48億円（2026年3月期・連結）","○ 自社IR財務ハイライト。2026年3月期連結売上高605,748百万円。https://www.screen.co.jp/ir/finance"
001Nn00000ht0UP,7040001027214,日本メディカルシステム株式会社,https://www.jmsys.co.jp/pharmacy/shop-detail_202/,"5: 300億円以上~1,000億円未満",,347億円（2025年度・単体）,○ 自社HP会社概要。2025年度売上高347億円。https://www.jmsys.co.jp/company/
001Nn00000ht0UQ,5130001017810,第一産業株式会社,,"5: 300億円以上~1,000億円未満",,確認不可,△ 法人番号5130001017810の第一産業株式会社について、承認ソースで直近3期売上高を確認できず。推測せず確認不可。
001Nn00000ht0UR,8010001034807,佐藤商事株式会社,https://www.satoshoji.co.jp/ja/company/network/map.html,"6: 1,000億円以上",,"2,921.91億円（2026年3月期・連結）","○ 自社IR業績ハイライト。2026年3月期連結売上高292,191百万円。https://www.satoshoji.co.jp/ja/ir/finance/highlight.html"
001Nn00000ht0US,3290001050905,株式会社タイラベストビート,http://www.wonderland.gr.jp/,"6: 1,000億円以上",,確認不可,△ 自社HP・公的公開情報を確認したが、直近3期の株式会社タイラベストビート売上高を承認ソースで確認できず。http://www.wonderland.gr.jp/
001Nn00000ht0UY,9080002018306,有限会社新日邦,https://www.concorde-gr.co.jp/company/outline,"6: 1,000億円以上",🔵MC:人事部 054-636-5220（旧直通:054-636-7119）,確認不可,△ BDグループ日本法人。自社HP・公的公開情報を確認したが、直近3期の日本ベクトン・ディッキンソン株式会社単体売上高を承認ソースで確認できず。https://www.bd.com/ja-jp/
001Nn00000ht0Ua,9010401023152,日本ベクトン・ディッキンソン株式会社,http://www.bdj.co.jp/index.html,"5: 300億円以上~1,000億円未満",🔵MC:人事総務部　03-6234-5743,確認不可,△ 自社HP・IRを確認したが、検索取得可能な承認ソース本文から2026年3月期の株式会社フジマック売上高を確定できず。推測せず確認不可。https://www.fujimak.co.jp/
001Nn00000ht0Ud,3010401026945,株式会社フジマック,https://www.fujimak.co.jp/corporate/about/,"5: 300億円以上~1,000億円未満",🔵MC:管理本部／総務部／人事課 03-4235-2205,717.33億円（2026年3月期・連結売上収益）,"○ 自社IRセグメント情報。2026年3月期の売上収益は情報基盤51,620百万円、アプリケーション9,884百万円、医療10,229百万円の合計71,733百万円。https://www.techmatrix.co.jp/ir/finance/finance_04.html"
001Nn00000ht0Uj,4010401058467,テクマトリックス株式会社,http://www.techmatrix.co.jp,"5: 300億円以上~1,000億円未満",🌳★V07/01(水)、定時00:00✳✡,439.54億円（2025年3月期・連結）,"○ 自社公式2026年3月期業績予想修正資料の前期実績欄。2025年3月期連結売上高43,954百万円。直近3期内の実績として採用。https://www.metalart.co.jp/pdf_save/6912c32a63ed8.pdf"
001Nn00000ht0Uo,9160001013183,株式会社メタルアート,https://www.metalart.co.jp/company/outline/,"5: 300億円以上~1,000億円未満",🎯360:宮崎ひむか工場／安全環境室・人材育成センター 077-563-2111（旧直通:未来創造・ＤＸ推進センター：077-507-3311）,"6,081.42億円（2026年3月期・連結）","○ 自社HP会社概要・株主総会資料。2026年3月期連結売上高608,142百万円。https://www.shinsho.co.jp/info/about.html"
001Nn00000ht0Ve,5120001077442,神鋼商事株式会社,https://www.shinsho.co.jp/info/office/osaka.html,"6: 1,000億円以上",,確認不可,△ 自社HP・IRを確認したが、検索取得可能な承認ソース本文から2026年3月期の東海運株式会社売上高を確定できず。推測せず確認不可。https://www.azumaship.co.jp/
001Nn00000ht0Vj,4010001035123,東海運株式会社,https://www.azumaship.co.jp/company/about/overview.html,"5: 300億円以上~1,000億円未満",🧱,確認不可,△ 自社HP・公的公開情報を確認したが、直近3期の株式会社報知新聞社売上高を承認ソースで確認できず。https://www.hochi.co.jp/gaiyo/
001Nn00000ht0W8,7010401027345,株式会社報知新聞社,https://www.hochi.co.jp/gaiyo/,"5: 300億円以上~1,000億円未満",,470.58億円（2026年3月期・単体）,"○ 自社公式有価証券報告書・会社概要。2026年3月期売上高47,058百万円。https://www.sankometal.co.jp/corporate/company/"
001Nn00000ht0WE,9010401038472,三晃金属工業株式会社,https://www.sankometal.co.jp/corporate/company/,"5: 300億円以上~1,000億円未満",,確認不可,△ 自社HP・公的公開情報を確認したが、直近3期のウメトク株式会社売上高を承認ソースで確認できず。https://www.umetoku.co.jp/company/
001Nn00000ht0Wh,4120001061083,ウメトク株式会社,https://www.umetoku.co.jp/company/,"5: 300億円以上~1,000億円未満",,792.52億円（2026年3月期・単体）,"○ 自社HP決算資料。2026年3月期売上高79,252百万円。https://www.ryuseki.co.jp/profile/balansesheet.shtml"
001Nn00000ht0Wn,5360001009256,株式会社りゅうせき,https://www.ryuseki.co.jp/profile/outline.shtml,"5: 300億円以上~1,000億円未満",,708億円（2025年度・単体）,○ 自社HP会社案内。2025年度売上高708億円。https://www.toryusha.co.jp/company/
001Nn00000ht0Wp,3370001012525,株式会社東流社,https://www.toryusha.co.jp/company/,"5: 300億円以上~1,000億円未満",,確認不可,△ 自社HP・公的公開情報を確認したが、直近3期の株式会社晃商売上高を承認ソースで確認できず。https://www.k-kosho.co.jp/company/
001Nn00000ht0Wr,8130001020712,株式会社晃商,https://www.k-kosho.co.jp/company/,"5: 300億円以上~1,000億円未満",X,確認不可,△ 自社HP・公的公開情報を確認したが、直近3期の株式会社クリエイティブ売上高を承認ソースで確認できず。https://syokusaikurabu.com/company/
001Nn00000ht0XB,3080101008444,株式会社クリエイティブ,https://syokusaikurabu.com/company/,"5: 300億円以上~1,000億円未満",,確認不可,△ 自社HP・公的公開情報を確認したが、直近3期の株式会社クリエイティブ売上高を承認ソースで確認できず。https://syokusaikurabu.com/company/
001Nn00000ht0XI,6180001009744,愛知日野自動車株式会社,https://www.aichi-hino.co.jp/office/,"5: 300億円以上~1,000億円未満",,確認不可,△ 日野自動車系販売会社。自社HP・公的公開情報を確認したが、直近3期の愛知日野自動車株式会社単体売上高を承認ソースで確認できず。https://www.aichi-hino.co.jp/
001Nn00000ht0Xo,2110001004821,藤田金屬株式会社,https://www.fujita-kz.com/company/outline.html,"5: 300億円以上~1,000億円未満",🔵MC:総務部／総務人事チーム 025-245-6666（旧直通:025-245-6676） ｜ 【属性】🐻‍❄️/【👤情シス/DX】【👤人事】【👤経理】：管理本部/管理本部長兼総務部長兼経理部長/小笠原 竜一,392億円（2025年3月期・単体）,○ 自社HP会社概要。2025年3月期売上高392億円。https://www.fujita-kz.com/company/outline.html
001Nn00000ht0Xt,4020001069789,東横化学株式会社,https://www.toyokokagaku.co.jp/company/company.html,"5: 300億円以上~1,000億円未満",／⭐,519.89億円（2026年3月期・単体）,"○ 自社公式採用サイト『数字で知る』。2025年（2026年3月期）売上高519億8,900万円。https://www.toyokokagaku.co.jp/recruit/students/data.html"
001Nn00000ht0Xy,2180001055890,株式会社アルファコンサルティング,https://alpha-consul.com/profile/summary/,"5: 300億円以上~1,000億円未満",,確認不可,△ 自社HP・公的公開情報を確認したが、直近3期の株式会社アルファコンサルティング売上高を承認ソースで確認できず。https://alpha-consul.com/profile/summary/
001Nn00000ht0Y8,3320001001417,株式会社ジョイフル,https://www.joyfull.co.jp/company/profile/,"5: 300億円以上~1,000億円未満",,確認不可,△ 自社HP・IRを確認したが、検索取得可能な承認ソース本文から直近3期の株式会社ジョイフル売上高を確定できず。推測せず確認不可。https://www.joyfull.co.jp/company/profile/
001Nn00000ht0YM,8120001034713,関包スチール株式会社,https://kanpoh.co.jp/company/location/,"5: 300億円以上~1,000億円未満",,600億円（現行会社情報・単体）,○ 自社HP『数字で見るKANPOH』。売上高600億円を現行会社情報として公表。https://kanpoh.co.jp/
001Nn00000ht0YN,5380001017554,株式会社ダイエー,https://p-daiei.com/company/,"5: 300億円以上~1,000億円未満",,確認不可,△ 自社HP・公的公開情報を確認したが、法人番号5380001017554の株式会社ダイエーについて直近3期売上高を承認ソースで確認できず。https://p-daiei.com/company/
001Nn00000ht0YY,8122001025064,日産部品近畿販売株式会社,https://buhin.nissan.co.jp/KINKI/,"5: 300億円以上~1,000億円未満",,388.90億円（2025年度・単体）,"○ 自社HP会社概要。日産自動車グループ子会社だが対象法人の2025年度年間売上高388億9,006万円を直接開示。https://buhin.nissan.co.jp/KINKI/OVERVIEW/"
001Nn00000ht0Yy,7430001008208,株式会社新和,http://www.playland-happy.co.jp/outline/,"5: 300億円以上~1,000億円未満",,確認不可,△ 自社公式サイトでは直近3期の株式会社新和売上高を確認できず。公的・承認ソースで金額を確定できないため、二次求人情報の2025年890億円は不採用。http://www.playland-happy.co.jp/outline/
001Nn00000ht0ZM,8140001028201,株式会社トリドールホールディングス,https://www.toridoll.com/company/index.html,"5: 300億円以上~1,000億円未満",,"2,787.15億円（2026年3月期・連結売上収益）","○ 有価証券報告書で2026年3月期IFRS連結売上収益278,715百万円。持株会社のため連結値を採用。https://info.gbiz.go.jp/hojin/ichiran?hojinBango=8140001028201"
001Nn00000ht0Zc,6180301007927,株式会社立岩,http://gacha.heteml.jp,"5: 300億円以上~1,000億円未満",🔵MC:人事部 0532-34-3670,519.15億円（2025年7月期・単体）,"○ 自社HP会社概要。2025年7月期年商519億1,460万円。https://www.gachapon.net/co/ir/index.html"
001Nn00000ht0Ze,5290001024139,株式会社玉屋,https://www.tamaya.gr.jp/corporate.html,"5: 300億円以上~1,000億円未満",,368.46億円（2024年度・単体）,"○ 自社HP会社概要。2024年度売上高368億4,600万円。https://www.tamaya.gr.jp/company/"
001Nn00000ht0bq,6310001001803,株式会社ひぐち,https://www.higuchi-gr.co.jp/company/,"6: 1,000億円以上",,819億円（2025年11月・グループ）,○ 自社HP会社概要。株式会社ひぐちを中核とするグループの2025年11月グループ合計総売上高819億円。https://www.higuchi-gr.co.jp/company/
001Nn00000ht0c5,8180301002579,株式会社ホットスタッフ,https://www.hotstaff.co.jp/corporate/profile/,"5: 300億円以上~1,000億円未満",,確認不可,△ 自社公式会社概要では売上高を非開示。直近3期の株式会社ホットスタッフ単体売上高を承認ソースで確認できず。https://www.hotstaff.co.jp/corporate/profile/
001Nn00000ht0cZ,4020001071646,株式会社ＹＡＭＡＮＡＫＡ,https://www.clean-yamanaka.com/ja/company/outline.html,"5: 300億円以上~1,000億円未満",,396億円（2025年8月期・単体）,○ 自社HP会社概要。2025年8月期売上高396億円。https://www.clean-yamanaka.com/ja/company/outline.html
001Nn00000ht0cb,7010401111553,株式会社ベイカレント,https://www.baycurrent.co.jp/aboutus/overview/,"6: 1,000億円以上",⭐◆08/27(木)、定時00:00、,"1,483億円（2026年2月期・連結）","○ 自社HP会社概要。2026年2月期連結売上高1,483億円。https://www.baycurrent.co.jp/aboutus/overview/"
001Nn00000ht0cf,5130001024625,株式会社プリントパック,https://www.printpac.jp/company/,"5: 300億円以上~1,000億円未満",x,450億円（2025年4月期・単体）,○ 自社HP会社概要。2025年4月期売上高450億円。https://www.printpac.jp/company/
001Nn00000ht0d3,6013201006759,日本クレア株式会社,https://www.clea-japan.com/company/outline.html,"5: 300億円以上~1,000億円未満",,確認不可,△ 自社HP・gBizINFOを確認したが、直近3期の日本クレア株式会社売上高を承認ソースで確認できず。二次情報の2024年9月期73.20億円は不採用。https://info.gbiz.go.jp/hojin/ichiran?hojinBango=6013201006759
001Nn00000ht0dI,9010501007807,株式会社タジマヤ,https://www.tajimaya-cc.net/company,"5: 300億円以上~1,000億円未満",◆09/02(水),370.90億円（2024年11月実績・単体）,"○ 自社HP企業情報。2024年11月実績売上高370億9,000万円。https://www.tajimaya-cc.net/company"
001Nn00000ht0dn,2130001009892,アークレイ株式会社,http://www.arkray.co.jp/japanese/index.html,"5: 300億円以上~1,000億円未満",⭐／,569億円（2025年10月期）,○ 自社HP会社概要。2025年10月期売上高569億円。https://www.arkray.co.jp/japanese/about/profile.html
001Nn00000ht0du,7122001007930,吉田鋼業株式会社,https://yoshidakougyou.com/,"5: 300億円以上~1,000億円未満",,710億円（2023年・単体）,○ 自社公式採用サイト。2023年過去最高売上高710億円。直近3期範囲内の承認ソースとして採用。https://yoshidakougyou.com/recruit/about/number
001Nn00000ht0em,1120001077347,井澤金属株式会社,https://izawa-metal.co.jp/,"5: 300億円以上~1,000億円未満",,715.89億円（2025年度・単体）,"○ 自社HP会社概要。令和7年度年商71,589百万円。https://izawa-metal.co.jp/outline/"
001Nn00000ht0f8,3500001006843,キスケ株式会社,https://kisuke.com/,"5: 300億円以上~1,000億円未満",,405億円（2026年3月期・単体）,○ 自社HP会社情報。2026年3月期売上高405億円。https://kisuke.com/company/about/
001Nn00000ht0fL,3120001090265,ミカサ商事株式会社,https://www.mikasa.co.jp/company/outline/,"5: 300億円以上~1,000億円未満",,443億円（2026年3月末・単体）,○ 自社HP会社概要。2026年3月末現在、単体売上高443億円（連結629億円）。https://www.mikasa.co.jp/company/outline/
001Nn00000ht0gT,1180001079973,株式会社ダイハチ,https://daihachi.jp/company/outline/,"5: 300億円以上~1,000億円未満",,619億円（2026年6月期・単体）,○ 自社HP会社概要。2026年6月期売上高619億円。https://daihachi.jp/company/outline/
001Nn00000ht0gV,5080001000689,遠藤科学株式会社,https://www.endokagaku.co.jp/company/profile/,"5: 300億円以上~1,000億円未満",,約333億円（現行会社概要・単体）,○ 自社HP会社概要。現行会社情報で年商約333億円。https://www.endokagaku.co.jp/company/profile/
001Nn00000ht0gg,6230001007172,株式会社ノースランド,http://www.northland.co.jp/,"5: 300億円以上~1,000億円未満",,確認不可,△ 自社HP・公的公開情報を確認したが、直近3期の株式会社ノースランド売上高を承認ソースで確認できず。二次求人情報の2025年12月時点300億円は不採用。http://www.northland.co.jp/
001Nn00000ht0gr,4120001119930,ハニューフーズ株式会社,https://hanewfoods.com/about/#tab3,"6: 1,000億円以上",,"2,220.73億円（2025年12月期・単体）","○ 自社HPグループ概要。2025年12月期のハニューフーズ株式会社単体売上高222,073百万円。https://www.hanewfoods.com/about/"
001Nn00000ht0hP,6120001131611,株式会社イワセ・エスタ東京,,"5: 300億円以上~1,000億円未満",,確認不可,△ 承認ソースで株式会社イワセ・エスタ東京の直近売上高を確認できず。非承認求人媒体の514.52億円は不採用。
001Nn00000ht0hZ,5500001014225,愛媛製紙株式会社,https://www.ehimepaper.co.jp/about/,"5: 300億円以上~1,000億円未満",,314億円（2025年9月期・単体）,○ 自社HP会社概要。令和7年9月期売上高314億円。https://www.ehimepaper.co.jp/about/
001Nn00000ht0iR,8480001005364,三木産業株式会社,http://www.mikisangyo.co.jp/,"5: 300億円以上~1,000億円未満",,740億円（2026年3月期・単体）,○ 自社HP会社概要。2026年3月期年商740億円。https://mikisangyo.co.jp/corporate/profile/
001Nn00000ht0jz,1010001074512,商船三井テクノトレード株式会社,https://www.motech.co.jp/company/,"5: 300億円以上~1,000億円未満",,746億円（2024年度・単体）,○ 自社HP会社概要。商船三井グループ子会社だが対象法人の2024年度単体売上高746億円を直接開示。https://www.motech.co.jp/company/
001Nn00000ht0k1,4220001002283,株式会社金太,https://www.kk-kinta.co.jp/,"5: 300億円以上~1,000億円未満",,426億円（2026年3月期・単体）,○ 自社HP会社概要。令和8年3月売上高426億円。https://www.kk-kinta.co.jp/company/outline/index.html
001Nn00000ht0kM,2500001014252,カミ商事株式会社,https://kamisyoji.co.jp/,"6: 1,000億円以上",イワマシリュウ_2026/08/10,"1,162億円（2024年6月期・単体）","○ 自社HP会社概要。令和6年6月期売上高1,162億円。https://kamisyoji.co.jp/company/"
001Nn00000ht0kn,4020001029537,株式会社横浜シミズ,https://yokohama.shimizu-group.co.jp/company/,"5: 300億円以上~1,000億円未満",,【300億未満】50.48億円（2024年度・単体）,"× 300億未満。自社HP会社情報。令和6年度実績売上高50億4,774万円。https://yokohama.shimizu-group.co.jp/company/"
001Nn00000ht0lS,3290001009950,福岡造船株式会社,https://www.fukuzo.co.jp/companyprofile/overview,"5: 300億円以上~1,000億円未満",,444億円（2026年3月期・単体）,○ 自社HP会社案内。2026年3月期実績売上高444億円。https://www.fukuzo.co.jp/companyprofile/
001Nn00000ht0mM,1120001044933,大銑産業株式会社,https://www.daisensangyo.co.jp/company.html,"5: 300億円以上~1,000億円未満",◆08/18(火)、定時00:00、11:30,674.29億円（2025年度・単体）,"○ 自社HP会社概要。2025年度売上高674億2,871万円。https://www.daisensangyo.co.jp/company.html"
001Nn00000ht0ne,2010401091338,豊通食料株式会社,https://www.toyotsu-shokuryo.com/profile,"5: 300億円以上~1,000億円未満",,801億円（2026年3月期・単体）,○ 自社HP会社概要。豊田通商グループ子会社だが対象法人の2026年3月期年商801億円を直接開示。https://www.toyotsu-shokuryo.com/profile
001Nn00000ht0pD,5120001059647,白石カルシウム株式会社,https://www.shiraishi.co.jp/about/kogyo/profile.php,"5: 300億円以上~1,000億円未満",,699.07億円（2026年3月期・単体）,"○ 自社HP会社概要・業績推移。2026年3月期売上高69,907百万円。https://www.shiraishi.co.jp/about/calcium/profile.php"
001Nn00000ht0qk,9010401012139,サンヨー食品株式会社,https://www.sanyofoods.co.jp/company/about/,"6: 1,000億円以上",,491.09億円（2025年3月期・単体）,○ 自社公式採用サイト会社概要。2025年3月期単体売上高491億9百万円。https://www.sanyofoods.co.jp/recruit_page/outline.html
001Nn00000ht0qs,6010001055730,株式会社文祥堂,https://www.bunshodo.co.jp/corporate/overview/,"5: 300億円以上~1,000億円未満",,【300億未満】163.75億円（2025年8月期・単体）,"× 300億未満。自社HP会社概要。2025年8月31日時点売上高16,375百万円。https://www.bunshodo.co.jp/corporate/overview/"
001Nn00000ht0sS,9250001003679,山口産業株式会社,https://www.yamasan-grp.co.jp/info/summary/,"5: 300億円以上~1,000億円未満",,確認不可,△ 自社HP・公的公開情報を確認したが、直近3期の山口産業株式会社売上高を承認ソースで確認できず。https://www.yamasan-grp.co.jp/info/summary/
001Nn00000ht0sa,3120001066364,ダイビル株式会社,https://www.daibiru.co.jp/,"5: 300億円以上~1,000億円未満",⭐,525.06億円（2026年3月期・単体）,"○ 自社HP企業概要。商船三井100%子会社だが対象法人の2026年3月期売上高52,506百万円を直接開示。https://www.daibiru.co.jp/company/outline/"
001Nn00000ht0sn,9180001041117,ミタチ産業株式会社,https://www.mitachi.co.jp/company/outline/,"5: 300億円以上~1,000億円未満",,"1,203.27億円（2026年5月期・連結）","○ 自社IR財務情報。2026年5月期連結売上高120,327百万円。https://www.mitachi.co.jp/ir/financial/"
001Nn00000ht0sw,5130001011549,株式会社ファーマフーズ,https://www.pharmafoods.co.jp/corporate/profile,"5: 300億円以上~1,000億円未満",☆Taanバイネーム(検索用)消さないで,652.60億円（2025年7月期・連結）,"○ 自社公式中期経営計画資料。2025年7月期年次売上高65,260百万円。https://www.pharmafoods.co.jp/irlib/2025-12-11_e2da1652163e138f836ec2f029b4b6ac.pdf"
001Nn00000ht0tB,3402701000193,橋爪商事株式会社,https://www.hasizme.co.jp/,"5: 300億円以上~1,000億円未満",,【300億未満】276億円（2024年度・単体）,× 300億未満。自社HP会社概要。令和6年度売上高276億円。https://www.hasizme.co.jp/company/company.html
001Nn00000ht0td,2120001041483,株式会社内村,https://www.uchimura.co.jp/,"5: 300億円以上~1,000億円未満",⭐◆システム担当/ハヤシ様,346億円（2025年8月時点・単体）,○ 自社HP会社概要。2025年8月現在年商額346億円。https://www.uchimura.co.jp/company/aboutus/
001Nn00000ht0th,4120901013175,ジャパンマテリアル株式会社,http://www.japanmaterial.co.jp,"5: 300億円以上~1,000億円未満",,【300億未満】148億円（2025年3月期・単体）,× 300億未満。自社HP会社概要。2025年3月期売上高148億円。https://www.japanmaterial.co.jp/about
001Nn00000ht0vN,9122001021517,八城観光開発株式会社,http://www.yashirogroup.co.jp/,"5: 300億円以上~1,000億円未満",,確認不可,△ 自社HP・公的公開情報を確認したが、直近3期の八城観光開発株式会社売上高を承認ソースで確認できず。http://www.yashirogroup.co.jp/
001Nn00000ht0ve,5400002011941,株式会社カネマン,https://p-kaneman.co.jp/about.php#,"5: 300億円以上~1,000億円未満",,確認不可,△ 自社HP・公的公開情報を確認したが、直近3期の株式会社カネマン売上高を承認ソースで確認できず。二次情報の190億円は不採用。https://p-kaneman.co.jp/about.php
001Nn00000ht0wd,6120001142526,株式会社日本オカダエンタープライズ,https://www.okada-ep.co.jp/,"6: 1,000億円以上",,確認不可,△ 自社HP・公的公開情報を確認したが、直近3期の株式会社日本オカダエンタープライズ売上高を承認ソースで確認できず。https://www.okada-ep.co.jp/
001Nn00000ht0wm,1120001046302,株式会社メタルワン鉄鋼製品販売,http://www.mtlosp.co.jp/about_us/index.html,"5: 300億円以上~1,000億円未満",,対象外（吸収合併により消滅）,× gBizINFOで2026年4月13日、合併による解散・登記閉鎖を確認。株式会社として現存しないため対象外。https://info.gbiz.go.jp/hojin/financialstatement?kessanJohoId=bcd86a23-f36e-4e97-8372-e15c15c6f781
001Nn00000ht0xk,4430001029116,株式会社ツルハホールディングス,https://www.tsuruha-hd.co.jp/company/overview/,"6: 1,000億円以上",,"1兆4,505.85億円（2026年2月期・連結）","○ 自社HP会社概要。持株会社として2026年2月期連結売上高1,450,585百万円。https://www.tsuruha-hd.co.jp/company/overview/"
001Nn00000ht0yV,8140001013211,神果神戸青果株式会社,http://www.kobe-shinka.co.jp/,"5: 300億円以上~1,000億円未満",,確認不可,△ 自社HP・公的公開情報を確認したが、直近3期の神果神戸青果株式会社売上高を承認ソースで確認できず。http://www.kobe-shinka.co.jp/
001Nn00000ht0z0,2290001017525,ロイヤルホールディングス株式会社,https://www.royal-holdings.co.jp/co/outline/,"6: 1,000億円以上",,"1,654.95億円（2025年12月期・連結）","○ 自社公式2025年12月期決算説明資料。連結売上高165,495百万円。https://www.royal-holdings.co.jp/ir/event/activity/2932.html"
001Nn00000ht0z2,3140001020393,シン・エナジー株式会社,https://symenergy.co.jp/company/,"5: 300億円以上~1,000億円未満",,384億円（2025年度・単体）,○ 自社HP会社情報。2025年度実績売上高384億円。https://symenergy.co.jp/company/
001Nn00000ht0zH,8060001021981,株式会社獨協メディカルサービス,https://www.dokkyoms.co.jp/company/,"5: 300億円以上~1,000億円未満",／,確認不可,△ 自社HP・公的公開情報を確認したが、直近3期の株式会社獨協メディカルサービス売上高を承認ソースで確認できず。https://www.dokkyoms.co.jp/company/
001Nn00000ht11s,3290001048701,田中藍株式会社,https://www.tanakaai.com/company/info/,"5: 300億円以上~1,000億円未満",X,確認不可,△ 自社HP・公的公開情報を確認したが、直近3期の田中藍株式会社売上高を承認ソースで確認できず。官報決算も売上高非開示。https://www.tanakaai.com/company/info/
001Nn00000ht127,9010001034995,東京都競馬株式会社,https://www.tokyotokeiba.co.jp/company/overview.html,"5: 300億円以上~1,000億円未満",,417.58億円（2025年12月期・連結）,"○ 自社IR業績・財務情報。2025年12月期連結売上高41,758百万円。https://tokyotokeiba.co.jp/ir/financial/"
001Nn00000ht13e,6370001003983,株式会社ホクエツ,https://www.hsnet.co.jp/company/miyagi/,"5: 300億円以上~1,000億円未満",,確認不可,△ 対象は株式会社ホクエツ（法人番号6370001003983）。確認できた公的年商286億円は別法人・関連会社の情報で対象法人単体の根拠にならないため不採用。自社HP・公的公開情報で直近3期の対象法人売上高を確認できず。https://www.hsnet.co.jp/company/miyagi/
001Nn00000ht13w,5010001067660,伊藤忠丸紅特殊鋼株式会社,https://www.spc.benichu.com/company/outline/,"5: 300億円以上~1,000億円未満",,339億円（2025年3月期・単体）,○ 自社HP会社概要。伊藤忠丸紅鉄鋼100%子会社だが対象法人の2025年3月期売上高339億円を直接開示。https://www.spc.benichu.com/company/outline/
001Nn00000ht14u,8180001092318,株式会社セントラル,https://p-concorde.com/company/,"6: 1,000億円以上",,確認不可,"△ 自社公式サイトで直近3期の売上高を確認できず。二次就職情報の2024年12月実績1,500億円は不採用。https://p-concorde.com/company/"
001Nn00000ht16z,4470001002746,株式会社たまや,http://www.pt-tamaya.com/company/about/,"5: 300億円以上~1,000億円未満",,確認不可,△ 自社HP・公的公開情報を確認したが、直近3期の株式会社たまや売上高を承認ソースで確認できず。二次情報の2023年9月期119.70億円は不採用。http://www.pt-tamaya.com/company/about/
001Nn00000ht17z,7010001078061,東京海上ホールディングス株式会社,https://www.tokiomarinehd.com/company/information/map.html,"6: 1,000億円以上",,"8兆8,722.77億円（2026年3月期・連結経常収益）","○ 保険業特例で経常収益を採用。自社公式決算資料で2026年3月期連結経常収益8,872,277百万円。https://www.tokiomarinehd.com/ir/event/presentation/2025/"
001Nn00000ht18v,6010501011571,株式会社文昌堂,https://www.bun-sho-do.co.jp/company/about/,"5: 300億円以上~1,000億円未満",／,459億円（2025年度・単体）,○ 自社HP会社概要。132期・2025年度年商459億円。https://www.bun-sho-do.co.jp/company/about/
001Nn00000ht19a,4120001106103,株式会社ワッツ,https://www.watts-jp.com/company/about/,"5: 300億円以上~1,000億円未満",,615.79億円（2025年8月期・連結）,"○ 自社公式2025年8月期決算短信。連結売上高61,578,772千円。https://ir.watts-jp.com/Portals/0/images/library/earnings/2025/tdkt_20251010.pdf"
001Nn00000ht19k,8110001016670,ヴィームスタジアム株式会社,https://www.veam.jp/,"5: 300億円以上~1,000億円未満",,確認不可,△ 自社・公的承認ソースで直近3期のヴィームスタジアム株式会社売上高を確認できず。二次情報では2025年9月期320億円とあるが不採用。https://www.veam.jp/
001Nn00000ht1AW,4180001021940,三立興産株式会社,https://www.sanritsu.co.jp/outline.html,"5: 300億円以上~1,000億円未満",,確認不可,△ 自社HP会社概要では売上高非掲載。直近3期の三立興産株式会社売上高を承認ソースで確認できず。https://www.sanritsu.co.jp/outline.html
001Nn00000ht1Ak,8010001131752,第一生命ホールディングス株式会社,http://www.dai-ichi-life-hd.com/,"6: 1,000億円以上",,"9兆8,732.51億円（2025年3月期・連結経常収益）","○ 保険業特例で経常収益を採用。自社公式2025年3月期決算短信で連結経常収益9,873,251百万円。直近3期内の実績。https://www.dai-ichi-life-hd.com/investor/library/earning/pdf/2024_001.pdf"
001Nn00000ht1Ao,1010401028621,三井エネルギー資源開発株式会社,https://www.moeco.com/,"6: 1,000億円以上",,【300億未満】101.99億円（2026年3月期・単体）,"× 300億未満。三井物産グループ子会社のため単体値を採用。自社公式第57期決算の個別損益計算書で2026年3月期売上高10,198,995,150円。https://www.moeco.com/financial/pdf/MOECO_FinancialStatements_57thFY.pdf"
001Nn00000ht1B6,5060001006325,株式会社ＮＤＭ,https://www.nandaimon.co.jp/company/outline.html,"5: 300億円以上~1,000億円未満",,確認不可,△ 自社HP・公的公開情報を確認したが、直近3期の株式会社NDM売上高を承認ソースで確認できず。https://www.nandaimon.co.jp/company/outline.html
001Nn00000ht1BB,7020001025467,上野グループホールディングス株式会社,https://www.uyeno-group.co.jp/group/uenokousan/index.html,"6: 1,000億円以上",,確認不可,△ 持株会社。自社公式で対象法人単体売上高46.82億円（2025年3月期）は確認できるが、持株会社はグループ売上高で判定可能なためグループ連結値を探索。直近3期のグループ売上高を承認ソースで確認できず。https://www.uyeno-group.co.jp/group/uenokousan/index.html
001Nn00000ht1Cf,9290001028986,株式会社ふくおかフィナンシャルグループ,https://www.fukuoka-fg.com/company/outline.html,"5: 300億円以上~1,000億円未満",,"6,211.68億円（2026年3月期・連結経常収益）","○ 銀行持株会社のため銀行業特例で連結経常収益を採用。gBizINFO/EDINET有報で2026年3月期連結経常収益621,168百万円。https://info.gbiz.go.jp/hojin/ichiran?hojinBango=9290001028986"
001Nn00000ht1E1,2470001000355,株式会社富士鋼材スチールセンター,https://fujisc.co.jp/,"5: 300億円以上~1,000億円未満",,確認不可,△ 自社HP会社概要では売上高非掲載。直近3期の株式会社富士鋼材スチールセンター売上高を承認ソースで確認できず。https://fujisc.co.jp/company/
001Nn00000ht1F9,8260001016326,株式会社三永,https://www.jumbo-sanei.com/company/profile.html,"5: 300億円以上~1,000億円未満",,確認不可,△ 自社HP・公的公開情報を確認したが、直近3期の株式会社三永売上高を承認ソースで確認できず。https://www.jumbo-sanei.com/company/profile.html
001Nn00000ht1Jj,8030001037849,株式会社アプレ,https://apre-g.com/company/,"6: 1,000億円以上",,"2,187億円（2024年度・単体）","○ 会社運営の公式採用ページで2024年度売上高2,187億円と明記。https://hrmos.co/pages/apre/jobs/2238662642313064448"
001Nn00000ht1KC,3010401082261,東和アミューズメント株式会社,http://www.towa-js.co.jp,"6: 1,000億円以上",,確認不可,△ 自社HP・公的公開情報を確認したが、直近3期の東和アミューズメント株式会社売上高を承認ソースで確認できず。http://www.towa-js.co.jp/
001Nn00000ht1KM,4010401007878,株式会社暁星ジャパン,https://www.hyosung.co.jp/,"5: 300億円以上~1,000億円未満",,662億円（2024年12月期・単体）,○ 自社HP会社概要。HYOSUNG TNC 100%子会社だが対象法人の2024年12月売上高662億円を直接開示。https://www.hyosung.co.jp/outline/
001Nn00000ht1M1,7290801000857,北九州青果株式会社,http://www.marukita-seika.co.jp,"5: 300億円以上~1,000億円未満",,確認不可,△ 自社HPで2025年取扱高376.84億円を確認したが、通常企業判定ルールでは取扱高を売上高と同一視しないため不採用。売上高を承認ソースで確認できず。https://www.marukita-seika.co.jp/company
001Nn00000ht1M4,8010501020208,富士興産株式会社,https://www.fkoil.co.jp/,"5: 300億円以上~1,000億円未満",,671億円（2026年3月期・単体）,○ 自社HP『数字で見る富士興産』。2026年3月期売上高671億円。https://www.fkoil.co.jp/aboutus/
001Nn00000ht1MN,9140001011544,株式会社ユニオン,http://union-will.jp/,"5: 300億円以上~1,000億円未満",,513億円（2026年2月期・単体）,○ 自社HP会社概要。2026年2月期年商513億円。https://union-will.jp/company-2/
001Nn00000ht1UP,3010401094513,日商岩井紙パルプ株式会社,https://www.nipap.co.jp/company/location/,"6: 1,000億円以上",,"1,151億円（2026年3月期・単体）","○ 自社HP会社概要。2026年3月期売上高1,151億円。https://www.nipap.co.jp/company/profile/"
001Nn00000ht1bA,8170001000594,岡畑産業株式会社,http://www.ohs.co.jp/,"5: 300億円以上~1,000億円未満",,445億円（現行採用公式情報・単体）,○ 自社公式採用サイト『数字でみる岡畑産業』で売上高445億円。https://www.ohs.co.jp/recruit/number/
001Nn00000ht1bX,1180001014146,株式会社江口巖商店,https://www.eguchi-iwao.co.jp/network/domestic/entry-28.html,"5: 300億円以上~1,000億円未満",,391億円（2025年度・単体）,○ 自社HP企業情報。2025年度年商391億円。https://www.eguchi-iwao.co.jp/company/entry-25.html
001Nn00000ht1eS,8010501004929,佐藤長八商事株式会社,http://www.yamagata-ya.com/gaiyo.html,"5: 300億円以上~1,000億円未満",,確認不可,△ 自社HP・公的公開情報を確認したが、直近3期の佐藤長八商事株式会社売上高を承認ソースで確認できず。http://www.yamagata-ya.com/gaiyo.html
001Nn00000ht1if,1030001116196,株式会社みらいく,http://www.miraiku-h.co.jp/#,"5: 300億円以上~1,000億円未満",,確認不可,△ 自社公式サイトで直近3期の株式会社みらいく単体売上高を確認できず。二次採用媒体の456億円はグループ連結値で対象法人単体値ではないため不採用。http://www.miraiku-h.co.jp/
001Nn00000ht1lN,4040001047322,株式会社大日商事,https://www.dainichicorp.co.jp/?page_id=48,"5: 300億円以上~1,000億円未満",,確認不可,△ 自社HP・公的公開情報を確認したが、直近3期の株式会社大日商事売上高を承認ソースで確認できず。https://www.dainichicorp.co.jp/?page_id=48
001Nn00000ht1pO,4180001102195,株式会社ＴＲＹ＆ＴＲＵＳＴ,http://www.marion-g.jp/sp/tt_kigyou_01.html,"5: 300億円以上~1,000億円未満",,確認不可,△ 自社HP・公的公開情報を確認したが、直近3期の株式会社TRY&TRUST売上高を承認ソースで確認できず。http://www.marion-g.jp/sp/tt_kigyou_01.html
001Nn00000ht1s6,7120101008007,株式会社ラウンドワン,https://www.round1-group.co.jp/,"5: 300億円以上~1,000億円未満",,"1,895.48億円（2026年3月期・連結売上収益）","○ JPX掲載2026年3月期決算短信。IFRS連結売上収益189,548百万円。https://www2.jpx.co.jp/disc/46800/140120260511523376.pdf"
001Nn00000ht24o,8011101014467,トシン・グループ株式会社,https://www.toshingroup.co.jp/branchs/toshingroup/,"5: 300億円以上~1,000億円未満",,確認不可,△ 自社HP・公的公開情報を確認したが、直近3期のトシン・グループ株式会社売上高を承認ソースで確認できず。https://www.toshingroup.co.jp/branchs/toshingroup/
001Nn00000ht29d,1290801002801,株式会社日専連ベネフル,https://nsr-benefull.co.jp,"5: 300億円以上~1,000億円未満",,確認不可,△ 自社HP・公的公開情報で直近3期の売上高額を承認ソース本文として確認できず。二次官報DBの2025年3月期23.45億円は不採用。https://nsr-benefull.co.jp/
001Nn00000ht2ER,7180001096360,株式会社宇佐美鉱油,https://usami-net.com/content/company/organization,"6: 1,000億円以上",,"1兆2,347億円（2025年度・グループ）","○ 自社公式採用サイト。宇佐美グループの2025年度売上高1兆2,347億円。株式会社宇佐美鉱油はグループ中核会社として採用。https://usami-net.com/content/recruit/fresh/about/data/"
001Nn00000ht2JE,7011001109384,株式会社スミフルジャパン,https://www.sumifru.co.jp/company/outline/,"5: 300億円以上~1,000億円未満",,529億円（2024年12月期・単体）,○ 自社HP会社概要。Sumifru Singapore 100%子会社のため対象法人単体値を採用。2024年12月期単体売上高529億円。https://sumifru.co.jp/company/outline/
001Nn00000ht2LJ,5010401069612,株式会社シノケンプロデュース,https://www.shinoken.com/,"5: 300億円以上~1,000億円未満",,確認不可,△ シノケングループ100%子会社。自社公式では対象法人の売上高を非開示。グループ連結値は子会社判定に使えないため不採用。https://www.shinoken.com/gaiyou/
001Nn00000ht2MU,1011101062340,大東通商株式会社,http://www.daitohnet.co.jp/,"5: 300億円以上~1,000億円未満",,"1,142.07億円（2026年3月期・グループ）","○ 自社HP会社情報。グループ中核会社として2026年3月期グループ売上高114,207百万円を公表。https://www.daitohnet.co.jp/corporateinfo/"
001Nn00000ht2RH,8050001000796,北関東通商株式会社,http://kita-kanto.sakura.ne.jp/,"5: 300億円以上~1,000億円未満",,確認不可,△ 自社HP・公的公開情報を確認したが、直近3期の北関東通商株式会社売上高を承認ソースで確認できず。http://kita-kanto.sakura.ne.jp/
001Nn00000ht2Rx,1020001027460,株式会社大和地所,https://www.daiwajisyo.co.jp/company/,"5: 300億円以上~1,000億円未満",,確認不可,△ 自社HP・公的公開情報を確認したが、直近3期の株式会社大和地所売上高を承認ソースで確認できず。https://www.daiwajisyo.co.jp/company/
001Nn00000ht2TL,6120001079074,燦ホールディングス株式会社,https://www.san-hd.co.jp/about/group.html,"5: 300億円以上~1,000億円未満",,確認不可,△ 自社IRで2026年3月期決算資料を確認したが、検索取得可能な承認ソース本文から売上高額を確定できず。推測せず確認不可。https://www.san-hd.co.jp/
001Nn00000ht2XA,9370001003295,仙都魚類株式会社,https://www.sento-gyorui.com/company/gaiyo,"5: 300億円以上~1,000億円未満",,【300億未満】283.45億円（2025年3月期・単体）,"× 300億未満。自社HP会社概要。2025年3月期売上高283億4,500万円。https://www.sento-gyorui.com/about/"
001Nn00000ht2bL,3450001006171,株式会社日専連旭川,https://www.nissenren-asahikawa.co.jp/,"5: 300億円以上~1,000億円未満",,確認不可,△ 自社HP・公的公開情報を確認したが、直近3期の株式会社日専連旭川売上高を承認ソースで確認できず。https://www.nissenren-asahikawa.co.jp/
001Nn00000ht2l7,6011001031548,ピーピージー・ジャパン株式会社,,"6: 1,000億円以上",,確認不可,△ PPGグループ日本法人。自社・公的公開情報を確認したが、直近3期のピーピージー・ジャパン株式会社単体売上高を承認ソースで確認できず。
001Nn00000ht2xG,3140001058888,株式会社山陽,https://www.sk-sanyo.co.jp/business/head_office,"5: 300億円以上~1,000億円未満",,確認不可,△ 自社HP・公的公開情報を確認したが、直近3期の株式会社山陽売上高を承認ソースで確認できず。https://www.sk-sanyo.co.jp/business/head_office
001Nn00000ht2yp,6430001004595,株式会社太陽グループ,https://taiyogroup.jp/,"5: 300億円以上~1,000億円未満",,確認不可,△ 自社HP・公的公開情報を確認したが、直近3期の株式会社太陽グループ売上高を承認ソースで確認できず。https://taiyogroup.jp/
001Nn00000ht2zY,8220001000985,石川中央魚市株式会社,http://www.ishikawa-uoichi.co.jp/company/index02.html,"5: 300億円以上~1,000億円未満",,確認不可,△ 自社HP会社概要には売上高の掲載なし。二次採用媒体の2025年度270億円は不採用。直近3期の売上高を承認ソースで確認できず。https://ishikawa-uoichi.co.jp/company/index02.html
001Nn00000ht33C,8220001007865,株式会社ビーイングホールディングス,https://being-group.jp/corporate/profile/,"5: 300億円以上~1,000億円未満",,確認不可,△ 2025年12月期のトップラインは連結営業収益335.15億円。通常企業判定ルールでは営業収益を売上高と同一視しないため不採用。https://info.gbiz.go.jp/hojin/ichiran?hojinBango=8220001007865
001Nn000013Rcjo,9290001020720,株式会社松山建築設計室,https://www.matsuyama-a.co.jp/,"6: 1,000億円以上",,確認不可,△ 自社HP・公的公開情報を確認したが、直近3期の株式会社松山建築設計室売上高を承認ソースで確認できず。https://www.matsuyama-a.co.jp/
001Nn000013Rcjr,1010001085749,フェリック株式会社,http://felic.co.jp/,"5: 300億円以上~1,000億円未満",✖TOKIUM✖,【300億未満】26.8億円（2026年1月期・単体）,× 300億未満。自社HP年商推移。2026年1月売上高26.8億円。https://www.felic.co.jp/modules/page/company.html
001Nn000013Rcjt,1011801014046,株式会社辻商店,https://tsujisyouten.co.jp/company/,"6: 1,000億円以上",,確認不可,△ 自社HP・公的公開情報を確認したが、直近3期の株式会社辻商店売上高を承認ソースで確認できず。https://tsujisyouten.co.jp/company/
001Nn000013Rck4,2020001001118,株式会社吉岡精工,http://www.yoshioka.co.jp/,"5: 300億円以上~1,000億円未満",,確認不可,△ 自社HP・公的公開情報を確認したが、直近3期の株式会社吉岡精工売上高を承認ソースで確認できず。http://www.yoshioka.co.jp/
001Nn000013RckF,3120001007582,株式会社サン・テクノス,https://sunteqnos.co.jp/,"6: 1,000億円以上",,確認不可,△ 自社HP・公的公開情報を確認したが、直近3期の株式会社サン・テクノス売上高を承認ソースで確認できず。https://sunteqnos.co.jp/
001Nn000013RckU,4370301002308,株式会社アベ環境サービス,https://www.abekankyo.com/,"6: 1,000億円以上",,確認不可,△ 自社HP・公的公開情報を確認したが、直近3期の株式会社アベ環境サービス売上高を承認ソースで確認できず。https://www.abekankyo.com/
001Nn000013RckW,5010001068510,株式会社メディパルホールディングス,https://www.medipal.co.jp/company/profile/,"6: 1,000億円以上",,"3兆8,173.54億円（2026年3月期・連結）","○ 自社HPで2026年3月末連結売上高3兆8,173億円、gBizINFO/EDINETで3,817,354百万円を確認。持株会社のため連結値を採用。https://www.medipal.co.jp/brand/story/"
001Nn000013Rckc,5260001023523,株式会社杉田林業,https://sugitaringyou.com/,"5: 300億円以上~1,000億円未満",,確認不可,△ 自社HP・公的公開情報を確認したが、直近3期の株式会社杉田林業売上高を承認ソースで確認できず。https://sugitaringyou.com/
001Nn000013Rcke,5360003000188,合資会社沖縄実業,http://okijitsu.co.jp/company,"5: 300億円以上~1,000億円未満",,対象外（合資会社）,× 法人格。直アポ大は株式会社のみ。合資会社のため対象外
001Nn000013Rckl,6250001011916,株式会社竹中,https://takenaka-yamaguchi.com/company/,"5: 300億円以上~1,000億円未満",,確認不可,△ 自社HP・公的公開情報を確認したが、直近3期の株式会社竹中売上高を承認ソースで確認できず。https://takenaka-yamaguchi.com/company/
001Nn000013Rcks,7011101032453,株式会社トータルソリューション研究所,http://ts-ri.com/company1.html,"5: 300億円以上~1,000億円未満",,確認不可,△ 自社HP・公的公開情報を確認したが、直近3期の株式会社トータルソリューション研究所売上高を承認ソースで確認できず。http://ts-ri.com/company1.html
001Nn000013Rcku,7080101004126,株式会社駿河調査設計,http://www.sur-c.co.jp/company/?tab=tab_01,"6: 1,000億円以上",,確認不可,△ 自社HP・公的公開情報を確認したが、直近3期の株式会社駿河調査設計売上高を承認ソースで確認できず。http://www.sur-c.co.jp/company/
001Nn000013Rckw,7120001024954,株式会社ハンシン,http://www.hanshin-inc.co.jp/about/company/index.html,"6: 1,000億円以上",,確認不可,△ 自社HP会社概要に売上高の掲載なし。直近3期の株式会社ハンシン売上高を承認ソースで確認できず。https://www.hanshin-inc.co.jp/about/company/index.html
001Nn000013Rcl1,7430001010659,株式会社土屋ホールディングス,https://www.tsuchiya.co.jp/company/,"5: 300億円以上~1,000億円未満",,314.56億円（2025年10月期・連結）,"○ 自社IR。持株会社として2025年10月期連結売上高31,456百万円。https://www.tsuchiya.co.jp/ir/"
001Nn000013Rcl4,8110001020714,アイレック新潟株式会社,https://airec-niigata.com/,"5: 300億円以上~1,000億円未満",,確認不可,△ 自社HP・公的公開情報を確認したが、直近3期のアイレック新潟株式会社売上高を承認ソースで確認できず。https://airec-niigata.com/
001Nn000013Rcl5,8130001013856,株式会社伊藤設備工業所,http://www.itosetu.co.jp/page1.php,"5: 300億円以上~1,000億円未満",✖TOKIUM✖,確認不可,△ 自社HP・公的公開情報を確認したが、直近3期の株式会社伊藤設備工業所売上高を承認ソースで確認できず。http://www.itosetu.co.jp/page1.php
001Nn000013RclC,8480001004531,株式会社坂東印刷,https://bandy.co.jp/,"6: 1,000億円以上",,確認不可,△ 自社HP・公的公開情報を確認したが、直近3期の株式会社坂東印刷売上高を承認ソースで確認できず。https://bandy.co.jp/
001Nn000013RdHj,2340001006448,株式会社ビジネスポート,http://business-port.jp/profile.html,"6: 1,000億円以上",,確認不可,△ 自社HP・公的公開情報を確認したが、直近3期の株式会社ビジネスポート売上高を承認ソースで確認できず。http://business-port.jp/profile.html
001Nn000013RdHk,2420002016693,有限会社下久保林業,https://shimokubo-ringyo.company-guide.jp/company/,"5: 300億円以上~1,000億円未満",,対象外（有限会社）,× 法人格。直アポ大は株式会社のみ。有限会社のため対象外
001Nn000013RdHs,3460001003928,株式会社日専連釧路,http://nissenren946.com,"5: 300億円以上~1,000億円未満",,確認不可,△ 自社HP・公的公開情報を確認したが、直近3期の株式会社日専連釧路売上高を承認ソースで確認できず。http://nissenren946.com
001Nn000013RdHv,4011601014540,エムケービジネスサポート株式会社,http://www.mkbs.jp,"6: 1,000億円以上",,確認不可,△ 自社HP・公的公開情報を確認したが、直近3期のエムケービジネスサポート株式会社売上高を承認ソースで確認できず。http://www.mkbs.jp
001Nn000013RdI2,5010001223668,ＮＩＰＰＯＮ　ＥＸＰＲＥＳＳホールディングス株式会社,https://www.nipponexpress-holdings.com/ja/about/profile/,"6: 1,000億円以上",☆V 07/09〈木〉、定時00:00、🌟🚨🔵🌑✳✡🔥/財務企画部：03-5801-2533/経理担当あり,"2兆5,748.26億円（2025年12月期・連結売上収益）","○ 自社IR連結財務ハイライト。持株会社として2025年12月期IFRS連結売上収益2,574,826百万円。https://www.nipponexpress-holdings.com/ja/ir/finance/highlights/"
001Nn000013RdIB,5180001091339,株式会社クリアコーポレーション,https://clearlife.work/,"6: 1,000億円以上",,確認不可,△ 自社HP・公的公開情報を確認したが、直近3期の株式会社クリアコーポレーション売上高を承認ソースで確認できず。https://clearlife.work/
001Nn000013RdIC,5190002015246,有限会社ベルクリック,https://be-1.net/,"6: 1,000億円以上",,対象外（有限会社）,× 法人格。直アポ大は株式会社のみ。有限会社のため対象外
001Nn000013RdIE,5440001006625,株式会社細畑林業,http://www.hosohatarinngyou.com/,"6: 1,000億円以上",,確認不可,△ 自社HP・公的公開情報を確認したが、直近3期の株式会社細畑林業売上高を承認ソースで確認できず。http://www.hosohatarinngyou.com/
001Nn000013RdIL,6290001008272,株式会社青陽社,https://www.seiyousha.com/company_profile.html,"6: 1,000億円以上",,確認不可,△ 自社HP・公的公開情報を確認したが、直近3期の株式会社青陽社売上高を承認ソースで確認できず。https://www.seiyousha.com/company_profile.html
001Nn000013RdIO,6480001008402,株式会社坂本林業,https://www.sakamotoforestrytokushima.com/,"5: 300億円以上~1,000億円未満",,確認不可,△ 自社HP・公的公開情報を確認したが、直近3期の株式会社坂本林業売上高を承認ソースで確認できず。https://www.sakamotoforestrytokushima.com/
001Nn000013RdIU,7060001010317,関東高木産業株式会社,https://www.kensetumap.com/company/115623,"5: 300億円以上~1,000億円未満",,確認不可,△ 公的・自社承認ソースで直近3期の関東高木産業株式会社売上高を確認できず。検索結果の建設業データベースは二次情報のため不採用。
001Nn000013RdIa,7140001008542,株式会社ジャパンクリーンサービス,https://www.japan-c-s.co.jp/,"6: 1,000億円以上",,確認不可,△ 自社HP・公的公開情報を確認したが、直近3期の株式会社ジャパンクリーンサービス売上高を承認ソースで確認できず。https://www.japan-c-s.co.jp/
001Nn000013RdIb,7140001035801,ナショナル貿易株式会社,http://www.ntc-jp.com/company.html,"6: 1,000億円以上",,確認不可,△ 自社HP・公的公開情報を確認したが、直近3期のナショナル貿易株式会社売上高を承認ソースで確認できず。http://www.ntc-jp.com/company.html
001Nn000013RdIc,7240001023390,株式会社中栄,https://www.chuei-group.co.jp/company,"6: 1,000億円以上",,確認不可,△ 自社HP・公的公開情報を確認したが、直近3期の株式会社中栄売上高を承認ソースで確認できず。https://www.chuei-group.co.jp/company
001Nn000013RdIf,7420001007680,株式会社たいようヒューマンネットワーク,http://t-human.co.jp,"6: 1,000億円以上",✖TOKIUM✖,確認不可,△ 自社HP・公的公開情報を確認したが、直近3期の株式会社たいようヒューマンネットワーク売上高を承認ソースで確認できず。http://t-human.co.jp
001Nn000013RdIh,8010001023561,株式会社テクノバ,https://www.technova.co.jp/outline.html,"6: 1,000億円以上",,確認不可,△ トヨタグループ関連会社。自社HP・公的公開情報を確認したが、直近3期の株式会社テクノバ単体売上高を承認ソースで確認できず。https://www.technova.co.jp/outline.html
001Nn000013RdIi,8010001135778,ショーボンドホールディングス株式会社,https://www.sho-bondhd.jp/company/profile/,"5: 300億円以上~1,000億円未満",,854.2億円（2024年6月期・連結）,○ 自社公式統合報告書2024。持株会社として2024年6月期連結売上高854.2億円。直近3期内の実績として採用。https://www.sho-bondhd.jp/pdf/ir-integratedreport-2024-03.pdf
001Nn000013RdIl,8012301002823,株式会社アースアンドヒューマンコーポレーション,https://www.ehcjp.com/company.html,"6: 1,000億円以上",,確認不可,△ 自社HP・公的公開情報を確認したが、直近3期の株式会社アースアンドヒューマンコーポレーション売上高を承認ソースで確認できず。https://www.ehcjp.com/company.html
001Nn000013RdIx,9011501002302,水研クリエイト株式会社,https://suikencreate.securesite.jp/green_group/company/,"5: 300億円以上~1,000億円未満",,確認不可,△ 自社HP・公的公開情報を確認したが、直近3期の水研クリエイト株式会社売上高を承認ソースで確認できず。https://suikencreate.securesite.jp/green_group/company/
001Nn000013RdJ3,1010401147925,株式会社ＳＯＬＰＩＲ,https://solpir.co.jp/,"5: 300億円以上~1,000億円未満",,確認不可,△ 自社HP・公的公開情報を確認したが、直近3期の株式会社SOLPIR売上高を承認ソースで確認できず。https://solpir.co.jp/
001Nn000013RdJ5,1030001030620,株式会社エコロ,https://ecoroinc.jp/,"5: 300億円以上~1,000億円未満",,確認不可,△ 自社HP・公的公開情報を確認したが、直近3期の株式会社エコロ売上高を承認ソースで確認できず。https://ecoroinc.jp/
001Nn000013RgfS,5230001000913,金剛薬品株式会社,http://www.kongo.co.jp/,"5: 300億円以上~1,000億円未満",,約355億円（2025年12月期・単体）,○ 自社HP会社概要。令和7年12月期売上高約355億円。https://www.kongo.co.jp/company/outline/outline.html
001Nn000013Rhhw,2190001006257,ＩＣＤＡホールディングス株式会社,https://www.icda.jp/corp/,"5: 300億円以上~1,000億円未満",◆08/25(火)、定時00:00、,381.81億円（2025年3月期・連結）,"○ 自社HP会社概要。持株会社として2025年3月末売上高38,181百万円。https://www.icda.jp/"
001Nn000013Rhhy,2200001033010,郡上里山株式会社,http://inoshika.jp/,"5: 300億円以上~1,000億円未満",,確認不可,△ 自社HP・公的公開情報を確認したが、直近3期の郡上里山株式会社売上高を承認ソースで確認できず。http://inoshika.jp/
001Nn000013RhiB,3180001006851,中部木材倉庫株式会社,http://www.chumokuso.co.jp/,"6: 1,000億円以上",,確認不可,△ 自社HP・公的公開情報を確認したが、直近3期の中部木材倉庫株式会社売上高を承認ソースで確認できず。http://www.chumokuso.co.jp/
001Nn000013RhiQ,4470001001038,株式会社環境技術研究所,http://kankyogijutsu.com/,"5: 300億円以上~1,000億円未満",,確認不可,△ 自社HP・公的公開情報を確認したが、直近3期の株式会社環境技術研究所売上高を承認ソースで確認できず。http://kankyogijutsu.com/
001Nn000013Rhid,5180002047307,有限会社アップ・ロード,http://upload-net.co.jp,"5: 300億円以上~1,000億円未満",✖TOKIUM✖,対象外（有限会社）,× 法人格。直アポ大は株式会社のみ。有限会社のため対象外
001Nn000013Rhie,5180301008430,豊鉄ミデイ株式会社,https://www.toyotetsu.com/midi/index.html,"5: 300億円以上~1,000億円未満",,確認不可,△ 豊橋鉄道100%子会社。自社HP会社情報で売上高の掲載がなく、直近3期の豊鉄ミデイ株式会社単体売上高を承認ソースで確認できず。https://www.toyotetsu.com/midi/companyT.html
001Nn000013Rhig,5220001010046,株式会社迅技術経営,null,"5: 300億円以上~1,000億円未満",,確認不可,△ 公的・自社承認ソースで直近3期の株式会社迅技術経営売上高を確認できず。
001Nn000013Rhil,6011401015092,株式会社マインドシフト,https://www.mindshift.co.jp/corporate/,"5: 300億円以上~1,000億円未満",,確認不可,△ 自社HP・公的公開情報を確認したが、直近3期の株式会社マインドシフト売上高を承認ソースで確認できず。https://www.mindshift.co.jp/corporate/
001Nn000013Rhin,6020001077261,株式会社イーエス技研,http://www.esti.co.jp/index.html,"6: 1,000億円以上",✖TOKIUM✖,確認不可,△ 自社HP・公的公開情報を確認したが、直近3期の株式会社イーエス技研売上高を承認ソースで確認できず。http://www.esti.co.jp/index.html
001Nn000013Rhiv,6180001008028,応用開発株式会社,http://www.oyo-k.co.jp/,"5: 300億円以上~1,000億円未満",,確認不可,△ 自社HP・公的公開情報を確認したが、直近3期の応用開発株式会社売上高を承認ソースで確認できず。http://www.oyo-k.co.jp/
001Nn000013Rhj1,7011101065775,株式会社あしか,http://ashica.net/,"5: 300億円以上~1,000億円未満",,確認不可,△ 自社HP・公的公開情報を確認したが、直近3期の株式会社あしか売上高を承認ソースで確認できず。http://ashica.net/
001Nn000013Rhj4,7060001003881,文化総合企画株式会社,http://bsk-net.jp/campany/,"5: 300億円以上~1,000億円未満",,確認不可,△ 自社HP・公的公開情報を確認したが、直近3期の文化総合企画株式会社売上高を承認ソースで確認できず。http://bsk-net.jp/campany/
001Nn000013Rhj5,7070001005497,株式会社ｋｌａｒ,https://klar.co.jp/,"5: 300億円以上~1,000億円未満",,確認不可,△ 自社HP・公的公開情報を確認したが、直近3期の株式会社klar売上高を承認ソースで確認できず。https://klar.co.jp/
001Nn000013Rhj9,7230001005415,株式会社リアライズ,https://www.e-realize.com/about.html,"5: 300億円以上~1,000億円未満",,確認不可,△ 自社HP・公的公開情報を確認したが、直近3期の株式会社リアライズ売上高を承認ソースで確認できず。https://www.e-realize.com/about.html
001Nn000013RhjB,7290001024368,株式会社アースアプレイザル九州,https://www.ea-q.co.jp/,"5: 300億円以上~1,000億円未満",,確認不可,△ 自社HP・公的公開情報を確認したが、直近3期の株式会社アースアプレイザル九州売上高を承認ソースで確認できず。https://www.ea-q.co.jp/
001Nn000013RhjE,8010001154464,株式会社アイルコット,http://irukot.com/,"5: 300億円以上~1,000億円未満",,確認不可,△ 自社HP・公的公開情報を確認したが、直近3期の株式会社アイルコット売上高を承認ソースで確認できず。http://irukot.com/
001Nn000013RhjI,8012401012326,株式会社環境プロデュース,http://www.kankyo-produce.co.jp/,"6: 1,000億円以上",,確認不可,△ 自社HP・公的公開情報を確認したが、直近3期の株式会社環境プロデュース売上高を承認ソースで確認できず。http://www.kankyo-produce.co.jp/
001Nn000013RhjJ,8030001065742,ＡＺ‐ＣＯＭ丸和ホールディングス株式会社,https://www.az-com-maruwa-hd.co.jp/,"6: 1,000億円以上",☆V 07/09〈木〉、定時00:00、🌟🚨✳✡/本社代表で通れる/・💰IT管理部/部長/土屋 敦洋/※1,"2,305.31億円（2026年3月期・連結）","○ 自社IR社長メッセージ。持株会社として2026年3月期連結売上高230,531百万円。https://www.az-com-maruwa-hd.co.jp/ir/management/message.html"
001Nn000013Rixs,1430001018377,株式会社アークス,https://www.arcs-g.co.jp/about/company/index.html,"6: 1,000億円以上",,"6,269.57億円（2026年2月期・連結）","○ 自社公式第65期株主総会招集通知。持株会社として2026年2月期連結売上高626,957百万円。https://www.arcs-g.co.jp/vc-files/arcs-g/ir/pdf/2026/arcs_65convocationnotice_2026042802.pdf"
001Nn000013RiyX,8290001009888,株式会社福岡魚市場,https://www.fukuuo.co.jp/,"5: 300億円以上~1,000億円未満",,確認不可,"△ 自社HP会社概要で2025年度取扱高445億7,579万円を確認したが、通常企業判定ルールでは取扱高を売上高と同一視しないため不採用。売上高を承認ソースで確認できず。https://www.fukuuo.co.jp/company/overview/"
001Nn000013Rjwu,2310001001897,藤村薬品株式会社,http://www.fujimurayakuhin.jp/,"6: 1,000億円以上",,【300億未満】255.12億円（2025年3月期・単体）,"× 300億未満。自社HP会社概要。2025年3月売上高25,512百万円。https://www.fujimurayakuhin.jp/contents/01_company.html"
001Nn000013Rjy4,6011101013487,エボニック・ジャパン株式会社,https://corporate.evonik.jp/ja,"5: 300億円以上~1,000億円未満",,確認不可,△ エボニックグループ日本法人。自社公式ではグローバルEvonikの2025年度売上141億ユーロを確認できるが、対象法人エボニック・ジャパン株式会社単体値ではないため不採用。直近3期の単体売上高を承認ソースで確認できず。https://corporate.evonik.jp/ja/20252026-300900.html
001Nn000013RlVt,4080101003320,沓間水産株式会社,https://www.uogashizushi.co.jp/company/,"5: 300億円以上~1,000億円未満",,確認不可,△ 自社HP会社概要に売上高の掲載なし。直近3期の沓間水産株式会社売上高を承認ソースで確認できず。https://www.uogashizushi.co.jp/company/
001Nn000013RlW2,9180305003515,社会福祉法人アパティア福祉会,https://www.apatheia.jp/,"5: 300億円以上~1,000億円未満",,対象外（社会福祉法人）,× 法人格。直アポ大は株式会社のみ。社会福祉法人のため対象外
001Nn000013RlWL,8010005003972,全国社会保険労務士会連合会,http://www.shakaihokenroumushi.jp/,"5: 300億円以上~1,000億円未満",,対象外（全国社会保険労務士会連合会）,× 法人格。直アポ大は株式会社のみ。株式会社ではないため対象外。http://www.shakaihokenroumushi.jp/
001Nn000013RlWR,9040001056161,株式会社三井化学オペレーションサービス,https://www.mcos.co.jp/,"6: 1,000億円以上",,確認不可,△ 三井化学グループ子会社。自社HP・公的公開情報を確認したが、直近3期の株式会社三井化学オペレーションサービス単体売上高を承認ソースで確認できず。https://www.mcos.co.jp/
001Nn000013RlWV,4140001024328,株式会社ワールド,https://corp.world.co.jp/company/about/office/,"6: 1,000億円以上",,確認不可,△ 自社IRで直近決算資料は確認したが、検索取得可能な承認ソース本文から2026年2月期の株式会社ワールド連結売上収益を確定できず。推測せず確認不可。https://corp.world.co.jp/ir/
001Nn000013RqA7,1012301006038,株式会社野生動物保護管理事務所,https://wmo.co.jp/,"6: 1,000億円以上",,確認不可,△ 自社HP・公的公開情報を確認したが、直近3期の株式会社野生動物保護管理事務所売上高を承認ソースで確認できず。https://wmo.co.jp/
001Nn000013RqAQ,3180001022262,中部水産株式会社,https://www.nagoya-chusui.co.jp/,"5: 300億円以上~1,000億円未満",,361.46億円（2024年3月期・単体）,"○ 自社公式2024年3月期決算短信。非連結売上高36,146百万円。直近3期内の承認ソースとして採用。https://www.nagoya-chusui.co.jp/wp-content/uploads/2024/05/9e6017a4fa51b59ed5e54a0795e539eb.pdf"
001Nn000013RqBP,2290801015455,株式会社プレコ,https://www.pureko.co.jp/,"5: 300億円以上~1,000億円未満",,確認不可,△ 自社HP・公的公開情報を確認したが、直近3期の株式会社プレコ売上高を承認ソースで確認できず。https://www.pureko.co.jp/
001Nn000013Rt9T,9500001003505,株式会社フジ,https://www.the-fuji.com/company/about/,"6: 1,000億円以上",,"7,465.36億円（2026年2月期・単体）","○ 自社公式2026年2月期決算短信。対象法人単体売上高746,536百万円。https://www.the-fuji.com/company/ir/doc/library/2025/20260407_tanshin_jp.pdf"
001Nn000013Rt9U,9020001071492,富士電機株式会社,https://www.fujielectric.co.jp,"6: 1,000億円以上",,"1兆2,275.95億円（2026年3月期・連結）","○ 自社IR決算サマリー。2026年3月期連結売上高1,227,595百万円。https://www.fujielectric.co.jp/ir/library/detail/summary.html"
001Nn000013Rt9V,7010401026784,富士産業株式会社,https://fuji-i.com/,"5: 300億円以上~1,000億円未満",,924.82億円（2025年度・単体）,"○ 自社HP会社概要。2025年度年商924億8,200万円。https://fuji-i.com/company/profile/"
001Nn000013Rt9W,4140001005666,株式会社ダイエー,https://www.daiei.co.jp/corporate/outline/,"6: 1,000億円以上",,確認不可,△ イオングループ子会社。自社HP・公的公開情報を確認したが、直近3期の株式会社ダイエー単体売上高を承認ソースで確認できず。https://www.daiei.co.jp/corporate/outline/
001Nn000013Rt9X,1120001131806,株式会社ライフコーポレーション,https://store.lifecorp.jp/detail/west159/,"6: 1,000億円以上",,"8,485.70億円（2026年2月期・連結売上高）","○ 自社IR財務推移。2026年2月期Net sales（売上高）848,570百万円。https://www.lifecorp.jp/company/ir/english/test/table_test.html"
001Nn000013Rt9Y,1010801001748,株式会社荏原製作所,https://www.ebara.com/jp-ja/,"6: 1,000億円以上",,"9,583億円（2025年12月期・連結売上収益）","○ 自社HP会社概要。2025年12月31日現在、IFRS連結売上収益9,583億円。https://www.ebara.com/jp-ja/corporate/outline/"
001Nn000013Rt9Z,3020001030157,株式会社オカムラ,https://www.okamura.co.jp,"6: 1,000億円以上",,"3,290億円（2026年3月期・連結）","○ 自社IR個人投資家向けページ。2026年3月期売上高3,290億円。https://ir.okamura.co.jp/investor/"
001Nn000013Rt9a,3080401005595,ヤマハ株式会社,https://www.yamaha.com/ja/about/profile/,"6: 1,000億円以上",,"4,653.30億円（2026年3月期・連結売上収益）","○ 自社公式2026年3月期決算短信。IFRS連結売上収益465,330百万円。https://www.yamaha.com/ja/ir/library/flash-report/pdf/2026q4_tanshin_yamaha.pdf"
001Nn000013Rt9b,6120001056148,Ｓｋｙ株式会社,https://www.skygroup.jp/company/access/osaka.html,"6: 1,000億円以上",◆08/26(水)、定時00:00、,"1,768億円（2026年3月期・単体）","○ 自社HP企業情報。2026年3月期売上高1,768.0億円。https://www.skygroup.jp/company/"
001Nn000013Rt9c,2013201003041,スタンレー電気株式会社,https://www.stanley-electric.com/jp/about/outline/,"6: 1,000億円以上",,"5,184億円（2026年3月期・連結）","○ 自社HP『3分でわかるスタンレー電気』。2026年3月31日現在のグループ売上高5,184億円。https://www.stanley-electric.com/jp/about/3minutes/"
001Nn000013Rt9d,5120001050011,株式会社ダイフク,https://www.daifuku.com/jp/company/summary/,"6: 1,000億円以上",7/9シモムラソウノスケ　🌱☆B 07/09〈木〉、定時00:00、🌟🚨🔵🌑/財務、DX有/キーマン不明,"6,607.24億円（2025年12月期・連結）","○ 自社公式PROFILE 2026。2025年度連結売上高6,607億24百万円。https://www.daifuku.com/jp/ir/assets/profile2026_jp.pdf"
001Nn000013Rt9e,6140005018035,医療法人協和会,https://www.kyowakai.com/about/overview.php,"5: 300億円以上~1,000億円未満",／※ニーズ無し,対象外（医療法人）,× 法人格。直アポ大は株式会社のみ。医療法人のため対象外
001Nn000013Rt9f,7500001003977,三浦工業株式会社,https://www.miuraz.co.jp/,"6: 1,000億円以上",◆07/09(木)、定時00:00/メールアドレス：info-miuraz@miuraz.co.jp,"2,687.01億円（2026年3月期・連結売上収益）","○ 自社IR財務ハイライト。2026年3月期IFRS連結売上収益268,701百万円。https://www.miuraz.co.jp/ir/financial_highlights.html"
001Nn000013Rt9i,8010001172986,株式会社アイセイ薬局,https://www.aisei.co.jp/business/outline/,"5: 300億円以上~1,000億円未満",,確認不可,△ アイセイホールディングスの完全子会社。自社公式では2025年度連結売上高870億円を確認できるが、子会社判定ルールでは対象法人単体値が必要なため不採用。直近3期の単体売上高を承認ソースで確認できず。https://www.aisei.co.jp/business/outline/
001Nn000013Rt9j,7120101032980,阪南理美容株式会社,https://www.plage-bb.co.jp/company/outline,"5: 300億円以上~1,000億円未満",,確認不可,△ 自社HP・公的公開情報を確認したが、直近3期の阪南理美容株式会社売上高を承認ソースで確認できず。https://www.plage-bb.co.jp/company/outline
001Nn000013Rt9k,1070001016632,株式会社ミツバ,https://www.mitsuba.co.jp/,"6: 1,000億円以上",,"1,663.43億円（2026年3月期・単体）","○ 自社HP会社概要。2026年3月期単体売上高1,663億43百万円。https://www.mitsuba.co.jp/jp/company/outline.html"
001Nn000013Rt9l,1010401069161,株式会社ツムラ,https://www.tsumura.co.jp/corporate/profile/,"6: 1,000億円以上",,"1,926.15億円（2026年3月期・連結）","○ 自社公式第90回定時株主総会資料。2026年3月期連結の顧客との契約から生じる収益192,615百万円。https://www.tsumura.co.jp/assets/pdf/ir/stock/shareholders/internet-090.pdf"
001Nn000013Rt9n,6100001003151,ホクト株式会社,https://www.hokto-kinoko.co.jp/corporate/kigyou/gaiyou/,"5: 300億円以上~1,000億円未満",,確認不可,△ 自社公式採用サイトで売上高項目の掲載は確認できるが、検索取得可能な本文から直近3期の売上高額を確定できず。推測せず確認不可。https://www.hokto-kinoko.co.jp/employ/aboutus/number.html
001Nn000013Rt9o,3010401097045,日本タタ・コンサルタンシー・サービシズ株式会社,https://www.tcs.com/jp-ja/who-we-are/company-information/profile,"5: 300億円以上~1,000億円未満",,確認不可,△ 日本法人。自社公式でTCSグローバルの売上高は確認できるが、対象法人である日本タタ・コンサルタンシー・サービシズ株式会社の直近3期単体売上高ではないため不採用。https://www.tcs.com/jp-ja/who-we-are/company-information/profile
001Nn000013Rt9p,5020005007678,社会医療法人財団石心会,http://www.sekishinkai.or.jp/,"5: 300億円以上~1,000億円未満",,対象外（医療法人）,× 法人格。直アポ大は株式会社のみ。医療法人のため対象外
001Nn000013Rt9q,3030005006895,医療法人社団武蔵野会,https://www.asakadai-hp.jp/,"5: 300億円以上~1,000億円未満",,対象外（医療法人）,× 法人格。直アポ大は株式会社のみ。医療法人のため対象外
001Nn000013Rt9r,9010401173716,株式会社ＩＪＴＴ,https://www.ijtt.co.jp/corporate/outline.html,"6: 1,000億円以上",,"1,682.42億円（2026年3月期・連結）","○ 自社HP会社概要。2024年に投資ファンド傘下のARTS-1を吸収合併して現法人が存続するグループ中核会社。2026年3月期連結売上高168,242百万円。https://www.ijtt.co.jp/corporate/outline.html"
001Nn000013Rt9s,5140001049415,日鉄テクノロジー株式会社,https://www.nstec.nipponsteel.com/corporate/overview.html,"5: 300億円以上~1,000億円未満",,確認不可,△ 日本製鉄グループ子会社。自社HP・親会社公開情報を確認したが、直近3期の日鉄テクノロジー株式会社単体売上高を承認ソースで確認できず。https://www.nstec.nipponsteel.com/corporate/overview.html
001Nn000013Rt9t,7011001001789,株式会社アルファシステムズ,https://www.alpha.co.jp/corp/access/,"5: 300億円以上~1,000億円未満",,407.22億円（2026年3月期・単体）,○ 自社HP会社概要。2026年3月期売上高407億22百万円。https://www.alpha.co.jp/corp/about/
001Nn000013Rt9u,4011101005131,株式会社紀伊國屋書店,https://corp.kinokuniya.co.jp/,"6: 1,000億円以上",,"1,407.93億円（2025年8月期・連結）","○ 自社公式会社資料。グループ中核会社として2025年8月期連結売上高1,407億9,329万円を公表。https://corp.kinokuniya.co.jp/wp-content/uploads/2025/11/f99bcd8ae7542eaf61ba08c268615930.pdf"
001Nn000013Rt9v,9180001094156,愛知製鋼株式会社,https://www.aichi-steel.co.jp/about/location/,"6: 1,000億円以上",,"3,043.41億円（2026年3月期・連結売上収益）","○ 自社HP会社概要。2026年3月期連結売上収益304,341百万円。https://www.aichi-steel.co.jp/about/company_profile/"
001Nn000013Rt9w,7200001013379,株式会社大垣共立銀行,https://www.okb.co.jp/about/outline.html,"6: 1,000億円以上",,"1,275.66億円（2026年3月期・単体経常収益）","○ 銀行特例で経常収益を採用。自社公式2026年3月期業績資料で単体経常収益127,566百万円。https://www.okb.co.jp/assets/pdf/archive/2026/20260515-07.pdf"
001Nn000013Rt9x,2120001025932,大阪シーリング印刷株式会社,https://www.osp.co.jp/company/location/,"6: 1,000億円以上",,"1,000.82億円（2026年1月期・単体）","○ 自社HP会社概要。2026年1月期単体売上高1,000億8,200万円。https://www.osp.co.jp/company/information/"
001Nn000013Rt9y,1040001021866,イケア・ジャパン株式会社,https://www.ikea.com/jp/ja/,"6: 1,000億円以上",,確認不可,△ Ingka/IKEAグローバルの売上高は確認できるが、対象法人イケア・ジャパン株式会社の直近3期単体売上高を承認ソースで確認できず。https://www.ikea.com/jp/ja/
001Nn000013Rt9z,6010001011147,株式会社インターネットイニシアティブ,http://www.iij.ad.jp/,"6: 1,000億円以上",,"3,454億円（2026年3月期・連結売上収益）","○ 自社HP会社概要。2026年3月期連結売上収益3,454.0億円。https://www.iij.ad.jp/company/about/outline/"
001Nn000013RtA1,2010001131477,三井住友建設株式会社,https://www.smcon.co.jp/company/profile/,"6: 1,000億円以上",,"3,201億円（2025年3月期・単体）","○ 自社公式2025年3月期決算短信。提出会社単体売上高約3,201億円。現在の資本関係を考慮し単体値を採用。https://www.smcon.co.jp/topics/assets/uploads/investor/kessantanshin_20250514.pdf"
001Nn000013RtA2,8010401131278,東芝デバイス＆ストレージ株式会社,https://toshiba.semicon-storage.com/jp/corporate/about/profile.html,"6: 1,000億円以上",,確認不可,△ 東芝グループ子会社。自社HP・親会社公開情報を確認したが、直近3期の東芝デバイス＆ストレージ株式会社単体売上高を承認ソースで確認できず。https://toshiba.semicon-storage.com/jp/corporate/about/profile.html
001Nn000013RtA3,5200001023784,株式会社バローホールディングス,https://valorholdings.co.jp,"6: 1,000億円以上",,確認不可,"△ 自社IRで2026年3月期連結営業収益924,114百万円を確認したが、通常企業判定ルールでは営業収益を売上高と同一視しないため不採用。https://valorholdings.co.jp/ir/finance/highlight.html"
001Nn000013RtA4,6011501006231,クリナップ株式会社,https://cleanup.jp/company/about/,"6: 1,000億円以上",,"1,344.87億円（2026年3月期・連結）","○ 自社IR財務情報。2026年3月期売上高134,487百万円。https://cleanup.jp/ir/hilight2.shtml"
001Nn000013RtA6,7010001065142,ＮＴＴ株式会社,https://group.ntt/,"6: 1,000億円以上",,確認不可,△ 自社IRのトップラインは営業収益。通常企業判定ルールでは営業収益を売上高と同一視しないため不採用。売上高表記を承認ソースで確認できず。https://group.ntt/jp/ir/
001Nn000013RtA7,1370001003352,株式会社七十七銀行,https://www.77bank.co.jp/77bank/company/profile.html,"6: 1,000億円以上",ヤナギダタツヤ0707,"2,112.08億円（2026年3月期・連結経常収益）","○ 銀行特例で経常収益を採用。自社公式2026年3月期決算短信で連結経常収益211,208百万円。https://www.77bank.co.jp/pdf/77bank/2026/2026_4_fs.pdf"
001Nn000013RtA8,5010001043281,三井物産流通グループ株式会社,https://www.mbrg.co.jp/company/outline/,"6: 1,000億円以上",,確認不可,△ 三井物産グループ子会社。自社HP・親会社公開情報を確認したが、直近3期の三井物産流通グループ株式会社単体売上高を承認ソースで確認できず。https://www.mbrg.co.jp/company/outline/
001Nn000013RtA9,2011101020537,三井ホーム株式会社,https://www.mitsuihome.co.jp/company/corporate_info/,"6: 1,000億円以上",,確認不可,△ 三井不動産グループ子会社。自社HP・親会社公開情報を確認したが、直近3期の三井ホーム株式会社単体売上高を承認ソースで確認できず。https://www.mitsuihome.co.jp/company/corporate_info/
001Nn000013RtAA,1180001004741,株式会社ジーフット,https://www.g-foot.co.jp/,"5: 300億円以上~1,000億円未満",,569億円（2026年2月期・単体）,○ 自社HP会社概要。イオングループ子会社だが対象法人の2026年2月期売上高569億円を直接開示。https://www.g-foot.co.jp/company/outline/
001Nn000013RtAB,4250005002054,医療法人和同会,http://www.wadokai.or.jp/,"5: 300億円以上~1,000億円未満",,対象外（医療法人）,× 法人格。直アポ大は株式会社のみ。医療法人のため対象外
001Nn000013RtAC,5190001000892,株式会社百五銀行,https://www.hyakugo.co.jp/,"6: 1,000億円以上",ナカムラシュント,"1,623.99億円（2026年3月期・連結経常収益）","○ 銀行特例で経常収益を採用。自社公式2026年3月期決算短信で連結経常収益162,399百万円。https://www.hyakugo.co.jp/ir/financial/pdf/2026_07.pdf"
001Nn000013RtAD,8120001077489,帝人株式会社,https://www.teijin.co.jp/about/group-japan/osaka/,"6: 1,000億円以上",,"8,731.90億円（2026年3月期・連結売上収益）","○ 自社公式株主総会資料。IFRS連結売上収益873,190百万円。https://www.teijin.co.jp/ir/stocks/general-meeting/pdf/gm_260619_02.pdf"
001Nn000013RtAE,8010001079224,株式会社読売新聞東京本社,https://info.yomiuri.co.jp/group/data.html,"5: 300億円以上~1,000億円未満",,確認不可,△ 自社グループ情報・公的公開情報を確認したが、直近3期の株式会社読売新聞東京本社単体売上高を承認ソースで確認できず。https://info.yomiuri.co.jp/group/data.html
001Nn000013RtAF,3010001033086,株式会社日本経済新聞社,https://www.nikkei.co.jp/nikkeiinfo/corporate/plofile/,"6: 1,000億円以上",,確認不可,△ 自社公式会社情報を確認したが、直近3期の株式会社日本経済新聞社売上高を承認ソース本文で確定できず。https://www.nikkei.co.jp/nikkeiinfo/corporate/profile/
001Nn000013RtAG,3180005009495,社会医療法人杏嶺会,http://www.anzu.or.jp/,"5: 300億円以上~1,000億円未満",,対象外（医療法人）,× 法人格。直アポ大は株式会社のみ。医療法人のため対象外
001Nn000013RtAI,9010001095716,東日本高速道路株式会社,https://www.e-nexco.co.jp,"6: 1,000億円以上",,確認不可,△ 自社公式決算資料では高速道路事業等の営業収益を開示しているが、通常企業判定ルールでは営業収益を売上高と同一視しないため不採用。売上高表記を承認ソースで確認できず。https://www.e-nexco.co.jp/company/ir/
001Nn000013RtAJ,3011001038942,合同会社ＤＭＭ．ｃｏｍ,https://dmm-corp.com/company/about/,"6: 1,000億円以上",／,対象外（合同会社）,× 法人格。直アポ大は株式会社のみ。合同会社のため対象外
001Nn000013RtAK,6011001106696,アマゾンウェブサービスジャパン合同会社,https://aws.amazon.com/jp,"5: 300億円以上~1,000億円未満",,対象外（合同会社）,× 法人格。直アポ大は株式会社のみ。合同会社のため対象外
001Nn000013RtAL,7010701011370,三井金属株式会社,https://www.mitsui-kinzoku.com/company/c_gaiyo/,"6: 1,000億円以上",,"7,585.32億円（2026年3月期・連結）","○ 自社HP会社概要。2026年3月期連結売上高758,532百万円（単体436,712百万円）。https://www.mitsui-kinzoku.com/company/c_gaiyo/"
001Nn000013RtAM,3011001113101,株式会社Ｈａｋｕｈｏｄｏ　ＤＹ　ＯＮＥ,https://www.hakuhodody-one.co.jp/company/about/,"6: 1,000億円以上",,確認不可,△ 博報堂DYホールディングス傘下子会社。自社HP・親会社公開情報を確認したが、直近3期の株式会社Hakuhodo DY ONE単体売上高を承認ソースで確認できず。https://www.hakuhodody-one.co.jp/company/about/
001Nn000013RtAN,5011101035813,ミサワホーム株式会社,https://www.misawa.co.jp/corporate/about/gaiyou.html,"6: 1,000億円以上",,確認不可,△ プライムライフテクノロジーズ傘下子会社。自社HP・親会社公開情報を確認したが、直近3期のミサワホーム株式会社単体売上高を承認ソースで確認できず。https://www.misawa.co.jp/corporate/about/gaiyou.html
001Nn000013RtAP,2021005001582,医療法人社団康心会,,"5: 300億円以上~1,000億円未満",,対象外（医療法人）,× 法人格。直アポ大は株式会社のみ。医療法人のため対象外
001Nn000013RtAQ,2010601007861,株式会社フジクラ,http://www.fujikura.co.jp/,"6: 1,000億円以上",,"1兆1,824億円（2026年3月期・連結）","○ 自社HP会社概要。2025年度（2026年3月期）連結売上高1兆1,824億円。https://www.fujikura.co.jp/company/company-profile/index.html"
001Nn000013RtAR,8010401080079,サントリービバレッジ＆フード株式会社,http://www.suntory.co.jp/sbf/,"6: 1,000億円以上",,確認不可,"△ サントリーグループ子会社。自社IRで2025年12月期連結売上収益1兆7,154.38億円は確認できるが、子会社判定ルールでは対象法人単体値が必要なため不採用。直近3期の単体売上高を確認できず。https://www.suntory.co.jp/softdrink/ir/finance/highlight.html"
001Nn000013RtAS,2010002052193,キンドリルジャパン株式会社,https://www.kyndryl.com/jp/ja/about-us/kyndryl-japan-kk,"6: 1,000億円以上",,確認不可,△ Kyndrylグループ日本法人。自社HP・公的公開情報を確認したが、直近3期のキンドリルジャパン株式会社単体売上高を承認ソースで確認できず。https://www.kyndryl.com/jp/ja/about-us/kyndryl-japan-kk
001Nn000013RtAT,9011001040166,東急建設株式会社,https://www.tokyu-cnst.co.jp/company/outline/,"6: 1,000億円以上",,"3,411億円（2026年3月期・連結）","○ 自社HP会社概要。2026年3月期連結売上高3,411億円。https://www.tokyu-cnst.co.jp/company/outline/"
001Nn000013RtAU,3120901017763,西日本高速道路サービス関西株式会社,http://www.w-s-kansai.co.jp,"5: 300億円以上~1,000億円未満",,確認不可,△ NEXCO西日本グループ子会社。自社HP・親会社公開情報を確認したが、直近3期の西日本高速道路サービス関西株式会社単体売上高を承認ソースで確認できず。http://www.w-s-kansai.co.jp
001Nn000013RtAV,3010001016850,日本化薬株式会社,http://www.nipponkayaku.co.jp/,"6: 1,000億円以上",,"2,418.51億円（2026年3月期・連結）","○ 自社公式採用情報。2026年3月期連結売上高241,851百万円。https://www.nipponkayaku.co.jp/saiyou/career/"
001Nn000013RtAW,7080001005414,株式会社ヤマシタ,https://www.yco.co.jp/company/about/,"5: 300億円以上~1,000億円未満",,336.6億円（2025年3月期・単体）,○ 自社公式ニュースリリース会社概要。2025年3月期売上高336.6億円。https://www.yco.co.jp/cms/wp-content/uploads/2026/04/20260416.pdf
001Nn000013RtAX,8130005004513,京都中央信用金庫,http://www.chushin.co.jp,"5: 300億円以上~1,000億円未満",,対象外（信用金庫）,× 法人格。直アポ大は株式会社のみ。信用金庫のため対象外
001Nn000013RtAY,7010801019529,スカイマーク株式会社,https://www.skymark.co.jp/ja/company/about.html,"5: 300億円以上~1,000億円未満",,確認不可,△ 自社HP・IRを確認したが、検索取得可能な承認ソース本文から2026年3月期のスカイマーク株式会社売上高を確定できず。推測せず確認不可。https://www.skymark.co.jp/ja/company/about.html
001Nn000013RtAZ,2290001045328,株式会社麻生,https://www.aso-corp.jp/outline.html,"5: 300億円以上~1,000億円未満",,確認不可,"△ 自社公式採用サイトで2026年3月期麻生グループ売上高8,440億円は確認できるが、対象法人株式会社麻生の単体売上高ではないため不採用。直近3期の単体値を確認できず。https://recruit.aso-corp.jp/number/"
001Nn000013RtAa,7120001069280,ピアス株式会社,https://www.pias.co.jp/corporation/company_profile/,"5: 300億円以上~1,000億円未満",,確認不可,△ 自社HP・公的公開情報を確認したが、直近3期のピアス株式会社売上高を承認ソースで確認できず。https://www.pias.co.jp/corporation/company_profile/
001Nn000013RtAb,7140005007540,医療法人伯鳳会,https://www.hakuho.or.jp/ako/nursing/welfare/,"5: 300億円以上~1,000億円未満",,対象外（医療法人）,× 法人格。直アポ大は株式会社のみ。医療法人のため対象外
001Nn000013RtAc,1010001122485,株式会社パリミキ,https://www.paris-miki.co.jp/corporate/,"5: 300億円以上~1,000億円未満",,確認不可,△ 自社HP・公的公開情報を確認したが、直近3期の株式会社パリミキ単体売上高を承認ソース本文で確定できず。https://www.paris-miki.co.jp/corporate/
001Nn000013RtAe,4020001089507,株式会社ＡＴ,https://pharmacy.at-care.co.jp/company/,"5: 300億円以上~1,000億円未満",,確認不可,△ 自社HP・公的公開情報を確認したが、直近3期の株式会社AT売上高を承認ソースで確認できず。https://pharmacy.at-care.co.jp/company/
001Nn000013RtAg,2010001163289,株式会社ＫＡＤＯＫＡＷＡ,https://group.kadokawa.co.jp/,"6: 1,000億円以上",,"2,829.08億円（2026年3月期・連結）","○ 自社グループ公式『数字で見るKADOKAWA』。2026年3月期売上高282,908百万円。https://group.kadokawa.co.jp/kadokawa_numbers/"
001Nn000013RtAh,8050001020679,株式会社タイヨー,https://www.super-taiyo.com/company,"6: 1,000億円以上",,"1,512億円（2025年9月期・単体）","○ 自社HP会社概要。2025年9月決算売上高1,512億円。https://www.super-taiyo.com/company/1000"
001Nn000013RtAi,4011001030015,カシオ計算機株式会社,https://www.casio.co.jp/company/profile/,"6: 1,000億円以上",,"2,762.67億円（2026年3月期・連結）","○ 自社公式2026年3月期決算短信。連結売上高276,267百万円。https://www.casio.co.jp/content/dam/casio/global/corporate/ir/library/results/2026/tansin26_all.pdf"
001Nn000013RtAk,4180001009176,株式会社パロマ,https://www.paloma.co.jp/corporate/company/outline.html,"6: 1,000億円以上",,"1兆1,780億円（2025年12月期・グループ連結）","○ 自社HP会社概要。グループ中核会社として2025年12月グループ連結売上高1兆1,780億円を公表。https://www.paloma.co.jp/corporate/company/outline.html"
001Nn000013RtAl,9180001008132,株式会社木曽路,https://www.kisoji.co.jp/company/profile.html,"5: 300億円以上~1,000億円未満",,545.70億円（2026年3月期・連結）,○ 自社HP会社概要。2026年3月期連結売上高545億70百万円。https://www.kisoji.co.jp/company/profile.html
001Nn000013RtAm,4490001007223,旭食品株式会社,https://www2.asask.co.jp/,"6: 1,000億円以上",,確認不可,△ 自社公式で2026年3月期グループ売上高推移の掲載は確認したが、検索取得本文から金額を確定できず。対象法人単体/グループ判定も含め推測せず確認不可。https://www.asask.co.jp/company/achievement_organizational/
001Nn000013RtAn,6011101015153,東京美装興業株式会社,https://www.tokyo-biso.co.jp/outline.html,"5: 300億円以上~1,000億円未満",,確認不可,△ 自社公式の売上高推移で確認できる数値は2021年3月期までで鮮度条件外。直近3期の東京美装興業株式会社単体売上高を承認ソースで確認できず。https://www.tokyo-biso.co.jp/outline.html
001Nn000013RtAo,7290001006060,株式会社アソウ・ヒューマニーセンター,https://ahc-net.co.jp/company/about/,"5: 300億円以上~1,000億円未満",,確認不可,△ 麻生グループ子会社。自社公式でグループ売上高は確認できるが、対象法人株式会社アソウ・ヒューマニーセンター単体の直近3期売上高ではないため不採用。https://ahc-net.co.jp/company/about/
001Nn000013RtAp,7320001000415,株式会社アステム,https://www.astemf.jp/company/outline.php,"6: 1,000億円以上",,"4,171億円（2026年3月期・単体）","○ 自社HP会社概要。2026年3月期売上高4,171億円。https://www.astemf.jp/company/outline.php"
001Nn000013RtAq,7013301000644,株式会社アニメイト,https://www.animate.co.jp/,"5: 300億円以上~1,000億円未満",🔵MC:コーポレート本部／人事課 03-3972-3355,確認不可,△ 自社公式採用サイトの売上高650億円は2019年実績で鮮度条件外。直近3期の株式会社アニメイト売上高を承認ソースで確認できず。https://recruit.animate.co.jp/recruit_animate/about_us
001Nn000013RtAr,9380001001018,株式会社東邦銀行,https://www.tohobank.co.jp/company/information/data/,"5: 300億円以上~1,000億円未満",ヤナギダタツヤ0707,924.65億円（2026年3月期・連結経常収益）,"○ 銀行特例で経常収益を採用。自社公式2026年3月期決算短信で連結経常収益92,465百万円。https://www.tohobank.co.jp/cms_source/data/zaimu/tanshin/files/20260515_047_1.pdf"
001Nn000013RtAs,1120001131178,株式会社トライトエンジニアリング,https://tryt-eng.co.jp/,"5: 300億円以上~1,000億円未満",,確認不可,△ トライトグループ子会社。自社HP・親会社公開情報を確認したが、直近3期の株式会社トライトエンジニアリング単体売上高を承認ソースで確認できず。https://tryt-eng.co.jp/
001Nn000013RtAv,8010801018901,国際自動車株式会社,https://www.km-group.co.jp/company/group.php,"5: 300億円以上~1,000億円未満",,【300億未満】205.69億円（2026年3月期・単体）,"× 300億未満。対象法人番号8010801018901は国際自動車株式会社(T1)。自社グループ会社ページで2026年3月期売上高20,569百万円。https://www.km-group.co.jp/company/group.php"
001Nn000013RtAw,9180001015855,株式会社ＥＮＥＯＳウイング・サプライ,,"6: 1,000億円以上",,確認不可,△ ENEOSウイング子会社。自社公式電子公告で2026年3月期第38期決算公告の存在は確認したが、検索取得本文から売上高額を確定できず。二次情報の数値は不採用。https://www.eneos-wing.co.jp/company/denshi/
001Nn000013RtAx,6010001034957,三井不動産株式会社,https://www.mitsuifudosan.co.jp/,"6: 1,000億円以上",,"2兆7,097.47億円（2026年3月期・連結）","○ 自社HP会社概要。2026年3月期連結年間売上高2,709,747百万円。https://www.mitsuifudosan.co.jp/corporate/about_us/"
001Nn000013RtAy,2010801013387,ニッセイ情報テクノロジー株式会社,https://www.nissay-it.co.jp/company/overview.html,"5: 300億円以上~1,000億円未満",,966.34億円（2026年3月期・単体）,○ 自社HP会社概要。日本生命グループ企業だが対象法人の2026年3月期売上高966.34億円を直接開示。https://www.nissay-it.co.jp/company/overview.html
001Nn000013RtAz,4010001083106,株式会社ＮＴＴロジスコサービス,http://www.ntt-ls.co.jp/,"5: 300億円以上~1,000億円未満",,確認不可,△ NTTロジスコグループ子会社。自社HP・親会社公開情報を確認したが、直近3期の株式会社NTTロジスコサービス単体売上高を承認ソースで確認できず。http://www.ntt-ls.co.jp/
001Nn000013Ru0v,4010401114071,株式会社日本産業推進機構,https://nsskjapan.com/company/profile/,"6: 1,000億円以上",,確認不可,△ 投資会社。自社HP・公的公開情報を確認したが、直近3期の株式会社日本産業推進機構売上高を承認ソースで確認できず。https://nsskjapan.com/company/profile/
001Nn000013Ru0z,4080001012586,スマートブルー株式会社,https://smartblue.co.jp/company/,"6: 1,000億円以上",,確認不可,△ 自社HP・公的公開情報を確認したが、直近3期のスマートブルー株式会社売上高を承認ソースで確認できず。https://smartblue.co.jp/company/
001Nn000013Ru1Z,7390001000912,株式会社システムフォーサイト,https://www.s-foresight.co.jp/information/outline/,"6: 1,000億円以上",✖TOKIUM✖,確認不可,△ 自社HP・公的公開情報を確認したが、直近3期の株式会社システムフォーサイト売上高を承認ソースで確認できず。https://www.s-foresight.co.jp/information/outline/
001Nn000013Ru1e,8290001027361,株式会社九州シジシー,https://kyushucgc.co.jp/company,"5: 300億円以上~1,000億円未満",,499.53億円（2026年2月期・単体）,"○ 自社HP会社概要。2026年2月期直接売上高49,953百万円。https://kyushucgc.co.jp/company/"
001Nn000013Ru1h,9010401093914,株式会社バース,http://birth-corporation.com/company.html,"5: 300億円以上~1,000億円未満",,確認不可,△ 自社HP・公的公開情報を確認したが、直近3期の株式会社バース売上高を承認ソースで確認できず。http://birth-corporation.com/company.html
001Nn000013Ru1v,2010401123297,株式会社ピー・エス・インターナショナル,http://www.ps-intl.co.jp/,"5: 300億円以上~1,000億円未満",,確認不可,△ 自社HP・公的公開情報を確認したが、直近3期の株式会社ピー・エス・インターナショナル売上高を承認ソースで確認できず。http://www.ps-intl.co.jp/
001Nn000013Ru21,2380001007517,プリマックス株式会社,https://www.primax.co.jp/company,"6: 1,000億円以上",,確認不可,△ 自社HP・公的公開情報を確認したが、直近3期のプリマックス株式会社売上高を承認ソースで確認できず。https://www.primax.co.jp/company
001Nn000013Ru27,3120001029395,株式会社ティー・オー・エム,http://www.tom.co.jp,"6: 1,000億円以上",,確認不可,△ 自社HP・公的公開情報を確認したが、直近3期の株式会社ティー・オー・エム売上高を承認ソースで確認できず。http://www.tom.co.jp
001Nn000013RuNP,4010401083127,ｍｏｄｅ株式会社,https://mode2009.jp/company/,"5: 300億円以上~1,000億円未満",,確認不可,△ 自社HP・公的公開情報を確認したが、直近3期のmode株式会社売上高を承認ソースで確認できず。https://mode2009.jp/company/
001Nn000013RuOB,5140001058754,株式会社神戸医療事務センター,https://www.kobeiryo.co.jp/,"6: 1,000億円以上",,確認不可,△ 自社HP・公的公開情報を確認したが、直近3期の株式会社神戸医療事務センター売上高を承認ソースで確認できず。https://www.kobeiryo.co.jp/
001Nn000013RuOM,9120101065351,三井金属パーライト株式会社,https://mitsui-perlite.co.jp/,"6: 1,000億円以上",,確認不可,△ 三井金属100%子会社。自社HP会社概要に売上高の掲載がなく、直近3期の三井金属パーライト株式会社単体売上高を承認ソースで確認できず。https://mitsui-perlite.co.jp/company/
001Nn000013RvV9,8330001000999,株式会社協同プランニング,https://kyopla.net/,"6: 1,000億円以上",,確認不可,△ 自社HP・公的公開情報を確認したが、直近3期の株式会社協同プランニング売上高を承認ソースで確認できず。https://kyopla.net/
001Nn000013RvVK,9350001002010,株式会社南日本ネットワーク,https://www.si-mnc.jp/,"6: 1,000億円以上",,確認不可,△ 自社HP会社概要に売上高の掲載なし。直近3期の株式会社南日本ネットワーク売上高を承認ソースで確認できず。https://www.si-mnc.jp/about/
001Nn000013RvVO,1011101072100,株式会社アドウェイズ・フロンティア,https://adways-frontier.net/,"5: 300億円以上~1,000億円未満",✖TOKIUM✖,確認不可,△ アドウェイズグループ子会社。自社公式では業務内容は確認できるが、直近3期の対象法人単体売上高を承認ソースで確認できず。https://adways-frontier.net/
001Nn000013RvVS,1240001029443,エクセル株式会社,https://excel-inc.jp/about/,"6: 1,000億円以上",,確認不可,△ 自社HP会社概要に売上高の掲載なし。直近3期のエクセル株式会社売上高を承認ソースで確認できず。https://excel-inc.jp/about/
001Nn000013RvVT,1330001009964,株式会社熊本メスキュード,https://k-messcud.co.jp/,"6: 1,000億円以上",,確認不可,△ 自社HP会社概要に売上高の掲載なし。直近3期の株式会社熊本メスキュード売上高を承認ソースで確認できず。https://k-messcud.co.jp/company/
001Nn000013RvVy,4390002008057,有限会社山形データセンター,https://www.ydch.co.jp/,"6: 1,000億円以上",,対象外（有限会社）,× 法人格。直アポ大は株式会社のみ。有限会社のため対象外
001Nn000013RvW6,5210001002639,ニホン・ドレン株式会社,https://www.n-drain.co.jp/,"6: 1,000億円以上",,確認不可,△ 自社HP会社概要に売上高の掲載なし。直近3期のニホン・ドレン株式会社売上高を承認ソースで確認できず。https://www.n-drain.co.jp/about-us
001Nn000013RvW9,6010401064463,株式会社インターキューブ,https://www.inter-cube.co.jp/,"5: 300億円以上~1,000億円未満",,確認不可,△ 自社HP・公的公開情報を確認したが、直近3期の株式会社インターキューブ売上高を承認ソースで確認できず。https://www.inter-cube.co.jp/
001Nn000013RvWC,6020001093242,株式会社リピスト,https://precs.co.jp/,"5: 300億円以上~1,000億円未満",,確認不可,△ 自社HP・公的公開情報を確認したが、直近3期の株式会社リピスト売上高を承認ソースで確認できず。https://precs.co.jp/
001Nn000013Rw4A,9040001066904,ＤＡＩＯ株式会社,https://www.corp.daio-k.jp/,"5: 300億円以上~1,000億円未満",,確認不可,△ 自社HP・公的公開情報を確認したが、直近3期のDAIO株式会社売上高を承認ソースで確認できず。https://www.corp.daio-k.jp/
001Nn000013Rw4Q,3120001072668,大阪読売サービス株式会社,https://www.oys.co.jp/company/aboutus/,"5: 300億円以上~1,000億円未満",,確認不可,△ 読売新聞大阪本社グループ子会社。自社HP・親会社公開情報を確認したが、直近3期の大阪読売サービス株式会社単体売上高を承認ソースで確認できず。https://www.oys.co.jp/company/aboutus/
001Nn000013Rw52,6180001068113,株式会社アメーバホールディングス,https://www.ameba.co.jp,"6: 1,000億円以上",,確認不可,△ 持株会社。自社HP・公的公開情報を確認したが、直近3期の株式会社アメーバホールディングスのグループ売上高を承認ソースで確認できず。https://www.ameba.co.jp
001Nn000013Rw54,8010001025459,日成共益株式会社,https://www.nissei-jp.co.jp/company_profile/summary/,"5: 300億円以上~1,000億円未満",,605億円（2026年6月期・単体）,○ 自社HP会社概要。2026年6月期売上高605億円。https://www.nissei-jp.co.jp/company_profile/summary/
001Nn000013Rw5D,1290001000531,株式会社テンガイ,https://tenguy.jp/about/,"5: 300億円以上~1,000億円未満",,確認不可,△ 自社HP・公的公開情報を確認したが、直近3期の株式会社テンガイ売上高を承認ソースで確認できず。https://tenguy.jp/about/
001Nn000013RxWU,4260001024027,株式会社慶尚,,"6: 1,000億円以上",,確認不可,△ 自社・公的公開情報を確認したが、直近3期の株式会社慶尚売上高を承認ソースで確認できず。
001Nn000013RxWr,3310001011383,王蔵株式会社,https://www.okura-hd.com/,"5: 300億円以上~1,000億円未満",,確認不可,△ 自社HP・公的公開情報を確認したが、直近3期の王蔵株式会社売上高を承認ソースで確認できず。https://www.okura-hd.com/
001Nn000013RxXI,7011401007056,株式会社トプコンソキアポジショニングジャパン,https://www.topcon.co.jp/about/overview/,"6: 1,000億円以上",,確認不可,△ トプコングループ子会社。自社・親会社公開情報を確認したが、直近3期の株式会社トプコンソキアポジショニングジャパン単体売上高を承認ソースで確認できず。https://www.topcon.co.jp/about/overview/
001Nn000013Ryh8,4010101009638,株式会社ガイア,https://www.gaia-sanpai.co.jp/,"6: 1,000億円以上",,確認不可,△ 対象は産業廃棄物処理の株式会社ガイア（法人番号7010101009638）。自社HP・公的公開情報を確認したが、直近3期売上高を承認ソースで確認できず。https://www.gaia-sanpai.co.jp/
001Nn000013RyhA,4011101016913,株式会社ネオシンワ,http://www.neoshinwa.jp/,"6: 1,000億円以上",,確認不可,△ 自社HP会社情報・Gビズインフォ（EDINET/決算欄）・公的情報を確認したが、直近3期の売上高を承認ソースで確認できず。https://info.gbiz.go.jp/hojin/ichiran?hojinBango=4011101016913
001Nn000013RyhG,4420001000845,越友産業株式会社,http://www.koshitomo.com/,"6: 1,000億円以上",,確認不可,△ 自社HP・Gビズインフォ（EDINET/決算欄）・公的情報を確認したが、直近3期の売上高を承認ソースで確認できず。https://info.gbiz.go.jp/hojin/ichiran?hojinBango=4420001000845
001Nn000013RyhN,6012401015768,株式会社松屋フーズホールディングス,https://www.matsuyafoods-holdings.co.jp/company/data/,"6: 1,000億円以上",,"1,844.74億円（2026年3月期・連結）","○ 自社IR財務ハイライト。2026年3月期連結売上高184,474百万円。https://www.matsuyafoods-holdings.co.jp/ir/financial/highlight/"
001Nn000013RyhO,6130002034597,有限会社舞鶴清掃社,https://maisei.jp/,"6: 1,000億円以上",,対象外（有限会社）,× 法人格。直アポ大は株式会社のみ。有限会社のため対象外
001Nn000013RyhR,7010001029618,株式会社マルエス,http://www.marues.co.jp/company.html,"6: 1,000億円以上",,確認不可,△ 法人番号7010001029618で東京都千代田区の法人を照合。自社HP・Gビズインフォ・決算公告/公的情報を確認したが、直近3期売上高を承認ソースで確認できず。https://info.gbiz.go.jp/hojin/ichiran?hojinBango=7010001029618
001Nn000013RyhW,7120001034020,株式会社ワールド美容,http://www.world-biyo.com/,"5: 300億円以上~1,000億円未満",,確認不可,△ 自社HP会社情報・Gビズインフォ（EDINET/決算欄）・公的情報を確認したが、直近3期の売上高を承認ソースで確認できず。https://info.gbiz.go.jp/hojin/ichiran?hojinBango=7120001034020
001Nn000013Ryhb,7122001017806,株式会社ウエダ美粧堂,http://www.cosme-bisyodo.com,"5: 300億円以上~1,000億円未満",,確認不可,△ 自社HP会社概要・Gビズインフォ（EDINET/決算欄）・公的情報を確認したが、直近3期の売上高を承認ソースで確認できず。https://info.gbiz.go.jp/hojin/ichiran?hojinBango=7122001017806
001Nn000013Ryhl,8180001037850,タック株式会社,https://www.tac-group.co.jp/company/group/index.htm,"6: 1,000億円以上",,確認不可,△ 自社グループHP・Gビズインフォ・決算公告を確認。確認できる公告は2021年12月期で売上高記載もなく鮮度条件外。直近3期の売上高を確認できず。https://info.gbiz.go.jp/hojin/ichiran?hojinBango=8180001037850
001Nn000013Ryhn,8280001003280,株式会社テクノシステム,https://www.technosystem.co.jp/,"5: 300億円以上~1,000億円未満",,確認不可,△ 自社HP会社概要・Gビズインフォ（EDINET/決算欄）・公的情報を確認したが、直近3期の売上高を承認ソースで確認できず。https://info.gbiz.go.jp/hojin/ichiran?hojinBango=8280001003280
001Nn000013Ryhw,9180001056585,株式会社ウェイストボックス,http://wastebox.net/,"6: 1,000億円以上",,確認不可,△ 自社HP・Gビズインフォ・直近官報決算公告を確認。2023〜2025年公告は純利益等のみで売上高非開示のため、承認ソースで直近売上高を確認できず。https://info.gbiz.go.jp/hojin/ichiran?hojinBango=9180001056585
001Nn000013RyiA,2010401003598,株式会社けやき坂コンサルティング,https://keyakizaka.jp/,"6: 1,000億円以上",,確認不可,△ 自社HP・Gビズインフォ（EDINET/決算欄）・公的情報を確認したが、直近3期の売上高を承認ソースで確認できず。https://info.gbiz.go.jp/hojin/ichiran?hojinBango=2010401003598
001Nn000013RyiG,2250001005748,西部化成株式会社,https://seibukasei.co.jp/,"6: 1,000億円以上",／,確認不可,△ 自社HP会社概要・Gビズインフォ（EDINET/決算欄）・公的情報を確認したが、直近3期の売上高を承認ソースで確認できず。https://info.gbiz.go.jp/hojin/ichiran?hojinBango=2250001005748
001Nn000013RyiK,3010001066409,エコール流通グループ株式会社,https://www.ecole-rg.co.jp/service/,"5: 300億円以上~1,000億円未満",,322億円（2025年10月期）,○ 自社HP会社概要。年間売上高322億円（2025年10月期）。https://www.ecole-rg.co.jp/company/
001Nn000013RyiM,3030003005610,株式会社メデカルアシスト,https://www.mdas.co.jp/,"6: 1,000億円以上",,確認不可,△ 自社HP企業情報・Gビズインフォ（EDINET/決算欄）・公的情報を確認したが、直近3期の売上高を承認ソースで確認できず。https://info.gbiz.go.jp/hojin/ichiran?hojinBango=3030003005610
001Nn000013RyiQ,3380001000834,タカラ印刷株式会社,https://www.takara.inaka.co.jp/,"6: 1,000億円以上",／,確認不可,△ 自社HP会社案内・Gビズインフォ（EDINET/決算欄）・公的情報を確認したが、直近3期の売上高を承認ソースで確認できず。https://info.gbiz.go.jp/hojin/ichiran?hojinBango=3380001000834
001Nn000013RyiR,4010001098772,株式会社イーコス,https://1154.jp/company/,"6: 1,000億円以上",,確認不可,△ 自社HP・Gビズインフォ・決算公告/公的情報を確認したが、直近3期の売上高を承認ソースで確認できず。https://1154.jp/
001Nn000013RyiS,4010901024893,株式会社ＡＬＨＡＭＢＲＡ,https://www.alhambrainc.com/company,"5: 300億円以上~1,000億円未満",,確認不可,△ 自社HP・Gビズインフォを法人番号4010901024893で照合。承認ソースで直近3期の売上高を確認できず。https://info.gbiz.go.jp/hojin/ichiran?hojinBango=4010901024893
001Nn000013RyiY,4340001008228,株式会社迫田興産,http://www.sakoda-kousan.com/,"5: 300億円以上~1,000億円未満",,確認不可,△ 自社HP・Gビズインフォを法人番号4340001008228で照合。承認ソースで直近3期の売上高を確認できず。https://info.gbiz.go.jp/hojin/ichiran?hojinBango=4340001008228
001Nn000013RzoV,2010101001621,株式会社シーピーオー,https://cpocoltd.com/,"5: 300億円以上~1,000億円未満",,確認不可,△ 自社HP会社案内・法人番号2010101001621の公的情報・EDINET有無を確認したが、直近3期の売上高を承認ソースで確認できず。https://cpocoltd.com/
001Nn000013RzoW,2010401054534,イーソリューションズ株式会社,https://www.e-solutions.co.jp/company/,"6: 1,000億円以上",,確認不可,△ 自社HP・Gビズインフォを法人番号2010401054534で照合。EDINET財務値の掲載もなく、直近3期の売上高を承認ソースで確認できず。https://info.gbiz.go.jp/hojin/ichiran?hojinBango=2010401054534
001Nn000013Rzof,3180001067084,株式会社タイヨウ,http://www.taiyo7001.co.jp/,"5: 300億円以上~1,000億円未満",／,確認不可,△ 法人番号3180001067084で照合。自社HP・公的法人情報・決算情報を確認したが、直近3期の売上高を承認ソースで確認できず。http://www.taiyo7001.co.jp/
001Nn000013Rzoz,5180001118926,株式会社創建,http://www.soken.co.jp,"6: 1,000億円以上",,確認不可,△ 法人番号5180001118926で名古屋市の株式会社創建を照合。自社HP・Gビズインフォ・国交省公的資料を確認したが直近3期売上高なし。旧2018年値は鮮度条件外。https://info.gbiz.go.jp/hojin/ichiran?hojinBango=5180001118926
001Nn000013Rzp7,6120001078142,共栄産業株式会社,https://kyoei-www.co.jp/industry,"5: 300億円以上~1,000億円未満",,342億円（2026年5月末現在）,○ 自社HP会社概要。売上342億円（R8年5月末現在）。https://kyoei-www.co.jp/industry
001Nn000013RzpF,7120001112115,株式会社ワンベルウッズ,https://www.wanbel-woods.jp/company.html,"6: 1,000億円以上",,確認不可,△ 自社HP会社概要・Gビズインフォを法人番号7120001112115で確認。EDINET財務値の掲載もなく、直近3期売上高を承認ソースで確認できず。https://info.gbiz.go.jp/hojin/ichiran?hojinBango=7120001112115
001Nn000013RzpK,8010001105013,株式会社毎日学術フォーラム,https://maf.mynavi.jp/,"6: 1,000億円以上",,確認不可,△ 自社HP会社概要・Gビズインフォを法人番号8010001105013で確認。直近決算情報にも売上高の公開値を確認できず。https://info.gbiz.go.jp/hojin/ichiran?hojinBango=8010001105013
001Nn000013RzpQ,8040001013386,株式会社アクティブレイン,http://www.acty-b.com/index.php,"6: 1,000億円以上",,確認不可,△ 自社HP・Gビズインフォを法人番号8040001013386で確認。直近3期の売上高を承認ソースで確認できず。https://info.gbiz.go.jp/hojin/ichiran?hojinBango=8040001013386
001Nn000013RzpX,9080101000486,キュウメートル株式会社,https://kyumetoru.jp/,"6: 1,000億円以上",,確認不可,△ 自社HP会社概要・公的法人情報を確認。確認できる売上高は2018年3月期4.82億円で鮮度条件外。直近3期の承認ソース値なし。https://kyumetoru.jp/company.html
001Nn000013Rzph,1080101009997,立華株式会社,https://rikka.co.jp/,"6: 1,000億円以上",,確認不可,△ 自社HP会社概要・Gビズインフォを法人番号1080101009997で確認。Gビズの決算欄にも売上高掲載がなく、直近3期の承認ソース値なし。https://info.gbiz.go.jp/hojin/ichiran?hojinBango=1080101009997
001Nn000013Rzpj,1140002005065,有限会社ハタヤ,https://hataya-kobe.co.jp/company/,"5: 300億円以上~1,000億円未満",✖TOKIUM✖,対象外（有限会社）,× 法人格。直アポ大は株式会社のみ。有限会社のため対象外
001Nn000013Rzpu,2011101010075,株式会社ジャパンデンタル,https://www.japandental.co.jp,"6: 1,000億円以上",,確認不可,△ 自社HP・公的情報・決算公告を確認。官報二次集約には2025年3月期9.87億円があるがcatr.jpは未承認のため不採用。承認ソースで売上高を直接確認できず。https://www.japandental.co.jp/
001Nn000013S0dy,6280001004272,株式会社グランド調査開発,https://ground-ct.co.jp/,"5: 300億円以上~1,000億円未満",,確認不可,△ 自社HP・Gビズインフォを法人番号6280001004272で確認。財務/決算の売上高掲載を確認できず、直近3期の承認ソース値なし。https://info.gbiz.go.jp/hojin/ichiran?hojinBango=6280001004272
001Nn000013S0dz,6330005006672,一般財団法人化学及血清療法研究所,https://www.kaketsuken.org/,"5: 300億円以上~1,000億円未満",,対象外（一般財団法人）,× 法人格。直アポ大は株式会社のみ。一般財団法人のため対象外
001Nn000013S0e0,6350002009288,有限会社河野木材,http://www.kawa-moku.jp/,"5: 300億円以上~1,000億円未満",,対象外（有限会社）,× 法人格。直アポ大は株式会社のみ。有限会社のため対象外
001Nn000013S0e3,7050001017164,イーディーエル株式会社,https://edl.co.jp/,"5: 300億円以上~1,000億円未満",,確認不可,△ 自社HP・公的法人情報・決算情報を確認したが、直近3期の売上高を承認ソースで確認できず。https://edl.co.jp/
001Nn000013S0e5,7070001003674,株式会社コシダカホールディングス,https://www.koshidaka.co.jp/corporate.html,"5: 300億円以上~1,000億円未満",,693億円（2025年8月期・連結）,○ 自社HP代表メッセージ。2025年8月期連結売上高693億円。https://www.koshidakaholdings.co.jp/ja/corporate/message.html
001Nn000013S0e8,7180001095247,株式会社ダイムラック,http://dimeluck.co.jp/index.html,"5: 300億円以上~1,000億円未満",,確認不可,△ 自社HP会社概要・公的情報を確認。民間求人媒体には2024年7月期3.10億円があるが禁止ソースのため不採用。承認ソースで直近売上高を確認できず。https://dimeluck.co.jp/company.html
001Nn000013S0eD,8010001113890,株式会社アドレイズ,https://ad-raise.co.jp/,"6: 1,000億円以上",,確認不可,△ 自社HP会社情報・公的法人情報・決算情報を確認したが、直近3期の売上高を承認ソースで確認できず。https://ad-raise.co.jp/
001Nn000013S0eK,8110001001061,環境技研株式会社,https://www.kankyo-giken.co.jp/company/,"5: 300億円以上~1,000億円未満",,確認不可,△ 自社HP会社概要・公的法人情報・決算情報を確認したが、直近3期の売上高を承認ソースで確認できず。https://www.kankyo-giken.co.jp/company/
001Nn000013S0eP,9020001064273,株式会社水土舎,https://www.suidosha.co.jp/company/,"5: 300億円以上~1,000億円未満",,確認不可,△ 自社HP会社概要・公的法人情報・決算情報を確認したが、直近3期の売上高を承認ソースで確認できず。https://www.suidosha.co.jp/company/
001Nn000013S0eU,9290001006620,株式会社オー・エー企画,https://www.oa-kikaku.com/,"5: 300億円以上~1,000億円未満",◆08/25(火)、定時00:00、,確認不可,△ 自社HP会社情報・公的法人情報・決算情報を確認したが、直近3期の売上高を承認ソースで確認できず。https://www.oa-kikaku.com/
001Nn000013S0ec,1010401032433,株式会社フジ・メディア・ホールディングス,https://www.fujimediahd.co.jp/corporate/profile.html,"6: 1,000億円以上",,"5,518.65億円（2026年3月期・連結）","○ 自社HP会社案内。2026年3月期連結売上高551,865百万円。https://www.fujimediahd.co.jp/corporate/profile.html"
001Nn000013S0ee,1040002095554,有限会社オルビック,https://trade.orbic.co.jp/,"5: 300億円以上~1,000億円未満",,対象外（有限会社）,× 法人格。直アポ大は株式会社のみ。有限会社のため対象外
001Nn000013S0ef,1090001000733,河野造園土木株式会社,https://kzd.co.jp/,"5: 300億円以上~1,000億円未満",,確認不可,△ 自社HP会社情報・公的法人情報・決算情報を確認したが、直近3期の売上高を承認ソースで確認できず。https://kzd.co.jp/
001Nn000013S0eg,1120001094862,株式会社トレンタ,https://torenta.jp/about/,"5: 300億円以上~1,000億円未満",,確認不可,△ 自社HP会社概要・公的法人情報を確認。設立・資本金等は確認できるが直近3期の売上高開示なし。https://torenta.jp/about/
001Nn000013S0ek,1220001002773,朝日会計コンサルティング株式会社,https://www.tax-asahi.co.jp/,"5: 300億円以上~1,000億円未満",,確認不可,△ 自社HP会社情報・公的法人情報・決算情報を確認したが、直近3期の売上高を承認ソースで確認できず。https://www.tax-asahi.co.jp/
001Nn000013S0el,1220001016006,小倉緑化工業株式会社,http://www.ogura-rk.co.jp/,"5: 300億円以上~1,000億円未満",,確認不可,△ 自社HP・公的法人情報・決算情報を確認したが、直近3期の売上高を承認ソースで確認できず。http://www.ogura-rk.co.jp/
001Nn000013S0em,1260001005475,株式会社はるやまホールディングス,http://www.haruyama.co.jp/company/profile.php,"5: 300億円以上~1,000億円未満",,352億円（2026年3月期・連結）,○ 自社HP会社概要。グループ売上高352億円（連結・2026年3月期）。https://www.haruyama.co.jp/company/profile.php
001Nn000013S0en,1290001043992,オガワ水管理工業株式会社,https://www.ogawamizukanri.com/company/gaiyou/,"5: 300億円以上~1,000億円未満",,確認不可,△ 自社HP会社概要・公的法人情報・決算情報を確認。決算期は3月31日だが売上高の開示なし。https://www.ogawamizukanri.com/company/gaiyou/
001Nn000013S0ex,3010001110926,エコスタッフ・ジャパン株式会社,https://ecostaff.jp/,"5: 300億円以上~1,000億円未満",,確認不可,"△ 自社HP・公的情報を確認。公式掲載の1,607億円は認定企業ネットワーク全体の総売上高で、エコスタッフ・ジャパン単体売上ではないため不採用。https://ecostaff.jp/member/"
001Nn000013S0f0,3060001000560,株式会社イノマタ,https://www.k-inomata.com/about-us,"5: 300億円以上~1,000億円未満",✖TOKIUM✖,確認不可,△ 自社HP会社概要・公的法人情報・決算情報を確認したが、直近3期の売上高を承認ソースで確認できず。https://www.k-inomata.com/about-us
001Nn000013S0f2,3080401010546,丸志木材株式会社,https://www.marushimokuzai.co.jp/,"6: 1,000億円以上",,確認不可,△ 自社HPで年商12億円（22年度）を確認したが直近3期条件外。直近3期の承認ソース売上高を確認できず。https://www.marushimokuzai.co.jp/corporate/co_profile
001Nn000013S0f3,3180001027336,株式会社棟建築企画,http://mune-kenchiku.co.jp/company.htm,"6: 1,000億円以上",,確認不可,△ 自社HP企業概要・公的情報を確認したが売上高記載なし。直近3期の承認ソースで売上高を確認できず。https://www.mune-kenchiku.co.jp/company.html
001Nn000013S0f4,3180301033554,日召ワークス株式会社,https://www.nisshoworks.com/,"6: 1,000億円以上",,確認不可,"△ 自社HP会社概要の「売上100,000,000万円」は20名規模と著しく整合せず単位誤記の疑いが強いため不採用。公的情報も確認したが確定できず。https://www.nisshoworks.com/会社概要"
001Nn000013S0f8,4010401035152,アオイ環境株式会社,https://aoikankyo.co.jp/,"5: 300億円以上~1,000億円未満",,確認不可,△ 法人番号4010401035152で照合。自社HP・Gビズインフォ・公的情報を確認したが、直近3期の承認ソースで売上高を確認できず。https://aoikankyo.co.jp/
001Nn000013S0fA,4010701000401,アクトシステム株式会社,http://www.actsystem.com/index.html,"6: 1,000億円以上",,【300億未満】10.4億円（2023年度・単体）,× 300億未満。自社HP会社概要で2023年度売上高10億4千万円。https://actsys.jp/company/
001Nn000013S0fC,4120001093548,株式会社トレックスジャパン,https://www.torexjapan.co.jp/company/,"5: 300億円以上~1,000億円未満",,確認不可,△ 自社HP会社概要・Gビズインフォ・公的情報を確認したが、直近3期の売上高記載なし。https://www.torexjapan.co.jp/company/
001Nn000013S0fG,4180001092890,村瀬電気株式会社,https://www.mur-den.com/,"6: 1,000億円以上",,確認不可,△ 自社HP・Gビズインフォを確認したが直近3期の売上高記載なし。https://info.gbiz.go.jp/hojin/ichiran?hojinBango=4180001092890
001Nn000013S0fI,4310001005450,西海水処理株式会社,http://www.saikai-mizushori.jp/,"5: 300億円以上~1,000億円未満",,【300億未満】約19億円（2026年求人掲載・単体）,× 300億未満。厚生労働省ハローワーク求人の会社情報に「年商約19億円」と記載。法人番号4310001005450一致。https://www.hellowork.mhlw.go.jp/
001Nn000013S0fL,4460001001229,株式会社道東車体,https://doto-shatai.com/,"5: 300億円以上~1,000億円未満",,確認不可,△ 自社HP会社情報・Gビズインフォを確認したが直近3期の売上高記載なし。https://info.gbiz.go.jp/hojin/ichiran?hojinBango=4460001001229
001Nn000013S0fM,4500001019662,株式会社しまなみ環境計測,http://www.skkankyo.co.jp/index.html,"5: 300億円以上~1,000億円未満",,確認不可,△ 自社HP・Gビズインフォ・公的情報を確認したが直近3期の売上高を承認ソースで確認できず。http://www.skkankyo.co.jp/index.html
001Nn000013S0fW,5140001024178,ハイ・トラスト株式会社,https://www.hightrust.co.jp/company.html,"6: 1,000億円以上",,確認不可,△ 自社HP・Gビズインフォ決算欄を確認したが売上高開示なし。直近3期の承認ソースで確認できず。https://info.gbiz.go.jp/hojin/ichiran?hojinBango=5140001024178
001Nn000013S0yy,8010705001805,一般財団法人海外通信・放送コンサルティング協力,https://jtec.or.jp/,"6: 1,000億円以上",,対象外（一般財団法人）,× 法人格。直アポ大は株式会社のみ。一般財団法人のため対象外
001Nn000013S0yz,8011201005449,株式会社メッツ研究所,http://mets-ri.co.jp/,"5: 300億円以上~1,000億円未満",,確認不可,△ 自社HP・Gビズインフォを確認したが直近3期の売上高開示なし。https://info.gbiz.go.jp/hojin/ichiran?hojinBango=8011201005449
001Nn000013S0z2,8030001045579,株式会社川瀬製作所,http://kawase.eco.coocan.jp,"5: 300億円以上~1,000億円未満",,確認不可,△ 自社HP・Gビズインフォを確認したが直近3期の売上高開示なし。https://info.gbiz.go.jp/hojin/ichiran?hojinBango=8030001045579
001Nn000013S0z3,8030001089691,株式会社金聖堂情報システム,https://www.kinseidou.co.jp/profile01.html,"5: 300億円以上~1,000億円未満",,確認不可,△ 自社HP会社概要・Gビズインフォ決算欄を確認したが売上高開示なし。https://info.gbiz.go.jp/hojin/ichiran?hojinBango=8030001089691
001Nn000013S0zD,8320001013746,株式会社エンジェル,http://angel-saiki.com/,"5: 300億円以上~1,000億円未満",,確認不可,△ 自社HP会社概要・Gビズインフォ・公的情報を確認したが直近3期の売上高記載なし。https://angel-saiki.com/company.html
001Nn000013S0zJ,9011001064628,株式会社エイエフエイ,http://www.afa.co.jp/,"6: 1,000億円以上",,確認不可,△ 法人番号9011001064628で照合。自社HP・Gビズインフォ・公的情報を確認したが直近3期売上高を承認ソースで確認できず。https://info.gbiz.go.jp/hojin/ichiran?hojinBango=9011001064628
001Nn000013S0zP,9070001017994,株式会社理工技術,https://rikohgijyutu.jp/company/,"5: 300億円以上~1,000億円未満",,確認不可,△ 自社HP・Gビズインフォ・公的情報を確認したが直近3期の売上高を承認ソースで確認できず。https://rikohgijyutu.jp/company/
001Nn000013S0zW,1010001208771,株式会社ＡＤワークスグループ,https://www.adwg.co.jp/company/,"5: 300億円以上~1,000億円未満",,675.32億円（2025年12月期・連結）,"○ 持株会社のため連結採用。自社IR掲載の2025年12月期決算短信ベースで連結売上高67,531.965百万円。https://www.adwg.co.jp/ir/library/"
001Nn000013S0zY,1010401050550,株式会社トリテック,https://www.toritec.co.jp/company/,"5: 300億円以上~1,000億円未満",,確認不可,△ 法人番号1010401050550で照合。自社HP・Gビズインフォ・公的情報を確認したが直近3期売上高を承認ソースで確認できず。https://www.toritec.co.jp/company/
001Nn000013S0zn,2012302005764,有限会社クリーンシステム,https://cleansy.jp/business/,"5: 300億円以上~1,000億円未満",,対象外（有限会社）,× 法人格。直アポ大は株式会社のみ。有限会社のため対象外
001Nn000013S0zp,2030001033580,株式会社大堀,http://oohori-sanpai.com/,"5: 300億円以上~1,000億円未満",,確認不可,△ 法人番号2030001033580で照合。自社HP・Gビズインフォ決算欄を確認したが直近3期売上高を承認ソースで確認できず。https://info.gbiz.go.jp/hojin/ichiran?hojinBango=2030001033580
001Nn000013S0zx,2370001017871,株式会社リセルバー,http://reselber.co.jp/index.htm,"5: 300億円以上~1,000億円未満",,確認不可,△ 自社HP・Gビズインフォ決算欄を確認したが直近3期の売上高開示なし。https://info.gbiz.go.jp/hojin/ichiran?hojinBango=2370001017871
001Nn000013S0zy,2370402000278,有限会社イー・アイ・エス,https://y-eis.jp/,"5: 300億円以上~1,000億円未満",,対象外（有限会社）,× 法人格。直アポ大は株式会社のみ。有限会社のため対象外
001Nn000013S0zz,2380002021715,有限会社エリアス,https://www.area-std.co.jp/,"5: 300億円以上~1,000億円未満",,対象外（有限会社）,× 法人格。直アポ大は株式会社のみ。有限会社のため対象外
001Nn000013S102,3010001216624,プライマスジャパン株式会社,https://primass-japan.co.jp/ja/about,"5: 300億円以上~1,000億円未満",,確認不可,△ 自社HPは2025年度グループ合算売上高800億円のみを開示。当該法人単体売上高を承認ソースで確認できず、単体/親会社判定を確定できないため不採用。https://primass-japan.co.jp/ja/about/
001Nn000013S10B,3180301001387,中日コンサルタント株式会社,https://chucon.net/,"5: 300億円以上~1,000億円未満",,確認不可,△ 自社HP・Gビズインフォ・ハローワーク等公的情報を確認したが直近3期の売上高開示なし。https://info.gbiz.go.jp/hojin/ichiran?hojinBango=3180301001387
001Nn000013S10C,3200001030122,株式会社安藤林業,https://www.andoringyo.com/,"5: 300億円以上~1,000億円未満",,確認不可,△ 自社HP・Gビズインフォ・公的情報を確認したが直近3期の売上高を承認ソースで確認できず。https://www.andoringyo.com/
001Nn000013S10E,4010801034431,株式会社グラウンドナビゲーターズ,https://ground-navi.co.jp/,"6: 1,000億円以上",,確認不可,△ 2023年設立。自社HP会社情報・Gビズインフォ・公的情報を確認したが直近売上高の開示なし。https://ground-navi.co.jp/outline
001Nn000013S10F,4011001041243,株式会社ベクトル総研,https://vri.co.jp/company/,"5: 300億円以上~1,000億円未満",,確認不可,△ 自社HP・Gビズインフォ・公的情報を確認したが直近3期の売上高を承認ソースで確認できず。https://vri.co.jp/company/
001Nn000013S10G,4070002030324,有限会社中村測量設計,https://www.nakamurasokuryousekkei.com/,"5: 300億円以上~1,000億円未満",,対象外（有限会社）,× 法人格。直アポ大は株式会社のみ。有限会社のため対象外
001Nn000013S10H,4080401017169,株式会社ケイシーシー経営研究所,https://kcc-japan.com/,"5: 300億円以上~1,000億円未満",✖TOKIUM✖,確認不可,△ 自社HP・Gビズインフォ決算欄を確認したが直近3期の売上高開示なし。https://info.gbiz.go.jp/hojin/ichiran?hojinBango=4080401017169
001Nn000013S10I,4120001163838,株式会社阪神マテリアル,https://hmc-co.jp/article.html,"6: 1,000億円以上",,"2,772億円（2025年9月期・単体）","○ 自社HP会社情報。2025年9月期売上高2,772億円。https://hmc-co.jp/article.html"
001Nn000013S10L,4200001009355,エコ・アース・エンジニアリング株式会社,http://www.ee-eng.com/index.html,"5: 300億円以上~1,000億円未満",,確認不可,△ 自社HP・Gビズインフォ・公的情報を確認したが直近3期売上高を承認ソースで確認できず。https://info.gbiz.go.jp/hojin/ichiran?hojinBango=4200001009355
001Nn000013S10N,4310001006515,大島エンジニアリング株式会社,http://blog.canpan.info/oshima-eng,"5: 300億円以上~1,000億円未満",,確認不可,△ 自社系サイト・Gビズインフォ・公的情報を確認したが直近3期売上高を承認ソースで確認できず。法人番号4310001006515で照合。
001Nn000013S10Q,5010001083245,株式会社エキスパートナー・ジャパン,https://www.expartner-j.co.jp/,"5: 300億円以上~1,000億円未満",,確認不可,△ 自社HP・Gビズインフォを確認したが直近3期売上高開示なし。https://info.gbiz.go.jp/hojin/ichiran?hojinBango=5010001083245
001Nn000013S10R,5010401089032,ＯＮＥ　ＤＲＯＰ　ＲＥＡＬＴＹ株式会社,https://onedroprealty.com/,"5: 300億円以上~1,000億円未満",,確認不可,△ 自社HP・Gビズインフォ・公的情報を確認したが直近3期売上高を承認ソースで確認できず。禁止ソースの数値は不採用。https://onedroprealty.com/
001Nn000013S10S,5011001045243,株式会社スパイラル・アンド・カンパニー,https://spiralll.com/,"5: 300億円以上~1,000億円未満",,確認不可,△ 自社HP・Gビズインフォを確認したが直近3期の売上高開示なし。https://info.gbiz.go.jp/hojin/ichiran?hojinBango=5011001045243
001Nn000013S10U,5011301000897,株式会社梅本水道工業所,http://www.umemotosuidou.co.jp/index.html,"5: 300億円以上~1,000億円未満",✖TOKIUM✖,確認不可,△ 自社HP・Gビズインフォ・公的情報を確認したが直近3期売上高を承認ソースで確認できず。http://www.umemotosuidou.co.jp/index.html
001Nn000013S6oG,4010101000456,株式会社魚力,https://uoriki.co.jp/about/,"5: 300億円以上~1,000億円未満",,338.23億円（2026年3月期・単体）,"○ Gビズインフォ（EDINET有価証券報告書）。提出会社売上高33,822,804千円。https://info.gbiz.go.jp/hojin/ichiran?hojinBango=4010101000456"
001Nn000013S6oJ,8010701022466,ＪＡ三井リース株式会社,https://www.jamitsuilease.co.jp/company/branch/head.html,"6: 1,000億円以上",,"3,226.90億円（2026年3月期・単体）","○ Gビズインフォ（EDINET有価証券報告書）。提出会社売上高322,690百万円。https://info.gbiz.go.jp/hojin/ichiran?hojinBango=8010701022466"
001Nn000013S6oK,6010901028439,ＳＦＰホールディングス株式会社,https://www.sfpdining.jp/company/,"5: 300億円以上~1,000億円未満",,対象外（合併により法人格消滅）,× 法人格消滅。Gビズインフォで2026年7月28日付「合併による解散等」を確認。https://info.gbiz.go.jp/hojin/ichiran?hojinBango=6010901028439
001Nn000013S6oL,2120005004536,近畿労働金庫,https://www.rokin.or.jp/other/tenpo/,"5: 300億円以上~1,000億円未満",,対象外（労働金庫）,× 法人格。直アポ大は株式会社のみ。労働金庫のため対象外
001Nn000013S6oO,5010001163212,大江戸温泉物語株式会社,https://www.ooedoonsen.jp/corporate/ooedoonsen/about/,"5: 300億円以上~1,000億円未満",,確認不可,△ 自社HP・公的情報・決算公告を確認したが直近3期の売上高を承認ソースで確認できず。民間公告集約値は不採用。https://www.ooedoonsen.jp/corporate/ooedoonsen/about/
001Nn000013S6oP,4340001004160,株式会社Ｍｉｓｕｍｉ,https://kk-misumi.jp/,"5: 300億円以上~1,000億円未満",,577.64億円（2026年3月期・単体）,"○ Gビズインフォ（EDINET有価証券報告書）。提出会社売上高57,764百万円。https://info.gbiz.go.jp/hojin/ichiran?hojinBango=4340001004160"
001Nn000013S6oQ,5100001011907,株式会社モリキ,https://www.moriki-group.info/,"5: 300億円以上~1,000億円未満",⭐／,366億円（自社HP現行値・単体）,○ 自社HP会社概要。売上高366億円。https://www.moriki-group.info/corporate-info/
001Nn000013S6oS,9040001044645,成田国際空港株式会社,http://www.naa.jp/jp/index.html,"6: 1,000億円以上",,確認不可,△ 自社IR・EDINET/Gビズを確認。2026年3月期は営業収益表記のみで、判定基準の売上高としては不採用。https://info.gbiz.go.jp/hojin/ichiran?hojinBango=9040001044645
001Nn000013S6oU,4011001034569,株式会社バイク王＆カンパニー,https://www.8190.co.jp/outline/profile.html,"5: 300億円以上~1,000億円未満",,385億円（2025年度・単体）,○ 自社HP会社概要。2025年度売上高385億円。https://www.8190.co.jp/outline/
001Nn000013S6oZ,6220001009293,株式会社トランテックス,http://www.trantechs.co.jp/,"5: 300億円以上~1,000億円未満",🔵MC:総務・人事部／総務・人事グループ 076-274-2806,410億円（2024年度・単体）,○ 自社公式採用サイト会社データ。2024年度売上高410億円。https://recruit.trantechs.co.jp/data/
001Nn000013S6oa,7010401049991,ベネリック株式会社,https://benelic.com/company/,"5: 300億円以上~1,000億円未満",⭐／,確認不可,△ 自社HP・Gビズインフォ・決算公告を確認したが、直近3期のベネリック単体売上高を承認ソースで確認できず。https://benelic.com/company/
001Nn000013S6of,6120001168182,バリュエンスホールディングス株式会社,https://www.valuence.inc/,"5: 300億円以上~1,000億円未満",,848.41億円（2025年8月期・連結）,"○ 自社HP会社概要。2025年8月期連結売上高84,841百万円。https://www.valuence.inc/company/"
001Nn000013S6oh,4180001006999,株式会社ドコモＣＳ東海,http://www.docomo-cs-tokai.co.jp/index.html,"5: 300億円以上~1,000億円未満",,確認不可,△ 自社HP会社概要・電子公告・Gビズインフォを確認したが、直近3期の売上高を承認ソースで確認できず。https://www.docomo-cs-tokai.co.jp/corporate/announcement.html
001Nn000013S6ol,6430001021797,株式会社ＡＩＲＤＯ,https://www.airdo.jp/corporate/info/,"5: 300億円以上~1,000億円未満",,確認不可,△ 自社公式決算情報は営業収入表記で、判定基準の売上高ではないため不採用。自社HP・公的情報も確認。https://www.airdo.jp/corporate/ir/
001Nn000013S6on,2040001036954,マブチモーター株式会社,https://www.mabuchi-motor.co.jp/company/profile.html,"6: 1,000億円以上",,"2,004.17億円（2025年12月期・連結）","○ 自社HP会社概要。2025年実績連結売上高200,417百万円。https://www.mabuchi-motor.co.jp/company/profile.html"
001Nn000013S6oo,2350001002669,株式会社ソラシドエア,https://www.solaseedair.jp/corporate/guide.html,"5: 300億円以上~1,000億円未満",,確認不可,△ 自社公式決算資料・会社概要・公的情報を確認。開示指標は営業収入で、判定基準の売上高としては不採用。https://www.solaseedair.jp/corporate/
001Nn000013S6or,5010001248525,株式会社キョウデン,https://www.kyoden.co.jp/corporate/profile/,"5: 300億円以上~1,000億円未満",,確認不可,△ 法人番号5010001248525の現法人を照合。自社HP・Gビズインフォを確認したが現法人の直近売上高を承認ソースで確認できず。旧法人の過年度値は不採用。https://www.kyoden.co.jp/corporate/profile/
001Nn000013S6os,7010001006880,フクダ電子株式会社,https://www.fukuda.co.jp/company/information.html,"6: 1,000億円以上",,"1,396.97億円（自社HP現行値・グループ）","○ 自社HP会社概要。フクダグループ売上高1,396億9,700万円。グループ親会社のため採用。https://www.fukuda.co.jp/company/information.html"
001Nn000013S6ot,3030001085497,株式会社ヴァレオジャパン,http://www.valeo.co.jp/,"5: 300億円以上~1,000億円未満",,確認不可,△ 外資系日本法人。自社公式・Gビズインフォ・決算公告を確認したが日本法人単体売上高を承認ソースで確認できず。未承認catr.jp等の数値は不採用。https://www.valeo.co.jp/
001Nn000013S6ov,1430001009475,エア・ウォーター株式会社,https://www.awi.co.jp/ja/company/base/base/osaka.html,"6: 1,000億円以上",🔵MC:ＨＲ戦略室　06-6252-1759 ｜🎯360:ＨＲ戦略企画室／人材開発グループ／採用推進チーム　06-6252-1752 ｜担当:堤宏記,"10,667.95億円（2026年3月期・連結・売上収益）","○ 自社IR業績ハイライト。IFRS原文表記は連結売上収益1,066,795百万円。https://www.awi.co.jp/ja/ir/finance.html"
001Nn000013S6ox,6140001078660,東リ株式会社,https://www.toli.co.jp/company/company_outline.html,"6: 1,000億円以上",,"1,123.37億円（2026年3月期・連結）","○ 自社HP会社概要。2026年3月期連結売上高112,337百万円。https://www.toli.co.jp/company/company_outline.html"
001Nn000013S6oy,5010601030357,アスクル株式会社,https://www.askul.co.jp/corp/company/overview/,"6: 1,000億円以上",／,"4,001億円（2026年5月期・連結）","○ 自社HP「数字で見るASKUL」。2026年5月期連結売上高4,001億円。https://www.askul.co.jp/corp/company/outline/"
001Nn000013S6oz,8430001022538,北海道マツダ販売株式会社,https://www.hokkaido-mazda.co.jp/shop/sapporo.html,"5: 300億円以上~1,000億円未満",🔵MC:総務部／総務採用チーム 011-221-5278（旧直通:経理部／システムチーム：011-221-5408）,313億円（2024年3月期・単体）,○ 自社HP会社概要。2024年3月期売上高313億円。https://www.hokkaido-mazda.co.jp/corporate/outline.html
001Nn000013S6p6,7020001070117,不二サッシ株式会社,https://www.fujisash.co.jp/hp/company/outline/,"6: 1,000億円以上",🔵MC:管理本部／総務人事部 03-6867-0770 / 浜崎利香 取締役、かんぽ生命保険執行役人事戦略部長,"1,014.70億円（2026年3月期・連結）","○ 自社IR決算短信。2026年3月期連結売上高101,470百万円。https://www.fujisash.co.jp/hp/company/ir/irdata/pdf/ir45_260514_1.pdf"
001Nn000013S6pC,3120001059450,株式会社ＰＩＬＬＡＲ,https://www.pillar.co.jp/ja/about/outline/,"5: 300億円以上~1,000億円未満",🔵MC:総務人事部／総務グループ 06-7166-8350（旧直通:経営企画部／サステナブル推進グループ：06-7166-8414）,479.44億円（2026年3月期・単体）,"○ Gビズインフォ（EDINET有価証券報告書）。提出会社売上高47,944百万円。https://info.gbiz.go.jp/hojin/ichiran?hojinBango=3120001059450"
001Nn000013S6pG,1110001025075,株式会社マルイ,https://www.super-marui.com/,"5: 300億円以上~1,000億円未満",,確認不可,△ 自社HP・Gビズインフォ・決算公告を確認したが、直近3期の株式会社マルイ売上高を承認ソースで確認できず。https://www.super-marui.com/
001Nn000013S6pL,9010001019484,株式会社ジェイエスピー,https://www.co-jsp.co.jp/,"6: 1,000億円以上",,"1,454.56億円（2026年3月期・連結）","○ 自社IR業績ハイライト。2026年3月期連結売上高145,456百万円。https://www.co-jsp.co.jp/ir/finance/finance_01.html"
001Nn000013S6pM,6140005013556,播州信用金庫,https://www.shinkin.co.jp/banshin/,"5: 300億円以上~1,000億円未満",,対象外（信用金庫）,× 法人格。直アポ大は株式会社のみ。信用金庫のため対象外
001Nn000013S6pO,4011501004889,株式会社ヨコオ,https://www.yokowo.co.jp/company/head.html,"5: 300億円以上~1,000億円未満",,900億円（2026年3月期・連結）,○ 自社HP会社概要。2026年3月期連結売上高900億円。https://www.yokowo.co.jp/company/head.html
001Nn000013S6pT,3430005001286,公益財団法人さっぽろ青少年女性活動協会,https://g-kan.syaa.jp/,"5: 300億円以上~1,000億円未満",,対象外（公益財団法人）,× 法人格。直アポ大は株式会社のみ。公益財団法人のため対象外
001Nn000013S6pW,1050001016270,ＲＥＸＴ　Ｈｏｌｄｉｎｇｓ株式会社,https://www.rext.jp/company/outline.html,"5: 300億円以上~1,000億円未満",,確認不可,△ 自社HP・2025/2026年決算公告・Gビズインフォを確認。直近公告は貸借対照表中心で売上高を確認できず、旧EDINET値は2020年で鮮度条件外。https://www.rext.jp/notice/
001Nn000013S6pg,3020001047911,株式会社ビルシステム,http://www.buil-system.co.jp/company/about/profile.html,"5: 300億円以上~1,000億円未満",,確認不可,△ 自社HP会社概要・Gビズインフォ・公的情報を確認したが直近3期の売上高を承認ソースで確認できず。https://info.gbiz.go.jp/hojin/ichiran?hojinBango=3020001047911
001Nn000013S6pk,5010401077210,スカパーＪＳＡＴ株式会社,https://www.skyperfectjsat.space/company/resume/sjh/,"6: 1,000億円以上",,確認不可,△ 法人番号5010401077210で照合。Gビズ/EDINETは営業収益表記のみで、対象法人の売上高として確定できず。自社公開情報も確認。https://info.gbiz.go.jp/hojin/ichiran?hojinBango=5010401077210
001Nn000013S6pl,3011701007544,株式会社まるやま,https://www.maruyama-co.jp/company/,"5: 300億円以上~1,000億円未満",,確認不可,△ 自社HP会社概要・Gビズインフォ・決算公告を確認したが直近3期の売上高を承認ソースで確認できず。https://www.maruyama-co.jp/company/
001Nn000013S80D,2040001000456,イオンリテール株式会社,https://www.aeonretail.jp/,"6: 1,000億円以上",,確認不可,"△ 自社HP・イオン公式資料・Gビズインフォを確認。自社公式で確認できる年間売上高1兆8,173億円は2022年2月時点で鮮度条件外。直近3期値を確定できず。https://www.aeonretail.jp/saiyo/pharmacist/about/data.html"
001Nn000013S80E,3010001025868,株式会社ニチイ学館,https://www.nichiigakkan.co.jp/company/about.html,"6: 1,000億円以上",,"2,738.37億円（2026年3月期・単体）","○ 自社HP決算公告・第54期計算書類。2026年3月期売上高273,837百万円。https://www.nichiigakkan.co.jp/ir/notification.html"
001Nn000013S80F,6010405002452,日本赤十字社,https://www.jrc.or.jp/,"6: 1,000億円以上",,対象外（日本赤十字社）,× 法人格。直アポ大は株式会社のみ。日本赤十字社は株式会社ではないため対象外。https://www.jrc.or.jp/
001Nn000013S80G,8010005007932,明治安田生命保険相互会社,https://www.meijiyasuda.co.jp/,"6: 1,000億円以上",オガタユウ_2026/07/17,対象外（相互会社）,× 法人格。直アポ大は株式会社のみ。相互会社のため対象外
001Nn000013S80H,5120005007271,住友生命保険相互会社,https://www.sumitomolife.co.jp/,"6: 1,000億円以上",,対象外（相互会社）,× 法人格。直アポ大は株式会社のみ。相互会社のため対象外
001Nn000013S80I,5020001016039,マンパワーグループ株式会社,https://www.manpowergroup.jp/company/,"5: 300億円以上~1,000億円未満",,確認不可,△ 日本法人。自社HP・Gビズインフォ・公的情報を確認したがマンパワーグループ株式会社単体の直近売上高を承認ソースで確認できず。https://info.gbiz.go.jp/hojin/ichiran?hojinBango=5020001016039
001Nn000013S80J,3010405001696,社会福祉法人恩賜財団済生会,https://www.saiseikai.or.jp/,"6: 1,000億円以上",,対象外（社会福祉法人）,× 法人格。直アポ大は株式会社のみ。社会福祉法人のため対象外
001Nn000013S80K,3010001008848,日本製鉄株式会社,https://www.nipponsteel.com/,"6: 1,000億円以上",,"100,632億円（2026年3月期・連結・売上収益）",○ 自社HP「数字でわかる日本製鉄」。2025年度連結売上収益10兆632億円。IFRS売上収益として採用。https://www.nipponsteel.com/company/at-a-glance/
001Nn000013S80L,3030001002411,ウエルシア薬局株式会社,https://www.welcia-yakkyoku.co.jp/,"6: 1,000億円以上",,"10,547.90億円（2025年2月期・単体）","○ 親会社ウエルシアHD公式決算説明資料「業績 会社別」。ウエルシア薬局売上高1,054,790百万円。https://www.welcia.co.jp/ja/news/news-20250414/"
001Nn000013S80M,1010001084148,ランスタッド株式会社,https://www.randstad.co.jp/,"6: 1,000億円以上",⭐／,確認不可,"△ 自社HP・Gビズインフォを確認。公式掲載の4兆2,537億円はオランダ親会社Randstad N.V.の世界売上で、日本法人単体値ではないため不採用。https://www.randstad.co.jp/about/outline/"
001Nn000013S80N,2010401069169,株式会社テクノプロ,https://www.technopro.com/,"6: 1,000億円以上",,"1,856億円（2025年6月期・単体）","○ 自社HP企業情報。株式会社テクノプロ売上高1,856億円（2025年6月期）。https://www.technopro.com/aboutus/company-profile/"
001Nn000013SCAK,7370002011233,有限会社サトー孔版印刷,http://www.kouhan.com/,"5: 300億円以上~1,000億円未満",,対象外（有限会社）,× 法人格。直アポ大は株式会社のみ。有限会社のため対象外
001Nn000013SDsT,5120001168695,株式会社フットボールアグリゲーション,null,"6: 1,000億円以上",,確認不可,△ 法人番号5120001168695で照合。Gビズインフォ・公的情報・決算公告検索を確認したが直近3期売上高を承認ソースで確認できず。https://info.gbiz.go.jp/hojin/ichiran?hojinBango=5120001168695
001Nn000013SDsW,5180002073765,有限会社地主,http://jinushi.co.jp/,"5: 300億円以上~1,000億円未満",,対象外（有限会社）,× 法人格。直アポ大は株式会社のみ。有限会社のため対象外
001Nn000013SDsZ,5300001001334,株式会社朝日データサービス,http://www.asahids.com/,"5: 300億円以上~1,000億円未満",,確認不可,△ 自社HP・Gビズインフォ・公的情報を確認したが直近3期の売上高を承認ソースで確認できず。http://www.asahids.com/
001Nn000013SDsg,6011401005119,糠加金属株式会社,https://nukaga-kinzoku.co.jp/info.html,"5: 300億円以上~1,000億円未満",,確認不可,△ 自社HP・Gビズインフォ・公的情報を確認したが直近3期売上高を承認ソースで確認できず。https://info.gbiz.go.jp/hojin/ichiran?hojinBango=6011401005119
001Nn000013SDsi,6020002076782,株式会社ネオライン,https://www.neo-line.jp/info/,"5: 300億円以上~1,000億円未満",,確認不可,△ 自社HP・Gビズインフォ・公的情報を確認したが直近3期売上高を承認ソースで確認できず。https://info.gbiz.go.jp/hojin/ichiran?hojinBango=6020002076782
001Nn000013SDsq,6180001055012,イネックス株式会社,https://www.innex.jp/company/,"5: 300億円以上~1,000億円未満",,確認不可,△ 自社HP・Gビズインフォ・公的情報を確認したが直近3期売上高を承認ソースで確認できず。https://info.gbiz.go.jp/hojin/ichiran?hojinBango=6180001055012
001Nn000013SEtL,6180001049435,Ｍａｎ　ｔｏ　Ｍａｎ　Ａｓｓｉｓｔ株式会社,https://www.mtm-assist.com/,"6: 1,000億円以上",◆08/25(火)、定時00:00、,確認不可,△ 自社HP・Gビズインフォ・公的情報を確認したが直近3期売上高を承認ソースで確認できず。https://info.gbiz.go.jp/hojin/ichiran?hojinBango=6180001049435
001Nn000013SFg7,2120101042217,株式会社ＯＥ,https://www.oe-corp.com/,"6: 1,000億円以上",,確認不可,△ 自社HP・Gビズインフォ・公的情報を確認したが直近3期売上高を承認ソースで確認できず。https://info.gbiz.go.jp/hojin/ichiran?hojinBango=2120101042217
001Nn000013SH1h,5140001062244,ＷＤＢホールディングス株式会社,https://www.wdbhd.co.jp/about/profile/access-himeji.html,"5: 300億円以上~1,000億円未満",,503.04億円（2026年3月期・連結）,"○ 自社IR決算短信。2026年3月期連結売上高50,304百万円。持株会社のため連結採用。https://www.wdbhd.co.jp/ir/"
001Nn000013SH1m,6010001105023,株式会社ビジネスサポートセンター,http://keiri-haken.co.jp/company/,"5: 300億円以上~1,000億円未満",,確認不可,△ 確認不可。自社HP・Gビズインフォ・官報/決算公告を確認したが、直近3期の承認ソースで売上高を確認できず。http://keiri-haken.co.jp/company/
001Nn000013SHWj,8010001132718,株式会社テクノ・サービス,https://www.hatarakunavi.net/,"6: 1,000億円以上",⭐／,確認不可,"△ 子会社。公式会社情報の4,477億円（2025年3月期）はスタッフサービスグループ計で単体売上ではないため不採用。単体の承認ソース未確認。https://www.hatarakunavi.net/about/gaiyou.html"
001Nn000013SHWk,7010001146074,株式会社ＢＲＥＸＡ　Ｔｅｃｈｎｏｌｏｇｙ,https://www.ostechnology.co.jp/,"6: 1,000億円以上",,確認不可,"△ 子会社。自社公式で2024年12月期売上高177,738百万円（連結）は確認できるが、子会社判定は単体売上が必要。直近単体の承認ソース未確認。https://technology.brexa.com/news/2025/20251006/"
001Nn000013SHWl,3040001029379,株式会社オリエンタルランド,https://www.olc.co.jp/ja/,"6: 1,000億円以上",,"5,881.71億円（2026年3月期・単体）","○ Gビズインフォ（EDINET有報）。法人番号3040001029379、2026年3月期売上高588,171百万円。https://info.gbiz.go.jp/hojin/ichiran?hojinBango=3040001029379"
001Nn000013SHWm,8080401002431,スズキ株式会社,https://www.suzuki.co.jp/,"6: 1,000億円以上",【属性】🦁/👤情シス/DX】：T本部/IT本部長兼デジタル化推進部長/野中 アキラ,"29,679.32億円（2026年3月期・単体）","○ Gビズインフォ（EDINET有報）。法人番号8080401002431、2026年3月期売上高2,967,932百万円。https://info.gbiz.go.jp/hojin/ichiran?hojinBango=8080401002431"
001Nn000013SHWn,5011101019196,株式会社ＳＵＢＡＲＵ,https://www.subaru.co.jp/,"6: 1,000億円以上",,"47,850億円（2026年3月期・連結）","○ 自社IR。2026年3月期連結売上収益47,850億円。https://www.subaru.co.jp/ir/finance/latest-results.html"
001Nn000013SHWo,2010401044997,株式会社東芝,https://www.global.toshiba/jp/,"5: 300億円以上~1,000億円未満",,"37,091億円（2026年3月期・連結）","○ 自社会社概要。2026年3月31日現在、年間売上高（連結）3兆7,091億円。https://www.global.toshiba/jp/outline/corporate/profile.html"
001Nn000013SHWp,6011001035920,セコム株式会社,https://www.secom.co.jp/,"6: 1,000億円以上",,"4,364.59億円（2026年3月期・単体）","○ 自社会社概要。2026年3月期売上高4,364億5,900万円（単体）。https://www.secom.co.jp/corporate/outline/about.html"
001Nn000013SHWr,5120001077450,住友電気工業株式会社,https://sumitomoelectric.com/jp/,"6: 1,000億円以上",,"19,198.82億円（2026年3月期・単体）","○ 自社会社概要。2026年3月期売上高 単独1,919,882百万円。https://sumitomoelectric.com/jp/company/profile"
001Nn000013SHWs,5010005003959,富国生命保険相互会社,https://www.fukoku-life.co.jp/,"6: 1,000億円以上",オガタユウ_2026/07/17,対象外（相互会社）,× 法人格。直アポ大は株式会社のみ。相互会社のため対象外
001Nn000013SHWt,9010001032685,ＹＫＫ　ＡＰ株式会社,https://www.ykkapglobal.com/ja/,"6: 1,000億円以上",,確認不可,"△ 子会社判定。自社HPはAPグループ売上5,576億円・日本売上4,524億円を開示するがYKK AP単体売上ではないため不採用。単体承認ソース未確認。https://www.ykkapglobal.com/ja/company/information/outline/"
001Nn000013SHWu,3020001079681,コストコホールセールジャパン株式会社,https://www.costco.co.jp/,"6: 1,000億円以上",,確認不可,△ 子会社。自社HP・Gビズインフォ・公的届出を確認したが、コストコホールセールジャパン単体の直近3期売上高を承認ソースで確認できず。https://info.gbiz.go.jp/hojin/ichiran?hojinBango=3020001079681
001Nn000013SHWv,5120001079182,鴻池運輸株式会社,https://www.konoike.net/,"6: 1,000億円以上",,"2,309.45億円（2026年3月期・単体）","○ Gビズインフォ（EDINET有報）。法人番号5120001079182、2026年3月期売上高230,945百万円。https://info.gbiz.go.jp/hojin/ichiran?hojinBango=5120001079182"
001Nn000013SHWw,8010401006744,鹿島建設株式会社,https://www.kajima.co.jp/,"6: 1,000億円以上",,"17,100.84億円（2026年3月期・単体）","○ Gビズインフォ（EDINET有報）。法人番号8010401006744、2026年3月期売上高1,710,084百万円。https://info.gbiz.go.jp/hojin/ichiran?hojinBango=8010401006744"
001Nn000013SHWx,3120101003135,コーナン商事株式会社,https://www.hc-kohnan.com,"6: 1,000億円以上",,"5,020.59億円（2026年2月期・連結）","○ 自社決算短信。2026年2月期連結損益計算書の売上高502,059百万円。https://www.hc-kohnan.com/wp-content/uploads/2025/07/2026%E6%9C%9F%E6%9C%AB%E6%B1%BA%E7%AE%97%E7%9F%AD%E4%BF%A1%EF%BC%88%E3%82%AB%E3%83%A9%E3%83%BC%EF%BC%89.pdf"
001Nn000013SHWy,4010401039979,ＬＩＮＥヤフー株式会社,https://www.lycorp.co.jp/ja/,"6: 1,000億円以上",☆V 07/09〈木〉、定時00:00、/直通🌱/💰・生成AI統括本部 戦略企画本部 業務推進部/部長/藤井 幸一/※1,"20,363.66億円（2026年3月期・連結）","○ 自社IR。2026年3月期売上収益2,036,366百万円。https://www.lycorp.co.jp/ja/ir/finance/highlight.html"
001Nn000013SHX0,5120001059606,旭化成株式会社,https://www.asahi-kasei.com/jp/,"6: 1,000億円以上",,"6,507.95億円（2026年3月期・単体）","○ Gビズインフォ（EDINET有報）。法人番号5120001059606、2026年3月期売上高650,795百万円。https://info.gbiz.go.jp/hojin/ichiran?hojinBango=5120001059606"
001Nn000013SHX1,2180301014324,トヨタ紡織株式会社,https://www.toyota-boshoku.com/jp/,"6: 1,000億円以上",7/27シモムラソウノスケ　☆V 07/09〈木〉、定時00:00、🌟🚨✳✡/DX有/・ビジネス改革推進部ITインフラ室サーバ運用グループ/グループ長/吉見 有司/※1 ・ビジネス改革推進部ITインフラ室サーバ運用グループ/主担当員/秋山 一仁/※1,"20,370億円（2026年3月期・連結）",○ 自社会社概要。2025年度（2026年3月期）連結売上収益2兆370億円。https://www.toyota-boshoku.com/jp/company/outline/profile/
001Nn000013SHX2,7060001028433,サンヒルズカントリークラブ株式会社,https://www.pacificgolf.co.jp/sunhills/,"6: 1,000億円以上",,確認不可,△ 自社HP・Gビズインフォ・官報/決算公告を確認。2026年3月期決算公告は売上高非開示で、直近3期の承認ソース売上高を確認できず。https://info.gbiz.go.jp/hojin/ichiran?hojinBango=7060001028433
001Nn000013SHX3,7020001078696,三菱ふそうトラック・バス株式会社,https://www.mitsubishi-fuso.com/ja/,"6: 1,000億円以上",,"7,946.52億円（2024年12月期・単体）","○ Gビズインフォ決算公告。法人番号7020001078696、2024年1月1日～12月31日売上高794,652百万円。https://info.gbiz.go.jp/hojin/financialstatement?kessanJohoId=06a6f27f-381d-4fc8-8acf-78827be88b56"
001Nn000013SHX4,2120002049286,有限会社アークスタイル,http://www.arkstyle.co.jp/,"6: 1,000億円以上",,対象外（有限会社）,× 法人格。直アポ大は株式会社のみ。有限会社のため対象外
001Nn000013SHX5,2010001008650,ＡＧＣ株式会社,https://www.agc.com/,"6: 1,000億円以上",7/13シモムラソウノスケ　☆V 07/09〈木〉、定時00:00、🌟🚨✳✡/直通有/💰・情報システム部 ITコンピテンスセンター デジタル・イノベーショングループ/マネージャー/瀧田 美喜子/※3,"6,526.67億円（2025年12月期・単体）","○ Gビズインフォ（EDINET有報）。法人番号2010001008650、2025年12月期売上高652,667百万円。https://info.gbiz.go.jp/hojin/ichiran?hojinBango=2010001008650"
001Nn000013SHX6,4120001014405,株式会社ＮＴＴフィールドテクノ,https://www.ntt-ft.jp/,"6: 1,000億円以上",,確認不可,"△ 自社HP・Gビズインフォ・官報を確認。民間集約には2026年3月期1,887.8億円の表示があるが非承認ソースのため不採用。承認ソースで売上高未確認。https://info.gbiz.go.jp/hojin/ichiran?hojinBango=4120001014405"
001Nn000013SHX7,4011405000068,医療法人財団明理会,https://ims.gr.jp/meirikaichuo/,"6: 1,000億円以上",,対象外（医療法人）,× 法人格。直アポ大は株式会社のみ。医療法人のため対象外
001Nn000013SHX8,9010401006818,株式会社関電工,https://www.kandenko.co.jp/,"6: 1,000億円以上",,"6,377.68億円（2026年3月期・単体）","○ Gビズインフォ（EDINET有報）。法人番号9010401006818、2026年3月期売上高637,768百万円。https://info.gbiz.go.jp/hojin/ichiran?hojinBango=9010401006818"
001Nn000013SHX9,4100005001211,長野県厚生農業協同組合連合会,https://www.nagano-kouseiren.jp/,"6: 1,000億円以上",,対象外（農業協同組合）,× 法人格。直アポ大は株式会社のみ。農業協同組合のため対象外
001Nn000013SHXA,8010701007715,日本精工株式会社,https://www.nsk.com/jp/,"6: 1,000億円以上",,"3,920.54億円（2026年3月期・単体）","○ Gビズインフォ（EDINET有報）。法人番号8010701007715、2026年3月期売上高392,054百万円。https://info.gbiz.go.jp/hojin/ichiran?hojinBango=8010701007715"
001Nn000013SHXB,1290801002603,ＴＯＴＯ株式会社,https://jp.toto.com/,"6: 1,000億円以上",,"4,930.14億円（2026年3月期・単体）","○ Gビズインフォ（EDINET有報）。法人番号1290801002603、2026年3月期売上高493,014百万円。https://info.gbiz.go.jp/hojin/ichiran?hojinBango=1290801002603"
001Nn000013SHXC,2180001016265,ＮＴＴビジネスソリューションズ株式会社,https://www.nttbizsol.jp/,"6: 1,000億円以上",,確認不可,△ 法人番号2180001016265。2026年7月にNTTメディアサプライ株式会社へ商号変更。公式・Gビズインフォ・官報を確認したが直近3期売上高の承認ソースを確認できず。https://info.gbiz.go.jp/hojin/patent?Category=1&hojinBango=2180001016265
001Nn000013SHXD,4200001013662,株式会社セリア,http://www.seria-group.com/,"6: 1,000億円以上",🌳★08/13(木)、定時00:00、🔵🌑✳✡🌅🔥,"2,556.95億円（2026年3月期・単体）","○ JPX決算短信。2026年3月期売上高255,695百万円（非連結）。https://www2.jpx.co.jp/disc/27820/140120260507518675.pdf"
001Nn000013SHXE,3010401095635,株式会社ＳＯＹＯＫＡＺＥ,https://corp.sykz.co.jp/,"5: 300億円以上~1,000億円未満",,確認不可,△ 自社IRは2021年上場廃止までの資料のみで直近3期の売上高を開示していない。求人/民間集約の631.59億円は非承認ソースのため不採用。https://corp.sykz.co.jp/ir/
001Nn000013SHXF,7010401045660,ソニー株式会社,https://www.sony.co.jp/,"6: 1,000億円以上",⭐,確認不可,"△ 子会社。自社HPの2025年度2兆2,605億円はソニーグループET&S分野の売上でソニー株式会社単体ではないため不採用。単体の承認ソース未確認。https://www.sony.co.jp/corporate/"
001Nn000013SHXG,1013301006291,コンパスグループ・ジャパン株式会社,https://www.compassgroup-japan.jp/,"5: 300億円以上~1,000億円未満",,確認不可,△ 子会社。自社HP・Gビズインフォ・直近決算公告を確認したが、公告は貸借対照表中心で売上高非開示。単体の承認ソース売上高を確認できず。https://info.gbiz.go.jp/hojin/ichiran?hojinBango=1013301006291
001Nn000013SHXH,8030005010463,医療法人社団協友会,,"6: 1,000億円以上",,対象外（医療法人）,× 法人格。直アポ大は株式会社のみ。医療法人のため対象外
001Nn000013SHXI,4030005006218,医療法人社団愛友会,https://www.ach.or.jp/,"5: 300億円以上~1,000億円未満",,対象外（医療法人）,× 法人格。直アポ大は株式会社のみ。医療法人のため対象外
001Nn000013SHXJ,4430001022657,北海道旅客鉄道株式会社,https://www.jrhokkaido.co.jp/,"6: 1,000億円以上",,979億円（2026年3月期・単体・営業収益）,○ 自社2025年度決算。JR北海道単体の営業収益979億円。鉄道会社の売上高相当指標として確認。https://www.jrhokkaido.co.jp/CM/Info/press/pdf/20260513_KO_2025kessan.pdf
001Nn000013SHXK,8040005016947,独立行政法人高齢・障害・求職者雇用支援機構,https://www.jeed.go.jp/,"6: 1,000億円以上",,対象外（独立行政法人）,× 法人格。直アポ大は株式会社のみ。独立行政法人のため対象外
001Nn000013SHXM,5120001015344,タカラスタンダード株式会社,https://www.takara-standard.co.jp/,"6: 1,000億円以上",,"2,527.55億円（2026年3月期・単体）","○ Gビズインフォ（EDINET有報）。法人番号5120001015344、2026年3月期売上高252,755百万円。https://info.gbiz.go.jp/hojin/ichiran?hojinBango=5120001015344"
001Nn000013SHXN,4010001028465,プルデンシャル生命保険株式会社,https://www.prudential.co.jp/,"6: 1,000億円以上",,"17,603.59億円（2025年度・単体・経常収益）","○ 自社2025年度決算。生命保険会社の単体損益計算書で経常収益1,760,359百万円。保険会社の売上高相当指標。https://www.prudential.co.jp/news/pdf/1005/20260526.pdf"
001Nn000013SHXO,4010405001654,慶應義塾,https://www.keio.ac.jp/ja/,"5: 300億円以上~1,000億円未満",,対象外（学校法人）,× 法人格。直アポ大は株式会社のみ。学校法人慶應義塾のため対象外。https://www.keio.ac.jp/ja/about/learn-more/profile/
001Nn000013SHXP,3120001136159,サントリーホールディングス株式会社,https://www.suntory.co.jp/,"6: 1,000億円以上",,"30,701億円（2025年12月期・連結売上収益）","○ 自社会社概要。2025年12月期連結売上収益（酒税控除後）30,701億円。持株会社のため連結可。https://www.suntory.co.jp/company/overview/"
001Nn000013SHXQ,6120001005484,シャープ株式会社,https://corporate.jp.sharp/,"6: 1,000億円以上",7/9シモムラソウノスケ　🌱☆B 07/09〈木〉、定時00:00、🌟🚨🔵🌑直通有/キーマン不明,"4,969.02億円（2026年3月期・単体）","○ 自社会社概要。2026年3月期売上高4,969億200万円（単独）。https://corporate.jp.sharp/info/outline/"
001Nn000013SHXR,3011001015116,テルモ株式会社,https://www.terumo.co.jp/,"6: 1,000億円以上",,"4,521.95億円（2026年3月期・単体）","○ Gビズインフォ（EDINET有報）。法人番号3011001015116、2026年3月期売上高452,195百万円。https://info.gbiz.go.jp/hojin/ichiran?hojinBango=3011001015116"
001Nn000013SHXS,8011501009422,日本製紙株式会社,https://www.nipponpapergroup.com/,"6: 1,000億円以上",,"11,926億円（2026年3月期・連結）","○ 自社会社案内。2025年度売上高11,926億円。上場親会社のため連結値を採用。https://www.nipponpapergroup.com/about/corporate/"
001Nn000013SHXT,1010001014427,株式会社共立メンテナンス,https://www.kyoritsugroup.co.jp/,"6: 1,000億円以上",,"2,752.47億円（2026年3月期・連結）","○ 自社会社概要。2026年3月期売上高275,247百万円。上場親会社のため採用。https://www.kyoritsugroup.co.jp/company/profile/"
001Nn000013SHXU,3010001033375,日本総合住生活株式会社,https://www.js-net.co.jp/,"6: 1,000億円以上",,"1,603.16億円（2025年度・単体）","○ 自社会社概要。2025年度売上高160,316百万円。https://www.js-net.co.jp/corporation/history.html"
001Nn000013SHXV,3011001002279,株式会社伊藤園,https://www.itoen.co.jp,"6: 1,000億円以上",,"3,413.10億円（2026年4月期・単体）","○ Gビズインフォ（EDINET有報）。法人番号3011001002279、2026年4月期売上高341,310百万円。https://info.gbiz.go.jp/hojin/ichiran?hojinBango=3011001002279"
001Nn000013SHXX,1010401023102,ＰｗＣコンサルティング合同会社,https://www.pwc.com/jp/ja/,"6: 1,000億円以上",,対象外（合同会社）,× 法人格。直アポ大は株式会社のみ。合同会社のため対象外
001Nn000013SHXY,6010001023786,三菱マテリアル株式会社,https://www.mmc.co.jp/,"6: 1,000億円以上",,"14,312.29億円（2026年3月期・単体）","○ Gビズインフォ（EDINET有報）。法人番号6010001023786、2026年3月期売上高1,431,229百万円。https://info.gbiz.go.jp/hojin/ichiran?hojinBango=6010001023786"
001Nn000013SHXZ,2040001000019,株式会社千葉銀行,https://www.chibabank.co.jp/,"6: 1,000億円以上",,"4,071.49億円（2026年3月期・単体・経常収益）","○ Gビズインフォ（EDINET有報）。銀行の売上高相当指標。2026年3月期経常収益407,149百万円。https://info.gbiz.go.jp/hojin/ichiran?hojinBango=2040001000019"
001Nn000013SHXa,4040001010503,株式会社ＺＯＺＯ,https://corp.zozo.com/,"6: 1,000億円以上",,"2,218.93億円（2026年3月期・単体）","○ 子会社だがGビズインフォ（EDINET有報）で単体を確認。法人番号4040001010503、売上高221,893百万円。https://info.gbiz.go.jp/hojin/ichiran?hojinBango=4040001010503"
001Nn000013SHXb,3180001010829,ＮＧＫ株式会社,https://www.ngk.co.jp/,"6: 1,000億円以上",,"3,548.26億円（2026年3月期・単体）","○ Gビズインフォ（EDINET有報）。法人番号3180001010829、2026年3月期売上高354,826百万円。https://info.gbiz.go.jp/hojin/ichiran?hojinBango=3180001010829"
001Nn000013SHXd,5010001008771,三菱商事株式会社,https://www.mitsubishicorp.com/jp/ja/,"6: 1,000億円以上",,"189,159.95億円（2026年3月期・連結売上収益）","○ 自社決算短信。2026年3月期IFRS連結収益18,915,995百万円。上場親会社のため連結可。https://www.mitsubishicorp.com/jp/ja/ir/library/earnings/pdf/202605j.pdf"
001Nn000013SHXe,3010401025641,株式会社フォーラムエンジニアリング,https://www.forumeng.co.jp/,"5: 300億円以上~1,000億円未満",,346.83億円（2025年3月期・単体）,"○ Gビズインフォ（EDINET有報）。法人番号3010401025641、2025年3月期売上高34,683百万円。https://info.gbiz.go.jp/hojin/ichiran?hojinBango=3010401025641"
001Nn000013SHXf,4110005000419,新潟県厚生農業協同組合連合会,https://www.niigata-kouseiren.or.jp/,"5: 300億円以上~1,000億円未満",,対象外（農業協同組合）,× 法人格。直アポ大は株式会社のみ。農業協同組合のため対象外
001Nn000013SHXg,6010001032696,ＹＫＫ株式会社,https://www.ykk.com/,"6: 1,000億円以上",,"1,127.96億円（2026年3月期・単体）","○ Gビズインフォ（EDINET有報）。法人番号6010001032696、2026年3月期売上高112,796百万円。https://info.gbiz.go.jp/hojin/ichiran?hojinBango=6010001032696"
001Nn000013SHXh,3010001008757,デンカ株式会社,https://www.denka.co.jp/,"6: 1,000億円以上",,"3,004.21億円（2026年3月期・単体）","○ Gビズインフォ（EDINET有報）。法人番号3010001008757、2026年3月期売上高300,421百万円。300億円以上。https://info.gbiz.go.jp/hojin/ichiran?hojinBango=3010001008757"
001Nn000013SHXj,1120001036880,レンゴー株式会社,https://www.rengo.co.jp/,"6: 1,000億円以上",,"3,787.86億円（2026年3月期・単体）","○ Gビズインフォ（EDINET有報）。法人番号1120001036880、2026年3月期売上高378,786百万円。https://info.gbiz.go.jp/hojin/ichiran?hojinBango=1120001036880"
001Nn000013SHXk,2390001001089,第一貨物株式会社,http://www.daiichi-kamotsu.co.jp/,"5: 300億円以上~1,000億円未満",,774.48億円（2026年3月期・単体）,○ 自社会社概要。株主はディー・ティー・ホールディングスだが、第一貨物自身の売上高774億48百万円を開示。https://www.daiichi-kamotsu.co.jp/company/profile/
001Nn000013SHXl,5020001090389,株式会社アルプス技研,https://www.alpsgiken.co.jp/,"5: 300億円以上~1,000億円未満",,406.94億円（2025年12月期・単体）,"○ 自社会社概要/Gビズインフォ。単体売上高40,693,530千円（406.9353億円）。https://www.alpsgiken.co.jp/corporate/outline.html"
001Nn000013SHXn,4011101069093,株式会社サブライム,,"6: 1,000億円以上",,確認不可,△ 法人番号4011101069093。Gビズインフォ・公式情報・官報/決算公告を検索したが、直近3期の承認ソースで売上高を確認できず。https://info.gbiz.go.jp/hojin/ichiran?hojinBango=4011101069093
001Nn000013SHXp,6010001034494,株式会社アクティオ,https://www.aktio.co.jp/,"6: 1,000億円以上",,確認不可,"△ 子会社。自社HPの2025年12月期3,739.06億円は連結値。アクティオHD傘下のため単体売上が必要だが、承認ソースで単体を確認できず。https://www.aktio.co.jp/company/outline_aktio.html"
001Nn000013SHXq,9011001035372,株式会社大京アステージ,https://www.daikyo-astage.co.jp/,"5: 300億円以上~1,000億円未満",,確認不可,△ 子会社。自社HP・Gビズインフォ・決算公告を確認したが、直近3期の大京アステージ単体売上高を承認ソースで確認できず。https://info.gbiz.go.jp/hojin/ichiran?hojinBango=9011001035372
001Nn000013SHXr,8010001140514,三井不動産リアルティ株式会社,https://www.mf-realty.jp/,"6: 1,000億円以上",,確認不可,"△ 子会社。自社会社概要の2025年度210,516百万円は連結値。三井不動産傘下のため単体売上が必要だが、承認ソースで単体値を確認できず。https://www.mf-realty.jp/corp/outline/"
001Nn000013SHXs,2010601029542,ＢＩＰＲＯＧＹ株式会社,https://www.biprogy.com/,"6: 1,000億円以上",,"2,426.34億円（2026年3月期・単体）","○ Gビズインフォ（EDINET有報）。法人番号2010601029542、2026年3月期売上高242,634百万円。https://info.gbiz.go.jp/hojin/ichiran?hojinBango=2010601029542"
001Nn000013SHXt,1011002010794,株式会社日本管財,,"5: 300億円以上~1,000億円未満",,確認不可,△ 法人番号1011002010794（東京都渋谷区）。Gビズインフォ・公的法人情報・決算公告を確認したが、直近3期売上高の承認ソースなし。同名他社と混同せず判定。
001Nn000013SHXu,8010401050511,株式会社ジェーシービー,https://www.global.jcb/ja/,"5: 300億円以上~1,000億円未満",☢,確認不可,△ 自社HP・Gビズインフォ・官報/決算公告を検索したが直近3期の承認ソース売上高を確認できず。民間求人サイトの数値は不採用。https://www.global.jcb/ja/about-us/company/overview/index.html
001Nn000013SHXv,8010001133757,カルビー株式会社,https://www.calbee.co.jp/,"6: 1,000億円以上",,"2,270.94億円（2026年3月期・単体）","○ Gビズインフォ（EDINET有報）。法人番号8010001133757、2026年3月期売上高227,094百万円。https://info.gbiz.go.jp/hojin/ichiran?hojinBango=8010001133757"
001Nn000013SHXw,4120001216273,ダイヤモンドエレクトリックホールディングス株式会社,https://www.diaelec-hd.co.jp/,"5: 300億円以上~1,000億円未満",,967.68億円（2026年3月期・連結）,"○ JPX決算短信。2026年3月期連結売上高96,768百万円。持株会社のため連結可。https://www2.jpx.co.jp/disc/66990/140120260513530819.pdf"
001Nn000013SHXy,6080101016023,株式会社星野リゾート・マネジメント,,"6: 1,000億円以上",,確認不可,△ 法人番号6080101016023。自社関連情報・Gビズインフォ・官報/決算公告を検索したが、直近3期の承認ソース売上高を確認できず。https://info.gbiz.go.jp/hojin/ichiran?hojinBango=6080101016023
001Nn000013SHXz,8010001034740,味の素株式会社,https://www.ajinomoto.co.jp/,"6: 1,000億円以上",◆07/09(木)、定時00:00,"3,177.57億円（2026年3月期・単体）","○ Gビズインフォ（EDINET有報）。法人番号8010001034740、2026年3月期売上高317,757百万円。https://info.gbiz.go.jp/hojin/ichiran?hojinBango=8010001034740"
001Nn000013SHY0,9010001098116,株式会社ＵＡＣＪ,https://www.uacj.co.jp/,"6: 1,000億円以上",,"4,062.09億円（2026年3月期・単体）","○ Gビズインフォ（EDINET有報）。法人番号9010001098116、2026年3月期売上高406,209百万円。https://info.gbiz.go.jp/hojin/ichiran?hojinBango=9010001098116"
001Nn000013SHY1,9010001066980,マイクロンメモリジャパン株式会社,https://jp.micron.com/,"6: 1,000億円以上",,確認不可,△ 子会社。法人番号9010001066980。自社HP・Gビズインフォ・官報/決算公告を検索したが、マイクロンメモリジャパン単体の承認ソース売上高を確認できず。民間求人サイト数値は不採用。
001Nn000013SHY2,2010001133878,ＪＸ金属株式会社,https://www.jx-nmm.com/,"6: 1,000億円以上",,"8,846.38億円（2026年3月期・連結）","○ 自社IR/EDINET有報。2026年3月期連結売上高884,638百万円。上場会社として連結値を採用。https://www.jx-nmm.com/ir/performance.html"
001Nn000013SHY3,6010601040090,株式会社ミライト・ワン,https://www.mirait-one.com,"6: 1,000億円以上",,"2,316.02億円（2026年3月期・単体）","○ Gビズインフォ（EDINET有報）。法人番号6010601040090、2026年3月期売上高231,602百万円。https://info.gbiz.go.jp/hojin/ichiran?hojinBango=6010601040090"
001Nn000013SHY4,9010001045803,日鉄ソリューションズ株式会社,https://www.nssol.nipponsteel.com/,"6: 1,000億円以上",,"3,013.41億円（2026年3月期・単体）","○ 子会社だがGビズインフォ（EDINET有報）で単体を確認。法人番号9010001045803、2026年3月期売上高301,341百万円。https://info.gbiz.go.jp/hojin/ichiran?hojinBango=9010001045803"
001Nn000013SHY5,2290001034974,株式会社プレナス,https://www.plenus.co.jp/,"6: 1,000億円以上",,"1,804.96億円（2026年2月期・連結）","○ 自社決算状況リリース。2026年2月期連結売上高180,496百万円。親会社のため連結値を採用。https://www.plenus.co.jp/files/optionallink/00003251_file.pdf"
001Nn000013SHY6,3010401051200,ＳＣＳＫサービスウェア株式会社,https://www.scskserviceware.co.jp/,"5: 300億円以上~1,000億円未満",,363.57億円（2026年3月期・単体）,"○ 子会社だが自社決算情報で対象法人の2026年3月期売上36,357百万円を確認。https://www.scskserviceware.co.jp/company/financial/"
001Nn000013SHY7,6010001107003,ＥＹストラテジー・アンド・コンサルティング株式会社,https://www.eysc.jp/,"6: 1,000億円以上",⭐／,確認不可,"△ Gビズインフォ・EY公式・官報系を確認。民間転載の第27期決算公告には売上1,155.36億円の表示があるが非承認ソースのため不採用。https://info.gbiz.go.jp/hojin/ichiran?hojinBango=6010001107003"
001Nn000013SHY8,8011001020730,株式会社ベイクルーズ,https://baycrews.co.jp/,"6: 1,000億円以上",,確認不可,"△ 2025年9月にベイクルーズグループHD新設後は子会社。公式会社概要・Gビズインフォを確認したが単体売上の承認ソースなし。求人媒体の1,639億円は不採用。https://baycrews.co.jp/company/profile"
001Nn000013SHY9,4010401043403,アパホテル株式会社,http://www.apahotel.com/,"5: 300億円以上~1,000億円未満",,確認不可,"△ アパグループ公式で2025年11月期グループ連結売上2,667億円は確認できるが、対象はアパホテル株式会社で子会社単体売上が必要。単体承認ソース未確認。https://www.apa.co.jp/newsrelease/190503"
001Nn000013SHYA,3120005004840,医療法人医誠会,https://www.iseikaihp.or.jp/,"5: 300億円以上~1,000億円未満",,対象外（医療法人）,× 法人格。直アポ大は株式会社のみ。医療法人のため対象外
001Nn000013SHYB,1120001059650,積水化学工業株式会社,https://www.sekisui.co.jp/,"6: 1,000億円以上",,"3,891.98億円（2026年3月期・単体）","○ Gビズインフォ（EDINET有報）。法人番号1120001059650、2026年3月期売上高389,198百万円。https://info.gbiz.go.jp/hojin/ichiran?hojinBango=1120001059650"
001Nn000013SHYC,7120001077358,伊藤忠商事株式会社,https://www.itochu.co.jp/ja/,"6: 1,000億円以上",,"148,230.87億円（2026年3月期・連結売上収益）","○ 自社決算短信。2026年3月期IFRS連結収益14,823,087百万円。親会社のため連結可。https://www.itochu.co.jp/ja/ir/financial_statements/2026/index.html"
001Nn000013SHYD,9011101011216,セントラル警備保障株式会社,https://www.we-are-csp.co.jp/,"5: 300億円以上~1,000億円未満",,609.83億円（2026年2月期・単体）,"○ Gビズインフォ（EDINET有報）で2026年2月期単体売上高60,983百万円を確認。https://info.gbiz.go.jp/hojin/ichiran?hojinBango=9011101011216"
001Nn000013SHYF,7120105006799,社会医療法人生長会,http://www.seichokai.or.jp,"5: 300億円以上~1,000億円未満",,対象外（医療法人）,× 法人格。直アポ大は株式会社のみ。医療法人のため対象外
001Nn000013SHYG,1040005001088,医療法人社団誠馨会,https://www.ccmc.seikei-kai.or.jp/,"5: 300億円以上~1,000億円未満",,対象外（医療法人）,× 法人格。直アポ大は株式会社のみ。医療法人のため対象外
001Nn000013SHYH,6021001036307,神奈川中央交通株式会社,http://www.kanachu.co.jp/,"6: 1,000億円以上",,519.74億円（2026年3月期・単体）,"○ Gビズインフォ（EDINET有報）。法人番号6021001036307、2026年3月期売上高51,974百万円。https://info.gbiz.go.jp/hojin/ichiran?hojinBango=6021001036307"
001Nn000013SHYI,9030001035744,株式会社流通サービス,https://www.ryutsu.co.jp/,"5: 300億円以上~1,000億円未満",,308億円（2026年3月期・単体）,○ 自社企業概要。2026年3月期売上高308億円。https://www.ryutsu.co.jp/company/outline/
001Nn000013SHYJ,3070001003513,株式会社群馬銀行,https://www.gunmabank.co.jp/,"6: 1,000億円以上",ヤナギダタツヤ0707,"2,242.31億円（2026年3月期・単体・経常収益）","○ Gビズインフォ（EDINET有報）。銀行の売上高相当指標。2026年3月期経常収益224,231百万円。https://info.gbiz.go.jp/hojin/ichiran?hojinBango=3070001003513"
001Nn000013SHYK,2011001062142,ユナイテッドアローズ株式会社,https://www.united-arrows.co.jp/,"6: 1,000億円以上",,"1,646.03億円（2026年3月期・連結）","○ 自社会社概要。2026年3月期連結売上高164,603百万円。親会社のため連結値を採用。https://www.united-arrows.co.jp/about/company-info/"
001Nn000013SHYL,5030005003016,医療法人社団東光会,,"5: 300億円以上~1,000億円未満",,対象外（医療法人）,× 法人格。直アポ大は株式会社のみ。医療法人のため対象外
001Nn000013SHYM,6120001059605,株式会社朝日新聞社,https://www.asc-g.co.jp/,"6: 1,000億円以上",,"1,758.91億円（2025年3月期・単体）","○ Gビズインフォ（EDINET有報）。法人番号6120001059605、2025年3月期売上高175,891百万円。https://info.gbiz.go.jp/hojin/ichiran?hojinBango=6120001059605"
001Nn000013SHYN,4430005001450,医療法人渓仁会,https://www.keijinkai.com/teine/,"5: 300億円以上~1,000億円未満",ナカムラシュント,対象外（医療法人）,× 法人格。直アポ大は株式会社のみ。医療法人のため対象外
001Nn000013SHYO,3040005015656,医療法人鉄蕉会,http://www.kameda.com/,"5: 300億円以上~1,000億円未満",,対象外（医療法人）,× 法人格。直アポ大は株式会社のみ。医療法人のため対象外
001Nn000013SNyd,7370001003347,小松物産株式会社,https://www.komatsu-bussan.co.jp/,"5: 300億円以上~1,000億円未満",,確認不可,△ 自社HP・Gビズインフォ・官報系を確認。民間求人/決算集約には2025～2026年で332～353億円の表示があるが非承認ソースのため不採用。https://www.komatsu-bussan.co.jp/company/
001Nn000013SNyg,2120001031204,津田産業株式会社,https://www.tsuda.co.jp/profile.html,"5: 300億円以上~1,000億円未満",,確認不可,△ 自社HP・Gビズインフォ・官報/決算公告を確認したが、直近3期の承認ソースで売上高を確認できず。https://info.gbiz.go.jp/hojin/ichiran?hojinBango=2120001031204
001Nn000013SPsQ,8120101026486,株式会社エムジェイテック,http://www.mjtec.co.jp/,"6: 1,000億円以上",,確認不可,△ 自社HP・Gビズインフォ・官報/決算公告を確認したが、直近3期の承認ソース売上高を確認できず。法人番号8120101026486。https://info.gbiz.go.jp/hojin/ichiran?hojinBango=8120101026486
001Nn000013SX1q,7010701011833,ニチモウ株式会社,https://www.nichimo.co.jp/company/outline/,"6: 1,000億円以上",,771.49億円（2026年3月期・単体）,"○ Gビズインフォ（EDINET有報）。法人番号7010701011833、2026年3月期売上高77,149百万円。https://info.gbiz.go.jp/hojin/ichiran?hojinBango=7010701011833"
001Nn000013Sb7L,2011601006770,株式会社ミリオンインターナショナル,https://www.million777.co.jp/,"5: 300億円以上~1,000億円未満",,【300億未満】296億円（2025年7月期・グループ）,× 300億未満。自社会社概要。令和7年7月期グループ年商296億円。親会社としてグループ値を採用。https://www.million777.co.jp/company/corporate/
001Nn000013Sb7N,2030002122630,有限会社森林スマイル企画,http://www.sin-smile.com/,"6: 1,000億円以上",,対象外（有限会社）,× 法人格。直アポ大は株式会社のみ。有限会社のため対象外
001Nn000013Sb7O,2040001026212,株式会社国際技術コンサルタンツ,https://kokusai-jiban.co.jp/,"5: 300億円以上~1,000億円未満",,確認不可,△ 法人番号2040001026212。自社HP・Gビズインフォ・公的調達/官報系を確認したが、直近3期の承認ソース売上高を確認できず。https://info.gbiz.go.jp/hojin/ichiran?hojinBango=2040001026212
001Nn000013Sb7R,2090002014244,有限会社原林業,http://rinhara.jp/,"5: 300億円以上~1,000億円未満",,対象外（有限会社）,× 法人格。直アポ大は株式会社のみ。有限会社のため対象外
001Nn000013Sb7S,2120001101411,株式会社アースクリエイト,http://www.earthcreate.com/contents/company/,"5: 300億円以上~1,000億円未満",,確認不可,△ 常石グループ傘下の子会社。自社HP・Gビズインフォ・官報系を確認したが、対象法人単体の直近3期売上高を承認ソースで確認できず。http://www.earthcreate.com/contents/company/
001Nn000013Sb7d,3011101037398,野村不動産ホールディングス株式会社,https://www.nomura-re-hd.co.jp/company/outline.html,"6: 1,000億円以上",,"9,425億円（2026年3月期・連結）","○ 自社IR財務ハイライト。2026年3月期連結売上高9,425億円。持株会社のため連結値を採用。https://www.nomura-re-hd.co.jp/ir/finance/highlight.html"
001Nn000013Sb7e,3020001042251,株式会社経理パートナーズ,https://keiri.co.jp/about_company/,"5: 300億円以上~1,000億円未満",,確認不可,△ 法人番号3020001042251。自社会社概要・Gビズインフォ・官報/決算公告を確認したが、直近3期の承認ソース売上高を確認できず。https://keiri.co.jp/about_company/
001Nn000013Sb7o,4011601000680,市田化学株式会社,https://www.ichichem.com/,"5: 300億円以上~1,000億円未満",✖TOKIUM✖,確認不可,△ 法人番号4011601000680。自社HP・Gビズインフォ・公的求人/官報系を確認したが直近3期の売上高を承認ソースで確認できず。https://www.ichichem.com/
001Nn000013Sb7z,5010401052816,株式会社全検ソリューションズ,https://zsol.co.jp/corporate_zsol/,"5: 300億円以上~1,000億円未満",,確認不可,△ 法人番号5010401052816。自社HP・Gビズインフォ・決算公告系を確認したが、直近3期の承認ソース売上高を確認できず。https://zsol.co.jp/corporate_zsol/
001Nn000013Sb8B,6120001163811,株式会社Ｎ‐ＳＭＡＲＴ,https://medi-ts.com,"5: 300億円以上~1,000億円未満",,確認不可,△ 法人番号6120001163811。Gビズインフォで旧事業所名含め照合。自社HP・公的情報・官報系を確認したが直近3期売上高の承認ソースなし。https://info.gbiz.go.jp/hojin/ichiran?hojinBango=6120001163811
001Nn000013Sb8D,6180002056645,有限会社スタッフアドバンス,http://www.staff-advance.jp/,"5: 300億円以上~1,000億円未満",,対象外（有限会社）,× 法人格。直アポ大は株式会社のみ。有限会社のため対象外
001Nn000013Sb8E,6290001037131,リライアンス株式会社,https://www.e-reliance.com/,"5: 300億円以上~1,000億円未満",✖TOKIUM✖,確認不可,△ 法人番号6290001037131・福岡県宗像市の同名法人。自社HP・Gビズインフォ/法人情報・官報系を確認したが直近3期の承認ソース売上高なし。同名他社と混同せず判定。
001Nn000013Sb8T,7340002022159,出水愛林有限会社,https://www.izumiairin.com/,"5: 300億円以上~1,000億円未満",,対象外（有限会社）,× 法人格。直アポ大は株式会社のみ。有限会社のため対象外
001Nn000013Sb8d,8120001034993,斎光産業株式会社,https://seiko-sangyo.work/,"5: 300億円以上~1,000億円未満",,確認不可,△ 自社会社案内・法人番号8120001034993の公的法人情報・官報系を確認したが直近3期売上高の承認ソースなし。https://seiko-sangyo.work/company/
001Nn000013Sb8k,8290001047079,株式会社足達木材,http://adachimokuzai.com/,"6: 1,000億円以上",,確認不可,△ 法人番号8290001047079・福岡県八女市。Gビズインフォ・自社関連情報・官報系を確認したが直近3期売上高の承認ソースを確認できず。https://info.gbiz.go.jp/hojin/ichiran?hojinBango=8290001047079
001Nn000013Sb8l,8370001004831,株式会社オヤマ経営,https://www.oyama-ac.co.jp/,"5: 300億円以上~1,000億円未満",,確認不可,△ 自社グループ会社案内・法人番号8370001004831の公的法人情報を確認したが、直近3期の承認ソース売上高なし。https://www.oyama-ac.co.jp/corp/info.html
001Nn000013Sb8m,9010501020958,株式会社オーテクノコーポレーション,https://www.o-techno.co.jp/,"5: 300億円以上~1,000億円未満",,確認不可,△ 法人番号9010501020958。Gビズインフォ・厚労省公的情報・公式サイト関連を確認したが、直近3期売上高の承認ソースなし。https://info.gbiz.go.jp/hojin/ichiran?hojinBango=9010501020958
001Nn000013Sb8o,9010901016614,株式会社マモル,https://mmr-corp.jp/about/,"5: 300億円以上~1,000億円未満",,確認不可,△ マモルHD傘下の子会社。自社HP・Gビズインフォを確認したが対象法人単体の直近3期売上高を承認ソースで確認できず。https://mmr-corp.jp/company.html
001Nn000013ScTd,9290001076250,株式会社フードウェイＨＤ,https://www.foodway.co.jp/company_profile/,"5: 300億円以上~1,000億円未満",,確認不可,△ 持株会社。自社会社情報でフードウェイグループ計約461.3億円を確認するが対象決算期の明記がなく、直近3期の鮮度条件を確定できないため不採用。https://www.foodway.co.jp/company_profile/
001Nn000013ScTq,8040001062326,株式会社辻野,http://www.tsujino.co.jp,"5: 300億円以上~1,000億円未満",,確認不可,△ 法人番号8040001062326。自社HP・Gビズインフォ・2025/2026年決算公告系を確認したが公告は売上高非開示で、直近3期の承認ソース売上高なし。http://www.tsujino.co.jp
001Nn000013ScUA,8010001000890,株式会社ＵＫ,https://www.uk-c.co.jp/company/,"5: 300億円以上~1,000億円未満",,確認不可,△ 法人番号8010001000890。自社HP・Gビズインフォ・官報系を確認したが直近3期の承認ソース売上高なし。民間推定268億円は不採用。https://www.uk-c.co.jp/company/
001Nn000013ScUi,6010401016497,大伸化学株式会社,https://www.daishin-chemical.co.jp/,"5: 300億円以上~1,000億円未満",,345.76億円（2026年3月期・単体）,"○ Gビズインフォ（EDINET有報）。法人番号6010401016497、2026年3月期売上高34,576,474千円。https://info.gbiz.go.jp/hojin/ichiran?hojinBango=6010401016497"
001Nn000013Scxn,5010001167592,株式会社ロンザン,https://ronzan.co.jp/company,"5: 300億円以上~1,000億円未満",,確認不可,△ 法人番号5010001167592。自社HP・公的法人情報・2026年3月期決算公告系を確認したが、承認ソースで売上高を確認できず。https://ronzan.co.jp/company
001Nn000013Scxs,5120001149480,株式会社クリーンズ,https://kk-cleans.co.jp/,"6: 1,000億円以上",,確認不可,△ 自社会社概要・Gビズインフォ・官報系を確認したが直近3期の売上高記載なし。https://kk-cleans.co.jp/company/
001Nn000013Scy5,6060001020993,株式会社環境ラボ,https://kankyolabo.co.jp/,"6: 1,000億円以上",,確認不可,△ 法人番号6060001020993。自社HP・Gビズインフォ・官公庁調達情報を確認したが直近3期売上高の承認ソースなし。民間推定6.179億円は不採用。https://info.gbiz.go.jp/hojin/ichiran?hojinBango=6060001020993
001Nn000013ScyR,8120002069808,株式会社エムアンドエムフーズ,http://mm-foods.net,"5: 300億円以上~1,000億円未満",,確認不可,△ 法人番号8120002069808。自社HP・Gビズインフォ・官報系を確認したが直近3期の承認ソース売上高を確認できず。http://mm-foods.net
001Nn000013Scyr,2021001001074,株式会社渋谷潜水工業,http://www.shibuya-diving.co.jp/publics/index/26/,"6: 1,000億円以上",,確認不可,"△ 自社会社概要・Gビズインフォ/法人情報・官報系を確認したが直近3期売上高を確認できず。公式は資本金2,000万円・従業員56名を開示。https://www.shibuya-diving.co.jp/pages/26/"
001Nn000013Scz2,3430001008608,株式会社青工,https://www.seikoh.jp/gaiyo.html,"6: 1,000億円以上",,確認不可,△ 法人番号3430001008608＝札幌市の株式会社青工を公的情報で照合。SF記載URL/検索上位の青森市同名法人とは別法人。対象法人の直近3期売上高を承認ソースで確認できず。https://info.gbiz.go.jp/hojin/ichiran?hojinBango=3430001008608
001Nn000013Scz6,4011401006358,株式会社モアコーポレーション,https://www.more-sdc.co.jp/company/,"5: 300億円以上~1,000億円未満",,確認不可,△ 自社会社概要・Gビズインフォ・官報系を確認したが、直近3期の承認ソース売上高なし。https://www.more-sdc.co.jp/company/
001Nn000013Scz7,4011501001003,片桐貴金属工業株式会社,http://katagiri-k-k.co.jp/,"5: 300億円以上~1,000億円未満",,確認不可,△ 法人番号4011501001003。自社HP・公的法人情報・官報系を確認したが、直近3期の承認ソース売上高を確認できず。http://katagiri-k-k.co.jp/
001Nn000013SdVh,1050001002254,株式会社アンドエスティＨＤ,https://www.adastria.co.jp/,"6: 1,000億円以上",,"3,043.51億円（2026年2月期・連結）","○ 自社決算短信。2026年2月期連結売上高304,351百万円。持株会社のため連結値を採用。https://www.andst-hd.co.jp/"
001Nn000013SdVi,7010401108252,Ｉｎｄｅｅｄ　Ｊａｐａｎ株式会社,https://jp.indeed.com/,"6: 1,000億円以上",,確認不可,△ リクルートHD傘下の子会社。Indeed公式・Gビズインフォを確認したが、Indeed Japan株式会社単体の直近3期売上高を承認ソースで確認できず。https://info.gbiz.go.jp/hojin/ichiran?hojinBango=7010401108252
001Nn000013SdVk,1290001038480,株式会社西原商会九州,,"5: 300億円以上~1,000億円未満",,確認不可,△ 西原商会グループの子会社。自社グループ公式・Gビズインフォ・官報系を確認したが、対象法人単体の直近3期売上高を承認ソースで確認できず。https://www.nishihara-shokai.co.jp/
001Nn000013SdVl,3010001098344,パナソニックリビング株式会社,https://panasonic.co.jp/phs/plv/,"5: 300億円以上~1,000億円未満",,確認不可,△ 法人番号3010001098344をGビズインフォで照合。Panasonicグループ傘下の子会社で、同名・類似会社のグループ売上は不採用。対象法人単体の承認ソース売上高を確認できず。
001Nn000013SdVs,1010501004506,株式会社コバヤシ,https://www.kbjapan.co.jp/jpn/company/company,"5: 300億円以上~1,000億円未満",🔵MC:管理本部／管理部／人事総務課 03-3865-5500,406.03億円（2026年3月期・単体）,○ 自社会社概要。2026年3月期売上高406億300万円。https://www.kbjapan.co.jp/jpn/company/company
001Nn000013SdW2,9010401052283,日本サムスン株式会社,http://www.samsung.com/semiconductor/minisite/jp/,"5: 300億円以上~1,000億円未満",,確認不可,△ 法人番号9010401052283の日本サムスン株式会社を照合。Gビズインフォ・公式・官報系を確認。民間官報集約の売上値は非承認のため不採用、承認ソース原本で直近売上高未確認。
001Nn000013SdW7,3340001000870,株式会社ＪＡ食肉かごしま,http://j-syoku.karen-ja.or.jp/,"6: 1,000億円以上",,確認不可,△ 自社公式で令和6年度取扱高478億円は確認できるが、判定基準の「売上高」ではないため不採用。直近3期の売上高を承認ソースで確認できず。http://j-syoku.karen-ja.or.jp/
001Nn000013SdWD,4010001008723,電気興業株式会社,https://denkikogyo.co.jp/corporate/about/,"5: 300億円以上~1,000億円未満",,【300億未満】272.33億円（2026年3月期・単体）,"× 300億未満。Gビズインフォ（EDINET有報）。2026年3月期売上高27,233百万円。https://info.gbiz.go.jp/hojin/ichiran?hojinBango=4010001008723"
001Nn000013SdWO,5270001008515,株式会社いない,https://www.inai.jp,"5: 300億円以上~1,000億円未満",,確認不可,△ 法人番号5270001008515。自社HP・Gビズインフォ・公的法人情報・官報系を確認したが、直近3期の承認ソース売上高を確認できず。https://www.inai.jp
001Nn000013SdWd,7010001049715,ダイアナ株式会社,https://www.dianashoes.co.jp/,"5: 300億円以上~1,000億円未満",,【300億未満】140.43億円（2026年2月期・単体）,× 300億未満。自社会社概要。ダイアナ株式会社の2026年2月決算時実績は売上高140億4339万円。https://www.dianashoes.co.jp/company.php
001Nn000013SdWs,5013301023069,セントケア東京株式会社,https://www.saint-care.com/tokyo/about/,"5: 300億円以上~1,000億円未満",,確認不可,△ セントケアHD傘下の子会社。自社HP・Gビズインフォを確認したが、セントケア東京株式会社単体の直近3期売上高を承認ソースで確認できず。https://www.saint-care.com/tokyo/about/
001Nn000013SdX9,8500001010106,森実運輸株式会社,https://www.morizane.co.jp/,"6: 1,000億円以上",,確認不可,△ 自社会社概要・Gビズインフォ・官報系を確認したが、直近3期の承認ソース売上高を確認できず。https://www.morizane.co.jp/company/about/
001Nn000013SdXA,5430001009629,大丸株式会社,http://www.daimaru-inc.com/,"5: 300億円以上~1,000億円未満",,430.80億円（2025年6月期・単体）,○ 自社会社概要。令和7年6月期売上高430億8千万円。http://www.daimaru-inc.com/
001Nn000013SdXB,4010401005007,ＮＴＴＰＣコミュニケーションズ株式会社,https://www.nttpc.co.jp/company/about/overview.html,"5: 300億円以上~1,000億円未満",／,499億円（2026年3月期・単体）,○ 子会社だが自社会社概要で対象法人自身の売上高499億円（2026年3月期）を開示。https://www.nttpc.co.jp/company/about/overview.html
001Nn000013SdXc,2010001004773,株式会社イノメディックス,https://www.innomedics.co.jp/company.html,"5: 300億円以上~1,000億円未満",🔵MC:管理本部／総務人事部 03-3814-3678（旧直通:新代表03-3814-3647） ｜ 【属性】🧸/👤情シス/DX：💰・管理本部財務経理部財務グループ/グループ長/寒川 直美/※1 💰・情報システム部/部長/舩越 義雅/※2 💰・情報システム部/グループ長/衞藤 拓/※2 💰・情報システム部/非開示/作山 博哉/※2,752億円（2024年10月時点・単体）,○ 自社会社案内でAnnual Sales 75.2 billion yen（Oct. 2024）を確認。対象法人自身の売上。https://www.innomedics.co.jp/
001Nn000013SdXd,2150001012449,岡本株式会社,https://www.okamotogroup.com/company/jigyousho/,"5: 300億円以上~1,000億円未満",,498億円（2026年3月期・連結）,○ 自社会社概要。2026年3月期売上高498億円（連結）。グループ親会社のため連結値を採用。https://www.okamotogroup.com/company/
001Nn000013SdXh,5010401031200,株式会社佐藤渡辺,https://watanabesato.co.jp/company/profile/,"5: 300億円以上~1,000億円未満",,【300億未満】272.86億円（2026年3月期・単体）,"× 300億未満。自社2026年3月期決算短信の個別損益計算書で売上高27,285,581千円。https://watanabesato.co.jp/ir/financial_reports/"
001Nn000013SdXq,2270001003832,株式会社日新,https://www.nisshin.gr.jp/company/group/group_nisshin/,"5: 300億円以上~1,000億円未満",,380億円（2026年3月末実績・単体）,○ 自社グループ会社ページ。株式会社日新の2026年3月末実績売上高380億円。https://www.nisshin.gr.jp/company/group/group_nisshin/
001Nn000013SdY2,9011101026701,株式会社パラッツォ,http://www.palazzo.co.jp/,"6: 1,000億円以上",,確認不可,"△ パラッツォ東京プラザグループの構成会社。公式グループ年商1,166億円は対象法人単体ではないため不採用。Gビズインフォでも単体売上未確認。https://info.gbiz.go.jp/hojin/ichiran?hojinBango=9011101026701"
001Nn000013SdYB,6380001001499,福島トヨタ自動車株式会社,https://www.fukushima-toyota.co.jp/corporate,"5: 300億円以上~1,000億円未満",🔵MC:総務部／人事課 024-546-6135（旧直通:💰総務部：024-546-2000） ｜ ★V 07/13〈月〉、定時00:00、🔵🌑✳✡🔥,328億円（2026年3月期・単体）,○ 自社企業情報。2026年3月期年間売上高328億円。https://www.fukushima-toyota.co.jp/corporate
001Nn000013SdYL,5130001019815,石黒メディカルシステム株式会社,http://www.ishiguro-medical.jp/company/office/kyoto.html,"5: 300億円以上~1,000億円未満",⭐／,559億円（2025年実績・単体）,○ 自社採用情報「最近の業績」で2025年559億円を確認。https://www.ishiguro-medical.jp/recruit/new-face.html
001Nn000013SdYS,1240001024816,富士メディカル株式会社,http://www.yachiyokai.com,"5: 300億円以上~1,000億円未満",,確認不可,△ 法人番号1240001024816。Gビズインフォ・関連公式サイト・官報/公的情報を確認したが、直近3期の承認ソース売上高を確認できず。https://info.gbiz.go.jp/hojin/ichiran?hojinBango=1240001024816
001Nn000013SdYr,2010001086952,リシュモンジャパン合同会社,http://www.richemont.com,"6: 1,000億円以上",,対象外（合同会社）,× 法人格。直アポ大は株式会社のみ。合同会社のため対象外
001Nn000013SdYu,1010001019483,株式会社ジェイエイシーリクルートメント,https://corp.jac-recruitment.jp/about/corporate_outline/,"5: 300億円以上~1,000億円未満",,460.89億円（2025年12月期・連結）,"○ 自社IR。FY2025売上高46,089百万円。上場親会社のため連結値を採用。https://ir.jac-recruitment.jp/ja/investors/finance.html"
001Nn000013SdYw,1170001005113,エバグリーン廣甚株式会社,http://www.hirooka-g.co.jp/,"5: 300億円以上~1,000億円未満",,確認不可,"△ 公式会社概要は株式会社廣岡とエバグリーン廣甚株式会社を併記し「売上高1,020億円（2026年2月現在）」を開示。対象法人単体値と確定できないため不採用。https://hirooka-g.co.jp/company/"
001Nn000013SdYx,4180001097758,株式会社西日本宇佐美,https://usami-net.com/content/company/organization/,"6: 1,000億円以上",,"4,941.57億円（2025年9月期・単体）","○ 富山県公式就活サイト。法人情報一致、2025年9月売上高494,157百万円。子会社だが対象法人単体値を公的ソースで確認。https://shukatsu-line.pref.toyama.lg.jp/corporation/3230/info"
001Nn000013SdYy,1010001008734,日産化学株式会社,https://www.nissanchem.co.jp/profile/office.html,"6: 1,000億円以上",,"2,177.65億円（2026年3月期・単体）","○ Gビズインフォ（EDINET有報）。法人番号1010001008734、2026年3月期売上高217,765百万円。https://info.gbiz.go.jp/hojin/ichiran?hojinBango=1010001008734"
001Nn000013SdYz,9011101007115,ＴＢＣグループ株式会社,https://www.tbc.co.jp/company/outline/,"5: 300億円以上~1,000億円未満",ハシモトワタル,確認不可,△ 法人番号9011101007115。自社HP・Gビズインフォ・官報系を確認したが、直近3期の承認ソース売上高を確認できず。民間決算DBは不採用。https://info.gbiz.go.jp/hojin/ichiran?hojinBango=9011101007115
001Nn000013SdZ0,5040001000008,株式会社京葉銀行,https://www.keiyobank.co.jp/aboutus/company/profile,"5: 300億円以上~1,000億円未満",ヤナギダタツヤ0707,"1,075.73億円（2026年3月期・単体・経常収益）","○ Gビズインフォ（EDINET有報）。銀行の売上高相当指標。2026年3月期経常収益107,573百万円。https://info.gbiz.go.jp/hojin/ichiran?hojinBango=5040001000008"
001Nn000013SdZ1,8010001002136,共同印刷株式会社,https://www.kyodoprinting.co.jp/company-profile/org.html,"5: 300億円以上~1,000億円未満",,882.14億円（2026年3月期・単体）,"○ Gビズインフォ（EDINET有報）。法人番号8010001002136、2026年3月期売上高88,214百万円。https://info.gbiz.go.jp/hojin/ichiran?hojinBango=8010001002136"
001Nn000013SdZ2,6030001002490,株式会社武蔵野銀行,https://www.musashinobank.co.jp/company/profile/,"5: 300億円以上~1,000億円未満",ヤナギダタツヤ0707,923.95億円（2026年3月期・単体・経常収益）,"○ Gビズインフォ（EDINET有報）。銀行の売上高相当指標。2026年3月期経常収益92,395百万円。https://info.gbiz.go.jp/hojin/ichiran?hojinBango=6030001002490"
001Nn000013SdZ4,4180001037961,株式会社中日新聞社,https://www.chunichi.co.jp,"6: 1,000億円以上",,990.79億円（2025年3月期・単体）,"○ 自社採用会社概要。2025年3月期売上高990億7,900万円。https://static.chunichi.co.jp/chunichi/pages/info/annai/corporate/index.html"
001Nn000013SdZ5,6140001010383,株式会社ノーリツ,https://www.noritz.co.jp/company/about/outline/data.html,"6: 1,000億円以上",,"1,258.80億円（2025年12月期・単体）","○ Gビズインフォ（EDINET有報）。2025年12月期売上高125,880百万円。https://info.gbiz.go.jp/hojin/ichiran?hojinBango=6140001010383"
001Nn000013SdZ7,8120001077530,阪和興業株式会社,https://www.hanwa.co.jp/company/outline.html,"6: 1,000億円以上",◆07/09(木)、定時00:00,"19,281.55億円（2026年3月期・単体）","○ Gビズインフォ（EDINET有報）。2026年3月期売上高1,928,155百万円。https://info.gbiz.go.jp/hojin/ichiran?hojinBango=8120001077530"
001Nn000013SdZ8,4011001018621,株式会社白洋舎,https://www.hakuyosha.co.jp/,"5: 300億円以上~1,000億円未満",,348.81億円（2025年12月期・単体）,"○ Gビズインフォ（EDINET有報）。2025年12月期売上高34,881百万円。https://info.gbiz.go.jp/hojin/ichiran?hojinBango=4011001018621"
001Nn000013SdZ9,6011101015161,東京ビジネスサービス株式会社,https://www.tbs-net.co.jp/company/access/,"5: 300億円以上~1,000億円未満",,確認不可,△ 自社会社概要・Gビズインフォ・官報/公的調達情報を確認したが、直近3期の承認ソース売上高を確認できず。https://www.tbs-net.co.jp/aboutus.html
001Nn000013SdZB,3240001010566,株式会社フレスタ,http://www.fresta.co.jp,"6: 1,000億円以上",,870.11億円（2025年2月期・単体）,○ 広島県公式リスキリング事例の企業プロフィール。株式会社フレスタ売上高870億1100万円（2025年2月期）。https://www.pref.hiroshima.lg.jp/site/hcm-reskilling/jirei2.html
001Nn000013SdZC,6470001000203,株式会社百十四銀行,https://www.114bank.co.jp/company/about_114bank/,"5: 300億円以上~1,000億円未満",ヤナギダタツヤ0707,995.91億円（2026年3月期・単体・経常収益）,"○ Gビズインフォ（EDINET有報）。銀行の売上高相当指標。2026年3月期経常収益99,591百万円。https://info.gbiz.go.jp/hojin/ichiran?hojinBango=6470001000203"
001Nn000013SdZF,3180001068099,株式会社ホンダモビリティ中部,https://www.hondamobility-chubu.com/,"6: 1,000億円以上",🌳★08/13(木)、定時00:00、🌟🚨✳✡🌅,"1,590.47億円（2025年3月期・単体）","○ 子会社だが自社会社概要で対象法人の売上高1,590億4,736万円（2025年3月決算期）を確認。https://www.hondamobility-chubu.com/corporate/company.html"
001Nn000013SdZG,6120001077615,日本ハム株式会社,https://www.nipponham.co.jp/,"6: 1,000億円以上",,"8,646.37億円（2026年3月期・単体）","○ Gビズインフォ（EDINET有報）。2026年3月期売上高864,637百万円。https://info.gbiz.go.jp/hojin/ichiran?hojinBango=6120001077615"
001Nn000013SdZH,4360005000419,社会医療法人友愛会,,"5: 300億円以上~1,000億円未満",,対象外（医療法人）,× 法人格。直アポ大は株式会社のみ。医療法人のため対象外
001Nn000013SdZK,6010701008888,プリマハム株式会社,http://www.primaham.co.jp,"6: 1,000億円以上",,"3,531.69億円（2026年3月期・単体）","○ Gビズインフォ（EDINET有報）。2026年3月期売上高353,169百万円。https://info.gbiz.go.jp/hojin/ichiran?hojinBango=6010701008888"
001Nn000013SdZL,3420001005928,株式会社サンデー,https://www.sunday.co.jp/company,"5: 300億円以上~1,000億円未満",,465.87億円（2025年2月期・単体）,"○ Gビズインフォ（EDINET有報）。2025年2月期売上高46,587,476千円。https://info.gbiz.go.jp/hojin/ichiran?hojinBango=3420001005928"
001Nn000013SdZM,1011101017880,株式会社ビームス,https://beamscreative.jp/company/,"5: 300億円以上~1,000億円未満",／,確認不可,△ ビームスHD傘下の子会社。公式グループ会社ページ・Gビズインフォを確認したが、株式会社ビームス単体の直近3期売上高を承認ソースで確認できず。Wikipedia等の値は不採用。https://www.beams.co.jp/company/about/
001Nn000013SdZQ,4011101001064,株式会社アデランス,https://www.aderans.co.jp/corporate/company/profile/,"5: 300億円以上~1,000億円未満",,793.59億円（2026年2月期・連結）,"○ 自社会社概要。2026年2月期連結売上高79,359百万円。子会社管理も行うグループ親会社のため連結値を採用。https://www.aderans.co.jp/corporate/english/company/profile/"
001Nn000013SdZR,8120001049050,大阪トヨペット株式会社,https://www.osaka-toyopet.jp/company/,"6: 1,000億円以上",,確認不可,"△ 自社HP・Gビズインフォ・官報原典検索を確認。民間公告集約では2026年3月期2,297億円の表示があるが、承認ソース原本を取得できないため不採用。https://info.gbiz.go.jp/hojin/ichiran?hojinBango=8120001049050"
001Nn000013SdZT,2011101077486,株式会社モンテローザフーズ,http://www.monteroza.co.jp/index.html,"5: 300億円以上~1,000億円未満",,確認不可,△ 厚労省ハローワークで株式会社モンテローザの100%出資子会社と確認。対象法人単体の直近3期売上高を公式・Gビズインフォ等で確認できず。https://info.gbiz.go.jp/hojin/ichiran?hojinBango=2011101077486
001Nn000013SdZY,9470001002700,株式会社タダノ,https://www.tadano.co.jp/company/locations/takmap.html,"6: 1,000億円以上",,"1,883.92億円（2025年12月期・単体）","○ Gビズインフォ（EDINET有報）。2025年12月期売上高188,392百万円。https://info.gbiz.go.jp/hojin/ichiran?hojinBango=9470001002700"
001Nn000013SdZc,6011201005310,南日本運輸倉庫株式会社,https://mtls.co.jp/company/,"5: 300億円以上~1,000億円未満",,約500億円（2025年3月末・連結）,○ 自社会社案内。対象会社の売上高は単体約270億円、連結約500億円（2025年3月末）。グループ親会社のため連結値を採用。https://mtls.co.jp/company/
001Nn000013SdZd,3120001004340,丸大食品株式会社,http://www.marudai.jp/corporate/index.html,"6: 1,000億円以上",,確認不可,"△ 法人番号3120001004340＝大阪市西成区太子の同名法人。SF記載URLの上場丸大食品（法人番号3120901012046）とは別会社のため、その1,384億円を不採用。対象法人の売上高未確認。"
001Nn000013SdZe,3011101055078,東亜建設工業株式会社,https://www.toa-const.co.jp/company/network/map/honsha.html,"6: 1,000億円以上",,"3,431.90億円（2026年3月期・単体）","○ Gビズインフォ（EDINET有報）。2026年3月期売上高343,190百万円。https://info.gbiz.go.jp/hojin/ichiran?hojinBango=3011101055078"
001Nn000013SdZf,1011501009437,株式会社ＡＤＥＫＡ,https://www.adeka.co.jp/company/sales/honsya.html,"6: 1,000億円以上",,"1,646.59億円（2026年3月期・単体）","○ Gビズインフォ（EDINET有報）。法人番号1011501009437、2026年3月期売上高164,659百万円。https://info.gbiz.go.jp/hojin/ichiran?hojinBango=1011501009437"
001Nn000013SdZg,1180301010019,オーエスジー株式会社,https://www.osg.co.jp/about_us/company/profile.html,"6: 1,000億円以上",,582.21億円（2025年11月期・単体）,"○ Gビズインフォ（EDINET有報）。法人番号1180301010019、2025年11月期売上高58,221百万円。https://info.gbiz.go.jp/hojin/ichiran?hojinBango=1180301010019"
001Nn000013SdZh,4120001077559,美津濃株式会社,https://corp.mizuno.com,"6: 1,000億円以上",,"1,426.36億円（2026年3月期・単体）","○ Gビズインフォ（EDINET有報）。法人番号4120001077559、2026年3月期売上高142,636百万円。https://info.gbiz.go.jp/hojin/ichiran?hojinBango=4120001077559"
001Nn000013SdZi,4110001006378,亀田製菓株式会社,http://www.kamedaseika.co.jp/,"6: 1,000億円以上",,645.83億円（2026年3月期・単体）,"○ Gビズインフォ（EDINET有報）。法人番号4110001006378、2026年3月期売上高64,583百万円。https://info.gbiz.go.jp/hojin/ichiran?hojinBango=4110001006378"
001Nn000013SdZj,5120901015088,アートバンライン株式会社,https://www.artvanlines.co.jp/company/,"5: 300億円以上~1,000億円未満",,493.54億円（2025年9月期・単体）,○ 子会社だが自社会社概要で対象法人自身の売上高493億54百万円（2024年10月〜2025年9月）を確認。https://www.artvanlines.co.jp/company/
001Nn000013SdZk,3011101011642,株式会社ソニー・ミュージックソリューションズ,https://www.sonymusicsolutions.co.jp/s/sms/diary/company/list?ima=5052,"5: 300億円以上~1,000億円未満",,確認不可,△ ソニー・ミュージックエンタテインメント100%子会社。自社会社概要・採用ページ・Gビズインフォ/官報系を確認したが、対象法人単体の直近3期売上高を承認ソースで確認できず。https://www.sonymusicsolutions.co.jp/s/career/company/00
001Nn000013SdZl,9140001010604,フジッコ株式会社,https://www.fujicco.co.jp/corp/company/about.html,"5: 300億円以上~1,000億円未満",,547.97億円（2026年3月期・単体）,"○ Gビズインフォ（EDINET有報）。法人番号9140001010604、2026年3月期売上高54,797百万円。https://info.gbiz.go.jp/hojin/ichiran?hojinBango=9140001010604"
001Nn000013SdZm,3011505000679,城北信用金庫,https://www.shinkin.co.jp/johokubank/branch/br3020.html,"5: 300億円以上~1,000億円未満",オカモトアツキ,対象外（信用金庫）,× 法人格。直アポ大は株式会社のみ。信用金庫のため対象外
001Nn000013SdZn,2130001012236,日本新薬株式会社,https://www.nippon-shinyaku.co.jp/company_profile/profile/,"6: 1,000億円以上",,"1,661.49億円（2026年3月期・単体）","○ Gビズインフォ（EDINET有報）。法人番号2130001012236、2026年3月期売上高166,149百万円。https://info.gbiz.go.jp/hojin/ichiran?hojinBango=2130001012236"
001Nn000013SdZp,7010705000700,城南信用金庫,http://www.jsbank.co.jp/12/1-12-2.html,"5: 300億円以上~1,000億円未満",,対象外（信用金庫）,× 法人格。直アポ大は株式会社のみ。信用金庫のため対象外
001Nn000013SdZq,4011001053180,株式会社ＷＧＬ,https://www.wego.jp/,"5: 300億円以上~1,000億円未満",,確認不可,△ 法人番号4011001053180。Gビズインフォ・公式関連情報・官報系を確認したが直近3期の承認ソース売上高なし。民間就職サイトの362.73億円は禁止ソースのため不採用。https://info.gbiz.go.jp/hojin/ichiran?hojinBango=4011001053180
001Nn000013SdZr,2020005003283,ウエインズトヨタ神奈川労働組合,https://yp-union.com/,"6: 1,000億円以上",,対象外（労働組合）,× 法人格。直アポ大は株式会社のみ。労働組合のため対象外
001Nn000013SdZs,5480001000070,株式会社阿波銀行,https://www.awabank.co.jp/about/gaiyo/,"5: 300億円以上~1,000億円未満",,764.92億円（2026年3月期・単体・経常収益）,"○ Gビズインフォ（EDINET有報）。銀行の売上高相当指標。法人番号5480001000070、2026年3月期経常収益76,492百万円。https://info.gbiz.go.jp/hojin/ichiran?hojinBango=5480001000070"
001Nn000013SdZt,2010001008774,三菱地所株式会社,https://www.mec.co.jp/company/about/,"6: 1,000億円以上",,"17,461.48億円（2026年3月期・連結・営業収益）","○ 自社IR決算資料。2026年3月期連結営業収益1,746,148百万円。不動産会社のトップラインとして確認、親会社のため連結可。https://www.mec.co.jp/ir/library/"
001Nn000013SdZv,4050001009057,株式会社筑波銀行,https://www.tsukubabank.co.jp/profile/about/outline/,"5: 300億円以上~1,000億円未満",,500.58億円（2026年3月期・単体・経常収益）,"○ Gビズインフォ（EDINET有報）。銀行の売上高相当指標。法人番号4050001009057、2026年3月期経常収益50,058百万円。https://info.gbiz.go.jp/hojin/ichiran?hojinBango=4050001009057"
001Nn000013SdZw,5021001031564,日本キャタピラー合同会社,https://www.nipponcat.co.jp/access/headquarters/hq.html,"6: 1,000億円以上",◆07/09(木)、定時00:00,対象外（合同会社）,× 法人格。直アポ大は株式会社のみ。合同会社のため対象外
001Nn000013SdZx,4010001036658,東プレ株式会社,https://www.topre.co.jp/company/profile.html,"6: 1,000億円以上",,"1,705.22億円（2026年3月期・単体）","○ Gビズインフォ（EDINET有報）。法人番号4010001036658、2026年3月期売上高170,522百万円。https://info.gbiz.go.jp/hojin/ichiran?hojinBango=4010001036658"
001Nn000013SdZy,9080101000957,スルガ銀行株式会社,https://www.surugabank.co.jp/surugabank/corporate/profile/,"5: 300億円以上~1,000億円未満",,"1,010.81億円（2026年3月期・単体・経常収益）","○ Gビズインフォ（EDINET有報）。銀行の売上高相当指標。法人番号9080101000957、2026年3月期経常収益101,081百万円。https://info.gbiz.go.jp/hojin/ichiran?hojinBango=9080101000957"
001Nn000013SdZz,9021001026338,株式会社シーイーシー,https://www.cec-ltd.co.jp/corporate/outline.html,"5: 300億円以上~1,000億円未満",,522.26億円（2026年1月期・単体）,"○ Gビズインフォ（EDINET有報）。法人番号9021001026338、2026年1月期売上高52,226百万円。https://info.gbiz.go.jp/hojin/ichiran?hojinBango=9021001026338"
001Nn000013Sda1,9340001000568,株式会社エーコープ鹿児島,https://acoop-ks.co.jp/about,"5: 300億円以上~1,000億円未満",／,604億円（令和6年度・単体）,○ 自社会社概要。株式会社エーコープ鹿児島の令和6年度売上高604億円。https://acoop-ks.co.jp/about
001Nn000013Sda2,4010401090222,郵船ロジスティクス株式会社,https://www.yusen-logistics.com/jp/japan,"6: 1,000億円以上",オガタユウ_2026/07/17,確認不可,△ 日本郵船傘下の子会社。自社HP・Gビズインフォ・親会社IRを確認したが対象法人単体の直近3期売上高を承認ソースで確認できず。民間/求人サイトの数値は不採用。https://info.gbiz.go.jp/hojin/ichiran?hojinBango=4010401090222
001Nn000013Sda3,2180301014885,株式会社ＦＵＪＩ,https://www.fuji.co.jp/company/outline,"6: 1,000億円以上",,"1,496.41億円（2026年3月期・単体）","○ Gビズインフォ（EDINET有報）。法人番号2180301014885、2026年3月期売上高149,641百万円。https://info.gbiz.go.jp/hojin/ichiran?hojinBango=2180301014885"
001Nn000013Sda4,9011501007680,株式会社東京インテリア家具,https://www.tokyointerior.co.jp/company/,"5: 300億円以上~1,000億円未満",,568億円（2024年5月期・単体）,○ 自社採用サイト会社概要。株式会社東京インテリア家具の売上高568億円（令和6年5月期）。https://www.tokyointerior.co.jp/recruit/recruiting_site/about/
001Nn000013Sda5,1010401025874,株式会社フィリップス・ジャパン,https://www.philips.co.jp/,"5: 300億円以上~1,000億円未満",,確認不可,△ Royal Philips日本法人の子会社判定。自社HP・Gビズインフォを確認したが日本法人単体の直近3期売上高なし。2025年180億ユーロはグローバル売上のため不採用。https://info.gbiz.go.jp/hojin/ichiran?hojinBango=1010401025874
001Nn000013SdaB,5120001051819,参天製薬株式会社,https://www.santen.com/ja/about/outline,"6: 1,000億円以上",,"1,717.80億円（2026年3月期・単体）","○ Gビズインフォ（EDINET有報）。法人番号5120001051819、2026年3月期売上高171,780百万円。https://info.gbiz.go.jp/hojin/ichiran?hojinBango=5120001051819"
001Nn000013SdaC,2010001029969,株式会社毎日新聞社,https://www.mainichi.co.jp/company/tokyo.html,"6: 1,000億円以上",,確認不可,△ 自社会社概要・Gビズインフォ・公式サイト内決算/売上検索を確認したが、直近3期の承認ソース売上高を確認できず。https://info.gbiz.go.jp/hojin/ichiran?hojinBango=2010001029969
001Nn000013SdaD,1020001086473,パイオニア株式会社,https://jpn.pioneer/ja/,"5: 300億円以上~1,000億円未満",,確認不可,"△ 2025年12月からCarUXグループ傘下の子会社。自社公式の2026年3月期2,173億円は連結業績で単体ではないため不採用。直近単体の承認ソース未確認。https://jpn.pioneer/ja/corp/info/outline/"
001Nn000013SdaE,4010601008387,株式会社ソミック石川,https://www.somic.co.jp/about/base/,"5: 300億円以上~1,000億円未満",,687億円（2025年度・単体）,○ 子会社だが自社会社概要で株式会社ソミック石川自身の2025年度売上高687億円を確認。https://www.somic.co.jp/about/information/
001Nn000013SdaF,9130001005893,株式会社イシダ,http://www.ishida.co.jp/ww/jp/overview/,"6: 1,000億円以上",,"1,366.17億円（2026年3月期・単体）","○ 自社会社概要。2026年3月決算、イシダ単体売上高136,617百万円。https://www.ishida.co.jp/ww/jp/overview/"
001Nn000013SdaG,8030001044928,テイ・エステック株式会社,http://www.tstech.co.jp/,"6: 1,000億円以上",,929.85億円（2026年3月期・単体）,"○ Gビズインフォ（EDINET有報）。法人番号8030001044928、2026年3月期売上高92,985百万円。https://info.gbiz.go.jp/hojin/ichiran?hojinBango=8030001044928"
001Nn000013SdaH,8011101023170,栗田工業株式会社,http://www.kurita.co.jp/,"6: 1,000億円以上",◆07/09(木)、定時00:00,"1,574.22億円（2026年3月期・単体）","○ Gビズインフォ（EDINET有報）。法人番号8011101023170、2026年3月期売上高157,422百万円。https://info.gbiz.go.jp/hojin/ichiran?hojinBango=8011101023170"
001Nn000013SdaJ,1030001003329,埼玉トヨペット株式会社,https://www.saitama-toyopet.co.jp/company/companyoutline,"6: 1,000億円以上",ハシモトワタル,"1,311億円（2026年3月期・単体）","○ HD傘下の子会社だが自社会社概要で対象法人自身の2026年3月実績売上高1,311億円を確認。https://www.saitama-toyopet.co.jp/company/companyoutline"
001Nn000013SdaL,4010401082896,株式会社商船三井,https://www.mol.co.jp/corporate/profile/,"6: 1,000億円以上",,"8,960.95億円（2026年3月期・単体）","○ Gビズインフォ（EDINET有報）。法人番号4010401082896、2026年3月期売上高896,095百万円。https://info.gbiz.go.jp/hojin/ichiran?hojinBango=4010401082896"
001Nn000013SdaO,6030005013121,埼玉縣信用金庫,https://www.saishin.co.jp/2023_topics/honchobiru.pdf,"5: 300億円以上~1,000億円未満",,対象外（信用金庫）,× 法人格。直アポ大は株式会社のみ。信用金庫のため対象外
001Nn000013SdaT,3490001010673,株式会社カメラのキタムラ,,"5: 300億円以上~1,000億円未満",🎯360:人事部／組織・人財開発グループ 050-3116-8888,確認不可,△ 法人番号3490001010673、2024年設立の株式会社カメラのキタムラ。公式掲載878.9864億円は2023年3月期で当該法人設立前かつ鮮度条件外のため不採用。https://www.kitamura.co.jp/info/kitamura-camera.html
001Nn000013Sdc5,8230001015280,タワーパートナーズセミコンダクター株式会社,https://www.jp-tpsco.com/company/,"5: 300億円以上~1,000億円未満",,683.36億円（2025年12月期・単体）,"○ 官報。2026年6月9日号外第127号p.86・第12期決算公告、2025年12月期売上高68,336百万円。https://kanpou.npb.go.jp/"
001Nn000013Sdc6,3010701015193,コムチュア株式会社,https://www.comture.com/company/brief.html,"5: 300億円以上~1,000億円未満",,381.09億円（2026年3月期・連結）,"○ 自社会社概要。2026年3月期連結売上高38,109百万円。上場親会社のため連結値を採用。https://www.comture.com/company/brief.html"
001Nn000013SdcA,9010001009832,アース製薬株式会社,https://corp.earth.jp/jp/company/company-profile/index.html,"6: 1,000億円以上",,884.23億円（2025年12月期・単体）,"○ Gビズインフォ（EDINET有報）。法人番号9010001009832、2025年12月期売上高88,423百万円。https://info.gbiz.go.jp/hojin/ichiran?hojinBango=9010001009832"
001Nn000013SdcC,9130005004512,京都信用金庫,https://www.kyoto-shinkin.co.jp/about/overview/,"6: 1,000億円以上",,対象外（信用金庫）,× 法人格。直アポ大は株式会社のみ。信用金庫のため対象外
001Nn000013SdcE,9010401015760,スターゼン株式会社,https://www.starzen.co.jp/company/gaiyo.html,"6: 1,000億円以上",,"4,374.81億円（2026年3月期・単体）","○ Gビズインフォ（EDINET有報）。法人番号9010401015760、2026年3月期売上高437,481百万円。https://info.gbiz.go.jp/hojin/ichiran?hojinBango=9010401015760"
001Nn000013SdcG,7011001106943,ＴＤＩ株式会社,https://www.tdi.co.jp/company/company,"5: 300億円以上~1,000億円未満",,459.15億円（2025年3月期・連結）,"○ 自社会社概要。連結売上高459億1,480万円（2025年3月期）。グループ親会社のため連結値を採用。https://www.tdi.co.jp/company/company/"
001Nn000013SdcH,2070001003514,株式会社東和銀行,https://www.towabank.co.jp/whatstowa/gaiyou.html,"5: 300億円以上~1,000億円未満",,396.34億円（2026年3月期・単体・経常収益）,"○ Gビズインフォ（EDINET有報）。銀行の売上高相当指標。2026年3月期経常収益39,634百万円。https://info.gbiz.go.jp/hojin/ichiran?hojinBango=2070001003514"
001Nn000013SdcI,1180001000443,株式会社サガミホールディングス,https://www.sagami-holdings.co.jp/company/outline/,"5: 300億円以上~1,000億円未満",,393億円（2026年3月期・連結）,○ 自社企業情報。2026年3月時点売上高393億円。持株会社のためグループ連結値を採用。https://www.sagami-holdings.co.jp/company/
001Nn000013SdcJ,3010801008436,東京計器株式会社,https://www.tokyokeiki.jp/company/overview.html,"5: 300億円以上~1,000億円未満",,544.67億円（2026年3月期・単体）,"○ Gビズインフォ（EDINET有報）。法人番号3010801008436、2026年3月期売上高54,467百万円。https://info.gbiz.go.jp/hojin/ichiran?hojinBango=3010801008436"
001Nn000013SdcL,9300001000183,株式会社佐賀銀行,https://www.sagabank.co.jp/ir/profile.html,"5: 300億円以上~1,000億円未満",オカモトアツキ,631.19億円（2026年3月期・単体・経常収益）,"○ Gビズインフォ（EDINET有報）。銀行の売上高相当指標。2026年3月期経常収益63,119百万円。https://info.gbiz.go.jp/hojin/ichiran?hojinBango=9300001000183"
001Nn000013SdcN,2010901005953,キャタピラージャパン合同会社,http://japan.cat.com/,"5: 300億円以上~1,000億円未満",,対象外（合同会社）,× 法人格。直アポ大は株式会社のみ。合同会社のため対象外
001Nn000013SdcO,3490001000435,株式会社キタムラ,https://www.kitamura.co.jp/info/kitamura.html,"6: 1,000億円以上",,確認不可,"△ 法人番号3490001000435。自社公式の売上高878億9,864万円は2023年3月期で最新3期の鮮度条件外。Gビズインフォでも新しい承認ソース売上高を確認できず。https://www.kitamura.co.jp/info/kitamura.html"
001Nn000013SdcP,7130001030118,佐川印刷株式会社,https://www.spcom.co.jp/,"5: 300億円以上~1,000億円未満",,確認不可,"△ 自社HP・Gビズインフォ・公式リリースを確認。2020年の関連会社込1,041.65億円は古く鮮度条件外。直近3期の承認ソース売上高を確認できず。https://www.spcom.co.jp/"
001Nn000013SdcQ,1010401029669,森ビル株式会社,https://www.mori.co.jp/company/profile.html,"6: 1,000億円以上",,"4,111億円（2026年3月期・連結）","○ 自社会社概要。2026年3月期連結売上高4,111億円。グループ親会社のため連結値を採用。https://www.mori.co.jp/company/profile/"
001Nn000013SdcR,1010001034887,日清オイリオグループ株式会社,https://www.nisshin-oillio.com/,"6: 1,000億円以上",,"3,081.31億円（2026年3月期・単体）","○ Gビズインフォ（EDINET有報）。法人番号1010001034887、2026年3月期売上高308,131百万円。https://info.gbiz.go.jp/hojin/ichiran?hojinBango=1010001034887"
001Nn000013SdcS,4010601033105,ＪＦＥシステムズ株式会社,https://www.jfe-systems.com/company/overview.html,"5: 300億円以上~1,000億円未満",,514.57億円（2026年3月期・単体）,"○ 子会社だがGビズインフォ（EDINET有報）で対象法人単体を確認。2026年3月期売上高51,457,336千円。https://info.gbiz.go.jp/hojin/ichiran?hojinBango=4010601033105"
001Nn000013SdcT,9010001127799,株式会社レソリューション,https://www.resolution.co.jp/,"5: 300億円以上~1,000億円未満",,確認不可,△ 自社HP・Gビズインフォ・公的法人情報を確認したが、直近3期の承認ソース売上高を確認できず。自社サイトの「業界No.1」表現は金額開示ではないため不採用。https://www.resolution.co.jp/
001Nn000013SdcU,1120005002334,大阪シティ信用金庫,https://www.osaka-city-shinkin.co.jp/store/001.html,"5: 300億円以上~1,000億円未満",,対象外（信用金庫）,× 法人格。直アポ大は株式会社のみ。信用金庫のため対象外
001Nn000013SdcW,4010001226242,ロジスティード株式会社,https://www.logisteed.com/jp/,"5: 300億円以上~1,000億円未満",,742.13億円（2026年3月期・単体）,"○ LOGISTEED Holdings傘下の子会社だがGビズインフォ（EDINET有報）で単体売上高74,213百万円を確認。https://info.gbiz.go.jp/hojin/ichiran?hojinBango=4010001226242"
001Nn000013SdcX,5470001000427,株式会社穴吹コミュニティ,https://www.anabuki-community.com/company/history.html,"5: 300億円以上~1,000億円未満",,確認不可,△ 子会社。自社HP・Gビズインフォ・決算公告系を確認したが、株式会社穴吹コミュニティ単体の直近3期売上高を承認ソースで確認できず。https://info.gbiz.go.jp/hojin/ichiran?hojinBango=5470001000427
001Nn000013Sdca,7490001000786,株式会社四国銀行,https://www.shikokubank.co.jp/profile/profile.html,"5: 300億円以上~1,000億円未満",ハシモトワタル,682.39億円（2026年3月期・単体・経常収益）,"○ Gビズインフォ（EDINET有報）。銀行の売上高相当指標。2026年3月期経常収益68,239百万円。https://info.gbiz.go.jp/hojin/ichiran?hojinBango=7490001000786"
001Nn000013Sdcd,2180301021007,小島プレス工業株式会社,https://www.kojima-tns.co.jp/company/branch/,"6: 1,000億円以上",,"2,346億円（2025年・単体）","○ 自社会社情報。株式会社小島プレス工業の2025年売上高2,346億円を確認。https://www.kojima-tns.co.jp/company/"
001Nn000013Sdcf,5010001034958,株式会社ＹＵＡＳＡ,https://www.yuasa.co.jp/corporate/data/,"6: 1,000億円以上",,"5,450.27億円（2026年3月期・連結）","○ 自社IR。2026年3月期連結売上高545,027百万円。グループ親会社のため連結値を採用。https://www.yuasa.co.jp/ir/"
001Nn000013Sdcg,9040001000020,株式会社千葉興業銀行,https://www.chibakogyo-bank.co.jp/company/profile.html,"5: 300億円以上~1,000億円未満",ハシモトワタル,601.97億円（2026年3月期・単体・経常収益）,"○ 自社2026年3月期決算短信。銀行の売上高相当指標、単体経常収益60,197百万円。https://www.chibakogyo-bank.co.jp/news/topics/assets/3096.pdf"
001Nn000013Sdch,9340001000031,株式会社新日本科学,https://www.snbl-nds.co.jp/privacy-policy/,"5: 300億円以上~1,000億円未満",,325.24億円（2026年3月期・連結）,"○ JPX決算短信。2026年3月期連結売上高32,524百万円。上場親会社のため連結値を採用。https://www2.jpx.co.jp/disc/23950/140120260510521202.pdf"
001Nn000013Sdci,8120005002336,大阪信用金庫,https://www.osaka-shinkin.co.jp/companyinfo/profile.html,"5: 300億円以上~1,000億円未満",,対象外（信用金庫）,× 法人格。直アポ大は株式会社のみ。信用金庫のため対象外
001Nn000013Sdck,7370001014393,株式会社ネクスコ・トール東北,https://www.e-nexco-tollto.co.jp/,"5: 300億円以上~1,000億円未満",🔵MC:人事部 022-281-9132 ｜ 【属性】🦁/👤情シス/DX：担当：ツチヤ様,確認不可,△ NEXCO東日本系子会社。自社HP・Gビズインフォ・2024年決算公告を確認したが、公告は貸借対照表中心で売上高非開示。直近3期の単体売上高を承認ソースで確認できず。https://info.gbiz.go.jp/hojin/ichiran?hojinBango=7370001014393
001Nn000013Sdco,2500001000005,株式会社愛媛銀行,http://www.himegin.co.jp,"5: 300億円以上~1,000億円未満",ヤナギダタツヤ0707,629.54億円（2026年3月期・単体・経常収益）,"○ Gビズインフォ（EDINET有報）。銀行の売上高相当指標。2026年3月期経常収益62,954百万円。https://info.gbiz.go.jp/hojin/ichiran?hojinBango=2500001000005"
001Nn000013Sdct,3011001043364,株式会社ＩＴＸジャパン,https://www.zara.com/,"5: 300億円以上~1,000億円未満",／🌟🚨,確認不可,△ Inditex傘下の子会社。法人番号3011001043364をGビズインフォで照合。公式・公的情報を確認したがITXジャパン単体の直近3期売上高を承認ソースで確認できず。https://info.gbiz.go.jp/hojin/ichiran?hojinBango=3011001043364
001Nn000013Sdcu,4010001129759,三井不動産ビルマネジメント株式会社,https://www.mfbm.co.jp/corporate/outline/index.html,"5: 300億円以上~1,000億円未満",,331.66億円（2025年度・単体）,"○ 三井不動産傘下の子会社だが、自社会社概要で2025年度売上高33,166百万円を確認。https://www.mfbm.co.jp/corporate/outline/"
001Nn000013Sdcx,9010401064015,日本メドトロニック株式会社,https://www.medtronic.com/jp-ja/about/medtronic-in-japan.html,"5: 300億円以上~1,000億円未満",,確認不可,"△ Medtronic plc傘下の子会社。Gビズインフォで2023年4月期1,110.94億円は確認できるが、直近3期の承認ソース原本を確認できず。民間公告DBの2025年値は不採用。https://info.gbiz.go.jp/hojin/ichiran?hojinBango=9010401064015"
001Nn000013Sdcz,9410001002895,株式会社東京インテリア家具,http://www.tokyointerior.co.jp/store/001/index.html,"5: 300億円以上~1,000億円未満",★08/17(月)、定時00:00、🌟🚨✳✡🌅👤人事👤販促✖リンモチ：フラグ,確認不可,△ 法人番号9410001002895＝秋田県秋田市の株式会社東京インテリア家具。row3353の法人番号9011501007680とは別法人。Gビズインフォ・公的情報で直近3期売上高を確認できず。https://info.gbiz.go.jp/hojin/ichiran?hojinBango=9410001002895
001Nn000013Sdd0,1230001002236,日医工株式会社,https://www.nichiiko.co.jp/company/outline/,"6: 1,000億円以上",,確認不可,"△ 自社HP・Gビズインフォを確認。EDINETの売上高1,380.45億円は2022年3月期で鮮度条件外。直近3期の承認ソース売上高を確認できず。https://info.gbiz.go.jp/hojin/ichiran?hojinBango=1230001002236"
001Nn000013Sdd1,5070001009698,Ｄ’ｓｔａｔｉｏｎ株式会社,http://www.nexus-group.jp/,"6: 1,000億円以上",🔵MC:人事部／採用課 03-5962-8027（旧直通:新代表　0273501818） ｜ 【属性】R/ 👤人事：人事戦略部　採用課　リーダー　河野 楓,"3,751.87億円（2025年6月期・単体、旧NEXUS株式会社）","○ 自社公式決算報告。法人番号同一の旧NEXUS株式会社が2025年9月にD’station株式会社へ商号変更。2025年6月期売上高375,187百万円。https://nexus-group.jp/info/ir_2025.pdf"
001Nn000013Sdd8,4180001007287,株式会社フジトランスコーポレーション,http://www.fujitrans.co.jp/,"5: 300億円以上~1,000億円未満",,確認不可,△ 自社HP・Gビズインフォ・2024年決算公告を確認したが、公告は貸借対照表中心で売上高非開示。直近3期の承認ソース売上高を確認できず。https://info.gbiz.go.jp/hojin/ichiran?hojinBango=4180001007287
001Nn000013SddA,5010001010216,株式会社アペックス,https://www.apex-co.co.jp/profile/profile.html,"5: 300億円以上~1,000億円未満",,372億円（2025年12月期・グループ）,○ 自社会社概要。2025年12月期売上高372億円（アペックス西日本を含む）。対象法人がグループ親会社のため採用。https://www.apex-co.co.jp/profile/profile.html
001Nn000013SddB,9010001024708,トヨタモビリティサービス株式会社,https://t-mobility-s.co.jp/company/,"5: 300億円以上~1,000億円未満",,"1,563億円（2026年3月期・単体）","○ トヨタ自動車傘下の子会社だが、自社採用サイトで対象法人自身の2026年3月期売上高1,563億円を確認。https://t-mobility-s.co.jp/recruit/"
001Nn000013SddF,8340001002581,株式会社タイヨー,https://www.taiyonet.com/company/,"6: 1,000億円以上",,"1,088億円（2026年2月期・単体）","○ 自社会社概要。令和8年2月末売上高1,088億円。https://www.taiyonet.com/company/"
001Nn000013SddG,9010701006154,ディー・エイチ・エル・ジャパン株式会社,https://www.dhl.com/discover/ja-jp,"5: 300億円以上~1,000億円未満",,確認不可,△ DHL Group傘下の子会社。法人番号9010701006154をGビズインフォで照合。自社HP・公的情報を確認したが日本法人単体の直近3期売上高を承認ソースで確認できず。https://info.gbiz.go.jp/hojin/ichiran?hojinBango=9010701006154
001Nn000013SddH,2020005003622,横浜信用金庫,https://www.yokoshin.co.jp/_aboutus/kinko/gaiyou.html,"5: 300億円以上~1,000億円未満",,対象外（信用金庫）,× 法人格。直アポ大は株式会社のみ。信用金庫のため対象外
001Nn000013SddJ,3010601025111,オルガノ株式会社,https://www.organo.co.jp/company/profile-2/,"6: 1,000億円以上",,"1,067.96億円（2026年3月期・単体）","○ Gビズインフォ（EDINET有報）。法人番号3010601025111、2026年3月期売上高106,796百万円。https://info.gbiz.go.jp/hojin/ichiran?hojinBango=3010601025111"
001Nn000013SddL,5010601022833,産業振興株式会社,https://www.sangyoshinko.co.jp/company/profile/,"5: 300億円以上~1,000億円未満",,"1,025億円（2026年3月期・単体）","○ 自社採用サイト「データで見る産業振興」。2026年3月末売上高1,025億円。https://www.sangyoshinko.co.jp/newgraduate_recruit/company/data/"
001Nn000013SddM,5010403006506,シスコシステムズ合同会社,https://www.cisco.com/c/ja_jp/about/corporate-profile.html,"5: 300億円以上~1,000億円未満",,対象外（合同会社）,× 法人格。直アポ大は株式会社のみ。合同会社のため対象外
001Nn000013SddN,6010401020680,株式会社東京エネシス,https://www.qtes.co.jp/company/outline/,"5: 300億円以上~1,000億円未満",,781.77億円（2026年3月期・単体）,"○ Gビズインフォ（EDINET有報）。法人番号6010401020680、2026年3月期売上高78,177百万円。https://info.gbiz.go.jp/hojin/ichiran?hojinBango=6010401020680"
001Nn000013SddS,4380001001146,日東紡績株式会社,http://www.nittobo.co.jp/,"6: 1,000億円以上",,690.21億円（2026年3月期・単体）,"○ Gビズインフォ（EDINET有報）。法人番号4380001001146、2026年3月期売上高69,021百万円。https://info.gbiz.go.jp/hojin/ichiran?hojinBango=4380001001146"
001Nn000013SddV,7420001001915,紅屋商事株式会社,http://www.beny.co.jp/,"5: 300億円以上~1,000億円未満",,確認不可,△ 自社会社概要で約472億円は確認できるが2022年3月期で鮮度条件外。直近3期の承認ソース売上高を確認できず。https://www.beny.co.jp/company_info/outline/
001Nn000013SddX,7140001068512,極東開発工業株式会社,http://www.kyokuto.com/,"6: 1,000億円以上",,699.02億円（2026年3月期・単体）,"○ Gビズインフォ（EDINET有報）。法人番号7140001068512、2026年3月期売上高69,902百万円。https://info.gbiz.go.jp/hojin/ichiran?hojinBango=7140001068512"
001Nn000013Sdda,2080001002886,トヨタユナイテッド静岡株式会社,https://toyota-unitedshizuoka.co.jp/company/outline/,"5: 300億円以上~1,000億円未満",／,確認不可,△ 自社会社概要・Gビズインフォ等を確認したが直近3期の承認ソース売上高を確認できず。求人媒体の2026年3月期854億円は非承認のため不採用。https://toyota-unitedshizuoka.co.jp/company/outline/
001Nn000013Sddb,6020001071355,日本トイザらス株式会社,https://www.toysrus.co.jp/ja-jp/,"6: 1,000億円以上",,確認不可,△ 子会社。自社HP・公的法人情報・官報系を確認。民間官報集約では2025年12月期752.11億円だが非承認ソースのため不採用。承認ソース原本で単体売上未確認。https://www.toysrus.co.jp/ja-jp/
001Nn000013Sddc,6070001019746,東亜工業株式会社,https://www.toaweb.co.jp/company/,"5: 300億円以上~1,000億円未満",,確認不可,△ 東亜バリュークリエーションHD傘下の子会社。自社公式会社概要・公的情報を確認したが、東亜工業株式会社単体の直近3期売上高を承認ソースで確認できず。https://www.toaweb.co.jp/company/
001Nn000013Sddf,9070001016708,株式会社山田製作所,https://www.yamada-s.co.jp/,"5: 300億円以上~1,000億円未満",,381億円（2026年4月1日現在・単体）,○ 自社会社概要。2026年4月1日現在、株式会社山田製作所の売上高は単独381億円。https://www.yamada-s.co.jp/company/outline.html
001Nn000013Sddg,5120001057709,バイエル薬品株式会社,https://www.pharma.bayer.jp/ja/corporate-profile/map,"6: 1,000億円以上",,"2,160億円（2024年度・単体）","○ 子会社だが自社公式会社概要でバイエル薬品株式会社自身の2024年度決算公告売上高2,160億円を確認。https://www.pharma.bayer.jp/ja-jp/about-us/corporate-profile"
001Nn000013Sddh,1010401029009,美和ロック株式会社,https://www.miwa-lock.co.jp/corp/about.html,"5: 300億円以上~1,000億円未満",,471.15億円（2024年度・単体）,"○ 岩手県系公的就業支援サイトの企業情報。美和ロック株式会社の2024年度年商47,115,000,000円。https://www.furusato-i.or.jp/fsystem/fit_search/view_company/128430526"
001Nn000013Sddi,9010001084082,株式会社メガスポーツ,http://www.megasports.jp/,"5: 300億円以上~1,000億円未満",,確認不可,△ イオン100%子会社。自社HP・公的法人情報・官報系を確認。民間官報集約では2026年2月期475.45億円だが非承認ソースのため不採用。承認ソース原本で単体売上未確認。https://www.megasports.jp/corporation/outline/
001Nn000013Sddk,7011101000682,アキレス株式会社,https://www.achilles.jp/company/profile/,"5: 300億円以上~1,000億円未満",,818億円（2026年3月期・連結）,○ 自社会社概要/IR。2026年3月期連結売上高818億円。上場親会社のため連結値を採用。https://www.achilles.jp/company/profile/
001Nn000013Sddm,2080001009460,鈴與株式会社,https://www.suzuyo.co.jp/,"6: 1,000億円以上",,"1,709.65億円（2025年8月期・単体）","○ 自社会社概要。鈴与株式会社の2025年8月期売上高1,709億65百万円。https://www.suzuyo.co.jp/company/profile/"
001Nn000013Sddn,1080001002004,株式会社静鉄ストア,https://www.s-store.co.jp/company/fundamentals.html,"5: 300億円以上~1,000億円未満",🔵MC:人事総務部／人事課 054-205-7011 ｜🎯360:人事総務部／採用教育課 054-205-7011,確認不可,△ 静鉄グループ子会社。自社公式会社情報・採用情報・公的法人情報を確認したが、株式会社静鉄ストア単体の直近3期売上高を承認ソースで確認できず。https://www.s-store.co.jp/company/
001Nn000013Sddo,9010701022515,株式会社ローソンエンタテインメント,https://www.ent.lawson.co.jp/company/,"5: 300億円以上~1,000億円未満",,確認不可,△ ローソン子会社。自社公式の2024〜2026年決算公告掲載は確認したが、承認ソース上で売上高数値を確定できず。求人/民間業績サイト数値は不採用。https://www.ent.lawson.co.jp/kokoku/
001Nn000013Sdds,2180301018911,トヨタすまいるライフ株式会社,http://www.toyotasmile.co.jp/,"5: 300億円以上~1,000億円未満",,確認不可,△ トヨタホーム等出資の子会社。自社公式会社概要・業績ページ・公的情報を確認したが、対象法人単体の直近3期売上高を承認ソースで確認できず。https://www.toyotasmile.co.jp/company/
001Nn000013Sddu,2010001004501,大星ビル管理株式会社,https://www.taisay.co.jp/company/outline.html,"5: 300億円以上~1,000億円未満",,407.04億円（2026年3月期・単体）,○ 自社会社概要。2026年3月期実績、単体売上高407億04百万円。https://www.taisay.co.jp/company/outline.html
001Nn000013Sddy,1011001006372,ギャップジャパン株式会社,http://www.gapjp.com/content/gapjp/home.html,"5: 300億円以上~1,000億円未満",,確認不可,△ Gap Inc.傘下の子会社。日本法人公式会社情報・公的法人情報を確認したが、ギャップジャパン株式会社単体の直近3期売上高を承認ソースで確認できず。https://www.gapinc.com/ja-jp/about
001Nn000013Sddz,9340001011838,マルイ食品株式会社,https://www.marui.or.jp/,"5: 300億円以上~1,000億円未満",,435億円（2025年度・単体）,○ マルイ農協グループ公式。マルイ食品株式会社の2025年度年間売上約435億円。https://www.marui.or.jp/about/business/food/
001Nn000013Sde3,7140003005067,Ｐ＆Ｇプレステージ合同会社,https://jp.pg.com/profile/,"6: 1,000億円以上",,対象外（合同会社）,× 法人格。直アポ大は株式会社のみ。合同会社のため対象外
001Nn000013Sde7,4050001003299,株式会社ホンダモビリティ北関東,https://www.hondamobility-kitakanto.co.jp/,"5: 300億円以上~1,000億円未満",,772.42億円（令和6年度・単体）,"○ 本田技研工業100%子会社だが、自社公式会社概要で対象法人自身の令和6年度売上高772億4,159万円を確認。https://www.hondamobility-kitakanto.co.jp/corporate/company.html"
001Nn000013Sde9,4140005010943,社会福祉法人博愛福祉会,https://hinode.or.jp/about/hakuaifukushikai/,"5: 300億円以上~1,000億円未満",,対象外（社会福祉法人）,× 法人格。直アポ大は株式会社のみ。社会福祉法人のため対象外
001Nn000013SdeA,6010401059967,株式会社アライドマテリアル,https://www.allied-material.co.jp/company/profile.html,"5: 300億円以上~1,000億円未満",ヤナギダタツヤ0713,確認不可,△ 子会社。官報集約では2026年3月期売上468.3億円の表示があるが、catr.jpは非承認ソース。自社HP・公的情報で承認ソース原本を確認できず。https://www.allied-material.co.jp/
001Nn000013SdeC,1040001005530,トヨタカローラ千葉株式会社,https://chiba.corolla.co.jp/corporate,"5: 300億円以上~1,000億円未満",,709億円（2026年3月期・単体）,○ 自社会社概要。トヨタカローラ千葉株式会社の2026年3月期売上高709億円。https://chiba.corolla.co.jp/corporate
001Nn000013SdeD,1120901013120,株式会社Ｕ＆Ｓ,http://www.satake.cc/annai_u.html,"5: 300億円以上~1,000億円未満",,961億円（2024年3月期・単体）,○ 自社採用会社概要。株式会社U&Sの2024年3月期売上高961億円。https://www.satake-recruit.com/us_company/
001Nn000013SdeH,5010401108015,株式会社ＬＩＸＩＬ　Ａｄｖａｎｃｅｄ　Ｓｈｏｗｒｏｏｍ,http://www.lixil-as.jp,"5: 300億円以上~1,000億円未満",,確認不可,△ LIXIL子会社。自社HP・公的情報を確認したが対象法人単体の直近3期売上高を承認ソースで確認できず。親会社LIXILの連結売上は不採用。https://www.lixil-as.jp/
001Nn000013SdeJ,7010001084935,ジョーンズラングラサール株式会社,https://www.joneslanglasalle.co.jp/,"5: 300億円以上~1,000億円未満",,確認不可,△ JLLグループ日本法人。公式にはJLLグローバル売上を確認できるが、ジョーンズラングラサール株式会社単体の直近3期売上高を承認ソースで確認できず。https://www.jll.com/ja-jp/
001Nn000013SdeK,2010001095722,首都高速道路株式会社,https://www.shutoko.co.jp/company/info/location/headoffice/,"6: 1,000億円以上",,"3,497.79億円（2026年3月期・単体・営業収益）","○ Gビズインフォ（EDINET有報）。法人番号2010001095722、2026年3月期営業収益349,779百万円。道路会社の売上高相当指標。https://info.gbiz.go.jp/hojin/ichiran?hojinBango=2010001095722"
001Nn000013SdeL,1010001053631,西川株式会社,https://www.nihonbashi-nishikawa.com/company/,"5: 300億円以上~1,000億円未満",,472.63億円（2024年度・単体）,"○ 自社採用サイト「早わかりnishikawa」。2024年度実績売上高472億6,300万円。https://www.nishikawa1566.com/company/recruit/fresh/about/"
001Nn000013SdeM,1010401079524,株式会社スガテック,https://www.sugatec.co.jp/company/about/,"5: 300億円以上~1,000億円未満",,確認不可,△ 自社決算公告は直近3期の貸借対照表・注記中心で売上高を確認できず。自社HP・公的情報でも承認ソース売上高未確認。https://www.sugatec.co.jp/company/financial_results/
001Nn000013SdeQ,9430001037048,北海道エネルギー株式会社,https://www.do-ene.jp/company/overview/,"6: 1,000億円以上",,"約1,233億円（2023年度・単体）","○ 自社会社概要。北海道エネルギー株式会社の売上高約1,233億円（2023年度）。https://www.do-ene.jp/company/overview/"
001Nn000013SdeR,3010001017304,株式会社サタケ,https://www.satake-japan.co.jp/company/outline.html,"5: 300億円以上~1,000億円未満",,670億円（2025年2月期・連結）,○ 自社採用サイト/財務省資料。株式会社サタケのグループ連結売上高670億円（2025年2月期）。グループ親会社のため連結値を採用。https://www.satake-japan.co.jp/recruit/info/guideline/
001Nn000013SdeT,9290001017650,福岡トヨペツト株式会社,https://fukuoka-toyopet.jp/corporate,"5: 300億円以上~1,000億円未満",🔵MC:人事部 092-411-1125 ｜🎯360:採用・教育部 092-411-0159,788.50億円（2026年3月期・単体）,○ 自社会社概要。2026年3月期年商788億50百万円。https://fukuoka-toyopet.jp/corporate
001Nn000013SdeU,8140005003514,社会福祉法人恩徳福祉会,https://www.ontoku.or.jp/outline/,"5: 300億円以上~1,000億円未満",,対象外（社会福祉法人）,× 法人格。直アポ大は株式会社のみ。社会福祉法人のため対象外
001Nn000013SdeV,9021001020646,ラッシュジャパン合同会社,https://jn.lush.com/,"5: 300億円以上~1,000億円未満",,対象外（合同会社）,× 法人格。直アポ大は株式会社のみ。合同会社のため対象外
001Nn000013SdeX,2010405004147,独立行政法人中小企業基盤整備機構,https://www.smrj.go.jp/org/about/office/index.html,"6: 1,000億円以上",,対象外（独立行政法人）,× 法人格。直アポ大は株式会社のみ。独立行政法人のため対象外
001Nn000013SdeY,4120001049021,長瀬産業株式会社,http://www.nagase.co.jp/,"6: 1,000億円以上",,"2,910.87億円（2026年3月期・単体）","○ Gビズインフォ（EDINET有報）。法人番号4120001049021、2026年3月期売上高291,087百万円。https://info.gbiz.go.jp/hojin/ichiran?hojinBango=4120001049021"
001Nn000013Sdee,6140001044373,住友精化株式会社,https://www.sumitomoseika.co.jp/company/group/befu_works/,"6: 1,000億円以上",,799.69億円（2026年3月期・単体）,"○ 自社会社概要。2026年3月31日現在、単体売上高79,969百万円。https://www.sumitomoseika.co.jp/company/outline/"
001Nn000013Sdef,1120001017427,株式会社光洋,https://www.kohyo.co.jp/,"6: 1,000億円以上",,確認不可,△ 法人番号1120001017427をGビズインフォで照合。SF記載URLのKOHYO（株式会社光洋）とは法人番号が一致せず、KOHYOの売上高を流用不可。対象法人の承認ソース売上高未確認。https://info.gbiz.go.jp/hojin/ichiran?hojinBango=1120001017427
001Nn000013Sdei,4390001012522,株式会社ベガスベガス,https://www.vegasvegas.co.jp/corporate/outline.php,"6: 1,000億円以上",,"1,516億円（2025年3月期・グループ）","○ 自社公式記事。株式会社ベガスベガスの2025年3月期グループ売上高1,516億円。グループ親会社として採用。https://www.vegasvegas.co.jp/vegas-inside/1548/"
001Nn000013Sdel,9010001185104,株式会社ＢＡＫＥ,https://bake-jp.com/company/about/,"5: 300億円以上~1,000億円未満",🔵MC:人事総務部／総務チーム 03-6450-4950（旧直通:新代表：03-6450-4981）,確認不可,△ 自社HP・公的法人情報を確認したが、株式会社BAKEの直近3期売上高を承認ソースで確認できず。求人・民間企業DBの数値は不採用。https://bake-jp.com/company/about/
001Nn000013Sdem,5010001045212,エルメスジャポン株式会社,https://www.hermes.com/jp/ja/,"5: 300億円以上~1,000億円未満",,確認不可,△ Hermèsグループ日本子会社。自社HP・公的法人情報を確認したが、エルメスジャポン株式会社単体の直近3期売上高を承認ソースで確認できず。https://www.hermes.com/jp/ja/
001Nn000013Sdeo,9010001130506,ＥＹ　Ｊａｐａｎ株式会社,https://www.ey.com/ja_jp/about-us/ey-japan-kk,"5: 300億円以上~1,000億円未満",,確認不可,"△ EY Japan公式は日本全体の業務収入2,720億円を開示するが、EY Japan株式会社単体値ではないため不採用。対象法人単体の承認ソース売上高未確認。https://www.ey.com/ja_jp/about-us/ey-japan-kk"
001Nn000013Sdep,2030005009734,社会福祉法人元気村,https://genkimuragroup.jp/genkimura/,"5: 300億円以上~1,000億円未満",,対象外（社会福祉法人）,× 法人格。直アポ大は株式会社のみ。社会福祉法人のため対象外
001Nn000013Sdes,3120101059540,株式会社ＡＬＫＵ,https://column.first-bridge.co.jp/search/owners/ranok,"5: 300億円以上~1,000億円未満",,【300億未満】92億円（2026年3月現在・単体）,× 300億未満。自社会社概要。法人番号3120101059540の株式会社ALKU、売上高92億円（2026年3月現在）。https://alku-inc.jp/about/
001Nn000013Sdev,3011101014587,株式会社トーハン,https://www.tohan.jp/company/office/,"6: 1,000億円以上",,"3,704.63億円（2026年3月期・単体）","○ 自社IR/Gビズインフォ（有報）。2026年3月期売上高370,463百万円。https://www.tohan.jp/company/ir/"
001Nn000013Sdew,3260001034654,株式会社土屋,https://tcy.co.jp,"5: 300億円以上~1,000億円未満",,【300億未満】72億円（第5期・単体）,× 300億未満。自社統合報告書2025。法人番号3260001034654の株式会社土屋、売上高72億円（第5期、グループ会社売上除く）。https://tcy.co.jp/site2022/wp-content/uploads/2025/09/%E6%A0%AA%E5%BC%8F%E4%BC%9A%E7%A4%BE%E5%9C%9F%E5%B1%8B%E6%A7%98_%E7%B5%B1%E5%90%88%E5%A0%B1%E5%91%8A%E6%9B%B8_2025.pdf
001Nn000013Sdex,3430001022088,株式会社北海道新聞社,https://kk.hokkaido-np.co.jp/joho/index/,"5: 300億円以上~1,000億円未満",,372億円（2025年3月期・単体）,○ 自社採用サイト企業情報。株式会社北海道新聞社の2025年3月期売上高372億円。https://jinji.hokkaido-np.co.jp/about/
001Nn000013Sdey,7020001030145,株式会社アイネット,https://www.inet.co.jp/company/outline.html,"5: 300億円以上~1,000億円未満",🔵MC:総務人事本部 045-682-0805 / 石橋一央 IMS本部長（総務人事本部長）執行役員,389.87億円（2025年3月期・連結）,"○ 自社決算補足資料。2025年3月期連結売上高38,987百万円。上場親会社のため連結値を採用。https://www.inet.co.jp/ir/20250509.pdf"
001Nn000013Sdez,7010001003408,株式会社シード,https://www.seed.co.jp/company/profile.html,"5: 300億円以上~1,000億円未満",,303.36億円（2026年3月期・単体）,"○ Gビズインフォ（EDINET有報）。法人番号7010001003408、2026年3月期売上高30,336,388千円。https://info.gbiz.go.jp/hojin/ichiran?hojinBango=7010001003408"
001Nn000013Sdf1,1010001075808,株式会社ＫＰＭＧ　ＦＡＳ,https://home.kpmg/jp/ja/home/about/fas.html,"6: 1,000億円以上",受付✖,確認不可,△ KPMG Japan系法人。自社HP・公的法人情報を確認したが、株式会社KPMG FAS単体の直近3期売上高を承認ソースで確認できず。https://kpmg.com/jp/ja/home/about/fas.html
001Nn000013Sdf3,7010001053304,日特建設株式会社,https://www.nittoc.co.jp/company/profile/,"5: 300億円以上~1,000億円未満",ハシモトワタル,754.34億円（2026年3月期・単体）,"○ Gビズインフォ（EDINET有報）。法人番号7010001053304、2026年3月期売上高75,434百万円。https://info.gbiz.go.jp/hojin/ichiran?hojinBango=7010001053304"
001Nn000013Sdf5,6010001078021,株式会社Ｊ－オイルミルズ,https://www.j-oil.com/corporate/profile.html,"6: 1,000億円以上",,"2,265.74億円（2026年3月期・連結）","○ EDINET有報/自社IR。2026年3月期連結売上高226,574百万円。上場親会社のため連結値を採用。https://www.j-oil.com/ir/"
001Nn000013SdfB,4010001008954,旭ダイヤモンド工業株式会社,https://www.asahidia.co.jp/corporate/outline/,"5: 300億円以上~1,000億円未満",,419.83億円（2026年3月期・連結）,"○ 2026年3月期決算短信で連結売上高41,983百万円。上場親会社のため連結値を採用。https://www.asahidia.co.jp/ir/"
001Nn000013SdfE,9430001013643,株式会社ほくやく,https://www.hokutake.co.jp/company/kaisyagaiyo.html,"6: 1,000億円以上",,"2,097.02億円（2025年3月期・単体）","○ Gビズインフォ決算公告。法人番号9430001013643、2025年3月期売上高209,702百万円。https://info.gbiz.go.jp/hojin/financialstatement?kessanJohoId=7d335351-9cd6-41a1-bf0b-ece6dc1dacda"
001Nn000013SdfF,5050005000481,茨城県信用組合,https://www.kenshinbank.co.jp/about/guide/company/index.html,"5: 300億円以上~1,000億円未満",,対象外（信用組合）,× 法人格。直アポ大は株式会社のみ。信用組合のため対象外
001Nn000013SdfG,2010005011502,独立行政法人住宅金融支援機構,https://www.jhf.go.jp/about/organization/office/honten.html,"5: 300億円以上~1,000億円未満",,対象外（独立行政法人）,× 法人格。直アポ大は株式会社のみ。独立行政法人のため対象外
001Nn000013SdfO,8170001001931,株式会社大黒,https://daikoku-medical.co.jp/,"5: 300億円以上~1,000億円未満",,467.9億円（2025年度・単体）,○ 自社会社概要。株式会社大黒の2025年度売上高467.9億円。https://daikoku-medical.co.jp/about/overview/
001Nn000013SdfT,9180001054473,株式会社ユーオーエス,https://uos.co.jp/about/company/,"6: 1,000億円以上",,確認不可,△ 自社HP・Gビズインフォ・官報/決算公告系を確認したが、株式会社ユーオーエス単体の直近3期売上高を承認ソースで確認できず。https://uos.co.jp/about/company/
001Nn000013Sdg4,9290001041205,三友通商株式会社,https://mitomo-tusyo.co.jp/company/profile,"5: 300億円以上~1,000億円未満",,380億円（2026年3月末・グループ）,○ 自社会社概要。2026年3月末現在、三友通商グループ年商380億円。グループ親会社として採用。https://mitomo-tusyo.co.jp/company/profile
001Nn000013SdgK,2011501016151,株式会社吉野家ホールディングス,https://www.yoshinoya-holdings.com/company/profile/,"6: 1,000億円以上",,"2,256.67億円（2026年2月期・連結）","○ JPX決算短信。2026年2月期連結売上高225,667百万円。持株会社のため連結値を採用。https://www2.jpx.co.jp/disc/98610/140120260408500410.pdf"
001Nn000013SdgY,7010001033082,株式会社日本経済廣告社,https://www.adex.co.jp/,"5: 300億円以上~1,000億円未満",,確認不可,△ 自社HP・Gビズインフォ・公的情報を確認。民間就職媒体には2025年3月期572.33億円の表示があるが禁止/非承認ソースのため不採用。承認ソース売上高未確認。https://www.adex.co.jp/
001Nn000013SdiX,6390005000546,社会福祉法人敬寿会,http://keijuen.or.jp/,"5: 300億円以上~1,000億円未満",,対象外（社会福祉法人）,× 法人格。直アポ大は株式会社のみ。社会福祉法人のため対象外
001Nn000013Sdia,9010001043063,国分グループ本社株式会社,https://www.kokubu.co.jp/,"6: 1,000億円以上",,"22,431.80億円（2025年12月期・連結）","○ 自社業績ページ。2025年12月期連結売上高2,243,180百万円。グループ本社のため連結値を採用。https://www.kokubu.co.jp/company/results/"
001Nn000013Sdic,9120001059651,積水樹脂株式会社,https://www.sekisuijushi.co.jp/office/,"5: 300億円以上~1,000億円未満",,781.63億円（2026年3月期・連結）,"○ 自社IR。2026年3月期連結売上高78,163百万円。上場親会社のため連結値を採用。https://www.sekisuijushi.co.jp/ir/"
001Nn000013Sdid,9390001005983,株式会社おーばん,https://www.oh-ban.com/about/,"5: 300億円以上~1,000億円未満",,確認不可,△ 法人番号9390001005983。2023年4月に旧おーばん等を吸収した現法人。自社HP・Gビズインフォ・公的求人を確認したが、直近3期売上高の承認ソースなし。https://www.oh-ban.com/about/
001Nn000013Sdih,3030001027053,株式会社ソーシン,http://www.sohshin-net.co.jp/company,"5: 300億円以上~1,000億円未満",,331億円（2025年度・単体）,○ 自社会社概要。日野自動車子会社だが、対象法人自身の2025年度実績売上高331億円を開示。https://www.sohshin-net.co.jp/company
001Nn000013Sdii,5010001000010,ニチバン株式会社,https://www.nichiban.co.jp/corp/company/base/,"5: 300億円以上~1,000億円未満",,504.70億円（2026年3月期・連結）,"○ 自社IR。2026年3月期連結売上高50,470百万円。上場親会社のため連結値を採用。https://www.nichiban.co.jp/corp/ir/finance/financial_information/"
001Nn000013Sdij,5120005007783,近畿産業信用組合,https://www.kinsan.co.jp/company/shop/040.html,"5: 300億円以上~1,000億円未満",,対象外（信用組合）,× 法人格。直アポ大は株式会社のみ。信用組合のため対象外
001Nn000013Sdik,1180001092373,株式会社アペックス,https://www.apex-co.co.jp/profile/profile.html,"5: 300億円以上~1,000億円未満",,372億円（2025年12月期・グループ）,○ 自社会社概要。2025年12月期売上高372億円（アペックス西日本含む）。対象法人がグループ親会社のため採用。https://www.apex-co.co.jp/profile/profile.html
001Nn000013Sdir,7010701024604,株式会社フルキャストホールディングス,https://www.fullcastholdings.co.jp/corporate/about/,"5: 300億円以上~1,000億円未満",,772.27億円（2025年12月期・連結）,"○ 自社IR連結損益計算書。2025年12月期売上高77,227百万円。持株会社のため連結値を採用。https://www.fullcastholdings.co.jp/corporate/ir/highlight/pl/"
001Nn000013Sdiv,3021001027639,株式会社メイコー,https://www.meiko-elec.com/corporate/outline/,"6: 1,000億円以上",,"2,405.74億円（2026年3月期・連結）","○ 自社決算短信。2026年3月期連結売上高240,574百万円。上場親会社のため連結値を採用。https://www.meiko-elec.com/pdf/ir/statements/2026/Q4.pdf"
001Nn000013Sdiw,4010001253022,北日本エネルギー株式会社,https://www.kitanihon-oil.co.jp/company/news/%E6%8C%81%E6%A0%AA%E4%BC%9A%E7%A4%BE%E4%BD%93%E5%88%B6%E7%A7%BB%E8%A1%8C%E3%81%AB%E9%96%A2%E3%81%99%E3%82%8B%E3%81%94%E9%80%A3%E7%B5%A1/#gsc.tab=0,"5: 300億円以上~1,000億円未満",,816億円（2025年6月期・単体）,○ 自社公式会社概要。法人番号4010001253022の現北日本エネルギー株式会社、令和6年7月～令和7年6月の単体売上高816億円。https://www.kitanihon-oil.co.jp/company/about/
001Nn000013Sdj1,5160001007379,ヤンマーアグリ株式会社,https://www.yanmar.com/jp/about/company/ynm/,"5: 300億円以上~1,000億円未満",,確認不可,"△ 子会社。自社HP・官報原本検索・公的情報を確認。民間決算DB/求人媒体には2025年3月期1,214.91億円等があるが非承認ソースのため不採用。単体承認ソース原本未確認。https://www.yanmar.com/jp/about/company/ynm/"
001Nn000013SdjD,4010401060159,株式会社日経ビーピー,https://www.nikkeibp.co.jp/,"5: 300億円以上~1,000億円未満",,確認不可,△ 日本経済新聞社子会社。Gビズインフォ・自社関連情報・公的情報を確認したが、株式会社日経ビーピー単体の直近3期売上高を承認ソースで確認できず。Wikipedia/民間DBの数値は不採用。https://info.gbiz.go.jp/hojin/ichiran?hojinBango=4010401060159
001Nn000013SdjM,9010401124850,中央物産株式会社,http://www.cbgm.co.jp/group/cbc.html,"5: 300億円以上~1,000億円未満",,確認不可,△ 法人番号9010401124850。自社グループ情報・Gビズインフォ・官報/公的情報を確認したが、中央物産株式会社単体の直近3期売上高を承認ソースで確認できず。http://www.cbgm.co.jp/group/cbc.html
001Nn000013SdjQ,6010001018919,株式会社小学館,https://www.shogakukan.co.jp/company/profile,"6: 1,000億円以上",,"1,035.67億円（2026年2月期・単体）","○ 業界紙・新文化オンライン。第88期（2025/3/1～2026/2/28）の小学館総売上1,035億6,700万円。https://www.shinbunka.co.jp/archives/13434"
001Nn000013SdjY,5360001000405,株式会社沖縄海邦銀行,https://www.kaiho-bank.co.jp/about/kigyo/gaiyo/,"6: 1,000億円以上",【属性】R/👤人事：人事総務部/部長　賀数（かかず）さま　New　098-867-2111,【300億未満】159.36億円（2026年3月期・単体・経常収益）,"× 300億未満。自社2026年3月期決算資料。銀行の売上高相当指標で単体経常収益15,936百万円。https://www.kaiho-bank.co.jp/about/ir/disclosure/"
001Nn000013SdjZ,1011001032955,株式会社らしんばん,https://www.lashinbang.com/company/outline/,"5: 300億円以上~1,000億円未満",,確認不可,△ 自社会社概要・Gビズインフォ・官報/公的情報を確認したが、直近3期の承認ソース売上高を確認できず。https://www.lashinbang.com/company/outline/
001Nn000013Sdjb,3010401056967,ＭＮインターファッション株式会社,https://mn-interfashion.com/company/overview/,"5: 300億円以上~1,000億円未満",,確認不可,"△ 三井物産・日鉄物産各50%出資の子会社。自社公式の1,996.02億円は連結売上高で、子会社判定に必要な単体売上ではないため不採用。単体承認ソース未確認。https://mn-interfashion.com/company/overview/"
001Nn000013Sdjj,9180001010971,フジパングループ本社株式会社,https://www.fujipan.co.jp/company/,"6: 1,000億円以上",,"3,047億円（2025年6月期・グループ）","○ 自社会社概要。フジパングループ本社の売上高3,047億円（令和7年6月期）。グループ本社のため採用。https://fujipan.co.jp/company/"
001Nn000013Sdjl,5120101032090,株式会社サンプラザ,https://www.super-sunplaza.com/corporate/,"5: 300億円以上~1,000億円未満",★08/17(月)、定時00:00、🌟🚨✳✡🔥 👤情シス/DX：システム業務課/ジツヤマ様,確認不可,△ 自社会社概要で単体326億円・グループ377億円は確認できるが2022年2月実績で鮮度条件外。直近3期の承認ソース売上高を確認できず。https://www.super-sunplaza.com/corporate/
001Nn000013Sdjo,7290001049191,株式会社ムーンスター,https://www.moonstar.co.jp/corporate/info/access.html,"5: 300億円以上~1,000億円未満",,302億円（2025年6月期・単体）,○ 自社会社概要。株式会社ムーンスターの2025年6月期売上高302億円。https://www.moonstar.co.jp/corporate/
001Nn000013Sdk0,2010001125248,株式会社コスギ,https://www.kosugi.jp/,"5: 300億円以上~1,000億円未満",,確認不可,△ 法人番号2010001125248。自社会社概要・Gビズインフォ・官報/公的情報を確認したが直近3期の承認ソース売上高なし。https://www.kosugi.jp/com/
001Nn000013Sdk7,5430001013663,株式会社ＳＡＴＯ－ＧＲＯＵＰ,https://hssr.sato-group.com/,"5: 300億円以上~1,000億円未満",,確認不可,△ 自社グループ採用ページの51.61億円はSATO社会保険労務士法人の実績で、対象の株式会社SATO-GROUP単体値とは確定できないため不採用。公的情報でも単体売上未確認。https://recruit-sato-group.com/company/
001Nn000013Sdk9,3120001015362,タイガー魔法瓶株式会社,http://www.tiger.co.jp/,"5: 300億円以上~1,000億円未満",,491億円（2026年4月20日現在・単体）,"○ 自社会社概要。タイガー魔法瓶株式会社の売上高49,100百万円（2026年4月20日現在）。https://www.tiger-corporation.com/ja/jpn/about-us/profile/"
001Nn000013Sdlz,1010001228043,株式会社シノケングループ,https://www.shinoken.co.jp/about/company/,"6: 1,000億円以上",,"1,309.75億円（2025年12月期・連結）","○ 自社財務ハイライト。2025年12月期売上実績130,975百万円。グループ親会社のため連結値を採用。https://www.shinoken.co.jp/about/finance/"
001Nn000013Sdmo,6011501021981,日本交通株式会社,https://www.nihon-kotsu.co.jp/about/office/sales/,"6: 1,000億円以上",⭐◆08/27(木)、定時00:00、,"1,555億円（現行会社情報・グループ）","○ 自社企業情報。日本交通のグループ売上高1,555億円（業務提携会社含む）。グループ中核・親会社として採用。https://www.nihon-kotsu.co.jp/about/"
001Nn000013Sdmp,8180001038205,株式会社中外,https://chugai-jp.com/base/,"5: 300億円以上~1,000億円未満",,485億円（2025年12月期・単体）,○ 自社会社概要。株式会社中外の年商485億円（2025年12月期）。https://chugai-jp.com/company/
001Nn000013Sdmy,9010401165845,株式会社ミチルワグループ,https://michiruwa.co.jp/about/profile/,"5: 300億円以上~1,000億円未満",,確認不可,△ 自社HP・Gビズインフォ・合併公告等を確認したが、株式会社ミチルワグループの直近3期売上高を承認ソースで確認できず。求人サイト数値は禁止ソースのため不採用。https://michiruwa.co.jp/about/profile/
001Nn000013Sdn3,5011001029386,株式会社アミューズ,https://www.amuse.co.jp/corporate/outline/,"5: 300億円以上~1,000億円未満",,696.54億円（2026年3月期・連結営業収入）,"○ 自社IR。2025年度の3事業セグメント営業収入43,830+18,624+7,200=69,654百万円。上場親会社のため連結トップラインとして採用。https://www.amuse.co.jp/ir/financial/segment/"
001Nn000013SdnB,2120001133181,株式会社プレサンスＮＥＸＴ,https://pressance-realta.co.jp,"5: 300億円以上~1,000億円未満",⭐◆09/01(月)、定時00:00、,確認不可,△ オープンハウスグループ傘下の子会社。自社HP・Gビズインフォ・直近決算公告を確認したが売上高非開示で、単体の承認ソース売上高を確認できず。https://pressance-realta.co.jp/
001Nn000013SdnU,8010401022543,ＮＧＢ株式会社,https://www.ngb.co.jp/about_us/overview/,"5: 300億円以上~1,000億円未満",⭐／,確認不可,△ 自社会社概要・採用情報・Gビズインフォ・公的情報を確認したが、NGB株式会社の直近3期売上高を承認ソースで確認できず。https://www.ngb.co.jp/about_us/overview/
001Nn000013Sdnr,5012702013389,株式会社イングリウッド,https://inglewood.co.jp/company,"5: 300億円以上~1,000億円未満",,325億円（2025年8月期・連結）,○ 自社会社概要。2025年8月期（第21期）連結売上高325億円。対象法人が複数子会社を持つグループ親会社のため連結値を採用。https://inglewood.co.jp/company.html
001Nn000013Sdoh,8010001020600,株式会社清和ビジネス,https://www.seiwa-koubai.com/company,"5: 300億円以上~1,000億円未満",,583億円（2025年7月期・単体）,○ 自社会社概要。株式会社清和ビジネスの2025年7月期売上高583億円。https://www.seiwa-koubai.com/company
001Nn000013SdrH,4430001001454,株式会社アイックス,https://www.aix-group.co.jp/about/overview/overview.html,"5: 300億円以上~1,000億円未満",,確認不可,△ 対象は株式会社アイックスで、公式397.5億円はアイックスホールディングスのグループ合計。子会社単体値ではないため不採用。単体の承認ソース未確認。https://aix-group.co.jp/about/overview/overview.html
001Nn000013SdrM,1011101051979,株式会社ＡＬＥＸＡＮＤＥＲ＆ＳＵＮ,http://www.alexanderandsun.com/company/access/,"5: 300億円以上~1,000億円未満",,【300億未満】159.59億円（2023年12月期・単体）,"× 300億未満。公的開示の有価証券届出書に対象会社の2023年12月期売上高15,959,112千円。https://hirotaghd.com/wp/wp-content/uploads/2024/12/%E6%9C%89%E4%BE%A1%E8%A8%BC%E5%88%B8%E5%B1%8A%E5%87%BA%E6%9B%B8.pdf"
001Nn000013Sdra,1010001063003,月星商事株式会社,https://www.tsukiboshi-shoji.co.jp/index.php,"5: 300億円以上~1,000億円未満",,596.32億円（2026年3月末時点・単体）,"○ 自社採用サイト「数字で見る月星商事」。2026年3月末時点売上高59,632百万円。https://www.tsukiboshi-shoji.co.jp/recruit/data/"
001Nn000013Sdri,8290001048853,三光株式会社,https://sanko-chem.com/company/,"5: 300億円以上~1,000億円未満",,328億円（現行自社採用情報・単体）,○ 自社採用サイト「3分で分かる三光」。株式会社三光の売上高328億円。https://sanko-chem.com/about/
001Nn000013Sdrp,3240001026521,株式会社プローバ,https://www.provanet.co.jp/group/outline/,"5: 300億円以上~1,000億円未満",,確認不可,△ 法人番号3240001026521。自社グループ情報・Gビズインフォ・公的情報を確認したが、株式会社プローバ単体の直近3期売上高を承認ソースで確認できず。https://info.gbiz.go.jp/hojin/ichiran?hojinBango=3240001026521
001Nn000013Sds5,2010001091242,株式会社クオカード,http://www.quocard.com,"5: 300億円以上~1,000億円未満",,確認不可,△ 自社会社概要・Gビズインフォ・金融庁登録情報を確認したが、株式会社クオカードの直近3期売上高/営業収益を承認ソースで確認できず。https://www.quocard.com/company/profile/
001Nn000013SdsO,3011101049757,株式会社ＤＡＹブレイク,http://www.yuki-kando.co.jp/index.html,"5: 300億円以上~1,000億円未満",,確認不可,△ 法人番号3011101049757。2024年10月の合併・商号変更後のDAYブレイクを照合。公式関連・Gビズインフォ・官報系を確認したが直近3期売上高の承認ソースなし。
001Nn000013Sdsk,8210001015150,興和江守株式会社,https://www.emori.co.jp/company/profile,"5: 300億円以上~1,000億円未満",オカモトアツキ　0716,447.65億円（2026年3月期・単体）,"○ 自社会社概要。興和江守株式会社の2026年3月期売上高44,765百万円。https://www.emori.co.jp/company/profile"
001Nn000013Sdxv,8040001072911,株式会社ニッコー,https://www.pipe-nikko.co.jp/company/profile.html,"5: 300億円以上~1,000億円未満",,395億円（2026年3月期・単体）,○ 自社会社概要。伊藤忠丸紅鉄鋼100%子会社だが、株式会社ニッコー自身の2026年3月期年商395億円を確認。https://www.pipe-nikko.co.jp/company/profile.html
001Nn000013Sdyv,5060001015177,株式会社日本産業,https://www.ichijo.co.jp/corporate/nissan/,"6: 1,000億円以上",⭐／,"3,193億円（2025年7月31日現在・単体）","○ 一条工務店公式の株式会社日本産業会社概要。対象法人自身の売上高3,193億円（2025年7月31日現在）。https://www.ichijo.co.jp/corporate/outline/nissan/"
001Nn000013SdzN,8010405003688,独立行政法人福祉医療機構,https://www.wam.go.jp/hp/,"5: 300億円以上~1,000億円未満",,対象外（独立行政法人）,× 法人格。直アポ大は株式会社のみ。独立行政法人のため対象外
001Nn000013SdzX,4120001077344,新家工業株式会社,https://www.araya-kk.co.jp/company/jigyou.html,"5: 300億円以上~1,000億円未満",,404.47億円（2026年3月期・連結）,"○ JPX決算短信。2026年3月期連結売上高40,447百万円。上場親会社のため連結値を採用。https://www2.jpx.co.jp/disc/73050/140120260512526934.pdf"
001Nn000013Sdzo,7010001119880,サムスン電子ジャパン株式会社,http://www.galaxymobile.jp,"6: 1,000億円以上",⭐／,確認不可,△ Samsung Electronicsの日本子会社。自社HP・Gビズインフォ・公的情報を確認したが、サムスン電子ジャパン株式会社単体の直近3期売上高を承認ソースで確認できず。
001Nn000013Se0v,9010001080734,Ｊ．Ｐ．Ｒｅｔｕｒｎｓ株式会社,https://jpreturns.com/company/,"5: 300億円以上~1,000億円未満",,538億円（現行会社概要・単体）,○ 自社会社案内。J.P.Returns株式会社の年商538億円。https://jpreturns.com/company/
001Nn000013Se14,2260001024029,株式会社セントラル,https://pachinko.cen.co.jp/info/,"5: 300億円以上~1,000億円未満",,確認不可,△ 自社公式の売上高推移は2018年2月期までで鮮度条件外。法人番号2260001024029の公的情報も確認したが、直近3期の承認ソース売上高を確認できず。https://pachinko.cen.co.jp/data/
001Nn000013Se1V,8030001070643,株式会社デルパラ,https://derupara.jp/,"5: 300億円以上~1,000億円未満",,900億円（現行会社情報・グループ）,○ 自社グループ情報。株式会社デルパラを中核とするグループ売上高900億円。グループ親会社として採用。https://derupara.jp/about-the-group/
001Nn000013Se3u,4180001033795,朝日機器株式会社,http://asahi-kiki.co.jp/office/,"5: 300億円以上~1,000億円未満",,確認不可,△ 法人番号4180001033795。自社HP・Gビズインフォ・官報/公的情報を確認したが、朝日機器株式会社の直近3期売上高を承認ソースで確認できず。https://info.gbiz.go.jp/hojin/ichiran?hojinBango=4180001033795
001Nn000013Se4e,3050001011716,東日京三電線株式会社,http://www.tonichi-kyosan.co.jp/,"5: 300億円以上~1,000億円未満",,確認不可,△ 自社財務情報で2025年3月期の損益計算書公開を確認し、公的法人情報も照合したが、検索可能な承認ソース本文から売上高を確定できず。禁止媒体の数値は不採用。https://www.tonichi-kyosan.co.jp/ir/index.html
001Nn000013Se5a,2011001034793,オムニコムヘルスジャパン株式会社,https://www.emcjapan.com/about-us/company-information/,"6: 1,000億円以上",,確認不可,△ Omnicom Group傘下の日本子会社。法人番号2011001034793をGビズインフォで照合。公式・公的情報を確認したが単体の直近3期売上高を承認ソースで確認できず。
001Nn000013Se66,7010801005652,昭和礦油株式会社,https://www.showakoyu.co.jp/company,"5: 300億円以上~1,000億円未満",🚨※300億以下,【300億未満】283億円（2026年3月期・単体）,× 300億未満。自社会社概要。昭和礦油株式会社の2026年3月期売上高283億円。https://www.showakoyu.co.jp/company
001Nn000013Se6a,2120001042341,株式会社カフェ,http://www.tables.jp.net,"6: 1,000億円以上",,確認不可,△ 法人番号2120001042341。自社HP・Gビズインフォ・2023～2025年決算公告を確認したが、承認ソースで直近3期売上高を確認できず。https://info.gbiz.go.jp/hojin/ichiran?hojinBango=2120001042341
001Nn000013Se72,5020001088425,日本ミクニヤ株式会社,https://mikuniya.jp/company/company_map.html,"6: 1,000億円以上",,確認不可,△ 法人番号5020001088425。自社HP・Gビズインフォ・官報系を確認。民間DBの2018年売上は古く非承認でもあるため不採用。直近3期の承認ソース売上高なし。https://info.gbiz.go.jp/hojin/ichiran?hojinBango=5020001088425
001Nn000013Se7J,1011101070483,株式会社ＧＨフーズダイニング,https://www.ghf.co.jp/company/profile/,"5: 300億円以上~1,000億円未満",,確認不可,△ グリーンハウスフーズ傘下の子会社。親会社公式の486億円はグリーンハウスフーズの売上で対象法人単体ではないため不採用。Gビズインフォでも単体売上未確認。https://info.gbiz.go.jp/hojin/ichiran?hojinBango=1011101070483
001Nn000013Se7g,7020001045894,岡谷エレクトロニクス株式会社,https://www.oec.okaya.co.jp/company/outline/,"5: 300億円以上~1,000億円未満",,758億円（2026年2月期・単体）,○ 岡谷鋼機100%子会社だが、自社会社概要で岡谷エレクトロニクス株式会社自身の2026年2月期実績758億円を確認。https://www.oec.okaya.co.jp/company/outline/
001Nn000013Se82,3010401039732,エイブル保証株式会社,https://www.a-hosho.co.jp/company/,"5: 300億円以上~1,000億円未満",,764億円（2026年3月期・単体）,○ 自社会社概要。エイブル保証株式会社の2026年3月期年間売上高764億円。https://www.a-hosho.co.jp/company/
001Nn000013Se8q,8430001049003,株式会社北斗,http://kk-hokuto.jp/,"6: 1,000億円以上",,確認不可,△ 法人番号8430001049003＝北海道砂川市の株式会社北斗。SF記載URLの別法人情報を流用せず、Gビズインフォ・官公庁情報・官報系を確認したが直近3期売上高の承認ソースなし。https://info.gbiz.go.jp/hojin/ichiran?hojinBango=8430001049003
001Nn000013SeAE,6010001008952,旭タンカー株式会社,https://www.asahi-tanker.com/aboutus/office/,"5: 300億円以上~1,000億円未満",,569.31億円（2025年3月期・単体・海運業収益）,"○ Gビズインフォ決算公告。法人番号6010001008952、2025年3月期海運業収益56,931百万円。海運会社の売上高相当指標。https://info.gbiz.go.jp/hojin/ichiran?hojinBango=6010001008952"
001Nn000013SeAT,9011101016891,株式会社リログループ,https://www.relo.jp/about/outline.html,"6: 1,000億円以上",,"1,510.74億円（2026年3月期・連結売上収益）","○ 自社IR財務・業績情報。2026年3月期IFRS連結売上収益1,510.74億円。上場親会社のため連結可。https://www.relo.jp/ir/finance/"
001Nn000013SeAy,2120001009175,株式会社アサヒディード,http://www.asahideed.co.jp/,"5: 300億円以上~1,000億円未満",,確認不可,△ 法人番号2120001009175。自社HP・Gビズインフォ・官報/公的情報を確認したが、株式会社アサヒディードの直近3期売上高を承認ソースで確認できず。http://www.asahideed.co.jp/
001Nn000013SeB8,1010001169171,東京空色株式会社,https://www.tokyo-sola.com/,"5: 300億円以上~1,000億円未満",,確認不可,△ 法人番号1010001169171。自社HP・Gビズインフォ・官報/公的情報を確認したが、東京空色株式会社の直近3期売上高を承認ソースで確認できず。https://www.tokyo-sola.com/
001Nn000013SeDd,1011001073818,株式会社ＴＲＩＰＬＥＴＳ,https://www.triplets-inc.jp/aboutus/,"5: 300億円以上~1,000億円未満",【属性】❄/👤情シス/DX：佐藤さま(会話できる人),確認不可,△ 法人番号1011001073818。自社HP・Gビズインフォ・官報/公的情報を確認したが、株式会社TRIPLETSの直近3期売上高を承認ソースで確認できず。https://www.triplets-inc.jp/aboutus/
001Nn000013SeDt,7420001001857,株式会社北大,https://nissenren-aomori.or.jp/,"5: 300億円以上~1,000億円未満",,確認不可,△ 法人番号7420001001857・青森市の株式会社北大をGビズインフォで照合。公的職場情報等も確認したが直近3期の承認ソース売上高なし。同名他社と混同せず判定。https://info.gbiz.go.jp/hojin/ichiran?hojinBango=7420001001857
001Nn000013SeDu,8010001034831,東邦アセチレン株式会社,https://www.toho-ace.co.jp/company/profile/,"5: 300億円以上~1,000億円未満",,345.76億円（2026年3月期・連結）,○ 自社会社概要。2026年3月期連結売上高345億76百万円。上場親会社のため連結値を採用。https://www.toho-ace.co.jp/company/profile/
001Nn000013SeEc,1010401025734,フィデリティ投信株式会社,https://www.fidelity.co.jp/about-fidelity/company/access,"5: 300億円以上~1,000億円未満",,確認不可,△ Fidelityグループ日本子会社。自社HP・Gビズインフォ・公的情報を確認したがフィデリティ投信株式会社単体の直近3期売上高を承認ソースで確認できず。https://www.fidelity.co.jp/about-fidelity/company/access
001Nn000013SeGm,8180001089909,シーザースキッチン株式会社,https://www.cezarskitchen.com/ja/company/company-profile/,"6: 1,000億円以上",,確認不可,△ 法人番号8180001089909。自社HP・Gビズインフォ・公的求人/法人情報を確認したが、シーザースキッチン株式会社の直近3期売上高を承認ソースで確認できず。https://www.cezarskitchen.com/ja/company/company-profile/
001Nn000013SeGv,3400001008271,株式会社北上文化,https://www.21seiki-group.com/pc/company.html,"5: 300億円以上~1,000億円未満",,確認不可,△ 法人番号3400001008271。自社関連情報・Gビズインフォ・官報/公的情報を検索したが、株式会社北上文化の直近3期売上高を承認ソースで確認できず。
001Nn000013SeGw,5120001006533,三河屋製菓株式会社,http://mikawayaseika.co.jp,"5: 300億円以上~1,000億円未満",,確認不可,△ 法人番号5120001006533。自社HP・Gビズインフォ・官報/公的情報を確認したが、三河屋製菓株式会社の直近3期売上高を承認ソースで確認できず。http://mikawayaseika.co.jp
001Nn000013SeHA,2700150004793,コーンズ・アンド・カンパニー・リミテッド,https://www.cornes.co.jp/company/profile/,"5: 300億円以上~1,000億円未満",,対象外（外国会社）,× 法人格。直アポ大は株式会社のみ。自社公式でCornes & Company Limitedは香港会社法に基づく外国会社のため対象外。https://www.cornes.co.jp/company/profile/
001Nn000013SeHj,8290001009905,福岡県魚市場株式会社,https://fukuokakenuo.com/,"5: 300億円以上~1,000億円未満",,317.81億円（2025年度・単体）,"○ 自社会社概要。福岡県魚市場株式会社の2025年度売上高317億8,100万円。https://fukuokakenuo.com/company/"
001Nn000013SeJ5,3180001008253,光洋マテリカ株式会社,http://www.koyom.co.jp/,"5: 300億円以上~1,000億円未満",,確認不可,△ 岡谷鋼機グループの子会社。法人番号3180001008253を照合。自社HP・Gビズインフォ・官報系を確認したが光洋マテリカ単体の承認ソース売上高未確認。民間DB値は不採用。http://www.koyom.co.jp/
001Nn000013SeKa,9010001078225,王子陸運株式会社,http://oji-logistics.co.jp/company/index.html,"5: 300億円以上~1,000億円未満",,確認不可,△ 王子グループ子会社。法人番号9010001078225。自社HP・Gビズインフォ・官報/公的情報を確認したが王子陸運株式会社単体の直近3期売上高を承認ソースで確認できず。http://oji-logistics.co.jp/company/index.html
001Nn000013SeLw,4011001048627,株式会社チェンジホールディングス,https://www.changeholdings.co.jp/company/about/,"5: 300億円以上~1,000億円未満",,528.27億円（2026年3月期・連結売上収益）,"○ JPX決算短信。2026年3月期IFRS連結売上収益52,827百万円。持株会社のため連結値を採用。https://www2.jpx.co.jp/disc/39620/140120260514533735.pdf"
001Nn000013SeP9,5130001056107,株式会社ローヤル,http://www.royal-jp.com/index.html,"5: 300億円以上~1,000億円未満",330億　https://www.royal-jp.com/corporate.html,確認不可,△ 自社会社概要で売上高約330億円は確認できるが対象決算期の記載がなく、直近3期の鮮度条件を確定できないため不採用。http://www.royal-jp.com/corporate.html
001Nn000013SePI,8010001034856,月島ホールディングス株式会社,https://www.tsk-g.co.jp/company/outline/,"6: 1,000億円以上",,"1,490億円（2026年3月期・連結）","○ 自社会社概要。2026年3月期年商1,490億円（連結）。持株会社のため連結値を採用。https://www.tsk-g.co.jp/company/outline/"
001Nn000013SeQB,4030001061596,株式会社メッセ・ゴー,http://www.p-messe.com/,"5: 300億円以上~1,000億円未満",,確認不可,△ メッセHD傘下の子会社。公式918億円（2025年度）はメッセホールディングス/グループの売上で、株式会社メッセ・ゴー単体ではないため不採用。単体承認ソース未確認。https://www.p-messe.com/company/corporate/
001Nn000013SeQF,5010401050217,株式会社朋ジェーエス・ピー,https://www.tomo-jsp.co.jp/,"6: 1,000億円以上",,確認不可,△ 自社HP・採用ページ・公的法人情報を確認。公式はダイヤモンドグループの成長率のみで売上金額を開示せず、対象法人単体の直近3期売上高を確認できず。https://www.tomo-jsp.co.jp/recruit.html
001Nn000013SeTU,9011101052821,ＣＣコミュニケーションズ株式会社,https://32lime-design.com/,"6: 1,000億円以上",／,確認不可,△ 法人番号9011101052821。Gビズインフォ・公式関連情報・官報/公的情報を確認したが、CCコミュニケーションズ株式会社の直近3期売上高を承認ソースで確認できず。https://info.gbiz.go.jp/hojin/ichiran?hojinBango=9011101052821
001Nn000013SeUK,4010001034307,株式会社毎日新聞ネット,https://mainet.jp/,"5: 300億円以上~1,000億円未満",,確認不可,△ 自社会社概要・Gビズインフォ・毎日新聞社公式資料を確認したが、株式会社毎日新聞ネット単体の直近3期売上高を承認ソースで確認できず。https://mainet.jp/details.html
001Nn000013SeUv,5010001060426,株式会社リクルートホールディングス,https://recruit-holdings.com/ja/about/profile/,"6: 1,000億円以上",,"36,973億円（2026年3月期・連結売上収益）","○ 自社IR。2026年3月期連結売上収益3兆6,973億円。持株会社のため連結値を採用。https://recruit-holdings.com/ja/ir/"
001Nn000013SeWs,8080001009744,鈴与カーゴネット株式会社,https://www.suzuyo-scn.co.jp/,"5: 300億円以上~1,000億円未満",,466億円（2024年8月期・単体）,○ 鈴与100%子会社だが自社会社概要で対象法人自身の売上466億円（2024年8月期）を開示。https://www.suzuyo-scn.co.jp/company/
001Nn000013SeXL,7010001081230,株式会社アスム,http://www.asumu.jp,"6: 1,000億円以上",,確認不可,△ 法人番号7010001081230・東京都中央区の株式会社アスムをGビズインフォで照合。自社/公的情報・官報系を確認したが直近3期売上高の承認ソースなし。https://info.gbiz.go.jp/hojin/ichiran?hojinBango=7010001081230
001Nn000013SeXY,9200001016966,株式会社レッツネクスト,https://www.letsnext.net/,"6: 1,000億円以上",🚨※300億以下,確認不可,△ 自社会社概要・Gビズインフォ・公的職場情報を確認したが、株式会社レッツネクストの直近3期売上高を承認ソースで確認できず。https://www.letsnext.net/corporate/company.php
001Nn000013Sea3,5010001069979,ＮＹＫバルク・プロジェクト株式会社,https://nbpc.co.jp/company/access,"6: 1,000億円以上",,確認不可,"△ 日本郵船子会社。民間決算DB/求人には2026年3月期1,579億円等があるが禁止・非承認ソース。自社/親会社・公的原本で単体売上を確認できず不採用。https://nbpc.co.jp/company/access"
001Nn000013SeaB,7500001001270,株式会社カナックス,http://www.kk-kanax.co.jp/,"6: 1,000億円以上",,"1,443億円（2024年度・単体）","○ 自社会社概要。株式会社カナックスの2024年度売上高1,443億円。http://www.kk-kanax.co.jp/company/"
001Nn000013Seco,6140001011266,明海グループ株式会社,https://www.meiji-group.com/corporate/,"5: 300億円以上~1,000億円未満",,612.71億円（2026年3月期・連結）,"○ JPX決算短信。2026年3月期連結売上高61,271百万円。上場親会社のため連結値を採用。https://www2.jpx.co.jp/disc/91150/140120260513530388.pdf"
001Nn000013Sed6,9010001057261,丸千千代田水産株式会社,https://www.marusen.co.jp/,"5: 300億円以上~1,000億円未満",,438億円（2025年3月期・単体）,○ 自社会社概要。丸千千代田水産株式会社の2025年3月期売上高438億円。https://www.marusen.co.jp/company/
001Nn000013Sefe,4010001148742,株式会社共立アシスト,https://www.kyoritsugroup.co.jp/company/organization/assist/,"6: 1,000億円以上",,確認不可,△ 共立メンテナンスの特例子会社。法人番号4010001148742をGビズインフォで照合。対象法人単体の直近3期売上高を承認ソースで確認できず。https://info.gbiz.go.jp/hojin/ichiran?hojinBango=4010001148742
001Nn000013Segw,1010601065480,株式会社東京堂,https://www.tokyo-do.co.jp/company.html,"5: 300億円以上~1,000億円未満",,312.81億円（2025年度・単体）,"○ 伊藤忠グループ子会社だが自社会社概要で対象法人自身の2025年度年間売上高31,281百万円を開示。https://www.tokyo-do.co.jp/company.html"
001Nn000013Seh1,1180001030291,三協化成産業株式会社,https://www.sankyo-kasei.co.jp/corporate/profile/,"5: 300億円以上~1,000億円未満",,425億円（2025年8月期・単体）,○ 自社会社概要。三協化成産業株式会社の2025年8月期売上高425億円。https://www.sankyo-kasei.co.jp/corporate/profile/
001Nn000013Sehj,8011101022619,リス株式会社,http://www.lis21.co.jp/,"5: 300億円以上~1,000億円未満",,確認不可,△ 法人番号8011101022619。自社HP・Gビズインフォ・官報/公的情報を確認したが、リス株式会社の直近3期売上高を承認ソースで確認できず。https://www.lis21.co.jp/
001Nn000013Senl,2120001059641,交洋貿易株式会社,https://www.kouyoh.co.jp/,"5: 300億円以上~1,000億円未満",,644億円（2025年9月期・単体）,○ 自社会社案内。交洋貿易株式会社の2025年9月期売上高約644億円。https://www.kouyoh.co.jp/company.php
001Nn000013Seq2,5040001005915,日本環境開発株式会社,https://www.nihonkankyo.co.jp/philosophy/,"6: 1,000億円以上",✖TOKIUM✖,確認不可,△ 法人番号5040001005915。自社HP・Gビズインフォ・公的調達/官報系を確認したが、日本環境開発株式会社の直近3期売上高を承認ソースで確認できず。https://info.gbiz.go.jp/hojin/ichiran?hojinBango=5040001005915
001Nn000013Seq4,5120001150364,株式会社初亀,http://www.hatsukame.co.jp/company/outline.html,"5: 300億円以上~1,000億円未満",,確認不可,△ 法人番号5120001150364。自社HP・Gビズインフォ・官報/公的情報を確認したが、株式会社初亀の直近3期売上高を承認ソースで確認できず。https://info.gbiz.go.jp/hojin/ichiran?hojinBango=5120001150364
001Nn000013SeqH,8290001019301,株式会社西鉄アカウンティングサービス,http://nishitetsu-as.jp/,"6: 1,000億円以上",,確認不可,△ 西日本鉄道グループ子会社。自社会社概要・Gビズインフォ・決算公告系を確認したが、株式会社西鉄アカウンティングサービス単体の直近3期売上高を確認できず。https://nishitetsu-as.jp/
001Nn000013SeqR,2010401045517,株式会社イーズ,https://esinc.co.jp/company/,"6: 1,000億円以上",,確認不可,△ Gビズインフォで2025年3月期決算公告を確認したが貸借対照表中心で売上高非開示。自社HP・公的情報でも直近3期売上高を確認できず。https://info.gbiz.go.jp/hojin/financialstatement?kessanJohoId=f21c657b-f5a3-4edc-9c32-27ff6c875e01
001Nn000013SeqW,3011101037670,株式会社ワイ・テック,https://www.y-tec.jp/company/,"6: 1,000億円以上",,確認不可,△ 法人番号3011101037670・東京都台東区浅草橋の株式会社ワイ・テックを照合。自社公式・公的情報を確認したが直近3期売上高なし。広島県の同名ワイテック572億は別法人のため不採用。https://www.y-tec.jp/company/
001Nn000013SeqY,3300001005551,株式会社三光,https://sanko-jpn.net/,"5: 300億円以上~1,000億円未満",,確認不可,△ 法人番号3300001005551・佐賀県伊万里市の株式会社三光。Gビズインフォ・自社関連情報・官報/公的情報を確認したが、直近3期売上高の承認ソースなし。https://info.gbiz.go.jp/hojin/ichiran?hojinBango=3300001005551
001Nn000013Seqt,7180001004967,株式会社ニイミ,https://niimi.co.jp/about/office/,"6: 1,000億円以上",,確認不可,"△ 自社会社概要に2025年度「業績5,167百万円」とあるが、売上高との明記がないため判定基準の売上高としては不採用。承認ソースで売上高未確認。https://niimi.co.jp/about/outline/"
001Nn000013Seqw,7460101000177,ＮＣカード株式会社,https://www.ncobihiro.co.jp/web/overview/company.html,"5: 300億円以上~1,000億円未満",,確認不可,△ 自社会社概要の年間381億円は「年商《取扱高》」であり、判定基準の売上高ではないため不採用。直近3期の売上高を承認ソースで確認できず。https://www.ncobihiro.co.jp/web/overview/company.html
001Nn000013SerK,2020001039323,株式会社ジョビア,https://www.jobia.jp/about/,"6: 1,000億円以上",,確認不可,△ 法人番号2020001039323。自社HP・Gビズインフォ・公的職場情報・官報系を確認したが、株式会社ジョビアの直近3期売上高を承認ソースで確認できず。https://info.gbiz.go.jp/hojin/ichiran?hojinBango=2020001039323
001Nn000013Sern,5010001080894,株式会社ＣＯＣＯ　ＳＴＡＦＦ,https://www.cocostaff.co.jp/company_about/,"6: 1,000億円以上",,確認不可,△ 自社HP・派遣法公開情報・Gビズインフォを確認したが、株式会社COCO STAFFの直近3期売上高を承認ソースで確認できず。https://www.cocostaff.co.jp/
001Nn000013Serq,5080001004079,株式会社環境計量センター,https://www.kankyo-kc.co.jp/,"6: 1,000億円以上",,確認不可,△ 法人番号5080001004079。自社HP・Gビズインフォ・公的調達情報を確認したが、株式会社環境計量センターの直近3期売上高を承認ソースで確認できず。https://info.gbiz.go.jp/hojin/ichiran?hojinBango=5080001004079
001Nn000013Seru,5150001004567,株式会社Ｉ・Ｔ・Ｏ,https://i-t-o.jp/,"6: 1,000億円以上",,確認不可,△ 法人番号5150001004567。自社HP・Gビズインフォ・官報/公的情報を確認したが、株式会社I・T・Oの直近3期売上高を承認ソースで確認できず。https://info.gbiz.go.jp/hojin/ichiran?hojinBango=5150001004567
001Nn000013Sesf,9430001000336,株式会社アクアジオテクノ,https://www.aquageo.co.jp/,"6: 1,000億円以上",,確認不可,△ 法人番号9430001000336。自社HP・Gビズインフォ・官公庁情報を確認したが、株式会社アクアジオテクノの直近3期売上高を承認ソースで確認できず。https://info.gbiz.go.jp/hojin/ichiran?hojinBango=9430001000336
001Nn000013Sett,1011101003369,株式会社ＦＪネクストホールディングス,https://www.fjnext-hd.co.jp/corporate/corporate_profile.html,"6: 1,000億円以上",,"1,423.74億円（2026年3月期・連結）","○ 自社IR/採用データ。2026年3月期連結売上高1,423億74百万円。持株会社のため連結値を採用。https://www.fjnext-hd.co.jp/ir/strategy/investors.html"
001Nn000013Setw,3370001009100,株式会社ＩＣＨＩＣＯ,https://www.ichico.co.jp/about/information/,"5: 300億円以上~1,000億円未満",,確認不可,△ 法人番号3370001009100。自社会社概要・Gビズインフォ・公的情報を確認したが、株式会社ICHICOの直近3期売上高を承認ソースで確認できず。https://www.ichico.co.jp/company/information/
001Nn000013Seu8,7120001188114,株式会社アークスリー,https://arkthree.co.jp/,"6: 1,000億円以上",,確認不可,△ 法人番号7120001188114。自社HP・Gビズインフォ・官報/公的情報を確認したが、株式会社アークスリーの直近3期売上高を承認ソースで確認できず。https://info.gbiz.go.jp/hojin/ichiran?hojinBango=7120001188114
001Nn000013SeuB,8120001165021,陽鋼物産株式会社,http://www.yohkohb.co.jp/location/map_honsya2.html,"5: 300億円以上~1,000億円未満",,確認不可,△ Gビズインフォで2025年3月期決算公告を確認したが貸借対照表中心で売上高非開示。自社HPでも直近3期売上高を確認できず。https://info.gbiz.go.jp/hojin/financialstatement?kessanJohoId=330944a3-eb77-4fe5-bbc7-59f923e84ab4
001Nn000013SeuZ,5430001046531,玉田産業株式会社,http://www.tamadakk.co.jp/index.html,"6: 1,000億円以上",✖TOKIUM✖,確認不可,△ 法人番号5430001046531。自社HP・Gビズインフォ・公的職場/入札情報・官報系を確認したが、玉田産業株式会社の直近3期売上高を承認ソースで確認できず。https://info.gbiz.go.jp/hojin/ichiran?hojinBango=5430001046531
001Nn000013Seum,1010001216147,株式会社陽吉グループ,https://haruyoshi.co.jp/company/,"5: 300億円以上~1,000億円未満",,795億円（2026年1月期・単体）,○ 自社公式。2026年1月31日に5期目決算年商795億円突破を公表。https://haruyoshi.co.jp/company/
001Nn000013Sev2,4010401048922,株式会社電通グループ,https://www.group.dentsu.com/jp/,"6: 1,000億円以上",,"14,352.45億円（2025年12月期・連結収益）","○ JPX決算短信。IFRS連結トップラインの収益1,435,245百万円。持株会社のため連結値を採用。https://www2.jpx.co.jp/disc/43240/140120260108531049.pdf"
001Nn000013Sev4,4230001010541,トナミホールディングス株式会社,http://www.tonamiholdings.co.jp/information/company/,"6: 1,000億円以上",,"1,546.24億円（2025年3月期・連結営業収益）","○ 自社決算資料。2025年3月期連結営業収益154,624百万円。持株会社のため連結値を採用。https://www.tonamiholdings.co.jp/wp_225/wp-content/uploads/2025/05/n2025031502.pdf"
001Nn000013SevC,8110001005021,株式会社北越,https://www.hokuetsu.info/,"6: 1,000億円以上",,確認不可,△ 法人番号8110001005021。自社HP・Gビズインフォ・官報/公的情報を確認したが、株式会社北越の直近3期売上高を承認ソースで確認できず。https://info.gbiz.go.jp/hojin/ichiran?hojinBango=8110001005021
001Nn000013Sevg,7120001077473,ダイワボウホールディングス株式会社,https://www.daiwabo-holdings.com/ja/company/outline.html,"6: 1,000億円以上",,"13,508.79億円（2026年3月期・連結）","○ 自社IR財務ハイライト。2026年3月期連結売上高1,350,879百万円。持株会社のため連結値を採用。https://www.daiwabo-holdings.com/ja/ir/finance/highlight.html"
001Nn000013Sew3,2370001002741,株式会社オオウチ工芸,https://oouchi-k.co.jp/,"5: 300億円以上~1,000億円未満",✖TOKIUM✖,確認不可,△ 法人番号2370001002741。自社HP・Gビズインフォ・官報/公的情報を確認したが、株式会社オオウチ工芸の直近3期売上高を承認ソースで確認できず。https://info.gbiz.go.jp/hojin/ichiran?hojinBango=2370001002741
001Nn000013SewL,3330001002744,株式会社大進コンサルタント,http://www.daishin-c.co.jp/company/,"6: 1,000億円以上",,確認不可,△ 自社会社概要・Gビズインフォ・公的情報を確認したが、株式会社大進コンサルタントの直近3期売上高を承認ソースで確認できず。http://www.daishin-c.co.jp/company/
001Nn000013Sewq,7140001000557,株式会社ＴＣＤ,https://www.tcd.jp/about/index.html,"5: 300億円以上~1,000億円未満",,確認不可,△ 法人番号7140001000557。自社HP・Gビズインフォ・官報/公的情報を確認したが、株式会社TCDの直近3期売上高を承認ソースで確認できず。https://www.tcd.jp/about/index.html
001Nn000013Sex3,1120001086273,株式会社ナベショー,https://www.nabesho.com/,"6: 1,000億円以上",✖TOKIUM✖,"1,299億円（2024年度・単体）","○ 自社会社概要。株式会社ナベショーの2024年度年商1,299億円。https://www.nabesho.com/company/"
001Nn000013SexM,3280001000282,山陰丸和林業株式会社,http://www.maruwa-forest.co.jp/sanin.html,"6: 1,000億円以上",直通調べる必要あり。,確認不可,△ 法人番号3280001000282。自社HP・Gビズインフォ・公的情報を確認したが、山陰丸和林業株式会社の直近3期売上高を承認ソースで確認できず。http://www.maruwa-forest.co.jp/sanin.html
001Nn000013Sexa,5011001053452,株式会社夢屋,http://yumemania.jp,"5: 300億円以上~1,000億円未満",,確認不可,△ 法人番号5011001053452・東京都渋谷区の株式会社夢屋をGビズインフォで照合。同名他社と混同せず、自社/公的情報を確認したが直近3期売上高の承認ソースなし。https://info.gbiz.go.jp/hojin/ichiran?hojinBango=5011001053452
001Nn000013SeyU,1180001034144,盛田エンタプライズ株式会社,https://www.izmic.net/%E4%BC%9A%E7%A4%BE%E6%83%85%E5%A0%B1/%E3%82%B0%E3%83%AB%E3%83%BC%E3%83%97%E4%BC%81%E6%A5%AD,"6: 1,000億円以上",,確認不可,△ MICSグループの統括事業会社。自社グループ情報・Gビズインフォ・官報系を確認したが、盛田エンタプライズ株式会社単体の直近3期売上高を承認ソースで確認できず。https://www.izmic.net/
001Nn000013SeyX,1290802018202,有限会社医事システム,http://www.iji-system.jp,"6: 1,000億円以上",,対象外（有限会社）,× 法人格。直アポ大は株式会社のみ。有限会社のため対象外
001Nn000013SeyZ,2011301001568,株式会社環境技研,http://kankyo-gkn.com/,"6: 1,000億円以上",,確認不可,△ 法人番号2011301001568。自社HP・Gビズインフォ・官報/公的情報を確認したが、株式会社環境技研の直近3期売上高を承認ソースで確認できず。https://info.gbiz.go.jp/hojin/ichiran?hojinBango=2011301001568
001Nn000013Sez0,4240001031140,大栄鋼業株式会社,https://daiei-kogyo.jp/company/,"5: 300億円以上~1,000億円未満",,確認不可,△ 自社HPの平均売上464億円は2014〜2023年平均で、最新3期の鮮度条件を満たさないため不採用。直近3期の承認ソース売上高未確認。https://daiei-kogyo.jp/company/
001Nn000013Sez3,5010001037944,エイピーピー・ジャパン株式会社,http://www.app-j.com/company/company_profile.html,"5: 300億円以上~1,000億円未満",,確認不可,△ APPグループ日本子会社。自社会社概要・Gビズインフォ・官報/公的情報を確認したが、エイピーピー・ジャパン株式会社単体の直近3期売上高を承認ソースで確認できず。http://www.app-j.com/company/company_profile.html
001Nn000013Sf03,1030001056681,株式会社ビーズワン,https://beezone.co.jp/index.html,"6: 1,000億円以上",,確認不可,△ 法人番号1030001056681。自社HP・Gビズインフォ・官報/公的情報を確認したが、株式会社ビーズワンの直近3期売上高を承認ソースで確認できず。https://info.gbiz.go.jp/hojin/ichiran?hojinBango=1030001056681
001Nn000013Sf0C,4010401102547,レイサス株式会社,https://www.raysus-inc.jp/company/,"5: 300億円以上~1,000億円未満",,確認不可,△ 自社公式の572億円（2025年9月期）はレイスグループ売上高で、レイサス株式会社単体値と確定できないため不採用。単体の承認ソース売上高未確認。https://www.raysus-inc.jp/company/
001Nn000013Sf0N,4380001005510,昭和技術設計株式会社,http://www.step-fk.jp/,"6: 1,000億円以上",,確認不可,△ 法人番号4380001005510。自社HP・Gビズインフォ・公的調達/官報情報を確認したが、昭和技術設計株式会社の直近3期売上高を承認ソースで確認できず。http://www.step-fk.jp/
001Nn000013Sf0l,7030001067376,株式会社三裕,http://www.sunyou-group.co.jp/company/company-profile,"6: 1,000億円以上",,確認不可,△ 法人番号7030001067376。自社HP・Gビズインフォ・官報/公的情報を確認したが、株式会社三裕の直近3期売上高を承認ソースで確認できず。http://www.sunyou-group.co.jp/company/company-profile
001Nn000013Sf0w,8130001011091,大和観光開発株式会社,http://www.daiwakanko.co.jp/company/,"6: 1,000億円以上",◆08/24(月)、定時00:00、,確認不可,△ 自社会社概要・Gビズインフォ・官報/公的情報を確認したが、大和観光開発株式会社の直近3期売上高を承認ソースで確認できず。http://www.daiwakanko.co.jp/company/
001Nn000013Sf0z,8240001007938,株式会社中村工社,https://www.nakamurakosha.jp/,"5: 300億円以上~1,000億円未満",,確認不可,△ 法人番号8240001007938。自社会社概要・Gビズインフォ・官報/公的情報を確認したが、株式会社中村工社の直近3期売上高を承認ソースで確認できず。https://www.nakamurakosha.jp/
001Nn000013Sf10,8350001008025,株式会社システム・ナイン,https://www.system9.co.jp/,"6: 1,000億円以上",🚨※300億以下,確認不可,△ 自社会社概要・Gビズインフォ・官報/公的情報を確認したが、株式会社システム・ナインの直近3期売上高を承認ソースで確認できず。https://www.system9.co.jp/
001Nn000013Sf14,9011101000771,株式会社アスク出版,https://www.ask-books.com/,"5: 300億円以上~1,000億円未満",,確認不可,△ 自社HP・Gビズインフォ・官報/公的情報を確認したが、株式会社アスク出版の直近3期売上高を承認ソースで確認できず。民間推定売上は不採用。https://www.ask-books.com/
001Nn000013Sf18,1011201019018,株式会社Ｗ．Ｈ,https://w-h-corp.com/,"5: 300億円以上~1,000億円未満",,確認不可,△ 自社HP/採用サイト・公的法人情報を確認。求人媒体には2025年度単体65.3億円の記載があるが禁止ソースのため不採用。承認ソース売上高未確認。https://recruit.w-h.co.jp/
001Nn000013Sf1O,2120001078261,近畿技術コンサルタンツ株式会社,http://www.kingi.co.jp/corporate/profile.html,"6: 1,000億円以上",✖TOKIUM✖,確認不可,△ 法人番号2120001078261。自社会社概要・Gビズインフォ・官公庁情報を確認したが、近畿技術コンサルタンツ株式会社の直近3期売上高を承認ソースで確認できず。http://www.kingi.co.jp/corporate/profile.html
001Nn000013Sf1T,3010001195034,日本インプラント株式会社,https://www.nihon-implant.co.jp,"5: 300億円以上~1,000億円未満",,確認不可,△ 法人番号3010001195034。自社会社概要・Gビズインフォ・公的情報を確認したが、日本インプラント株式会社の直近3期売上高を承認ソースで確認できず。https://www.anshin-implant.jp/company/
001Nn000013Sf1m,5012301000433,株式会社エスピーシー,https://www.s-p-c.co.jp/companyoverview.html,"6: 1,000億円以上",,確認不可,△ 法人番号5012301000433。自社HP・Gビズインフォ・公的情報を確認したが、株式会社エスピーシーの直近3期売上高を承認ソースで確認できず。https://www.s-p-c.co.jp/companyoverview.html
001Nn000013Sf1o,5040001030830,株式会社ＣＵＣサポート,https://www.cuc-support.com/03_prof.html,"6: 1,000億円以上",,確認不可,△ 自社会社概要・Gビズインフォ・官報/公的情報を確認したが、株式会社CUCサポートの直近3期売上高を承認ソースで確認できず。https://www.cuc-support.com/03_prof.html
001Nn000013Sf1y,6010901001825,エスディーエムコンサルティング株式会社,https://www.sdm.co.jp/company.html,"6: 1,000億円以上",,確認不可,△ 自社会社概要・Gビズインフォ・官報/公的情報を確認したが、エスディーエムコンサルティング株式会社の直近3期売上高を承認ソースで確認できず。https://www.sdm.co.jp/company.html
001Nn000013Sf2R,9040001052193,三木造園土木株式会社,http://www.mitsugi-zd.co.jp/,"6: 1,000億円以上",,確認不可,△ 法人番号9040001052193。自社HP・Gビズインフォ・官公庁情報を確認したが、三木造園土木株式会社の直近3期売上高を承認ソースで確認できず。http://www.mitsugi-zd.co.jp/
001Nn000013Sf2a,9370001004236,株式会社友美,https://yubi.jp/,"5: 300億円以上~1,000億円未満",,確認不可,△ 法人番号9370001004236。自社採用サイト・Gビズインフォ・公的情報を確認したが、株式会社友美の直近3期売上高を承認ソースで確認できず。https://yubi.jp/
001Nn000013Sf2u,5020001020759,株式会社ソーエー,https://www.soei-inc.co.jp/corporate.html,"5: 300億円以上~1,000億円未満",,確認不可,△ 法人番号5020001020759。自社HP・厚労省求人票・Gビズインフォ等を確認したが、株式会社ソーエーの直近3期売上高を承認ソースで確認できず。https://www.soei-inc.co.jp/corporate.html
001Nn000013Sf37,6080001001612,株式会社サイラン,http://www.sairan.co.jp/company,"5: 300億円以上~1,000億円未満",【属性】🐻‍❄️/👤経理】：総務　カトウ様　が経理担当,確認不可,△ 法人番号6080001001612。Gビズインフォ・自社HP・官報/公的情報を確認したが、株式会社サイランの直近3期売上高を承認ソースで確認できず。https://info.gbiz.go.jp/hojin/ichiran?hojinBango=6080001001612
001Nn000013Sf3X,8180301004906,株式会社葵設計事務所,https://aoi-sekkei.jp/company/#c-anc04,"6: 1,000億円以上",,確認不可,△ 法人番号8180301004906。Gビズインフォ・自社HP・公的情報を確認。2018年売上情報は古く鮮度条件外。直近3期の承認ソース売上高を確認できず。https://info.gbiz.go.jp/hojin/ichiran?hojinBango=8180301004906
001Nn000013Sf3e,9010701012953,株式会社ラジアン,https://www.radian.co.jp/,"5: 300億円以上~1,000億円未満",✖TOKIUM✖,確認不可,△ 法人番号9010701012953。Gビズインフォ・自社HP・官報/公的情報を確認したが、株式会社ラジアンの直近3期売上高を承認ソースで確認できず。https://info.gbiz.go.jp/hojin/ichiran?hojinBango=9010701012953
001Nn000013Sf3n,9500001014361,タイカワ商事株式会社,https://taikawa.co.jp/company_overview.html,"5: 300億円以上~1,000億円未満",,確認不可,△ 自社会社概要で年商390億円は確認できるが対象決算期の記載がなく、直近3期の鮮度条件を確定できないため不採用。https://taikawa.co.jp/company_overview.html
001Nn000013Sf4Q,5010001024760,株式会社ドラムエンジニアリング,http://www.dram.co.jp/company.html,"6: 1,000億円以上",,確認不可,△ 自社会社概要・Gビズインフォ・官公庁情報を確認したが、株式会社ドラムエンジニアリングの直近3期売上高を承認ソースで確認できず。https://www.dram.co.jp/company.html
001Nn000013Sf63,6010001050335,中和印刷株式会社,https://www.chuwa-p.co.jp/profile/,"6: 1,000億円以上",,確認不可,△ 自社HP・Gビズインフォ・官報/公的情報を確認したが、中和印刷株式会社の直近3期売上高を承認ソースで確認できず。https://www.chuwa-p.co.jp/profile/
001Nn000013Sf6K,8120901009129,おぜき包装株式会社,https://www.ozeki-housou.jp/outline,"5: 300億円以上~1,000億円未満",◆08/25(火)、定時00:00、,確認不可,△ 自社HP・公的情報を確認。民間企業情報には2024年12月期27.3億円の記載があるが非承認ソースのため不採用。承認ソース売上高未確認。https://www.ozeki-housou.jp/
001Nn000013Sf6M,8180001033544,株式会社東海労金サービス,http://www.t-rokinservice.co.jp/index.html,"6: 1,000億円以上",,【300億未満】5.89億円（2023年度・単体）,× 300億未満。親会社の東海労働金庫ディスクロージャーで子会社・東海労金サービスの2023年度年間売上高589百万円を確認。https://tokai.rokin.or.jp/aboutus/disclosure/pdf/disclosure2024_data.pdf
001Nn000013Sf6Q,8290802015911,有限会社アリタサービス,https://bizdco.com/pr_arita.html,"6: 1,000億円以上",,対象外（有限会社）,× 法人格。直アポ大は株式会社のみ。有限会社のため対象外
001Nn000013Sf6U,9010001048806,ＫＰＰグループホールディングス株式会社,https://www.kpp-gr.com/ja/company/outline.html,"6: 1,000億円以上",,"6,503.68億円（2026年3月期・連結）","○ 自社IR財務ハイライト。2026年3月期連結売上高650,368百万円。持株会社のため連結値を採用。https://www.kpp-gr.com/ja/ir/finance/highlight.html"
001Nn000013Sf6d,1050001024125,大北産業株式会社,https://ookita-sangyo.co.jp/company/,"6: 1,000億円以上",✖TOKIUM✖,確認不可,△ 法人番号1050001024125。自社会社概要・Gビズインフォ・官報/公的情報を確認したが、大北産業株式会社の直近3期売上高を承認ソースで確認できず。https://ookita-sangyo.co.jp/company/
001Nn000013Sf6q,3010601039466,株式会社総合環境計画,https://www.sg-kankyo.co.jp/,"6: 1,000億円以上",,確認不可,△ 自社会社概要・Gビズインフォ・官公庁情報を確認したが、株式会社総合環境計画の直近3期売上高を承認ソースで確認できず。https://www.sg-kankyo.co.jp/about/
001Nn000013Sf6y,4030001057850,株式会社アイルネット,http://www.saitama-keiridaiko.com/,"6: 1,000億円以上",,確認不可,△ 法人番号4030001057850・埼玉県川越市の株式会社アイルネットをGビズインフォで照合。検索上位の東京都港区同名法人とは別法人。対象法人の直近3期売上高を承認ソースで確認できず。https://info.gbiz.go.jp/hojin/ichiran?hojinBango=4030001057850
001Nn000013Sf76,4290801014315,福岡金属興業株式会社,https://fukkin.co.jp/company/,"6: 1,000億円以上",,確認不可,△ 公的団体資料に売上高103億円（2007年度）等はあるが鮮度条件外。自社HP・Gビズインフォで直近3期の承認ソース売上高を確認できず。https://k-rip.gr.jp/database/memberdetail/11567/
001Nn000013Sf79,5010701009474,三井金属資源開発株式会社,https://www.mindeco.co.jp/company/,"6: 1,000億円以上",,確認不可,△ 三井金属グループ子会社。自社HP・Gビズインフォ・親会社IR/官報系を確認したが、三井金属資源開発株式会社単体の直近3期売上高を承認ソースで確認できず。https://www.mindeco.co.jp/company/
001Nn000013Sf9L,9120901006249,シップヘルスケアホールディングス株式会社,https://www.shiphd.co.jp/company/outline/,"6: 1,000億円以上",,"7,181.63億円（2026年3月期・連結）","○ 自社会社概要。2026年3月期連結売上高7,181億円（有報718,163百万円）。持株会社のため連結値を採用。https://www.shiphd.co.jp/company/outline/"
001Nn000013Sf9P,1020001019078,ユニセック株式会社,http://www.unisec.co.jp/company.html,"6: 1,000億円以上",✖TOKIUM✖,確認不可,△ 法人番号1020001019078。自社会社概要・Gビズインフォ・官報/公的情報を確認したが、ユニセック株式会社の直近3期売上高を承認ソースで確認できず。http://www.unisec.co.jp/company.html
001Nn000013Sf9U,2010001100291,株式会社アフェックス経営センター,https://afexs.co.jp/about/,"6: 1,000億円以上",,確認不可,△ 自社会社概要・Gビズインフォ・官報/公的情報を確認したが、株式会社アフェックス経営センターの直近3期売上高を承認ソースで確認できず。https://afexs.co.jp/about/
001Nn000013Sf9X,2120901022673,朝日電装株式会社,https://www.asahidenso.co.jp/company/index.html,"5: 300億円以上~1,000億円未満",,【300億未満】195億円（2025年12月期・単体）,× 300億未満。自社会社概要。朝日電装株式会社の2025年12月実績売上高195億円。https://www.ad-asahidenso.co.jp/company/aboutus/
001Nn000013Sf9d,3010401037091,株式会社価値総合研究所,https://www.vmi.co.jp/jpn/company/company.html,"6: 1,000億円以上",,確認不可,△ 日本政策投資銀行グループ子会社。自社HP・Gビズインフォ・親会社情報を確認したが、株式会社価値総合研究所単体の直近3期売上高を承認ソースで確認できず。https://www.vmi.co.jp/jpn/company/company.html
001Nn000013Sf9g,3021001002303,アズビル山武フレンドリー株式会社,https://ayf.azbil.com/,"6: 1,000億円以上",,確認不可,△ アズビル特例子会社。自社公式は2023〜2025年度の決算公告を掲載するが貸借対照表のみで売上高非開示。単体売上高を承認ソースで確認できず。https://ayf.azbil.com/kessan/index.html
001Nn000013Sf9h,3260001015943,総社花萬株式会社,https://www.hana-man.co.jp/index.html,"6: 1,000億円以上",,【300億未満】7.60億円（2025年9月期・単体）,"× 300億未満。総社市公式就職ガイドの企業情報で売上高7億6,000万円。https://www.city.soja.okayama.jp/data/open/cnt/3/12402/6/mensetukaiguidebook2025.pdf"
001Nn000013Sf9l,4010001163700,株式会社グッド・エナジー,https://good-energy.co.jp/,"5: 300億円以上~1,000億円未満",,確認不可,△ 法人番号4010001163700。Gビズインフォ・自社HP・官報/公的情報を確認したが、株式会社グッド・エナジーの直近3期売上高を承認ソースで確認できず。https://info.gbiz.go.jp/hojin/ichiran?hojinBango=4010001163700
001Nn000013Sf9r,4210001013488,株式会社タマヤ,https://www.tamaya-f.jp/aboutus/company,"6: 1,000億円以上",,確認不可,△ 法人番号4210001013488。自社HP・Gビズインフォ・多数の官公庁調達情報を確認したが、株式会社タマヤの直近3期売上高を承認ソースで確認できず。https://info.gbiz.go.jp/hojin/ichiran?hojinBango=4210001013488
001Nn000013SfA2,5180001085902,株式会社東海シジシー,http://www.tokaicgc.co.jp/,"6: 1,000億円以上",,確認不可,"△ 自社会社概要に売上高248億円を開示するが対象決算期の記載がなく、直近3期の鮮度条件を確定できないため不採用。加盟社年商合計4,533億円は対象法人売上ではない。https://www.tokaicgc.co.jp/company"
001Nn000013SfA6,6010401001482,ＡＮＺＥＮ・ＰＡＸ株式会社,https://www.anzenpax.com/company/,"5: 300億円以上~1,000億円未満",,確認不可,△ 自社会社概要・Gビズインフォ・官報/公的情報を確認したが、ANZEN・PAX株式会社の直近3期売上高を承認ソースで確認できず。https://www.anzenpax.com/company/
001Nn000013SfAK,7010001034881,野村ホールディングス株式会社,https://www.nomura.co.jp/introduc/company/,"6: 1,000億円以上",,"21,677億円（2026年3月期・連結収益合計）","○ 自社決算解説。2026年3月期通期の収益合計2兆1,677億円。証券・金融グループのトップラインとして確認、持株会社のため連結可。https://plus.nomuraholdings.com/jp/latest/20260424-FY202603-4Q-Highlights.html"
001Nn000013SfBA,3120001131325,鳳コンサルタント株式会社,http://ohtori-c.co.jp/,"5: 300億円以上~1,000億円未満",,確認不可,△ 法人番号3120001131325。自社HP・Gビズインフォ・官公庁情報を確認したが、鳳コンサルタント株式会社の直近3期売上高を承認ソースで確認できず。http://ohtori-c.co.jp/
001Nn000013SfBN,4070001030523,株式会社アイムスタイル,http://aim-style.biz/,"6: 1,000億円以上",,確認不可,△ 法人番号4070001030523。自社関連情報・Gビズインフォ・官報/公的情報を確認したが、株式会社アイムスタイルの直近3期売上高を承認ソースで確認できず。http://aim-style.biz/
001Nn000013SfBO,4120101043080,平和オート株式会社,https://www.heiwa-auto.co.jp/company.php,"5: 300億円以上~1,000億円未満",,756.07億円（2025年7月期・単体）,"○ 自社会社概要。2025年7月期売上高756億670万5,581円。https://www.heiwa-auto.co.jp/company.php?lan=ja"
001Nn000013SfBR,4200001007689,株式会社オアシスパーク,https://www.oasispark.co.jp/about/,"5: 300億円以上~1,000億円未満",,【300億未満】6.59億円（R06開示・単体）,× 300億未満。NEXCO中日本公式グループ会社情報R06で、株式会社オアシスパークの売上高659百万円を確認。https://www.c-nexco.co.jp/corporate/company/disclosure/group/pdf/R06.pdf
001Nn000013SfBZ,5180001074260,商都通信株式会社,https://www.syoto.co.jp/company.html,"6: 1,000億円以上",,確認不可,△ 法人番号5180001074260。自社HP・Gビズインフォ・官報/公的情報を確認したが、商都通信株式会社の直近3期売上高を承認ソースで確認できず。https://www.syoto.co.jp/company.html
001Nn000013SfBd,5430001070119,株式会社ヒューマン＆テクノロジー,https://www.human-and-tec.co.jp/,"6: 1,000億円以上",,確認不可,△ 法人番号5430001070119。Gビズインフォ・自社HP・官報/公的情報を確認したが、株式会社ヒューマン＆テクノロジーの直近3期売上高を承認ソースで確認できず。https://info.gbiz.go.jp/hojin/ichiran?hojinBango=5430001070119
001Nn000013SfBt,7120101000723,株式会社井上設備サービス,https://inouesetsubi.co.jp/company/,"6: 1,000億円以上",,確認不可,△ 法人番号7120101000723。自社HP・Gビズインフォ・厚労省公的求人票を確認したが、株式会社井上設備サービスの直近3期売上高を承認ソースで確認できず。https://info.gbiz.go.jp/hojin/ichiran?hojinBango=7120101000723
001Nn000013SfC8,9011201010935,株式会社ブルースタジオ,https://www.bluestudio.jp/company/,"5: 300億円以上~1,000億円未満",,確認不可,△ 自社会社概要・Gビズインフォ・官報/公的情報を確認したが、株式会社ブルースタジオの直近3期売上高を承認ソースで確認できず。https://www.bluestudio.jp/company/
001Nn000013SfCC,9080001003003,静岡ライフクリーン株式会社,http://www.slife-c.co.jp/,"5: 300億円以上~1,000億円未満",,確認不可,△ 自社HP・Gビズインフォ・官報/公的情報を確認。民間求人サイトには2024年8月期5.13億円の記載があるが禁止ソースのため不採用。承認ソース売上高未確認。http://www.slife-c.co.jp/
001Nn000013SfCH,1010001011606,株式会社栄光アース,https://www.eikoh-earth.co.jp/about/company/,"6: 1,000億円以上",,確認不可,△ 法人番号1010001011606。自社HP・Gビズインフォ・官報/公的情報を確認したが、株式会社栄光アースの直近3期売上高を承認ソースで確認できず。https://www.eikoh-earth.co.jp/about/company/
001Nn000013SfCI,1010001036438,朝陽貿易株式会社,https://www.asahitrading.com/about,"5: 300億円以上~1,000億円未満",,631億円（2025年3月期・単体）,○ 自社会社概要。朝陽貿易株式会社の年商約631億円（2025年3月期）。https://www.asahitrading.com/about
001Nn000013SfCd,3070001016291,株式会社ミツバ環境ソリューション,https://www.t-clover.co.jp/company/,"6: 1,000億円以上",,確認不可,△ ミツバ子会社。親会社公式で2024〜2026年3月期の電子公告を確認したが貸借対照表中心で売上高非開示。単体の承認ソース売上高未確認。https://www.mitsuba.co.jp/jp/ir/koukoku/mks.html
001Nn000013SfCp,4450001002698,株式会社協和コンサルタント,http://www.as-kyowa.jp/,"6: 1,000億円以上",◆08/24(月)、定時00:00、,確認不可,△ 法人番号4450001002698。Gビズインフォ・自社HP・官公庁情報を確認したが、株式会社協和コンサルタントの直近3期売上高を承認ソースで確認できず。https://info.gbiz.go.jp/hojin/ichiran?hojinBango=4450001002698
001Nn000013SfCu,5140001041693,キクヤ株式会社,http://www.kikuya-g.co.jp,"6: 1,000億円以上",,確認不可,△ 法人番号5140001041693。Gビズインフォ・自社HP・官報/公的情報を確認したが、キクヤ株式会社の直近3期売上高を承認ソースで確認できず。https://info.gbiz.go.jp/hojin/ichiran?hojinBango=5140001041693
001Nn000013SfCz,6011102004205,株式会社ケイ・コーポレーション,https://www.keicorporation.com,"6: 1,000億円以上",,【300億未満】19.45億円（2025年9月期・単体）,"× 300億未満。自社会社概要。株式会社ケイ・コーポレーションの2025年9月期売上高19億4,500万円。https://www.keicorporation.com/abtkei.html"
001Nn000013SfD1,6120901037957,グローバルデザイン株式会社,https://www.globaldesign1.co.jp/company/,"6: 1,000億円以上",,確認不可,△ 法人番号6120901037957。自社会社概要・Gビズインフォ・官報/公的情報を確認したが、グローバルデザイン株式会社の直近3期売上高を承認ソースで確認できず。https://www.globaldesign1.co.jp/company/
001Nn000013SfDG,8020001071378,野崎印刷紙器株式会社,http://www.nozaki-print.co.jp/company.html,"6: 1,000億円以上",,【300億未満】140.16億円（2026年3月期・連結）,"× 300億未満。自社セグメント売上高ページ。2026年3月期連結売上高合計14,016,480千円。https://www.nozakiinsatu.co.jp/segment/index.html"
001Nn000013SfDT,9430001008255,株式会社水工技研,http://www.s-tec-jp.com/,"6: 1,000億円以上",✖TOKIUM✖,確認不可,△ 法人番号9430001008255。Gビズインフォ・自社HPを確認。2018年の民間DB売上4.54億円は古く非承認のため不採用。直近3期の承認ソース売上高なし。https://info.gbiz.go.jp/hojin/ichiran?hojinBango=9430001008255
001Nn000013SfDX,1180001059109,株式会社セオリー,http://www.theoryflowers.co.jp/,"5: 300億円以上~1,000億円未満",,確認不可,△ 法人番号1180001059109。Gビズインフォ・自社HP・官報/公的情報を確認したが、株式会社セオリーの直近3期売上高を承認ソースで確認できず。https://info.gbiz.go.jp/hojin/ichiran?hojinBango=1180001059109
001Nn000013SfDZ,1360002013269,株式会社キャプテンズフード,http://www.okinawa-soba.co.jp/,"6: 1,000億円以上",,確認不可,△ 自社HP・Gビズインフォ・官報/公的情報を確認したが、株式会社キャプテンズフードの直近3期売上高を承認ソースで確認できず。http://www.okinawa-soba.co.jp/
001Nn000013SfDm,3400501000117,株式会社耕栄企業,https://sanpatigroup.jp/company,"6: 1,000億円以上",,確認不可,△ 法人番号3400501000117。自社グループHP・Gビズインフォ・官報/公的情報を確認したが、株式会社耕栄企業単体の直近3期売上高を承認ソースで確認できず。https://sanpatigroup.jp/company
001Nn000013SfDo,3460101006269,株式会社イーク,https://iik.co.jp/,"5: 300億円以上~1,000億円未満",,確認不可,△ 法人番号3460101006269。Gビズインフォ・自社HP・公的情報を確認したが、株式会社イークの直近3期売上高を承認ソースで確認できず。https://info.gbiz.go.jp/hojin/ichiran?hojinBango=3460101006269
001Nn000013SfDv,4430001003640,株式会社環境リサーチ,https://www.kankyoresearch.com/,"6: 1,000億円以上",,確認不可,△ 法人番号4430001003640。自社HP・Gビズインフォ・官公庁情報を確認したが、株式会社環境リサーチの直近3期売上高を承認ソースで確認できず。https://www.kankyoresearch.com/
001Nn000013SfDx,5010001141135,五十鈴マネジメントサービス株式会社,https://www.isz.co.jp/ims/company/,"6: 1,000億円以上",,確認不可,△ 五十鈴グループの管理子会社。自社会社概要・Gビズインフォ・グループ情報を確認したが、五十鈴マネジメントサービス株式会社単体の直近3期売上高を確認できず。https://www.isz.co.jp/ims/company/
001Nn000013SfE3,5070001005771,株式会社カーブスホールディングス,https://www.curvesholdings.co.jp/company/company.html,"5: 300億円以上~1,000億円未満",,375.66億円（2025年8月期・連結）,"○ 自社IR開示。2025年8月期連結売上高37,566百万円。上場親会社のため連結値を採用。https://www.curvesholdings.co.jp/ir/"
001Nn000013SfFh,5010001129122,株式会社ジェイヴイコミュニケーションズ,https://www.jvgroup.co.jp/corporation/index.html,"6: 1,000億円以上",,確認不可,△ 法人番号5010001129122。自社会社概要・Gビズインフォ・官報/公的情報を確認したが、株式会社ジェイヴイコミュニケーションズの直近3期売上高を承認ソースで確認できず。https://www.jvgroup.co.jp/corporation/index.html
001Nn000013SfFi,5011001027704,株式会社スクウェア・エニックス・ホールディングス,https://www.square-enix.com/jpn/company/outline.html,"6: 1,000億円以上",,"2,976.61億円（2026年3月期・連結）","○ 自社IR財務ハイライト。2026年3月期連結売上高297,661百万円。持株会社のため連結値を採用。https://web.hd.square-enix.com/jpn/ir/finance/"
001Nn000013SfFu,6040001003042,伸光エンジニアリング株式会社,http://sinko-eng.co.jp/about_us/,"6: 1,000億円以上",,確認不可,△ 法人番号6040001003042。自社会社概要・Gビズインフォ・官報/公的情報を確認したが、伸光エンジニアリング株式会社の直近3期売上高を承認ソースで確認できず。http://sinko-eng.co.jp/about_us/
001Nn000013SfFv,6140001045719,株式会社タイトウトレーディング,https://www.taitoh.com/corporate/,"5: 300億円以上~1,000億円未満",,確認不可,△ 自社HPは2020年に累計売上500億円到達のみで各期売上を開示せず。求人媒体の2024年売上24.39億円は禁止ソースのため不採用。直近3期承認ソース売上高なし。https://www.taitoh.com/corporate/
001Nn000013SfG2,7180301006473,東海工営株式会社,https://tokaikoei.bsj.jp,"5: 300億円以上~1,000億円未満",✖TOKIUM✖,確認不可,△ 法人番号7180301006473。Gビズインフォ・自社HPを確認。2015年売上4.42億円は鮮度条件外。直近3期の承認ソース売上高を確認できず。https://info.gbiz.go.jp/hojin/ichiran?hojinBango=7180301006473
001Nn000013SfGF,9010401114224,株式会社ミュープランニング,https://myuplanning.co.jp/company/,"5: 300億円以上~1,000億円未満",,確認不可,△ JR東日本/ルミネ系子会社。自社HP・公的情報を確認したが、株式会社ミュープランニングの直近3期売上高を承認ソースで確認できず。決算公告は売上高非開示。https://myuplanning.co.jp/company/
001Nn000013SfGI,9011101030166,株式会社環境指標生物,http://www.bioindicator.co.jp/,"6: 1,000億円以上",,確認不可,△ 業界団体JEASの売上高360百万円は2015年度で鮮度条件外。自社HP・Gビズインフォで直近3期の承認ソース売上高を確認できず。https://jeas.org/id038/
001Nn000013SfGJ,9020001061106,株式会社アイネット・データサービス,https://www.inet-d.co.jp/corporate.html,"6: 1,000億円以上",,確認不可,△ アイネット子会社。自社HP・Gビズインフォ・2024〜2026年決算公告を確認したが公告は売上高非開示。単体の承認ソース売上高未確認。https://www.inet-d.co.jp/corporate.html
001Nn000013SfGK,9030001008213,株式会社宮原設計測量,http://www.miya-as.co.jp/,"6: 1,000億円以上",,確認不可,△ 法人番号9030001008213。自社HP・Gビズインフォ・官公庁情報を確認したが、株式会社宮原設計測量の直近3期売上高を承認ソースで確認できず。http://www.miya-as.co.jp/
001Nn000013SfGV,1010601015394,丸安毛糸株式会社,http://www.maruyasu-fil.co.jp/,"5: 300億円以上~1,000億円未満",,確認不可,△ 法人番号1010601015394。自社HP・Gビズインフォ・官報/公的情報を確認したが、丸安毛糸株式会社の直近3期売上高を承認ソースで確認できず。http://www.maruyasu-fil.co.jp/
001Nn000013SfGc,1200002009679,有限会社根尾開発,https://neokaihatsu.com/,"6: 1,000億円以上",,対象外（有限会社）,× 法人格。直アポ大は株式会社のみ。有限会社のため対象外
001Nn000013SfGd,1240001009866,株式会社日野原富士コンサルタント,http://hfcnet.co.jp/,"6: 1,000億円以上",✖TOKIUM✖,確認不可,△ 法人番号1240001009866。自社HP・Gビズインフォ・官公庁情報を確認したが、株式会社日野原富士コンサルタントの直近3期売上高を承認ソースで確認できず。http://hfcnet.co.jp/
001Nn000013SfGm,2240001038732,山丸汽船株式会社,https://yamamaru.com/,"5: 300億円以上~1,000億円未満",,348億円（2025年12月期・単体）,○ 自社会社概要。山丸汽船株式会社の2025年12月期売上高348億円。https://yamamaru.com/company/
001Nn000013SfGo,2290001020586,株式会社エスティ環境設計研究所,https://step-i.co.jp/,"5: 300億円以上~1,000億円未満",,確認不可,△ 法人番号2290001020586。自社HP・Gビズインフォ・官公庁情報を確認したが、株式会社エスティ環境設計研究所の直近3期売上高を承認ソースで確認できず。https://step-i.co.jp/
001Nn000013SfGs,2450001007963,株式会社三洋コンサルタント,http://www.sanyo-con.co.jp/company3.html,"6: 1,000億円以上",✖TOKIUM✖,確認不可,△ 法人番号2450001007963。Gビズインフォ・自社HP・官公庁情報を確認したが、株式会社三洋コンサルタントの直近3期売上高を承認ソースで確認できず。https://info.gbiz.go.jp/hojin/ichiran?hojinBango=2450001007963
001Nn000013SfGw,3120901031640,株式会社Ｓｔａｎｄａｒｄ,https://standard-coltd.com/profile/,"5: 300億円以上~1,000億円未満",,確認不可,△ 法人番号3120901031640。自社HP・Gビズインフォ・官報/公的情報を確認したが、株式会社Standardの直近3期売上高を承認ソースで確認できず。https://standard-coltd.com/profile/
001Nn000013SfH2,4013301022096,株式会社北電子ホールディングス,https://www.kitadenshi.co.jp/company/kitadenshi-holdings/,"5: 300億円以上~1,000億円未満",,368億円（2025年3月期・グループ）,○ 自社採用サイト。株式会社北電子ホールディングスの2025年3月期グループ売上高368億円。持株会社のため採用。https://www.kitadenshi.co.jp/recruit/specialsite/company/group.html
001Nn000013SfH6,4180001084285,株式会社タグチ,http://www.kk-taguchi.co.jp/,"5: 300億円以上~1,000億円未満",,確認不可,△ 法人番号4180001084285。自社HP・Gビズインフォ・官報/公的情報を確認したが、株式会社タグチの直近3期売上高を承認ソースで確認できず。http://www.kk-taguchi.co.jp/
001Nn000013SfIv,8380001007123,株式会社新和調査設計,https://www.shinwasekkei.co.jp/company/,"6: 1,000億円以上",,確認不可,△ 法人番号8380001007123。自社HP・Gビズインフォ・官公庁情報を確認したが、株式会社新和調査設計の直近3期売上高を承認ソースで確認できず。https://www.shinwasekkei.co.jp/company/
001Nn000013SfJ1,9120001167751,ライジングフード株式会社,https://ing-osaka.com/,"5: 300億円以上~1,000億円未満",,確認不可,△ 法人番号9120001167751。自社HP・Gビズインフォ・官報/公的情報を確認したが、ライジングフード株式会社の直近3期売上高を承認ソースで確認できず。https://ing-osaka.com/
001Nn000013SfJ7,9180001075503,株式会社アイテックリサーチ,https://www.i-techresearch.com/company/,"6: 1,000億円以上",,確認不可,△ 法人番号9180001075503。自社HP・Gビズインフォ・官報/公的情報を確認したが、株式会社アイテックリサーチの直近3期売上高を承認ソースで確認できず。https://www.i-techresearch.com/company/
001Nn000013SfJE,1070001002260,藤和航測株式会社,http://towaasv.co.jp/framepage2-1.htm,"6: 1,000億円以上",,確認不可,△ 法人番号1070001002260。自社HP・Gビズインフォ・官公庁情報を確認したが、藤和航測株式会社の直近3期売上高を承認ソースで確認できず。http://towaasv.co.jp/framepage2-1.htm
001Nn000013SfJG,1110001005861,株式会社渡森,http://www.watamori.co.jp/,"5: 300億円以上~1,000億円未満",,確認不可,△ 法人番号1110001005861。自社HP・Gビズインフォ・官報/公的情報を確認したが、株式会社渡森の直近3期売上高を承認ソースで確認できず。https://info.gbiz.go.jp/hojin/ichiran?hojinBango=1110001005861
001Nn000013SfJR,2120001093715,株式会社フジオフードグループ本社,https://fujiogroup.com/company/profile.html,"5: 300億円以上~1,000億円未満",,319.32億円（2025年12月期・連結）,"○ 自社IR業績ハイライト。2025年12月期連結売上高31,932百万円。グループ本社のため連結値を採用。https://fujiogroup.com/ir/data/highlight.html"
001Nn000013SfJT,2130001034437,株式会社カイトシステム,https://kaitosystem.com/,"6: 1,000億円以上",,確認不可,△ 法人番号2130001034437。自社HP・Gビズインフォ・厚労省求人票・官報系を確認したが、株式会社カイトシステムの直近3期売上高を承認ソースで確認できず。https://info.gbiz.go.jp/hojin/ichiran?hojinBango=2130001034437
001Nn000013SfJd,4010001034942,株式会社ミツウロコグループホールディングス,https://www.mitsuuroko.com/about/company/,"6: 1,000億円以上",,"3,394.98億円（2026年3月期・連結）","○ 自社IRトップマネジメントメッセージ。第117期連結売上高3,394億98百万円。持株会社のため連結値を採用。https://www.mitsuuroko.com/ir/policy/message.html"
001Nn000013SfJh,4030002120764,株式会社ラインシステム,https://www.line-system.jp/,"5: 300億円以上~1,000億円未満",,確認不可,△ 法人番号4030002120764。2025年に有限会社から株式会社へ組織変更後の法人を照合。自社HP・Gビズインフォ・官報系で直近3期売上高を確認できず。https://info.gbiz.go.jp/hojin/ichiran?hojinBango=4030002120764
001Nn000013SfK5,7010001023216,株式会社サンネット,https://sunnet21.net/,"6: 1,000億円以上",,【300億未満】134.20億円（2026年3月期・単体）,× 300億未満。自社公式「数字で見るサンネット」。2026年3月期売上高134.2億円。https://sunnet21.net/recruit/data/
001Nn000013SfKZ,1370002016493,株式会社グローアップ・シーン,https://to-ya.jp/aboutus/,"5: 300億円以上~1,000億円未満",,確認不可,△ 法人番号1370002016493。自社関連情報・Gビズインフォ・官報/公的情報を確認したが、株式会社グローアップ・シーンの直近3期売上高を承認ソースで確認できず。https://info.gbiz.go.jp/hojin/ichiran?hojinBango=1370002016493
001Nn000013SfKa,2010401063502,株式会社Ｔ＆Ｄホールディングス,https://www.td-holdings.co.jp/company/profile.php,"5: 300億円以上~1,000億円未満",,"34,822.14億円（2026年3月期・連結・経常収益）","○ JPX決算短信。保険持株会社の売上高相当指標として2026年3月期連結経常収益3,482,214百万円を確認。https://www2.jpx.co.jp/disc/87950/140120260515536232.pdf"
001Nn000013SfKz,5130001024658,株式会社パルプラン,http://www.palplan.co.jp/company.html,"5: 300億円以上~1,000億円未満",,確認不可,△ 法人番号5130001024658。自社HP・Gビズインフォ・官報/公的情報を確認したが、株式会社パルプランの直近3期売上高を承認ソースで確認できず。https://info.gbiz.go.jp/hojin/ichiran?hojinBango=5130001024658
001Nn000013SfLV,7260001003201,新光技術開発株式会社,https://sec-okayama.co.jp/,"6: 1,000億円以上",,確認不可,△ 法人番号7260001003201。Gビズインフォ・自社HP・官公庁入札資格情報を確認したが、新光技術開発株式会社の直近3期売上高を承認ソースで確認できず。https://info.gbiz.go.jp/hojin/ichiran?hojinBango=7260001003201
001Nn000013SfLX,8011001012950,株式会社ソフトクリエイトホールディングス,https://www.softcreate-holdings.co.jp/company/about_us,"5: 300億円以上~1,000億円未満",,309.51億円（2025年3月期・連結）,"○ 自社会社概要。2025年3月期連結売上高309億5,100万円。持株会社のため連結値を採用。https://www.softcreate-holdings.co.jp/company/about_us/"
001Nn000013SfLa,8080401001887,株式会社サンコー分析センター,https://www.sankobunseki.co.jp/,"6: 1,000億円以上",,確認不可,△ 法人番号8080401001887。自社会社概要・Gビズインフォ・中小機構J-GoodTechを確認したが、株式会社サンコー分析センターの直近3期売上高を承認ソースで確認できず。https://info.gbiz.go.jp/hojin/ichiran?hojinBango=8080401001887
001Nn000013SfLf,8140001042490,株式会社一成,http://www.issei-eco.com/company_info/aboutus.html,"6: 1,000億円以上",,確認不可,△ 法人番号8140001042490。Gビズインフォ・自社HP・官公庁情報を確認。2018年売上3.21億円の民間情報は古く非承認。直近3期の承認ソース売上高なし。https://info.gbiz.go.jp/hojin/ichiran?hojinBango=8140001042490
001Nn000013SfLi,8390002014126,ネクスト環境コンサルタント株式会社,https://next-enviro.co.jp/,"6: 1,000億円以上",✖TOKIUM✖,確認不可,△ 法人番号8390002014126。自社HP・Gビズインフォ・公的職場/官公庁情報を確認したが、ネクスト環境コンサルタント株式会社の直近3期売上高を承認ソースで確認できず。https://info.gbiz.go.jp/hojin/ichiran?hojinBango=8390002014126
001Nn000013SfLt,1011701008783,株式会社展示会ブース装飾,https://www.alpha-kikaku.com/company/summary.php,"5: 300億円以上~1,000億円未満",✖TOKIUM✖,確認不可,△ 法人番号1011701008783。自社HP・Gビズインフォ・公的職場情報を確認したが、株式会社展示会ブース装飾の直近3期売上高を承認ソースで確認できず。https://info.gbiz.go.jp/hojin/ichiran?hojinBango=1011701008783
001Nn000013SfMB,6110001009651,ＡＳＴＥＣ株式会社,http://astec.jpn.com/i/company/company.html,"6: 1,000億円以上",,確認不可,△ 法人番号6110001009651。自社HP・Gビズインフォ・官報/公的情報を確認したが、ASTEC株式会社の直近3期売上高を承認ソースで確認できず。https://info.gbiz.go.jp/hojin/ichiran?hojinBango=6110001009651
001Nn000013SfML,7011101063309,ポールトゥウィンホールディングス株式会社,https://www.phd.inc/corporate/overview/,"5: 300億円以上~1,000億円未満",,488億円（2026年1月期・連結）,○ JPX決算説明資料。2026年1月期グループ売上高488億円。持株会社のため連結値を採用。https://www2.jpx.co.jp/disc/36570/140120260317583206.pdf
001Nn000013SfMc,9120001009937,株式会社関西シジシー,https://www.cgcjapan.co.jp/company/district/,"6: 1,000億円以上",,確認不可,"△ CGC公式の4,229億円（2026/8）は関西地区加盟24社の合計年商で、株式会社関西シジシー単体売上ではないため不採用。単体の承認ソース売上高未確認。https://www.cgcjapan.co.jp/company/district/area.php?area=%E9%96%A2%E8%A5%BF"
001Nn000013SfN1,3010001134479,株式会社フューチャーブレーン,https://www.future-brain.net/,"5: 300億円以上~1,000億円未満",,確認不可,△ 自社会社概要・Gビズインフォ・官報/公的情報を確認したが、株式会社フューチャーブレーンの直近3期売上高を承認ソースで確認できず。https://www.future-brain.net/corporate/
001Nn000013SfN6,3100001008756,軽井沢フード株式会社,https://www.karuizawa-food.com/,"6: 1,000億円以上",,確認不可,△ 法人番号3100001008756。自社HP・Gビズインフォ・官報/公的情報を確認したが、軽井沢フード株式会社の直近3期売上高を承認ソースで確認できず。https://www.karuizawa-food.com/
001Nn000013SfN7,3120001061695,株式会社エスピージャパン,http://www.spjapan.co.jp/Company.html,"5: 300億円以上~1,000億円未満",,確認不可,△ 法人番号3120001061695。自社HP・Gビズインフォ・官報/公的情報を確認したが、株式会社エスピージャパンの直近3期売上高を承認ソースで確認できず。http://www.spjapan.co.jp/Company.html
001Nn000013SfN8,3120001179942,ファイズホールディングス株式会社,https://www.phyz.co.jp/company/,"5: 300億円以上~1,000億円未満",,403.23億円（2026年3月期・連結）,"○ 自社会社概要。第13期売上実績40,322,860千円（2025/4/1～2026/3/31）。持株会社のため連結値を採用。https://www.phyz.co.jp/company/"
001Nn000013SfNB,4010001142811,グローブマーケティング株式会社,https://www.growb.co.jp/mission#profile,"5: 300億円以上~1,000億円未満",,確認不可,△ 法人番号4010001142811。自社HP・Gビズインフォ・官報/公的情報を確認したが、グローブマーケティング株式会社の直近3期売上高を承認ソースで確認できず。https://info.gbiz.go.jp/hojin/ichiran?hojinBango=4010001142811
001Nn000013SfNI,5011101046273,日本環境技研株式会社,https://www.jes-corp.co.jp/トップページ/会社概要,"6: 1,000億円以上",✖TOKIUM✖,確認不可,△ 法人番号5011101046273。自社HP・Gビズインフォ・官公庁調達情報を確認したが、日本環境技研株式会社の直近3期売上高を承認ソースで確認できず。https://info.gbiz.go.jp/hojin/ichiran?hojinBango=5011101046273
001Nn000013SfNK,5020001018316,株式会社南旺社,http://www.nanosha.co.jp/profile.html,"6: 1,000億円以上",,確認不可,△ 法人番号5020001018316。自社HP・Gビズインフォ・官報/公的情報を確認したが、株式会社南旺社の直近3期売上高を承認ソースで確認できず。https://info.gbiz.go.jp/hojin/ichiran?hojinBango=5020001018316
001Nn000013SfNT,6180001078260,株式会社国保住建,http://www.kokubojuken.com/,"6: 1,000億円以上",,確認不可,△ 法人番号6180001078260。自社HP・Gビズインフォを確認。2017年売上5.30億円の民間情報は古く非承認。直近3期の承認ソース売上高なし。http://www.kokubojuken.com/
001Nn000013SfNb,8010501024150,株式会社アド・イーグル,https://www.adeagle.co.jp,"6: 1,000億円以上",,確認不可,△ 法人番号8010501024150。自社HP・Gビズインフォ・公的情報を確認したが、株式会社アド・イーグルの直近3期売上高を承認ソースで確認できず。https://www.adeagle.co.jp/
001Nn000013SfO0,1490001005188,毛利製麺株式会社,https://www.mugiya.net/pro/company/,"5: 300億円以上~1,000億円未満",,確認不可,△ 法人番号1490001005188。自社HP・Gビズインフォ・官報/公的情報を確認したが、毛利製麺株式会社の直近3期売上高を承認ソースで確認できず。https://info.gbiz.go.jp/hojin/ichiran?hojinBango=1490001005188
001Nn000013SfO7,2140001057453,アイシーエス姫路市ウエルフエアー株式会社,http://www.ihw.co.jp/,"5: 300億円以上~1,000億円未満",,確認不可,△ 法人番号2140001057453。自社HP・Gビズインフォ・官報/公的情報を確認したが、アイシーエス姫路市ウエルフエアー株式会社の直近3期売上高を承認ソースで確認できず。https://info.gbiz.go.jp/hojin/ichiran?hojinBango=2140001057453
001Nn000013SfOF,2360001018474,沖縄菅公学生服株式会社,https://kanko-gakuseifuku.co.jp/,"5: 300億円以上~1,000億円未満",,確認不可,△ 菅公学生服グループ子会社。法人番号2360001018474をGビズインフォで照合。自社/グループ公式・公的情報を確認したが対象法人単体の直近3期売上高未確認。https://info.gbiz.go.jp/hojin/ichiran?hojinBango=2360001018474
001Nn000013SfOI,3010401079687,株式会社カーボントレード,https://carbontrade.co.jp/,"5: 300億円以上~1,000億円未満",,確認不可,△ 法人番号3010401079687。自社HP・Gビズインフォ・官公庁情報を確認したが、株式会社カーボントレードの直近3期売上高を承認ソースで確認できず。https://info.gbiz.go.jp/hojin/ichiran?hojinBango=3010401079687
001Nn000013SfOK,3010701014889,コムシスホールディングス株式会社,https://www.comsys-hd.co.jp/company/outline.html,"6: 1,000億円以上",,"6,306億円（2026年3月期・連結）","○ 自社会社概要。2026年3月期連結売上高6,306億円。持株会社のため連結値を採用。https://www.comsys-hd.co.jp/company/outline.html"
001Nn000013SfON,3030002066265,有限会社湯本商事,http://www.rr2.co.jp/yumoto/index.html,"5: 300億円以上~1,000億円未満",,対象外（有限会社）,× 法人格。直アポ大は株式会社のみ。有限会社のため対象外
001Nn000013SfOQ,4010001228528,株式会社水上会計プラスサポート,https://www.mizukami-kaikei.com/,"6: 1,000億円以上",,確認不可,△ 法人番号4010001228528。自社HP・Gビズインフォ・官報/公的情報を確認したが、株式会社水上会計プラスサポートの直近3期売上高を承認ソースで確認できず。https://www.mizukami-kaikei.com/
001Nn000013SfOa,4140001005864,アサキインターナシヨナル株式会社,http://asaki-intl.jp/company/profile.html,"5: 300億円以上~1,000億円未満",,確認不可,△ 法人番号4140001005864。自社HP・Gビズインフォ・官報/公的情報を確認したが、アサキインターナシヨナル株式会社の直近3期売上高を承認ソースで確認できず。https://info.gbiz.go.jp/hojin/ichiran?hojinBango=4140001005864
001Nn000013SfOi,5010601048770,株式会社リンクアップ,https://link-up11.co.jp/,"5: 300億円以上~1,000億円未満",,確認不可,△ 法人番号5010601048770。自社HP・Gビズインフォ・官報/公的情報を確認したが、株式会社リンクアップの直近3期売上高を承認ソースで確認できず。https://link-up11.co.jp/
001Nn000013SfOo,5130001012084,株式会社ワコールホールディングス,https://www.wacoalholdings.jp/group/holdings/#profile,"6: 1,000億円以上",,"1,715.10億円（2026年3月期・連結売上収益）","○ 自社決算短信。2026年3月期IFRS連結売上収益171,510百万円。持株会社のため連結値を採用。https://www.wacoalholdings.jp/news/pdf.html?dn=20260513531544"
001Nn000013SfP1,6011101037016,フランスベッドホールディングス株式会社,https://francebed-hd.co.jp/company/about/,"5: 300億円以上~1,000億円未満",,617.69億円（2026年3月期・連結）,"○ 自社IR「数字で見るフランスベッド」。2026年3月期連結売上高61,769百万円。持株会社のため連結値を採用。https://francebed-hd.co.jp/ir/individual/ataglance/"
001Nn000013SfP4,6030001152708,株式会社ＢＩＺＰＯＷＥＲ,http://bizpower.co.jp/,"6: 1,000億円以上",✖TOKIUM✖,確認不可,△ 法人番号6030001152708。自社HP・Gビズインフォ・官報/公的情報を確認したが、株式会社BIZPOWERの直近3期売上高を承認ソースで確認できず。http://bizpower.co.jp/
001Nn000013SfPJ,7010001139202,株式会社ゲームカードホールディングス,https://www.gamecard-joyco.co.jp,"5: 300億円以上~1,000億円未満",,【300億未満】253.85億円（2026年3月期・連結）,"× 300億未満。自社2026年3月期決算短信。連結売上高25,385百万円。持株会社の連結値でも300億未満。https://www.gc-holdings.co.jp/wp-content/uploads/2026/05/6c332d508a6dbbf45fde1433ca4bcc7e.pdf"
001Nn000013SfR9,7011601007194,株式会社ヨシダ消毒,https://yoshida-pc.co.jp/,"5: 300億円以上~1,000億円未満",,確認不可,△ 法人番号7011601007194。自社HP・Gビズインフォ・文科省等の公的調達情報を確認したが、株式会社ヨシダ消毒の直近3期売上高を承認ソースで確認できず。https://info.gbiz.go.jp/hojin/ichiran?hojinBango=7011601007194
001Nn000013SfRE,7340001000438,株式会社インターウェーブ,https://www.i-wave.co.jp/aboutus/,"5: 300億円以上~1,000億円未満",,確認不可,△ 自社会社概要・Gビズインフォ・官報/公的情報を確認したが、株式会社インターウェーブの直近3期売上高を承認ソースで確認できず。https://www.i-wave.co.jp/aboutus/
001Nn000013SfRG,8140001043349,株式会社播磨設計コンサルタント,https://haricon.co.jp/,"6: 1,000億円以上",,確認不可,△ 法人番号8140001043349。自社HP・Gビズインフォ・官公庁情報を確認したが、株式会社播磨設計コンサルタントの直近3期売上高を承認ソースで確認できず。https://info.gbiz.go.jp/hojin/ichiran?hojinBango=8140001043349
001Nn000013SfRJ,9390001004044,三協コンサルタント株式会社,https://www.sankyo-y.co.jp/,"5: 300億円以上~1,000億円未満",,確認不可,△ 法人番号9390001004044。自社HP・Gビズインフォ・官公庁情報を確認したが、三協コンサルタント株式会社の直近3期売上高を承認ソースで確認できず。https://www.sankyo-y.co.jp/
001Nn000013SfRV,2120001112020,株式会社コムエッジ,https://www.comedge.co.jp/company/overview.html,"6: 1,000億円以上",,確認不可,△ 法人番号2120001112020。自社会社概要・Gビズインフォ・公的職場情報を確認したが、株式会社コムエッジの直近3期売上高を承認ソースで確認できず。https://comedge.co.jp/company/overview.html
001Nn000013SfRp,4260001005027,株式会社日本都市工学設計,http://www.toshikougaku.jp/profile.htm,"6: 1,000億円以上",,確認不可,△ 法人番号4260001005027。自社HP・Gビズインフォ・官公庁情報を確認したが、株式会社日本都市工学設計の直近3期売上高を承認ソースで確認できず。http://www.toshikougaku.jp/profile.htm
001Nn000013SfRq,4370301000294,株式会社オーテック,https://k-otec.co.jp/,"6: 1,000億円以上",,確認不可,△ 自社会社概要・Gビズインフォ・公的法人情報を確認したが、株式会社オーテックの直近3期売上高を承認ソースで確認できず。https://k-otec.co.jp/company
001Nn000013SfRz,5070001023682,株式会社エコセンター,http://www.eco-center.jp/portfolio.html,"6: 1,000億円以上",,確認不可,△ 法人番号5070001023682。自社HP・Gビズインフォ・官報/公的情報を確認したが、株式会社エコセンターの直近3期売上高を承認ソースで確認できず。https://info.gbiz.go.jp/hojin/ichiran?hojinBango=5070001023682
001Nn000013SfS0,5110001022713,越後交通ビルサービス株式会社,http://www.ek-bs.com,"5: 300億円以上~1,000億円未満",,確認不可,△ 越後交通グループ子会社。自社HP・Gビズインフォ・グループ情報を確認したが、越後交通ビルサービス株式会社単体の直近3期売上高を承認ソースで確認できず。http://www.ek-bs.com
001Nn000013SfS5,5200001011228,中部公営事業株式会社,https://c-koei.co.jp/,"6: 1,000億円以上",✖TOKIUM✖,確認不可,△ 自社会社概要・Gビズインフォ・官公庁情報を確認したが、中部公営事業株式会社の直近3期売上高を承認ソースで確認できず。https://c-koei.co.jp/company.html
001Nn000013SfS8,6100001004570,株式会社オルツ,https://www.alt-s.jp/,"6: 1,000億円以上",,確認不可,△ 自社会社概要・Gビズインフォ・官報/公的情報を確認したが、株式会社オルツの直近3期売上高を承認ソースで確認できず。https://www.alt-s.jp/company/
001Nn000013SfSP,8020001029137,武蔵貿易通関株式会社,https://www.musashi-bt.co.jp/,"6: 1,000億円以上",◆08/27(木)、定時00:00、,確認不可,△ 自社会社概要・Gビズインフォ・官報/公的情報を確認したが、武蔵貿易通関株式会社の直近3期売上高を承認ソースで確認できず。https://www.musashi-bt.co.jp/
001Nn000013SfSk,9290801002471,電協産業株式会社,http://www.denkyosangyo.co.jp/company.html,"5: 300億円以上~1,000億円未満",,確認不可,△ 法人番号9290801002471。自社HP・Gビズインフォを確認。民間企業DBの10.36億円は非承認ソースのため不採用。直近3期の承認ソース売上高なし。https://info.gbiz.go.jp/hojin/ichiran?hojinBango=9290801002471
001Nn000013SfSr,1100001001688,綜合地質コンサルタント株式会社,https://www.sgckk.jp/,"5: 300億円以上~1,000億円未満",,確認不可,△ 法人番号1100001001688。自社HP・Gビズインフォ・官公庁情報を確認したが、綜合地質コンサルタント株式会社の直近3期売上高を承認ソースで確認できず。https://www.sgckk.jp/
001Nn000013SfSt,1210001012419,株式会社クエストム,https://www.quadco.co.jp/hokukon-engi/company/index.html,"5: 300億円以上~1,000億円未満",,確認不可,△ ホクコングループ関連会社。自社/グループ公式・Gビズインフォを確認したが、株式会社クエストム単体の直近3期売上高を承認ソースで確認できず。https://www.quadco.co.jp/hokukon-engi/company/index.html
001Nn000013SfSv,2011101020702,ミヤケインダストリー株式会社,https://www.miyake-ind.co.jp/company-overview/,"5: 300億円以上~1,000億円未満",,確認不可,△ 自社会社概要・Gビズインフォ・官報/公的情報を確認したが、ミヤケインダストリー株式会社の直近3期売上高を承認ソースで確認できず。https://www.miyake-ind.co.jp/company-overview/
001Nn000013SfSz,2130001021294,株式会社セレマ,https://cerema.co.jp/company/,"5: 300億円以上~1,000億円未満",,351.47億円（2025年7月期・単体）,"○ 自社会社概要掲載の令和7年7月期損益計算書。売上高35,147百万円。https://cerema.co.jp/company/"
001Nn000013SfT1,2140001057998,株式会社エス・アイ,https://si-himeji.co.jp/info/company.html,"6: 1,000億円以上",,確認不可,△ 自社会社概要・Gビズインフォ・公的情報を確認したが、株式会社エス・アイの直近3期売上高を承認ソースで確認できず。https://si-himeji.co.jp/info/company.html
001Nn000013SfT2,2290001020289,フレッシュエアー株式会社,http://fresh-air.jp/kaishagaiyo.html,"6: 1,000億円以上",,確認不可,△ 自社会社概要・Gビズインフォ・官報/公的情報を確認したが、フレッシュエアー株式会社の直近3期売上高を承認ソースで確認できず。http://fresh-air.jp/kaishagaiyo.html
001Nn000013SfT9,3030002113703,有限会社タスク情報技術研究所,http://www.task-itr.com/,"6: 1,000億円以上",,対象外（有限会社）,× 法人格。直アポ大は株式会社のみ。有限会社のため対象外
001Nn000013SfTS,5011101070471,株式会社リブマックスプロパティマネジメント,https://www.livemax.co.jp/about/company/,"5: 300億円以上~1,000億円未満",✖TOKIUM✖,確認不可,△ リブマックスグループ子会社。公式の819.86億円はグループ売上高、489.09億円は株式会社リブ・マックス単体で対象法人ではないため不採用。対象子会社単体売上未確認。https://www.livemax.co.jp/about/company/
001Nn000013SfTW,5110001026714,株式会社コイデン,https://coiden.jp/,"5: 300億円以上~1,000億円未満",,確認不可,△ 自社会社概要・Gビズインフォ・官公庁情報を確認したが、株式会社コイデンの直近3期売上高を承認ソースで確認できず。https://coiden.jp/company/
001Nn000013SfTY,5290001028908,株式会社インターテック,https://www.intertech.jp/company/,"6: 1,000億円以上",✖TOKIUM✖,確認不可,△ 法人番号5290001028908。自社会社概要・Gビズインフォ・公的情報を確認したが、株式会社インターテックの直近3期売上高を承認ソースで確認できず。https://www.intertech.jp/company/
001Nn000013SfTa,6010001026426,バイオシステム株式会社,http://www.biosys.co.jp/index.html,"5: 300億円以上~1,000億円未満",,確認不可,△ 法人番号6010001026426。自社HP・Gビズインフォ・公的職場情報を確認したが、バイオシステム株式会社の直近3期売上高を承認ソースで確認できず。https://info.gbiz.go.jp/hojin/ichiran?hojinBango=6010001026426
001Nn000013SfTd,6180301007340,三河設備工業株式会社,https://www.mikawasetsubi.co.jp/,"5: 300億円以上~1,000億円未満",◆08/26(水)、定時00:00、,確認不可,△ 法人番号6180301007340。自社HP・Gビズインフォ・公的情報を確認したが、三河設備工業株式会社の直近3期売上高を承認ソースで確認できず。https://info.gbiz.go.jp/hojin/ichiran?hojinBango=6180301007340
001Nn000013SfTe,6230001015068,ｉビジネスプロセスサービス株式会社,https://www.ibps.co.jp/company.html,"6: 1,000億円以上",,確認不可,△ 自社会社概要・Gビズインフォ・官報系を確認。2018年決算公告も売上高非開示で、iビジネスプロセスサービス株式会社の直近3期売上高を承認ソースで確認できず。https://www.ibps.co.jp/company.html
001Nn000013SfTi,7010501026908,株式会社富士エンジニアリング,https://www.fujieng.net/,"5: 300億円以上~1,000億円未満",✖TOKIUM✖,確認不可,△ 法人番号7010501026908。自社HP・公的情報を確認。民間DBの売上10億円は2021年情報で非承認かつ鮮度条件外。直近3期の承認ソース売上高なし。https://www.fujieng.net/
001Nn000013SfTm,7013201010355,株式会社リフォネット,http://refo-net.jp/,"6: 1,000億円以上",,確認不可,△ 法人番号7013201010355。自社HP・Gビズインフォ・公的法人/建設業情報を確認したが、株式会社リフォネットの直近3期売上高を承認ソースで確認できず。https://info.gbiz.go.jp/hojin/ichiran?hojinBango=7013201010355
001Nn000013SfUB,9210001001901,スキット株式会社,https://pocketfolder.jp/company/,"6: 1,000億円以上",,確認不可,△ 自社会社概要・Gビズインフォ・厚労省求人情報を確認したが、スキット株式会社の直近3期売上高を承認ソースで確認できず。公式の財務指標は比率のみ。https://skit.co.jp/company/
001Nn000013SfUG,1010001110481,株式会社ＫｅｙＨｏｌｄｅｒ,https://www.keyholder.co.jp/company/profile/,"5: 300億円以上~1,000億円未満",,356.30億円（2025年12月期・連結売上収益）,"○ 自社IR決算ハイライト。2025年12月期連結売上収益35,630百万円。上場親会社のため連結値を採用。https://www.keyholder.co.jp/ir/library/data/"
001Nn000013SfUH,1010001152004,ジパングアウトソーシングサービス株式会社,https://japang.co.jp/company/overview/,"6: 1,000億円以上",,確認不可,△ 自社会社概要・Gビズインフォ・公的法人情報を確認したが、ジパングアウトソーシングサービス株式会社の直近3期売上高を承認ソースで確認できず。https://japang.co.jp/company/overview/
001Nn000013SfUQ,1380001025817,株式会社サンライフ,https://sunlife2016.net/company,"6: 1,000億円以上",,確認不可,△ 法人番号1380001025817＝福島県古殿町の株式会社サンライフをGビズインフォで照合。検索上位の同名他社の売上は流用せず、自社/公的情報で直近3期売上高を確認できず。https://info.gbiz.go.jp/hojin/ichiran?hojinBango=1380001025817
001Nn000013SfUT,2012801001982,株式会社ガイアドリーム,https://gaeadream.co.jp/company/profile/,"6: 1,000億円以上",,確認不可,△ 法人番号2012801001982。自社HP・Gビズインフォ・公的職場情報を確認したが、株式会社ガイアドリームの直近3期売上高を承認ソースで確認できず。https://info.gbiz.go.jp/hojin/ichiran?hojinBango=2012801001982
001Nn000013SfUX,2120001122911,マーケットクリエイティブ株式会社,https://www.mative.co.jp/company/,"5: 300億円以上~1,000億円未満",,確認不可,△ 法人番号2120001122911。自社HP・Gビズインフォ・官報/公的情報を確認したが、マーケットクリエイティブ株式会社の直近3期売上高を承認ソースで確認できず。https://www.mative.co.jp/company/
001Nn000013SfUZ,2140001006831,株式会社関西エンジニヤリング,http://www.hyosoku.or.jp/kaiin/kansaiengi/kansaiengi.html,"5: 300億円以上~1,000億円未満",,【300億未満】4.59億円（令和6年度・単体）,"× 300億未満。自社会社概要で昨年度（令和6年度）の売上4億5,900万円を明記。https://www.kansai-e.jp/company/"
001Nn000013SfUa,2220001008035,ワールドワイド株式会社,https://w-wide.co.jp/,"6: 1,000億円以上",,確認不可,△ 法人番号2220001008035。自社HP・Gビズインフォ・公的職場情報を確認したが、ワールドワイド株式会社の直近3期売上高を承認ソースで確認できず。https://info.gbiz.go.jp/hojin/ichiran?hojinBango=2220001008035
001Nn000013SfUf,3060001001542,株式会社景観プランニング,https://www.keikan-planning.com/gaiyou.html,"6: 1,000億円以上",,確認不可,△ 法人番号3060001001542。2018年5月期売上1.565億円は鮮度条件外。自社HP・Gビズインフォで直近3期の承認ソース売上高を確認できず。https://info.gbiz.go.jp/hojin/ichiran?hojinBango=3060001001542
001Nn000013SfUh,3100001020389,株式会社ワークスゼロ,https://works-zero.jp/,"5: 300億円以上~1,000億円未満",,確認不可,△ 法人番号3100001020389。自社会社概要・Gビズインフォ・公的職場情報を確認したが、株式会社ワークスゼロの直近3期売上高を承認ソースで確認できず。https://works-zero.jp/about/
001Nn000013SfUi,3140001058021,株式会社エンバイシス,http://www.envisys.co.jp/env/outline.html,"5: 300億円以上~1,000億円未満",,確認不可,△ 法人番号3140001058021。自社HP・Gビズインフォ・官公庁情報を確認したが、株式会社エンバイシスの直近3期売上高を承認ソースで確認できず。https://info.gbiz.go.jp/hojin/ichiran?hojinBango=3140001058021
001Nn000013SfUq,4010701012495,日産東京販売ホールディングス株式会社,https://www.nissan-tokyo-hd.co.jp/company/outline/,"6: 1,000億円以上",,"1,289.97億円（2026年3月期・連結）","○ JPX決算短信。2026年3月期連結売上高128,997百万円。持株会社のため連結値を採用。https://www2.jpx.co.jp/disc/82910/140120260513528540.pdf"
001Nn000013SfUr,4120001016962,株式会社エイチ・エス・エイ,http://hsa-japan.co.jp/company/profile,"5: 300億円以上~1,000億円未満",,確認不可,△ 法人番号4120001016962。自社HP・Gビズインフォ・官報/公的情報を確認したが、株式会社エイチ・エス・エイの直近3期売上高を承認ソースで確認できず。https://info.gbiz.go.jp/hojin/ichiran?hojinBango=4120001016962
001Nn000013SfUu,4290001002475,株式会社ワイズプランニング,https://www.ys-plan.co.jp/company/,"6: 1,000億円以上",◆08/24(月)、定時00:00、,確認不可,△ 法人番号4290001002475。自社HP・Gビズインフォを確認。求人媒体の2025年9月期8.1億円は禁止ソースのため不採用。承認ソースで直近3期売上高を確認できず。https://info.gbiz.go.jp/hojin/ichiran?hojinBango=4290001002475
001Nn000013SfV0,5010401069430,サンニン株式会社,https://sunnin.jp/company/#company-sec4,"5: 300億円以上~1,000億円未満",,【300億未満】10億円（2025年3月期・単体）,× 300億未満。中小企業基盤整備機構「100億宣言」の企業資料。法人番号5010401069430、現在の売上高10億円（2025年3月期）。https://growth-100-oku.smrj.go.jp/companies/pdf/02051-00.pdf
001Nn000013SfVC,5280001003127,株式会社環境理化学研究所,https://itp.ne.jp/info/327100806155670860/,"6: 1,000億円以上",,確認不可,△ 法人番号5280001003127。Gビズインフォ・自社/公的情報・官公庁情報を確認したが、株式会社環境理化学研究所の直近3期売上高を承認ソースで確認できず。https://info.gbiz.go.jp/hojin/ichiran?hojinBango=5280001003127
001Nn000013SfVR,6240001015414,株式会社ケー・アイ・プロデュース,https://www.kiproduce.jp/,"6: 1,000億円以上",,確認不可,△ 法人番号6240001015414。自社HP・Gビズインフォ・官報/公的情報を確認したが、株式会社ケー・アイ・プロデュースの直近3期売上高を承認ソースで確認できず。https://www.kiproduce.jp/
001Nn000013SfVe,7120001030671,晃洋厨機株式会社,https://koyo-chuki.co.jp/pages/19/,"5: 300億円以上~1,000億円未満",,確認不可,△ 自社会社概要・Gビズインフォ・官報/公的情報を確認したが、晃洋厨機株式会社の直近3期売上高を承認ソースで確認できず。https://koyo-chuki.co.jp/pages/19/
001Nn000013SfVk,8011801015921,デリカフーズホールディングス株式会社,https://www.delica.co.jp/company/,"5: 300億円以上~1,000億円未満",,622.19億円（2026年3月期・連結）,"○ 自社IR。2026年3月期連結売上高62,219百万円。持株会社のため連結値を採用。https://www.delica.co.jp/ir/"
001Nn000013SfVu,9010401055815,株式会社ＩｎｆｏＤｅｌｉｖｅｒ,http://www.infodeliver.com,"6: 1,000億円以上",,確認不可,△ 法人番号9010401055815。自社HP・Gビズインフォ・官報/公的情報を確認したが、株式会社InfoDeliverの直近3期売上高を承認ソースで確認できず。http://www.infodeliver.com
001Nn000013SfW2,1030001038242,マパール株式会社,https://mapal.com/ja-jp/mapal-career/sites/saitama,"5: 300億円以上~1,000億円未満",,確認不可,△ MAPALグループ日本法人。法人番号1030001038242をGビズインフォで照合。自社/公的情報でマパール株式会社単体の直近3期売上高を確認できず。https://info.gbiz.go.jp/hojin/ichiran?hojinBango=1030001038242
001Nn000013SfW3,1040001017154,共立電設株式会社,https://www.kyouritsu.info/,"6: 1,000億円以上",,確認不可,△ 法人番号1040001017154。自社HP・Gビズインフォ・官報/公的情報を確認したが、共立電設株式会社の直近3期売上高を承認ソースで確認できず。https://info.gbiz.go.jp/hojin/ichiran?hojinBango=1040001017154
001Nn000013SfW6,1430001044175,株式会社イー・エム・エス,https://www.ems-inc.jp/corporate,"5: 300億円以上~1,000億円未満",,確認不可,△ 法人番号1430001044175。自社HP・Gビズインフォ・官報/公的情報を確認したが、株式会社イー・エム・エスの直近3期売上高を承認ソースで確認できず。https://info.gbiz.go.jp/hojin/ichiran?hojinBango=1430001044175
001Nn000013SfWA,2011001008938,株式会社サンキョー,https://sankyo.co.jp,"5: 300億円以上~1,000億円未満",,確認不可,△ 法人番号2011001008938・東京都渋谷区の株式会社サンキョーをGビズインフォで照合。同名/類似上場会社の数値を流用せず、自社/公的情報で直近3期売上高未確認。https://info.gbiz.go.jp/hojin/ichiran?hojinBango=2011001008938
001Nn000013SfWF,2140001007664,海老の大丸株式会社,http://www.ebinodaimaru.co.jp/,"6: 1,000億円以上",,確認不可,△ 自社会社概要の年商29億円は2019年6月時点で鮮度条件外。直近3期の承認ソース売上高を確認できず。http://www.ebinodaimaru.co.jp/company.shtml
001Nn000013SfWM,3010801000491,株式会社アド・コーポレーション,http://www.adcorporation.co.jp/,"6: 1,000億円以上",,確認不可,△ 法人番号3010801000491。自社HP・Gビズインフォ・官報/公的情報を確認したが、株式会社アド・コーポレーションの直近3期売上高を承認ソースで確認できず。http://www.adcorporation.co.jp/
001Nn000013SfWV,3430001052812,鬼頭木材工業株式会社,https://www.kitoh-mokuzai.com/,"6: 1,000億円以上",,確認不可,△ 法人番号3430001052812。自社HP・Gビズインフォ・官報/公的情報を確認したが、鬼頭木材工業株式会社の直近3期売上高を承認ソースで確認できず。https://www.kitoh-mokuzai.com/
001Nn000013SfWa,4012401013419,株式会社ポストインネットワーク,https://www.post-in-net.com/company/company.html,"6: 1,000億円以上",,確認不可,△ 法人番号4012401013419。自社HP・Gビズインフォ・公的法人情報を確認したが、株式会社ポストインネットワークの直近3期売上高を承認ソースで確認できず。https://www.post-in-net.com/company/company.html
001Nn000013SfWd,4080001001655,サガミ化学株式会社,http://www.sagami-kagaku.co.jp/,"5: 300億円以上~1,000億円未満",,確認不可,△ 自社公式で2023年3月「売上66億円突破」は確認できるが、直近3期の鮮度条件外。2024〜2026期の承認ソース売上高を確認できず。http://www.sagami-kagaku.co.jp/
001Nn000013SfWi,4290801010413,西日本環境リサーチ株式会社,https://www.n-e-r.com/publics/index/2/,"5: 300億円以上~1,000億円未満",,確認不可,△ 法人番号4290801010413。自社HP・Gビズインフォ・官公庁情報を確認したが、西日本環境リサーチ株式会社の直近3期売上高を承認ソースで確認できず。https://www.n-e-r.com/publics/index/2/
001Nn000013SfWm,5120001164645,アトム・ロジスティックス株式会社,https://atom-logi.co.jp/,"6: 1,000億円以上",,確認不可,△ 法人番号5120001164645。自社HP・Gビズインフォ・官報/公的情報を確認したが、アトム・ロジスティックス株式会社の直近3期売上高を承認ソースで確認できず。https://info.gbiz.go.jp/hojin/ichiran?hojinBango=5120001164645
001Nn000013SfWq,5410001002610,株式会社雄和振興公社,http://www.yuwa-kousya.jp/,"5: 300億円以上~1,000億円未満",,確認不可,△ 厚労省求人情報で年商1.62億円（令和4年）は確認できるが鮮度条件外。自社HP・Gビズインフォで直近3期売上高の承認ソースを確認できず。https://info.gbiz.go.jp/hojin/ichiran?hojinBango=5410001002610
001Nn000013SfWr,5430001012905,株式会社ニトリホールディングス,https://www.nitorihd.co.jp/about_us/corporate_data.html,"6: 1,000億円以上",,"9,122.48億円（2026年3月期・連結売上収益）","○ 自社会社概要。2026年3月期連結売上収益912,248百万円。持株会社のため連結値を採用。https://www.nitorihd.co.jp/about_us/corporate_data.html"
001Nn000013SfWu,6011101042313,ＭＩＲＡＲＴＨホールディングス株式会社,https://mirarth.co.jp/corporate/profile/,"6: 1,000億円以上",,"2,143.69億円（2026年3月期・連結）","○ 自社決算資料/有報。2026年3月期連結売上高214,369百万円。持株会社のため連結値を採用。https://mirarth.co.jp/ir/"
001Nn000013SfWv,6090001001652,日経ＷＡＭ株式会社,https://nikkei-wam.jp/,"6: 1,000億円以上",,確認不可,△ 法人番号6090001001652。自社HP・Gビズインフォ・官報/公的情報を確認したが、日経WAM株式会社の直近3期売上高を承認ソースで確認できず。https://nikkei-wam.jp/
001Nn000013SfX1,7010401098782,株式会社エイブル＆パートナーズ,https://www.able-partners.co.jp/company/summary/,"5: 300億円以上~1,000億円未満",,確認不可,△ 自社会社概要でグループ統括会社・連結従業員数は確認できるが、株式会社エイブル＆パートナーズまたはグループの直近3期売上高を承認ソースで確認できず。https://www.able-partners.co.jp/company/summary/
001Nn000013SfX4,7011401001315,ユーロフィンアグロ分析コンサルタント株式会社,https://www.eurofins.co.jp/%E3%82%A2%E3%82%B0%E3%83%AD%E3%82%B1%E3%83%9F%E3%82%AB%E3%83%AB%E5%88%86%E6%9E%90/%E6%A0%AA%E5%BC%8F%E4%BC%9A%E7%A4%BE%E5%8C%96%E5%AD%A6%E5%88%86%E6%9E%90%E3%82%B3%E3%83%B3%E3%82%B5%E3%83%AB%E3%82%BF%E3%83%B3%E3%83%88/,"6: 1,000億円以上",✖TOKIUM✖,確認不可,△ Eurofinsグループ日本子会社。自社/グループ公式・Gビズインフォを確認したが、ユーロフィンアグロ分析コンサルタント株式会社単体の直近3期売上高を承認ソースで確認できず。
001Nn000013SfX8,7110001002085,株式会社新光コンサルタント,https://www.shinko-consultant.com/,"6: 1,000億円以上",✖TOKIUM✖,確認不可,△ 法人番号7110001002085。自社HP・Gビズインフォ・官公庁情報を確認したが、株式会社新光コンサルタントの直近3期売上高を承認ソースで確認できず。https://info.gbiz.go.jp/hojin/ichiran?hojinBango=7110001002085
001Nn000013SfXA,7290001029004,株式会社日本メディカルプロパティマネジメント,https://nmpm.jp/,"6: 1,000億円以上",,確認不可,△ 自社会社概要・Gビズインフォ・官報/公的情報を確認したが、株式会社日本メディカルプロパティマネジメントの直近3期売上高を承認ソースで確認できず。https://nmpm.jp/company/company/
001Nn000013SfXH,8030001090253,株式会社フェスム,http://fesm-web.co.jp/index.html,"6: 1,000億円以上",,確認不可,△ 法人番号8030001090253。自社HP・Gビズインフォ・官報/公的情報を確認したが、株式会社フェスムの直近3期売上高を承認ソースで確認できず。https://info.gbiz.go.jp/hojin/ichiran?hojinBango=8030001090253
001Nn000013SfXN,9080401000252,アドバンスシステム株式会社,https://www.advancesystem.co.jp/corporate/profile/,"6: 1,000億円以上",,確認不可,△ 法人番号9080401000252。自社会社概要・Gビズインフォ・官報/公的情報を確認したが、アドバンスシステム株式会社の直近3期売上高を承認ソースで確認できず。https://www.advancesystem.co.jp/corporate/profile/
001Nn000013SfXT,9170001002607,ノーリツ鋼機株式会社,https://www.noritsu.co.jp/company/,"6: 1,000億円以上",,"1,192.23億円（2025年12月期・連結売上収益）","○ 自社株主向けメッセージ。2025年12月期連結売上収益1,192億23百万円。上場親会社のため連結値を採用。https://www.noritsu.co.jp/ir/ir_message/"
001Nn000013SfXj,2010001144900,株式会社アクセライト,https://accelight.co.jp/company/,"6: 1,000億円以上",,確認不可,△ 自社会社概要・Gビズインフォ・公的情報を確認したが、株式会社アクセライトの直近3期売上高を承認ソースで確認できず。https://accelight.co.jp/company/
001Nn000013SfXs,3010001022080,リッチフィールド株式会社,https://rich-field.or.jp/,"6: 1,000億円以上",,確認不可,△ 法人番号3010001022080。自社HP・Gビズインフォ・官報/公的情報を確認したが、リッチフィールド株式会社の直近3期売上高を承認ソースで確認できず。https://rich-field.or.jp/
001Nn000013SfY0,3330001011191,株式会社同仁グローカル,https://www.dojin-glocal.com/company-company,"6: 1,000億円以上",,確認不可,△ 法人番号3330001011191。自社会社概要・Gビズインフォ・官公庁情報を確認したが、株式会社同仁グローカルの直近3期売上高を承認ソースで確認できず。https://www.dojin-glocal.com/company-company
001Nn000013SfYB,4420001014861,株式会社古川建築事務所,http://www.kogawa-act.jp/,"6: 1,000億円以上",,確認不可,△ 法人番号4420001014861。自社HP・Gビズインフォ・官公庁情報を確認したが、株式会社古川建築事務所の直近3期売上高を承認ソースで確認できず。http://www.kogawa-act.jp/
001Nn000013SfYI,5290801023595,株式会社ネクストイノベーション,https://www.nextinv.biz/,"6: 1,000億円以上",,確認不可,△ 法人番号5290801023595。自社HP・Gビズインフォ・官報/公的情報を確認したが、株式会社ネクストイノベーションの直近3期売上高を承認ソースで確認できず。https://www.nextinv.biz/
001Nn000013SfYP,6013302001394,エンヴィックス有限会社,https://www.envix.co.jp/about/company-profile/,"6: 1,000億円以上",,対象外（有限会社）,× 法人格。直アポ大は株式会社のみ。有限会社のため対象外
001Nn000013SfYU,6120001124937,株式会社環境空間設備,https://kankyo-set.co.jp/,"5: 300億円以上~1,000億円未満",,確認不可,△ 法人番号6120001124937。自社HP・Gビズインフォ・官報/公的情報を確認したが、株式会社環境空間設備の直近3期売上高を承認ソースで確認できず。https://kankyo-set.co.jp/
001Nn000013SfYb,6290001008875,株式会社テクニカルビジネス,https://www.technical-group.co.jp/,"6: 1,000億円以上",,確認不可,△ 法人番号6290001008875。自社HP・Gビズインフォ・官報/公的情報を確認したが、株式会社テクニカルビジネスの直近3期売上高を承認ソースで確認できず。https://www.technical-group.co.jp/
001Nn000013SfYd,6310001000540,株式会社建友社設計,https://kenyusha.co.jp/,"6: 1,000億円以上",,確認不可,△ 法人番号6310001000540。自社HP・Gビズインフォ・官公庁情報を確認したが、株式会社建友社設計の直近3期売上高を承認ソースで確認できず。https://kenyusha.co.jp/
001Nn000013SfYg,7011001001038,アサマ工業株式会社,https://www.asamakougyou.co.jp/company/,"5: 300億円以上~1,000億円未満",✖TOKIUM✖,確認不可,△ 法人番号7011001001038。自社HP・Gビズインフォ・官報/公的情報を確認したが、アサマ工業株式会社の直近3期売上高を承認ソースで確認できず。https://www.asamakougyou.co.jp/company/
001Nn000013SfYh,7011101037766,ｎｍｓホールディングス株式会社,http://www.n-ms.co.jp/,"5: 300億円以上~1,000億円未満",,756.60億円（2026年3月期・連結）,"○ 自社IR業績推移。2026年3月期連結売上高75,660百万円。持株会社のため連結値を採用。https://www.n-ms.co.jp/ir/finance.html"
001Nn000013SfYo,8010001131488,環境改善事業株式会社,https://www.eiecorp.com/company/,"5: 300億円以上~1,000億円未満",,確認不可,△ 法人番号8010001131488。自社HP・Gビズインフォ・官報/公的情報を確認したが、環境改善事業株式会社の直近3期売上高を承認ソースで確認できず。https://info.gbiz.go.jp/hojin/ichiran?hojinBango=8010001131488
001Nn000013SfYr,8011601012945,株式会社気象サービス,https://www.weather-service.co.jp/corp_info/,"6: 1,000億円以上",,確認不可,△ 法人番号8011601012945。自社HP・Gビズインフォ・気象庁等の公的情報を確認したが、株式会社気象サービスの直近3期売上高を承認ソースで確認できず。https://www.weather-service.co.jp/corp_info/
001Nn000013SfYx,8490001001726,株式会社西日本科学技術研究所,https://www.ule.co.jp/,"5: 300億円以上~1,000億円未満",,確認不可,△ 法人番号8490001001726。自社HP・Gビズインフォ・厚労省求人/官公庁情報を確認したが、株式会社西日本科学技術研究所の直近3期売上高を承認ソースで確認できず。https://info.gbiz.go.jp/hojin/ichiran?hojinBango=8490001001726
001Nn000013SfZ6,1010401090159,株式会社テレビ東京ホールディングス,https://www.txhd.co.jp/corporate/profile/,"6: 1,000億円以上",,"1,649.15億円（2026年3月期・連結）","○ 自社中期経営計画/有報。2025年度実績（2026年3月期）連結売上高1,649億円（有報164,915百万円）。持株会社のため連結可。https://www.txhd.co.jp/ir/plan/"
001Nn000013Sfai,1170001003612,和建技術株式会社,http://www.waken-eng.com/,"6: 1,000億円以上",,確認不可,△ 自社HP・Gビズインフォ・官公庁情報を確認したが、和建技術株式会社の直近3期売上高を承認ソースで確認できず。http://www.waken-eng.com/
001Nn000013Sfb2,3140001098372,株式会社ロアーク,https://www.loarc.co.jp/,"6: 1,000億円以上",,確認不可,△ 法人番号3140001098372。自社HP・Gビズインフォ・公的職場情報を確認したが、株式会社ロアークの直近3期売上高を承認ソースで確認できず。https://info.gbiz.go.jp/hojin/ichiran?hojinBango=3140001098372
001Nn000013SfbD,4160001014665,環境創研株式会社,https://www.kankyosouken.co.jp/,"5: 300億円以上~1,000億円未満",✖TOKIUM✖,確認不可,△ 法人番号4160001014665。自社HP・Gビズインフォ・公的職場/官公庁情報を確認したが、環境創研株式会社の直近3期売上高を承認ソースで確認できず。https://info.gbiz.go.jp/hojin/ichiran?hojinBango=4160001014665
001Nn000013SfbO,5070001007413,ダイセーＳＤＣ株式会社,https://www.sdcc.co.jp/company/company.html,"6: 1,000億円以上",,確認不可,△ 法人番号5070001007413。自社HP・Gビズインフォ・厚労省求人情報を確認したが、ダイセーSDC株式会社の直近3期売上高を承認ソースで確認できず。https://info.gbiz.go.jp/hojin/ichiran?hojinBango=5070001007413
001Nn000013SfbR,5120001217411,株式会社アウラ,https://www.aurainc.jp,"5: 300億円以上~1,000億円未満",,確認不可,△ 法人番号5120001217411。自社HP・Gビズインフォ・官報/公的情報を確認したが、株式会社アウラの直近3期売上高を承認ソースで確認できず。https://info.gbiz.go.jp/hojin/ichiran?hojinBango=5120001217411
001Nn000013SfbV,5290801017390,株式会社グリーナー,https://greener.co.jp/,"6: 1,000億円以上",,確認不可,△ 法人番号5290801017390。自社HP・Gビズインフォ・公的職場情報を確認したが、株式会社グリーナーの直近3期売上高を承認ソースで確認できず。https://info.gbiz.go.jp/hojin/ichiran?hojinBango=5290801017390
001Nn000013SfbX,5480001001291,株式会社ソフィア,https://www.sophia-job.net/,"6: 1,000億円以上",,確認不可,△ 法人番号5480001001291＝徳島市の株式会社ソフィアをGビズインフォで照合。検索上位の岡山県同名法人（売上21.39億円）とは別法人のため不採用。対象法人の直近3期売上高未確認。https://info.gbiz.go.jp/hojin/ichiran?hojinBango=5480001001291
001Nn000013Sfbc,6030001086113,株式会社花園グリーンサービス,https://www.hanazono-green.com/,"5: 300億円以上~1,000億円未満",◆08/25(火)、定時00:00、,確認不可,△ 法人番号6030001086113。自社HP・Gビズインフォを確認。求人/口コミ媒体の2024年売上3.48億円は禁止ソースのため不採用。承認ソース売上高未確認。https://www.hanazono-green.com/
001Nn000013Sfbh,7010601004813,株式会社角田税務会計事務所,https://www.tsunodakaikei.com/,"6: 1,000億円以上",,確認不可,△ 法人番号7010601004813。自社HP・Gビズインフォ・公的情報を確認したが、株式会社角田税務会計事務所の直近3期売上高を承認ソースで確認できず。https://www.tsunodakaikei.com/
001Nn000013Sfbi,7011801009949,株式会社展示構成,https://tenjikousei.co.jp/companyprofile/,"5: 300億円以上~1,000億円未満",,確認不可,△ 業界団体掲載の年間売上高4.5億円は2019年8月時点で鮮度条件外。自社HP・公的情報で直近3期の承認ソース売上高を確認できず。https://tenjikousei.co.jp/companyprofile/
001Nn000013Sfbo,7210001013948,株式会社斉藤経営,https://www.tkcnf.com/saitoukeiei,"5: 300億円以上~1,000億円未満",,確認不可,△ 法人番号7210001013948。自社HP・Gビズインフォ・官報/公的情報を確認したが、株式会社斉藤経営の直近3期売上高を承認ソースで確認できず。https://www.tkcnf.com/saitoukeiei
001Nn000013Sfbx,8060001001199,株式会社環境管理研究所,https://www.kankanken.com/company/,"5: 300億円以上~1,000億円未満",,確認不可,△ 法人番号8060001001199。自社HP・Gビズインフォ・官公庁情報を確認したが、株式会社環境管理研究所の直近3期売上高を承認ソースで確認できず。https://info.gbiz.go.jp/hojin/ichiran?hojinBango=8060001001199
001Nn000013Sfbz,8100001021093,新井電気工業株式会社,https://araidenki-ind.co.jp/,"5: 300億円以上~1,000億円未満",,確認不可,△ 法人番号8100001021093。自社HP・Gビズインフォ・官公庁情報を確認したが、新井電気工業株式会社の直近3期売上高を承認ソースで確認できず。https://info.gbiz.go.jp/hojin/ichiran?hojinBango=8100001021093
001Nn000013Sfc2,8140001009498,株式会社テック,https://www.tekcoltd.com/company/,"5: 300億円以上~1,000億円未満",✖TOKIUM✖,確認不可,△ 法人番号8140001009498。自社HP・Gビズインフォ・官報/公的情報を確認したが、株式会社テックの直近3期売上高を承認ソースで確認できず。https://info.gbiz.go.jp/hojin/ichiran?hojinBango=8140001009498
001Nn000013Sfc4,8380001019754,栗城林業株式会社,http://www.ht-net21.ne.jp/~kuririn/,"6: 1,000億円以上",,確認不可,△ 法人番号8380001019754。自社HP・Gビズインフォ・官公庁情報を確認したが、栗城林業株式会社の直近3期売上高を承認ソースで確認できず。http://www.ht-net21.ne.jp/~kuririn/
001Nn000013Sfc5,9011101055337,丸善ＣＨＩホールディングス株式会社,https://www.maruzen-chi.co.jp/ja/corp/outline/map.html,"6: 1,000億円以上",,"1,850.53億円（2026年1月期・連結）","○ 自社IR財務ハイライト。2026年1月期連結売上高185,053百万円。持株会社のため連結値を採用。https://www.maruzen-chi.co.jp/ja/ir/finance/highlight.html"
001Nn000013Sfc7,9011701002192,カネ秀関東急送株式会社,https://www.kanehidekanto.co.jp/about/index.html,"6: 1,000億円以上",／,確認不可,△ 法人番号9011701002192。自社HP・Gビズインフォ・官報/公的情報を確認したが、カネ秀関東急送株式会社の直近3期売上高を承認ソースで確認できず。https://info.gbiz.go.jp/hojin/ichiran?hojinBango=9011701002192
001Nn000013SfcD,9290001050866,ティー・ケイ貿易株式会社,http://www.tktrading.jp/,"6: 1,000億円以上",,確認不可,△ 法人番号9290001050866。自社HP・Gビズインフォ・国交省届出/厚労省求人票を確認したが、ティー・ケイ貿易株式会社の直近3期売上高を承認ソースで確認できず。https://info.gbiz.go.jp/hojin/ichiran?hojinBango=9290001050866
001Nn000013SfcF,1013101001039,立山産業株式会社,https://www.tateyama-net.co.jp/company/,"5: 300億円以上~1,000億円未満",,確認不可,△ 法人番号1013101001039。自社会社概要・Gビズインフォ・官報/公的情報を確認したが、立山産業株式会社の直近3期売上高を承認ソースで確認できず。https://www.tateyama-net.co.jp/company/
001Nn000013SfcG,1030001149205,ＳＥＱＵＥＮＣＥ　ＧＲＯＵＰ株式会社,https://snj-p.jp/index.html,"6: 1,000億円以上",,確認不可,△ 法人番号1030001149205。自社HP・Gビズインフォ・官公庁資格情報を確認したが、SEQUENCE GROUP株式会社の直近3期売上高を承認ソースで確認できず。https://info.gbiz.go.jp/hojin/ichiran?hojinBango=1030001149205
001Nn000013SfcK,2080001009122,株式会社豊群インターナショナル,https://www.fcnintl.jp/,"5: 300億円以上~1,000億円未満",,320億円（2025年12月期・単体）,○ 自社会社情報。100%海外親会社傘下の子会社だが、株式会社豊群インターナショナル自身の2025年12月期売上高320億円を確認。https://www.fcnintl.jp/
001Nn000013SfcT,3010001024944,株式会社都市環境計画研究所,https://ecocity.co.jp/company/,"6: 1,000億円以上",,確認不可,△ 法人番号3010001024944。自社HP・Gビズインフォ・官公庁情報を確認。民間DBの2018年売上情報は古く非承認。直近3期の承認ソース売上高なし。https://ecocity.co.jp/company/
001Nn000013SfcY,3430001030099,株式会社アクアテック,https://www.aqa-tech.com/company/,"6: 1,000億円以上",✖TOKIUM✖,確認不可,△ 法人番号3430001030099。自社会社概要・Gビズインフォ・官報/公的情報を確認したが、株式会社アクアテックの直近3期売上高を承認ソースで確認できず。https://info.gbiz.go.jp/hojin/ichiran?hojinBango=3430001030099
001Nn000013Sfcn,5140001058135,株式会社ＯＭＯＲＩ,https://omori-g.jp/company/,"5: 300億円以上~1,000億円未満",,確認不可,△ 法人番号5140001058135。自社会社概要・Gビズインフォ・官報/公的情報を確認したが、株式会社OMORIの直近3期売上高を承認ソースで確認できず。https://info.gbiz.go.jp/hojin/ichiran?hojinBango=5140001058135
001Nn000013Sfcz,6140001066608,三住興産株式会社,http://www.misumi-kosan.co.jp/,"6: 1,000億円以上",,確認不可,△ 法人番号6140001066608。自社HP・Gビズインフォ・官報/公的情報を確認したが、三住興産株式会社の直近3期売上高を承認ソースで確認できず。https://info.gbiz.go.jp/hojin/ichiran?hojinBango=6140001066608
001Nn000013Sfd3,6320002017814,有限会社尾方木材センター,http://www.ogatamokuzai.co.jp/,"5: 300億円以上~1,000億円未満",,対象外（有限会社）,× 法人格。直アポ大は株式会社のみ。有限会社のため対象外
001Nn000013Sfd7,7010001099982,株式会社エム・アンド・ディーシステム,https://www.m-dsystem.com/,"6: 1,000億円以上",,確認不可,△ 法人番号7010001099982。自社HP・Gビズインフォ・官報/公的情報を確認したが、株式会社エム・アンド・ディーシステムの直近3期売上高を承認ソースで確認できず。https://www.m-dsystem.com/
001Nn000013SfdA,7120001109169,株式会社スマイルデザイン,https://smile-d.net/,"5: 300億円以上~1,000億円未満",✖TOKIUM✖,確認不可,△ 法人番号7120001109169。自社HP・Gビズインフォ・官報/公的情報を確認したが、株式会社スマイルデザインの直近3期売上高を承認ソースで確認できず。https://smile-d.net/
001Nn000013SfdC,7120001188709,株式会社ビーグループ,https://www.bgnet.jp/about/,"6: 1,000億円以上",,確認不可,△ 法人番号7120001188709。自社HP・Gビズインフォ・官報/公的情報を確認したが、株式会社ビーグループの直近3期売上高を承認ソースで確認できず。https://info.gbiz.go.jp/hojin/ichiran?hojinBango=7120001188709
001Nn000013SfdH,7360001009320,株式会社隆盛コンサルタント,https://www.ryuseiconsul.com/,"5: 300億円以上~1,000億円未満",,確認不可,△ 法人番号7360001009320。自社HP・Gビズインフォ・官公庁情報を確認したが、株式会社隆盛コンサルタントの直近3期売上高を承認ソースで確認できず。求人媒体の数値は不採用。https://www.ryuseiconsul.com/
001Nn000013SfdK,8010001096368,ユアサポート株式会社,https://your-support.co.jp/company/profile/,"6: 1,000億円以上",,確認不可,△ 法人番号8010001096368。自社会社概要・Gビズインフォ・官報/公的情報を確認したが、ユアサポート株式会社の直近3期売上高を承認ソースで確認できず。https://your-support.co.jp/company/profile/
001Nn000013SfdZ,9220001001792,株式会社柏野経営,https://www.kashiwano.co.jp/index.html,"6: 1,000億円以上",✖TOKIUM✖,確認不可,△ 法人番号9220001001792。自社HP・Gビズインフォ・官報/公的情報を確認したが、株式会社柏野経営の直近3期売上高を承認ソースで確認できず。https://www.kashiwano.co.jp/
001Nn000013Sfdc,9430001036644,株式会社北海道森林土木コンサルタント,http://www.rincon.co.jp/gaiyou.html,"5: 300億円以上~1,000億円未満",,確認不可,△ 法人番号9430001036644。自社HP・Gビズインフォ・農水省調達情報を確認したが、直近3期の売上高を承認ソースで確認できず。求人媒体の4.3億円は不採用。http://www.rincon.co.jp/gaiyou.html
001Nn000013Sfdf,1011001024606,株式会社ワクト,https://wact.co.jp/about/,"5: 300億円以上~1,000億円未満",,確認不可,△ 法人番号1011001024606。自社HP・Gビズインフォ・官報/公的情報を確認したが、株式会社ワクトの直近3期売上高を承認ソースで確認できず。https://info.gbiz.go.jp/hojin/ichiran?hojinBango=1011001024606
001Nn000013Sfdg,1011201003574,東京高速印刷株式会社,http://www.t-kousoku.co.jp/index.html,"6: 1,000億円以上",,確認不可,△ 法人番号1011201003574。自社HP・Gビズインフォ・官報/公的情報を確認したが、東京高速印刷株式会社の直近3期売上高を承認ソースで確認できず。http://www.t-kousoku.co.jp/
001Nn000013Sfdi,1050001020223,株式会社下川設計,http://www.simokawaplan.co.jp/,"5: 300億円以上~1,000億円未満",,確認不可,△ 法人番号1050001020223。自社HP・Gビズインフォ・官公庁情報を確認したが、株式会社下川設計の直近3期売上高を承認ソースで確認できず。http://www.simokawaplan.co.jp/
001Nn000013Sfdn,1380001018201,株式会社ジー・エス・ピー,http://www.gspaizu.jp/index.html,"6: 1,000億円以上",,確認不可,△ 法人番号1380001018201。自社HP・Gビズインフォ・官報/公的情報を確認したが、株式会社ジー・エス・ピーの直近3期売上高を承認ソースで確認できず。https://info.gbiz.go.jp/hojin/ichiran?hojinBango=1380001018201
001Nn000013Sfdv,2290001040857,大邦物産株式会社,http://www.taihou.co.jp/index.html,"5: 300億円以上~1,000億円未満",,確認不可,△ 法人番号2290001040857。自社HP・Gビズインフォ・官報/公的情報を確認したが、大邦物産株式会社の直近3期売上高を承認ソースで確認できず。http://www.taihou.co.jp/
001Nn000013Sfe3,3090001004369,株式会社環境管理コンサルタント,http://kkcinc.co.jp/,"6: 1,000億円以上",,確認不可,△ 法人番号3090001004369。自社HP・Gビズインフォ・官公庁情報を確認したが、株式会社環境管理コンサルタントの直近3期売上高を承認ソースで確認できず。https://info.gbiz.go.jp/hojin/ichiran?hojinBango=3090001004369
001Nn000013SfeF,4290801012070,株式会社エコプラン研究所,https://www.ecoplan.jp/,"5: 300億円以上~1,000億円未満",,確認不可,△ 法人番号4290801012070。自社HP・Gビズインフォ・官公庁情報を確認したが、株式会社エコプラン研究所の直近3期売上高を承認ソースで確認できず。https://info.gbiz.go.jp/hojin/ichiran?hojinBango=4290801012070
001Nn000013SfeH,5010601039654,株式会社りそなホールディングス,https://www.resona-gr.co.jp/holdings/about/hd_gaiyou/index.html#gaiyou,"6: 1,000億円以上",,"13,572.18億円（2026年3月期・連結・経常収益）","○ 自社2026年3月期決算短信。銀行持株会社の売上高相当指標として連結経常収益1,357,218百万円を確認。https://www.resona-gr.co.jp/holdings/investors/ir/kessan_c/2026.html"
001Nn000013SfeN,5500002012830,株式会社アイケン,https://www.kensetumap.com/company/447272/profile.php,"5: 300億円以上~1,000億円未満",,確認不可,△ 法人番号5500002012830。自社関連情報・Gビズインフォ・官報/公的情報を確認したが、株式会社アイケンの直近3期売上高を承認ソースで確認できず。
001Nn000013SfeU,6140001012751,関西写真工業株式会社,http://www.knsi.co.jp/company01.html,"6: 1,000億円以上",,確認不可,△ 法人番号6140001012751。自社HP・Gビズインフォ・官報/公的情報を確認したが、関西写真工業株式会社の直近3期売上高を承認ソースで確認できず。http://www.knsi.co.jp/company01.html
001Nn000013SfeV,6140001062631,姫路電子株式会社,http://www.himejidenshi.co.jp/,"5: 300億円以上~1,000億円未満",,確認不可,△ 法人番号6140001062631。自社HP・Gビズインフォ・官報/公的情報を確認したが、姫路電子株式会社の直近3期売上高を承認ソースで確認できず。http://www.himejidenshi.co.jp/
001Nn000013SfeW,6180001108744,株式会社ＳＲＭ,https://s-r-m.jp/,"5: 300億円以上~1,000億円未満",,確認不可,△ 法人番号6180001108744。自社HP・Gビズインフォ・公的職場情報を確認したが、株式会社SRMの直近3期売上高を承認ソースで確認できず。https://info.gbiz.go.jp/hojin/ichiran?hojinBango=6180001108744
001Nn000013SfeZ,6490001004524,ダイニングプランナー株式会社,https://diningplanner.wixsite.com/recruit/blank,"5: 300億円以上~1,000億円未満",,確認不可,△ 法人番号6490001004524。自社関連情報・Gビズインフォ・官報/公的情報を確認したが、ダイニングプランナー株式会社の直近3期売上高を承認ソースで確認できず。
001Nn000013Sfef,7013201006114,株式会社ユニック,https://unic-corp.kagoyacloud.com/outline/,"5: 300億円以上~1,000億円未満",,確認不可,△ 法人番号7013201006114。自社会社概要・Gビズインフォ・公的情報を確認したが、株式会社ユニックの直近3期売上高を承認ソースで確認できず。https://unic-corp.kagoyacloud.com/outline/
001Nn000013Sfel,7120003007511,株式会社リードアライアンス,https://leadalliance.jp/,"6: 1,000億円以上",,確認不可,△ 法人番号7120003007511。自社HP・Gビズインフォ・官報/公的情報を確認したが、株式会社リードアライアンスの直近3期売上高を承認ソースで確認できず。https://leadalliance.jp/
001Nn000013Sfez,8280001003231,株式会社総合技研設計,https://sougougiken.com/,"6: 1,000億円以上",,確認不可,△ 法人番号8280001003231。自社HP・Gビズインフォ・官公庁情報を確認したが、株式会社総合技研設計の直近3期売上高を承認ソースで確認できず。https://sougougiken.com/
001Nn000013Sff6,9340001019856,株式会社ＭＯＢ,http://mobinc.jp/,"5: 300億円以上~1,000億円未満",,確認不可,△ 法人番号9340001019856。自社HP・Gビズインフォ・官報/公的情報を確認したが、株式会社MOBの直近3期売上高を承認ソースで確認できず。http://mobinc.jp/
001Nn000013Sff8,9370001000656,株式会社コンサルティング・ネットワーク・システム,https://www.cns-works.com/company/,"6: 1,000億円以上",,確認不可,△ 法人番号9370001000656。自社会社概要・Gビズインフォ・官報/公的情報を確認したが、株式会社コンサルティング・ネットワーク・システムの直近3期売上高を承認ソースで確認できず。https://www.cns-works.com/company/
001Nn000013Sff9,9390001006429,株式会社出羽測量設計,https://dewa.co.jp/,"5: 300億円以上~1,000億円未満",,確認不可,△ 法人番号9390001006429。自社HP・Gビズインフォ・官公庁情報を確認したが、株式会社出羽測量設計の直近3期売上高を承認ソースで確認できず。https://dewa.co.jp/
001Nn000013SffH,2010001164452,タクシー支援サービス株式会社,https://taxi-media.jp/,"5: 300億円以上~1,000億円未満",,確認不可,△ 法人番号2010001164452。自社HP・Gビズインフォ・官報/公的情報を確認したが、タクシー支援サービス株式会社の直近3期売上高を承認ソースで確認できず。https://taxi-media.jp/
001Nn000013SffM,2340002014953,有限会社モリ工業,https://morikogyo-yama.com/,"6: 1,000億円以上",,対象外（有限会社）,× 法人格。直アポ大は株式会社のみ。有限会社のため対象外
001Nn000013SffO,3010401008480,株式会社グリーンキヤメル,http://www.greencamel.co.jp/index.html,"6: 1,000億円以上",,確認不可,△ 法人番号3010401008480。自社HP・Gビズインフォ・官報/公的情報を確認したが、株式会社グリーンキヤメルの直近3期売上高を承認ソースで確認できず。http://www.greencamel.co.jp/
001Nn000013SffU,3080001013107,島田掛川しんきんビジネス株式会社,https://www.sk-shinkin.co.jp/profile/kanren/,"6: 1,000億円以上",,【300億未満】1.35億円（2023年度・単体）,"× 300億未満。島田掛川信用金庫Disclosure 2024で子会社・島田掛川しんきんビジネスの売上高134,649千円を確認。https://www.sk-shinkin.co.jp/profile/disclosure_2024_shiryouhen/pageindices/index21.html"
001Nn000013SffW,3100001000936,株式会社ウィルアクト,https://will-act.co.jp/about/#about2,"5: 300億円以上~1,000億円未満",,確認不可,△ 自社HP・Gビズインフォ・公的情報を確認したが、株式会社ウィルアクトの直近3期売上高を承認ソースで確認できず。https://will-act.co.jp/
001Nn000013Sffg,3380001022127,Ｌｉｆｅｉｓ株式会社,http://lifeis.asia/,"5: 300億円以上~1,000億円未満",,確認不可,△ 法人番号3380001022127。自社HP・Gビズインフォ・官報/公的情報を確認したが、Lifeis株式会社の直近3期売上高を承認ソースで確認できず。http://lifeis.asia/
001Nn000013Sffh,3460101003324,北村林業株式会社,http://kitamura-ringyou.com/%E4%BC%9A%E7%A4%BE%E6%A6%82%E8%A6%81%E3%83%BB%E3%82%A2%E3%82%AF%E3%82%BB,"6: 1,000億円以上",,確認不可,△ 法人番号3460101003324。自社HP・Gビズインフォ・官公庁情報を確認したが、北村林業株式会社の直近3期売上高を承認ソースで確認できず。http://kitamura-ringyou.com/
001Nn000013Sffi,4010401096938,ヤングスチール株式会社,http://www.yscl.co.jp/company/outline.html,"5: 300億円以上~1,000億円未満",,確認不可,△ 法人番号4010401096938。自社HP・Gビズインフォ・官報/公的情報を確認したが、ヤングスチール株式会社の直近3期売上高を承認ソースで確認できず。http://www.yscl.co.jp/company/outline.html
001Nn000013Sffk,4120001036085,株式会社ハークスレイ,https://www.hurxley.co.jp/company/overview/,"5: 300億円以上~1,000億円未満",,524.27億円（2026年3月期・連結）,○ 自社会社概要/IR。2026年3月期連結売上高524億27百万円。上場親会社のため連結値を採用。https://www.hurxley.co.jp/company/overview/
001Nn000013Sffr,4290801004051,株式会社ワールドホールディングス,https://world-hd.co.jp/,"6: 1,000億円以上",,"2,843.50億円（2025年12月期・連結）","○ 自社IR有価証券報告書/決算短信。2025年12月期連結売上高284,350百万円。上場親会社のため連結値を採用。https://world-hd.co.jp/ir/library/report/"
001Nn000013Sfft,4380002012596,株式会社ベル・マネジメント,https://bellmanagement.jp/,"5: 300億円以上~1,000億円未満",,確認不可,△ 自社HP・Gビズインフォ・官報/公的情報を確認したが、株式会社ベル・マネジメントの直近3期売上高を承認ソースで確認できず。https://bellmanagement.jp/
001Nn000013Sfg3,5140001059190,サン立地開発建設株式会社,https://sunrich-kk.com/,"5: 300億円以上~1,000億円未満",,確認不可,△ 自社会社概要・Gビズインフォ・官報/公的情報を確認したが、サン立地開発建設株式会社の直近3期売上高を承認ソースで確認できず。https://sunrich-kk.com/company.html
001Nn000013Sfg6,5310001004807,株式会社エルベック,https://www.ellbeck.co.jp/about/,"6: 1,000億円以上",,確認不可,△ 自社HP・公的法人情報を確認。業界団体掲載の財務数値は単位表記に整合性がなく、承認ソースとして売上高を確定できないため不採用。https://www.ellbeck.co.jp/
001Nn000013SfgB,6010001061431,東京造形美術株式会社,https://www.tzb.jp/,"5: 300億円以上~1,000億円未満",,確認不可,△ 自社HP・Gビズインフォ・公的情報を確認。求人媒体には2025年8月期16.83億円の記載があるが禁止ソースのため不採用。承認ソース売上高未確認。https://www.tzb.jp/
001Nn000013SfgF,6080001000077,アートユニオン株式会社,https://www.art-union.co.jp/company/,"5: 300億円以上~1,000億円未満",,確認不可,△ 法人番号6080001000077。自社HP・Gビズインフォ・官報/公的情報を確認したが、アートユニオン株式会社の直近3期売上高を承認ソースで確認できず。https://www.art-union.co.jp/company/
001Nn000013SfgJ,6290001050984,株式会社シビルウェブ,https://civil-web.com/company/,"6: 1,000億円以上",,確認不可,△ 法人番号6290001050984。自社会社概要・Gビズインフォ・官報/公的情報を確認したが、株式会社シビルウェブの直近3期売上高を承認ソースで確認できず。https://civil-web.com/company/
001Nn000013SfgL,6360001017927,株式会社メジャーサポートサービス,https://majorss.jp/,"6: 1,000億円以上",,確認不可,△ 法人番号6360001017927。自社HP・Gビズインフォ・官報/公的情報を確認したが、株式会社メジャーサポートサービスの直近3期売上高を承認ソースで確認できず。https://majorss.jp/
001Nn000013SfgQ,7040001018023,築山緑化建設株式会社,http://www.tkym-ryokka.co.jp/,"5: 300億円以上~1,000億円未満",,確認不可,△ 法人番号7040001018023。自社HP・Gビズインフォ・官公庁情報を確認したが、築山緑化建設株式会社の直近3期売上高を承認ソースで確認できず。http://www.tkym-ryokka.co.jp/
001Nn000013SfgR,7050001001093,佐藤印刷株式会社,http://www.satoprint.co.jp/,"6: 1,000億円以上",,確認不可,△ 法人番号7050001001093。自社HP・Gビズインフォ・官報/公的情報を確認したが、佐藤印刷株式会社の直近3期売上高を承認ソースで確認できず。http://www.satoprint.co.jp/
001Nn000013SfgX,7330002030229,有限会社システムランド,http://www.system-land.co.jp/officeinfo.html,"5: 300億円以上~1,000億円未満",,対象外（有限会社）,× 法人格。直アポ大は株式会社のみ。有限会社のため対象外
001Nn000013SfgZ,8010001044178,株式会社三才ブックス,http://www.sansaibooks.co.jp/,"5: 300億円以上~1,000億円未満",,確認不可,△ 法人番号8010001044178。自社HP・Gビズインフォ・官報/公的情報を確認したが、株式会社三才ブックスの直近3期売上高を承認ソースで確認できず。http://www.sansaibooks.co.jp/
001Nn000013Sfga,8010001116076,株式会社サイラス,https://www.sailus.co.jp/,"6: 1,000億円以上",✖TOKIUM✖,確認不可,△ 法人番号8010001116076。自社HP・Gビズインフォ・官報/公的情報を確認したが、株式会社サイラスの直近3期売上高を承認ソースで確認できず。https://www.sailus.co.jp/
001Nn000013Sfgb,8010701025064,株式会社イーガイア,https://www.egaia.co.jp/company.html,"6: 1,000億円以上",,確認不可,△ 法人番号8010701025064。自社会社概要・Gビズインフォ・官報/公的情報を確認したが、株式会社イーガイアの直近3期売上高を承認ソースで確認できず。https://www.egaia.co.jp/company.html
001Nn000013Sfgm,9020001110309,マクニカホールディングス株式会社,https://holdings.macnica.co.jp/company/data/,"6: 1,000億円以上",,"12,141.96億円（2026年3月期・連結）","○ 自社企業情報/Gビズインフォ（EDINET有報）。2026年3月期連結売上高1,214,196百万円。持株会社のため連結値を採用。https://holdings.macnica.co.jp/company/"
001Nn000013Sfgo,9040001076572,グリーン・エコ株式会社,https://green-eco-kk.com/company.html,"6: 1,000億円以上",,確認不可,△ 自社会社概要・環境活動レポート・公的法人情報を確認したが、グリーン・エコ株式会社の直近3期売上高を承認ソースで確認できず。https://green-eco-kk.com/company.html
001Nn000013Sfgp,9080001008415,駿河緑地造成株式会社,https://www.suruga-r.co.jp/company,"5: 300億円以上~1,000億円未満",,確認不可,△ 自社会社概要・Gビズインフォ・官公庁情報を確認したが、駿河緑地造成株式会社の直近3期売上高を承認ソースで確認できず。https://www.suruga-r.co.jp/company
001Nn000013Sfgs,9140001041392,株式会社リオプラン,http://www.hyosoku.or.jp/kaiin/reoplan/reoplan.html,"5: 300億円以上~1,000億円未満",,確認不可,△ Gビズインフォ・自社/業界団体情報を確認。2018年5月期売上1.8583億円は鮮度条件外。直近3期の承認ソース売上高を確認できず。https://info.gbiz.go.jp/hojin/ichiran?hojinBango=9140001041392
001Nn000013Sfgt,9180002016191,有限会社総合教育インストラクト,https://a-kato.com/,"6: 1,000億円以上",,対象外（有限会社）,× 法人格。直アポ大は株式会社のみ。有限会社のため対象外
001Nn000013Sfgy,1100002004459,有限会社プリントオフィスパール,https://p-pearl.jp/,"6: 1,000億円以上",✖️TOKIUM✖️,対象外（有限会社）,× 法人格。直アポ大は株式会社のみ。有限会社のため対象外
001Nn000013Sfh2,1290001018326,オーディーエー株式会社,https://fukuoka-h.wixsite.com/oda-site,"6: 1,000億円以上",,確認不可,△ 法人番号1290001018326。自社関連情報・Gビズインフォ・官報/公的情報を確認したが、オーディーエー株式会社の直近3期売上高を承認ソースで確認できず。
001Nn000013Sfh4,1500001008973,株式会社西条環境分析センター,http://saijo-kankyo.co.jp,"5: 300億円以上~1,000億円未満",,確認不可,△ 法人番号1500001008973。Gビズインフォ・自社HP・公的職場情報を確認したが、株式会社西条環境分析センターの直近3期売上高を承認ソースで確認できず。http://saijo-kankyo.co.jp
001Nn000013SfhA,1240001015542,株式会社ビーアールホールディングス,https://www.brhd.co.jp/ja/company/outline.html,"5: 300億円以上~1,000億円未満",,確認不可,△ 2026年に横河ブリッジHDの完全子会社化。自社IRで2026年3月期連結売上358.67億円は確認できるが、現子会社判定では単体売上が必要。承認ソースの単体値を確認できず。https://www.brhd.co.jp/ja/ir.html
001Nn000013SfhC,1240002008900,有限会社Ｂｅ　ｆｏｒｍ,https://senogawa.jp/recruit/,"6: 1,000億円以上",,対象外（有限会社）,× 法人格。直アポ大は株式会社のみ。有限会社のため対象外
001Nn000013SfhH,1430001047070,山本建業株式会社,http://www.yamamotokengyo.co.jp/,"5: 300億円以上~1,000億円未満",,【300億未満】9.62億円（令和7年度・単体）,× 300億未満。自社会社概要。山本建業株式会社の令和7年度年商9.62億円。https://www.yamamotokengyo.co.jp/company/
001Nn000013SfhL,2030001016255,株式会社ユニファイジャパン,https://www.unify-j.co.jp/,"5: 300億円以上~1,000億円未満",,確認不可,△ 法人番号2030001016255。自社HP・Gビズインフォ・官報/公的情報を確認したが、株式会社ユニファイジャパンの直近3期売上高を承認ソースで確認できず。https://www.unify-j.co.jp/
001Nn000013SfhM,2030001031675,関東リソース株式会社,https://kanto-resource.jp/,"5: 300億円以上~1,000億円未満",,確認不可,△ 法人番号2030001031675。自社HP・Gビズインフォ・官報/公的情報を確認したが、関東リソース株式会社の直近3期売上高を承認ソースで確認できず。https://kanto-resource.jp/
001Nn000013SfhW,2402702000152,株式会社徳風,https://tokufu00funato.wixsite.com/tokufu,"5: 300億円以上~1,000億円未満",,確認不可,△ 法人番号2402702000152。自社関連情報・Gビズインフォ・官報/公的情報を確認したが、株式会社徳風の直近3期売上高を承認ソースで確認できず。
001Nn000013SfhX,2430001005135,グローバル設計株式会社,https://www.global-s.com/,"5: 300億円以上~1,000億円未満",,確認不可,△ 法人番号2430001005135。自社HP・Gビズインフォ・官公庁情報を確認したが、グローバル設計株式会社の直近3期売上高を承認ソースで確認できず。https://www.global-s.com/
001Nn000013SfhZ,3011101059038,株式会社インターコード,https://i-chord.com/,"6: 1,000億円以上",,確認不可,△ 法人番号3011101059038。自社HP・Gビズインフォ・官報/公的情報を確認したが、株式会社インターコードの直近3期売上高を承認ソースで確認できず。https://i-chord.com/
001Nn000013Sfhe,3120001174027,株式会社スマイル,http://smile-cs.com,"6: 1,000億円以上",,確認不可,△ 法人番号3120001174027。Gビズインフォ・自社関連情報・公的職場情報を確認したが、株式会社スマイルの直近3期売上高を承認ソースで確認できず。https://info.gbiz.go.jp/hojin/ichiran?hojinBango=3120001174027
001Nn000013Sfhi,3230001014691,株式会社オレンジ,https://orange-toyama.com/#aboutus,"5: 300億円以上~1,000億円未満",,確認不可,△ 法人番号3230001014691。Gビズインフォ・自社HP・公的職場情報を確認したが、株式会社オレンジの直近3期売上高を承認ソースで確認できず。https://info.gbiz.go.jp/hojin/ichiran?hojinBango=3230001014691
001Nn000013Sfhl,3430001033151,厚田産業株式会社,https://www.atsutasangyo.com/,"5: 300億円以上~1,000億円未満",✖TOKIUM✖,確認不可,△ 法人番号3430001033151。自社HP・Gビズインフォ・官報/公的情報を確認したが、厚田産業株式会社の直近3期売上高を承認ソースで確認できず。https://www.atsutasangyo.com/
001Nn000013Sfhr,4120101052313,株式会社ヘソプロダクション,https://www.heso-pro.com/company/,"5: 300億円以上~1,000億円未満",,確認不可,△ 自社会社概要・Gビズインフォ・公的情報を確認したが、株式会社ヘソプロダクションの直近3期売上高を承認ソースで確認できず。https://www.heso-pro.com/company/
001Nn000013Sfhx,4460302003155,有限会社石川組,https://www.ishikawagumi.net/blank,"6: 1,000億円以上",,対象外（有限会社）,× 法人格。直アポ大は株式会社のみ。有限会社のため対象外
001Nn000013Sfi0,5010501006250,株式会社ショッププランナー国際,https://www.sp-kokusai.co.jp/company/outline.html,"5: 300億円以上~1,000億円未満",,確認不可,△ 法人番号5010501006250。自社会社概要・Gビズインフォ・官報/公的情報を確認したが、株式会社ショッププランナー国際の直近3期売上高を承認ソースで確認できず。https://www.sp-kokusai.co.jp/company/outline.html
001Nn000013SfiI,6100002011673,有限会社須江林産,http://sue-rinsan.com/profile.html,"5: 300億円以上~1,000億円未満",,対象外（有限会社）,× 法人格。直アポ大は株式会社のみ。有限会社のため対象外
001Nn000013Sfie,8360001013081,株式会社環境プラン,https://kankyo-plan.co.jp/profile.php,"5: 300億円以上~1,000億円未満",,確認不可,△ 法人番号8360001013081。自社HP・Gビズインフォ・厚労省求人票等の公的情報を確認したが、株式会社環境プランの直近3期売上高を承認ソースで確認できず。https://kankyo-plan.co.jp/profile.php
001Nn000013SfkO,1140003008521,Ａｍａｚ技術コンサルティング合同会社,https://amaz-tech.co.jp/,"5: 300億円以上~1,000億円未満",,対象外（合同会社）,× 法人格。直アポ大は株式会社のみ。合同会社のため対象外
001Nn000013SfkP,1290001020364,株式会社アソウ・アカウンティングサービス,https://aso-as.jp/company/,"6: 1,000億円以上",,確認不可,△ 麻生グループ子会社。自社会社概要・Gビズインフォ・公的情報を確認したが、アソウ・アカウンティングサービス単体の直近3期売上高を確認できず。https://aso-as.jp/company/
001Nn000013SfkQ,1290001021338,株式会社九電工フレンドリー,http://www.kyudenko-friendly.co.jp/,"5: 300億円以上~1,000億円未満",,確認不可,△ クラフティア（旧九電工）グループ子会社。自社HP・公的情報・決算公告系を確認したが、株式会社九電工フレンドリー単体の直近3期売上高を承認ソースで確認できず。http://www.kyudenko-friendly.co.jp/
001Nn000013SfkR,1320001012762,株式会社アスパイア,http://www.aspire-net.co.jp/about,"6: 1,000億円以上",,確認不可,△ 法人番号1320001012762。自社HP・Gビズインフォ・官報/公的情報を確認したが、株式会社アスパイアの直近3期売上高を承認ソースで確認できず。http://www.aspire-net.co.jp/about
001Nn000013SfkS,1340001001053,鹿児島水処理株式会社,https://www.ka-mizu.co.jp/about/outline-html,"5: 300億円以上~1,000億円未満",,確認不可,△ 法人番号1340001001053。自社HP・Gビズインフォ・官公庁情報を確認したが、鹿児島水処理株式会社の直近3期売上高を承認ソースで確認できず。https://www.ka-mizu.co.jp/
001Nn000013SfkW,2060001013919,関東資源株式会社,http://www.kantoshigen.co.jp/company2.htm,"5: 300億円以上~1,000億円未満",,確認不可,△ 法人番号2060001013919。自社HP・Gビズインフォ・官報/公的情報を確認したが、関東資源株式会社の直近3期売上高を承認ソースで確認できず。http://www.kantoshigen.co.jp/company2.htm
001Nn000013Sfkd,2220001012334,株式会社ビルカン,http://www.kk-birukan.co.jp/,"5: 300億円以上~1,000億円未満",,確認不可,△ 法人番号2220001012334。自社HP・Gビズインフォ・官報/公的情報を確認したが、株式会社ビルカンの直近3期売上高を承認ソースで確認できず。http://www.kk-birukan.co.jp/
001Nn000013Sfkh,2430001029407,株式会社アーバンＵＣ,http://www.urbancopy.co.jp/,"5: 300億円以上~1,000億円未満",,確認不可,△ 法人番号2430001029407。自社HP・Gビズインフォ・官報/公的情報を確認したが、株式会社アーバンUCの直近3期売上高を承認ソースで確認できず。http://www.urbancopy.co.jp/
001Nn000013Sfki,3010001102171,株式会社環境エンジニアリング,https://www.kankyo-e.co.jp/company/,"5: 300億円以上~1,000億円未満",,確認不可,△ 法人番号3010001102171。自社会社概要・Gビズインフォ・官公庁情報を確認したが、株式会社環境エンジニアリングの直近3期売上高を承認ソースで確認できず。https://www.kankyo-e.co.jp/company/
001Nn000013Sfku,3170001002587,日本プレカットシステム株式会社,http://www.miyamoto-group.co.jp/,"5: 300億円以上~1,000億円未満",,確認不可,△ 法人番号3170001002587。Gビズインフォ・宮本工業グループ公式・公的情報を確認したが、日本プレカットシステム株式会社単体の直近3期売上高を承認ソースで確認できず。https://info.gbiz.go.jp/hojin/ichiran?hojinBango=3170001002587
001Nn000013Sfkx,3300001004719,株式会社西部林業,https://seibu-ringyo.com/,"6: 1,000億円以上",,確認不可,△ 法人番号3300001004719。Gビズインフォ・林野庁調達情報・自社関連情報を確認したが、株式会社西部林業の直近3期売上高を承認ソースで確認できず。https://info.gbiz.go.jp/hojin/ichiran?hojinBango=3300001004719
001Nn000013Sfl1,4021001065745,ブックオフグループホールディングス株式会社,https://www.bookoffgroup.co.jp/our-company/top/about-us/,"6: 1,000億円以上",,"1,301.23億円（2026年5月期・連結）","○ 自社公式/EDINET有報。2026年5月期連結売上高130,123百万円。持株会社のため連結値を採用。https://www.bookoffgroup.co.jp/our-company/top/"
001Nn000013SflD,5010401041686,株式会社オーエムツーネットワーク,https://www.om2.co.jp/company.html,"5: 300億円以上~1,000億円未満",,353.71億円（2026年1月期・連結）,"○ JPX決算短信。2026年1月期連結売上高35,371百万円。上場親会社のため連結値を採用。https://www2.jpx.co.jp/disc/76140/140120260313581677.pdf"
001Nn000013SflH,5011501017114,株式会社ダイナムジャパンホールディングス,https://www.dyjh.co.jp/about/outline.html,"5: 300億円以上~1,000億円未満",,"1,231.86億円（2026年3月期・連結売上収益）","○ 香港取引所掲載の年次報告書。2026年3月期連結Revenue 123,186百万円。持株会社のため連結値を採用。https://www.hkexnews.hk/listedco/listconews/sehk/2026/0602/2026060200743.pdf"
001Nn000013SflO,5220002005499,有限会社マツハ設備設計研究所,https://www.mach-consultings.com/,"5: 300億円以上~1,000億円未満",,対象外（有限会社）,× 法人格。直アポ大は株式会社のみ。有限会社のため対象外
001Nn000013SflP,5450001008645,株式会社よつばフォレスト,https://yotsuba-forest.co.jp/,"5: 300億円以上~1,000億円未満",,確認不可,△ 法人番号5450001008645。自社HP・Gビズインフォ・官公庁情報を確認したが、株式会社よつばフォレストの直近3期売上高を承認ソースで確認できず。https://yotsuba-forest.co.jp/
001Nn000013Sflb,6440001001518,日新産業株式会社,https://www.nissin-sangyo.co.jp/,"5: 300億円以上~1,000億円未満",,確認不可,△ 法人番号6440001001518。自社HP・Gビズインフォ・官報/公的情報を確認したが、日新産業株式会社の直近3期売上高を承認ソースで確認できず。https://www.nissin-sangyo.co.jp/
001Nn000013Sflc,6440001002417,村山ギソー株式会社,https://www.m-giso.co.jp/,"5: 300億円以上~1,000億円未満",,確認不可,△ 法人番号6440001002417。自社HP・Gビズインフォ・官報/公的情報を確認したが、村山ギソー株式会社の直近3期売上高を承認ソースで確認できず。https://www.m-giso.co.jp/
001Nn000013Sfld,6490001001488,筒井紙業印刷株式会社,http://www.infoprintec.com/,"6: 1,000億円以上",✖TOKIUM✖,確認不可,△ 法人番号6490001001488。自社HP・Gビズインフォ・官報/公的情報を確認したが、筒井紙業印刷株式会社の直近3期売上高を承認ソースで確認できず。http://www.infoprintec.com/
001Nn000013Sfll,7070001009523,ハルナグループホールディングス株式会社,https://harunabev.co.jp/company/about/,"5: 300億円以上~1,000億円未満",,357億円（2026年3月期・連結）,○ 自社会社概要。ハルナグループホールディングスの2026年3月末連結売上高357億円。持株会社のため採用。https://harunabev.co.jp/company/about/
001Nn000013Sflw,8010001124905,株式会社ゴルフランド,https://www.golfland.co.jp/,"5: 300億円以上~1,000億円未満",,確認不可,△ 自社HP・Gビズインフォ・官報/公的情報を確認したが、株式会社ゴルフランドの直近3期売上高を承認ソースで確認できず。https://www.golfland.co.jp/
001Nn000013Sfm4,8130001043242,井木商事株式会社,https://www.iki-syoji.jp/,"5: 300億円以上~1,000億円未満",,確認不可,△ 法人番号8130001043242。自社HP・Gビズインフォ・官報/公的情報を確認したが、井木商事株式会社の直近3期売上高を承認ソースで確認できず。https://www.iki-syoji.jp/
001Nn000013Sfm5,8200001028962,株式会社アドバンス経営,https://advance.tkcnf.com/,"5: 300億円以上~1,000億円未満",,確認不可,△ 法人番号8200001028962。自社HP・Gビズインフォ・官報/公的情報を確認したが、株式会社アドバンス経営の直近3期売上高を承認ソースで確認できず。https://advance.tkcnf.com/
001Nn000013Sfm8,9011001034705,スポーツマネジメント株式会社,https://spo-mane.co.jp/company,"6: 1,000億円以上",,確認不可,△ 法人番号9011001034705。自社会社概要・Gビズインフォ・官報/公的情報を確認したが、スポーツマネジメント株式会社の直近3期売上高を承認ソースで確認できず。https://spo-mane.co.jp/company
001Nn000013Sfm9,9011001096217,株式会社ＪＥＴ,https://jet-e.jp/company/,"6: 1,000億円以上",,確認不可,△ 法人番号9011001096217。自社HP・Gビズインフォ・官報/公的情報を確認したが、株式会社JETの直近3期売上高を承認ソースで確認できず。https://jet-e.jp/company/
001Nn000013SfmB,9020001038236,株式会社富士消毒,https://www.fujishodoku.co.jp/,"5: 300億円以上~1,000億円未満",,確認不可,△ 法人番号9020001038236。自社HP・Gビズインフォ・官報/公的情報を確認したが、株式会社富士消毒の直近3期売上高を承認ソースで確認できず。https://www.fujishodoku.co.jp/
001Nn000013SfmC,9020001076137,株式会社ハマ・ソフトウェア,http://www.hamasoft.co.jp/profile.htm,"5: 300億円以上~1,000億円未満",,確認不可,△ 法人番号9020001076137。自社HP・Gビズインフォ・官報/公的情報を確認したが、株式会社ハマ・ソフトウェアの直近3期売上高を承認ソースで確認できず。http://www.hamasoft.co.jp/profile.htm
001Nn000013SfmL,1040002103060,有限会社プライムブルー,https://primeblue.net/,"5: 300億円以上~1,000億円未満",✖️TOKIUM✖️,対象外（有限会社）,× 法人格。直アポ大は株式会社のみ。有限会社のため対象外
001Nn000013SfmN,1120001066853,武田株式会社,http://www.takeda-tx.co.jp/company/index.html,"6: 1,000億円以上",,確認不可,△ 法人番号1120001066853。Gビズインフォ・自社HP・官報/公的情報を確認したが、武田株式会社の直近3期売上高を承認ソースで確認できず。https://info.gbiz.go.jp/hojin/ichiran?hojinBango=1120001066853
001Nn000013SfmY,2020001006323,株式会社春峰園,https://www.shunpoen.co.jp/,"5: 300億円以上~1,000億円未満",,確認不可,△ 法人番号2020001006323。自社HP・Gビズインフォ・官公庁情報を確認したが、株式会社春峰園の直近3期売上高を承認ソースで確認できず。https://www.shunpoen.co.jp/
001Nn000013Sfma,2120001253772,Ｊアクト株式会社,https://j-act.co.jp,"6: 1,000億円以上",,確認不可,△ 自社HP・Gビズインフォ・官報/公的情報を確認。求人媒体には2026年3月期単体0.94億円の記載があるが禁止ソースのため不採用。承認ソース売上高未確認。https://j-act.co.jp
001Nn000013Sfmc,2300001008324,ハタナカ電通株式会社,https://hataden.com/,"5: 300億円以上~1,000億円未満",,確認不可,△ 法人番号2300001008324。自社HP・Gビズインフォ・官報/公的情報を確認したが、ハタナカ電通株式会社の直近3期売上高を承認ソースで確認できず。https://hataden.com/
001Nn000013Sfmd,2310001004025,株式会社八光設計,http://www.hakkou-sekkei.biz-web.jp/company.html,"6: 1,000億円以上",,確認不可,△ 法人番号2310001004025。自社HP・Gビズインフォ・官公庁情報を確認したが、株式会社八光設計の直近3期売上高を承認ソースで確認できず。http://www.hakkou-sekkei.biz-web.jp/company.html
001Nn000013Sfmf,2430001007049,ジェイ建築システム株式会社,http://j-kenchiku.co.jp,"5: 300億円以上~1,000億円未満",◆09/18(金)、定時00:00、,確認不可,△ 法人番号2430001007049。自社HP・Gビズインフォ・官公庁情報を確認したが、ジェイ建築システム株式会社の直近3期売上高を承認ソースで確認できず。http://j-kenchiku.co.jp
001Nn000013Sfmn,3130001036812,高井商店株式会社,https://takaisyouten.jp/,"5: 300億円以上~1,000億円未満",,確認不可,△ 法人番号3130001036812。自社HP・Gビズインフォ・官報/公的情報を確認したが、高井商店株式会社の直近3期売上高を承認ソースで確認できず。https://takaisyouten.jp/
001Nn000013Sfmt,3430001025280,株式会社エフ・シー・ハウジング,https://www.fchousing.jp/company,"5: 300億円以上~1,000億円未満",,確認不可,△ 法人番号3430001025280。自社HP・Gビズインフォ・官報/公的情報を確認したが、株式会社エフ・シー・ハウジングの直近3期売上高を承認ソースで確認できず。https://www.fchousing.jp/company
001Nn000013Sfn6,5010401098248,株式会社マクタスプランニング,http://mactus.jp/corporate.html,"5: 300億円以上~1,000億円未満",✖TOKIUM✖,確認不可,△ 自社会社概要・Gビズインフォ・公的情報を確認。求人媒体の売上値は禁止ソースのため不採用。直近3期の承認ソース売上高を確認できず。http://mactus.jp/corporate.html
001Nn000013Sfn8,5050001026670,株式会社堀江林業,http://horieringyo.com/,"6: 1,000億円以上",✖TOKIUM✖,確認不可,△ 法人番号5050001026670。自社HP・Gビズインフォ・官公庁情報を確認したが、株式会社堀江林業の直近3期売上高を承認ソースで確認できず。http://horieringyo.com/
001Nn000013SfnF,5280001003226,西部温泉工業株式会社,http://seibu-onsen.com/会社概要/,"5: 300億円以上~1,000億円未満",,確認不可,△ 法人番号5280001003226。自社HP・Gビズインフォ・官報/公的情報を確認したが、西部温泉工業株式会社の直近3期売上高を承認ソースで確認できず。http://seibu-onsen.com/
001Nn000013SfnI,6010601034092,株式会社アイ・スタジオ,https://www.aistudio.co.jp/company/index.html,"5: 300億円以上~1,000億円未満",,確認不可,△ 法人番号6010601034092。Gビズインフォ・自社会社概要・公的情報を確認したが、株式会社アイ・スタジオの直近3期売上高を承認ソースで確認できず。https://www.aistudio.co.jp/company/index.html
001Nn000013SfnJ,6010801004267,さいとう経営センター株式会社,https://www.bene-sa.co.jp/,"6: 1,000億円以上",,確認不可,△ 法人番号6010801004267。自社HP・Gビズインフォ・官報/公的情報を確認したが、さいとう経営センター株式会社の直近3期売上高を承認ソースで確認できず。https://www.bene-sa.co.jp/
001Nn000013SfnK,6012701007606,株式会社あさひ測量設計,https://asahi-svy.co.jp/about/,"6: 1,000億円以上",,確認不可,△ 法人番号6012701007606。自社HP・Gビズインフォ・官公庁情報を確認。2018年売上2.719億円は鮮度条件外。直近3期の承認ソース売上高なし。https://asahi-svy.co.jp/about/
001Nn000013SfnR,6120901013438,株式会社マイスター,https://meisterweb.jp/company/,"5: 300億円以上~1,000億円未満",,確認不可,△ 法人番号6120901013438。Gビズインフォ・自社HP・官報/公的情報を確認したが、株式会社マイスターの直近3期売上高を承認ソースで確認できず。https://meisterweb.jp/company/
001Nn000013SfnZ,5260001000010,株式会社あさひ合同会計,https://www.asahi-gk.co.jp/,"6: 1,000億円以上",,確認不可,△ 法人番号5260001000010。自社HP・Gビズインフォ・官報/公的情報を確認したが、株式会社あさひ合同会計の直近3期売上高を承認ソースで確認できず。https://www.asahi-gk.co.jp/
001Nn000013Sfnc,6011101016696,日本複写工業株式会社,http://www.fukusha.co.jp/,"5: 300億円以上~1,000億円未満",,確認不可,△ 法人番号6011101016696。自社HP・Gビズインフォ・官報/公的情報を確認したが、日本複写工業株式会社の直近3期売上高を承認ソースで確認できず。http://www.fukusha.co.jp/
001Nn000013Sfno,6280001005403,株式会社ふせの里,http://www17.plala.or.jp/fusenosato/index.html,"5: 300億円以上~1,000億円未満",,確認不可,△ 法人番号6280001005403。自社関連情報・Gビズインフォ・官報/公的情報を確認したが、株式会社ふせの里の直近3期売上高を承認ソースで確認できず。http://www17.plala.or.jp/fusenosato/
001Nn000013Sfns,7020001073722,テスコジャパン株式会社,http://www.tesco-j.co.jp/company/info.html,"5: 300億円以上~1,000億円未満",,確認不可,△ 法人番号7020001073722。自社会社概要・Gビズインフォ・官報/公的情報を確認したが、テスコジャパン株式会社の直近3期売上高を承認ソースで確認できず。http://www.tesco-j.co.jp/company/info.html
001Nn000013Sfnt,7021001030993,株式会社ギオン環境サービス,https://kk-gion.co.jp/company/group/gionenvironment/,"5: 300億円以上~1,000億円未満",,確認不可,△ ギオングループ子会社。自社/グループ公式・Gビズインフォ・官報系を確認したが、株式会社ギオン環境サービス単体の直近3期売上高を承認ソースで確認できず。https://kk-gion.co.jp/company/group/gionenvironment/
001Nn000013Sfnu,7070002007261,今井前橋資源有限会社,https://www.imaimaebashi.com/company/,"5: 300億円以上~1,000億円未満",,対象外（有限会社）,× 法人格。直アポ大は株式会社のみ。有限会社のため対象外
001Nn000013Sfnw,7170001009208,株式会社三前商店,http://www.aikis.or.jp/~binchou/index.html,"5: 300億円以上~1,000億円未満",,確認不可,△ 法人番号7170001009208。自社関連情報・Gビズインフォ・官報/公的情報を確認したが、株式会社三前商店の直近3期売上高を承認ソースで確認できず。http://www.aikis.or.jp/~binchou/
001Nn000013Sfo5,8010401000549,株式会社アイスター,https://www.ai-star.co.jp/corporate/aistar/,"6: 1,000億円以上",,確認不可,△ 自社公式でグループ統括会社と確認。自社HP・Gビズインフォ・官報/公的情報を確認したが、株式会社アイスターまたはグループの直近3期売上高を承認ソースで確認できず。https://www.ai-star.co.jp/corporate/aistar/
001Nn000013SfoE,8470001009267,株式会社佐竹工業,http://satake-kogyo.jp/,"5: 300億円以上~1,000億円未満",,確認不可,△ 法人番号8470001009267。自社HP・Gビズインフォ・官公庁情報を確認したが、株式会社佐竹工業の直近3期売上高を承認ソースで確認できず。http://satake-kogyo.jp/
001Nn000013SfoI,9020001037717,株式会社横浜トラバース,https://www.yokohama-travers.co.jp/,"6: 1,000億円以上",,確認不可,△ 法人番号9020001037717。自社HP・Gビズインフォ・官報/公的情報を確認したが、株式会社横浜トラバースの直近3期売上高を承認ソースで確認できず。https://www.yokohama-travers.co.jp/
001Nn000013SfoO,9310001011428,株式会社コンフォート・ミンティ,http://c-minty.com/index.html,"5: 300億円以上~1,000億円未満",,確認不可,△ 法人番号9310001011428。自社HP・Gビズインフォ・官報/公的情報を確認したが、株式会社コンフォート・ミンティの直近3期売上高を承認ソースで確認できず。http://c-minty.com/
001Nn000013SfoR,9430001002761,株式会社エム・マツバラ,http://emumatu.co.jp/company/,"5: 300億円以上~1,000億円未満",,確認不可,△ 法人番号9430001002761。自社HP・Gビズインフォ・官報/公的情報を確認したが、株式会社エム・マツバラの直近3期売上高を承認ソースで確認できず。http://emumatu.co.jp/company/
001Nn000013SfoU,1010401049808,株式会社ＹＡＭＡＫＯ,https://www.yamako.jp/,"5: 300億円以上~1,000億円未満",,確認不可,△ 法人番号1010401049808。Gビズインフォ・自社HP・官報/公的情報を確認したが、株式会社YAMAKOの直近3期売上高を承認ソースで確認できず。https://info.gbiz.go.jp/hojin/ichiran?hojinBango=1010401049808
001Nn000013SfoV,1010401120741,コスモエネルギーホールディングス株式会社,https://www.cosmo-energy.co.jp/,"6: 1,000億円以上",,"26,775.82億円（2026年3月期・連結）","○ 自社IR決算短信。2026年3月期連結売上高2,677,582百万円。持株会社のため連結値を採用。https://www.cosmo-energy.co.jp/ja/ir/library/overview.html"
001Nn000013SfoW,1011001110281,株式会社Ｂａｒｒｅｌ,http://barrel-3.co.jp/,"5: 300億円以上~1,000億円未満",,確認不可,△ 法人番号1011001110281。Gビズインフォ・自社HP・官報/公的情報を確認したが、株式会社Barrelの直近3期売上高を承認ソースで確認できず。http://barrel-3.co.jp/
001Nn000013SfoY,1021002034462,有限会社相馬造林,https://somazorin.co.jp/,"6: 1,000億円以上",,対象外（有限会社）,× 法人格。直アポ大は株式会社のみ。有限会社のため対象外
001Nn000013SfoZ,1030001067753,株式会社西部建設,https://www.e-seibu.jp/,"5: 300億円以上~1,000億円未満",,確認不可,△ 法人番号1030001067753。自社HP・Gビズインフォ・官報/公的情報を確認したが、株式会社西部建設の直近3期売上高を承認ソースで確認できず。https://www.e-seibu.jp/
001Nn000013Sfod,1120001169813,新関西国際空港株式会社,http://www.nkiac.co.jp/company/outline/index.html,"6: 1,000億円以上",,622.96億円（2026年3月期・単体・営業収益）,"○ Gビズインフォ（有価証券報告書）。2026年3月期単体営業収益62,296百万円。空港運営会社のトップラインとして採用。https://info.gbiz.go.jp/hojin/ichiran?hojinBango=1120001169813"
001Nn000013Sfog,1240001038394,株式会社パイオニア電子計算センター,https://pdpc.co.jp/,"5: 300億円以上~1,000億円未満",,確認不可,△ 法人番号1240001038394。自社HP・Gビズインフォ・官報/公的情報を確認したが、株式会社パイオニア電子計算センターの直近3期売上高を承認ソースで確認できず。https://pdpc.co.jp/
001Nn000013Sfoi,1490002006078,有限会社アクアシステム,http://www.aqua-water.jp/,"5: 300億円以上~1,000億円未満",,対象外（有限会社）,× 法人格。直アポ大は株式会社のみ。有限会社のため対象外
001Nn000013Sfok,2100002027285,王滝林業有限会社,https://oorin.bsj.jp/,"5: 300億円以上~1,000億円未満",,対象外（有限会社）,× 法人格。直アポ大は株式会社のみ。有限会社のため対象外
001Nn000013Sfom,2120001039965,松尾産業株式会社,https://matsuo-sangyo.com/,"5: 300億円以上~1,000億円未満",,確認不可,△ 法人番号2120001039965。自社HP・Gビズインフォ・官報/公的情報を確認したが、松尾産業株式会社の直近3期売上高を承認ソースで確認できず。https://matsuo-sangyo.com/
001Nn000013Sfoq,2290001008235,株式会社ゼオ,http://www.zeo-management.co.jp/company.html#001,"5: 300億円以上~1,000億円未満",,確認不可,△ 法人番号2290001008235。Gビズインフォ・自社HP・厚労省求人票等の公的情報を確認したが、株式会社ゼオの直近3期売上高を承認ソースで確認できず。http://www.zeo-management.co.jp/company.html
001Nn000013Sfor,2290001018481,ウェルプランニング株式会社,http://member.fukunet.or.jp/welplan,"5: 300億円以上~1,000億円未満",✖TOKIUM✖,確認不可,△ 法人番号2290001018481。自社関連情報・Gビズインフォ・官報/公的情報を確認したが、ウェルプランニング株式会社の直近3期売上高を承認ソースで確認できず。
001Nn000013Sfos,2330002011225,有限会社熊本財経センター,http://kumamoto-zaikei.net/,"6: 1,000億円以上",,対象外（有限会社）,× 法人格。直アポ大は株式会社のみ。有限会社のため対象外
001Nn000013Sfou,2350001013146,株式会社那須総合林業,https://www.facebook.com/pg/%E6%A0%AA%E5%BC%8F%E4%BC%9A%E7%A4%BE-%E9%82%A3%E9%A0%88%E7%B7%8F%E5%90%88%E6%9E%97%E6%A5%AD-217895552037113/about/?ref=page_internal,"6: 1,000億円以上",,確認不可,△ 法人番号2350001013146。自社関連情報・Gビズインフォ・官公庁情報を確認したが、株式会社那須総合林業の直近3期売上高を承認ソースで確認できず。
001Nn000013Sfoz,3012801003689,株式会社武蔵野環境リサーチ,http://www.musashino-kankyo.co.jp,"5: 300億円以上~1,000億円未満",,確認不可,△ 法人番号3012801003689。自社HP・Gビズインフォ・官公庁情報を確認したが、株式会社武蔵野環境リサーチの直近3期売上高を承認ソースで確認できず。http://www.musashino-kankyo.co.jp
001Nn000013Sfp1,3080001023948,大成ビルド株式会社,https://taisei-bld.co.jp/company/,"5: 300億円以上~1,000億円未満",,確認不可,△ ZENホールディングス系。自社HP・Gビズインフォ・公的情報を確認。過去のグループ連結売上は対象法人単体値ではなく、直近3期単体売上の承認ソースを確認できず。https://taisei-bld.co.jp/company/
001Nn000013Sfp2,3110001000852,株式会社オオスギテック,http://ohsugitec.co.jp/,"5: 300億円以上~1,000億円未満",,確認不可,△ 法人番号3110001000852。自社HP・Gビズインフォ・官公庁情報を確認したが、株式会社オオスギテックの直近3期売上高を承認ソースで確認できず。http://ohsugitec.co.jp/
001Nn000013Sfp4,3130001049475,株式会社フロンティア,https://frt-office.jp/,"6: 1,000億円以上",,確認不可,△ 法人番号3130001049475。自社HP・Gビズインフォ・官報/公的情報を確認したが、株式会社フロンティアの直近3期売上高を承認ソースで確認できず。https://frt-office.jp/
001Nn000013Sfp9,3300001005097,前田建設工業株式会社,https://maeken-saga.co.jp/company/,"6: 1,000億円以上",,確認不可,△ 法人番号3300001005097。公的業界資料の2017年度完成工事高9.7億円は鮮度条件外。自社HP・Gビズインフォで直近3期売上高の承認ソースを確認できず。https://maeken-saga.co.jp/company/
001Nn000013Sfqo,4010801002215,株式会社オキシロインターナショナル,http://www.okishiro.co.jp/,"5: 300億円以上~1,000億円未満",,確認不可,△ 法人番号4010801002215。自社HP・Gビズインフォ・官報/公的情報を確認したが、株式会社オキシロインターナショナルの直近3期売上高を承認ソースで確認できず。http://www.okishiro.co.jp/
001Nn000013Sfqp,4010901003468,株式会社クレアテラ,http://www.createrra.co.jp/company.html,"5: 300億円以上~1,000億円未満",,確認不可,△ 法人番号4010901003468。自社会社概要・Gビズインフォ・官報/公的情報を確認したが、株式会社クレアテラの直近3期売上高を承認ソースで確認できず。http://www.createrra.co.jp/company.html
001Nn000013Sfqw,4160001012801,株式会社京滋設計,http://keiji-sekkei.a.la9.jp/profile.html,"5: 300億円以上~1,000億円未満",,確認不可,△ 法人番号4160001012801。自社HP・Gビズインフォ・官公庁情報を確認。民間掲載の2024年度売上約1.5億円は非承認のため不採用。直近3期の承認ソース売上高未確認。http://keiji-sekkei.a.la9.jp/profile.html
001Nn000013Sfqz,4260001022971,株式会社三謳,http://www.kk-sanou.co.jp,"5: 300億円以上~1,000億円未満",,確認不可,△ 法人番号4260001022971。自社HP・Gビズインフォ・官報/公的情報を確認したが、株式会社三謳の直近3期売上高を承認ソースで確認できず。http://www.kk-sanou.co.jp
001Nn000013Sfr0,4320001002505,株式会社豊樹園,http://www.houjuen.co.jp/main.htm,"5: 300億円以上~1,000億円未満",✖TOKIUM✖,確認不可,△ 法人番号4320001002505。自社HP・Gビズインフォ・官公庁情報を確認したが、株式会社豊樹園の直近3期売上高を承認ソースで確認できず。http://www.houjuen.co.jp/main.htm
001Nn000013Sfr1,5010601034416,株式会社サンフィールズ,http://sunfls.co.jp,"6: 1,000億円以上",,確認不可,△ 法人番号5010601034416。自社会社概要・Gビズインフォ・官報/公的情報を確認したが、株式会社サンフィールズの直近3期売上高を承認ソースで確認できず。http://sunfls.co.jp
001Nn000013Sfr7,5110001027836,ヒューマン・キャピタル・コンサルティング株式会社,https://human-cc.co.jp/,"6: 1,000億円以上",,確認不可,△ 法人番号5110001027836。自社HP・Gビズインフォ・官報/公的情報を確認したが、ヒューマン・キャピタル・コンサルティング株式会社の直近3期売上高を承認ソースで確認できず。https://human-cc.co.jp/
001Nn000013SfrE,6010401109689,ＬＧ化学ジャパン株式会社,http://www.lg-japan.co.jp/servlet/info?cmd=index,"6: 1,000億円以上",,確認不可,△ LG Chemグループ日本子会社。自社/グループ公式・Gビズインフォを確認したが、LG化学ジャパン株式会社単体の直近3期売上高を承認ソースで確認できず。グローバル連結売上は不採用。
001Nn000013SfrM,6280001000544,日新化成株式会社,https://matsue-nissin.com/,"5: 300億円以上~1,000億円未満",,確認不可,△ 折兼グループ子会社。自社公式で2025年6月期グループ売上996億円は確認できるが、日新化成株式会社単体値ではないため不採用。単体の承認ソース売上高未確認。https://matsue-nissin.com/
001Nn000013SfrO,6370001014493,株式会社スリー・アール,https://3r-corporation.com/company/,"5: 300億円以上~1,000億円未満",,確認不可,△ 法人番号6370001014493。自社会社概要・Gビズインフォ・官報/公的情報を確認したが、株式会社スリー・アールの直近3期売上高を承認ソースで確認できず。https://3r-corporation.com/company/
001Nn000013Sfre,8011101086333,株式会社オクトパスカル,https://www.octpascal.jp/,"5: 300億円以上~1,000億円未満",,確認不可,△ 法人番号8011101086333。自社HP・Gビズインフォ・官報/公的情報を確認したが、株式会社オクトパスカルの直近3期売上高を承認ソースで確認できず。https://www.octpascal.jp/
001Nn000013Sfrm,8250001006187,株式会社ＲＥＶＯＬＵＴＩＯＮ,https://revolution.co.jp/about/,"5: 300億円以上~1,000億円未満",✖TOKIUM✖,345.70億円（2025年10月期・連結）,"○ 自社決算短信。2025年10月期連結売上高34,570百万円。上場親会社のため連結値を採用。https://revolution.co.jp/ir/financial-results/"
001Nn000013Sfrq,9010401030578,株式会社横河ブリッジホールディングス,https://www.ybhd.co.jp/company/about/,"6: 1,000億円以上",,"1,438.77億円（2026年3月期・連結）","○ 自社決算短信。2026年3月期連結売上高143,877百万円。持株会社のため連結値を採用。https://www.ybhd.co.jp/ir/library/"
001Nn000013Sfru,9050001029372,株式会社片庭木材,http://www.kataniwa.jp/index.html,"5: 300億円以上~1,000億円未満",,確認不可,△ 法人番号9050001029372。自社HP・Gビズインフォ・官公庁情報を確認したが、株式会社片庭木材の直近3期売上高を承認ソースで確認できず。http://www.kataniwa.jp/index.html
001Nn000013SfsB,1370001019605,株式会社マークスホールディングス,http://mercs.jp/,"5: 300億円以上~1,000億円未満",★08/17(月)、定時00:00、🔵🌑✳✡🌅🔥訴求用,確認不可,△ 法人番号1370001019605。自社/グループ関連情報・Gビズインフォ・官報/公的情報を確認したが、株式会社マークスホールディングスの直近3期売上高を承認ソースで確認できず。http://mercs.jp/
001Nn000013SfsH,2010901005466,株式会社シナジーコンサルティング,http://synergy-c.co.jp/,"5: 300億円以上~1,000億円未満",,確認不可,△ 法人番号2010901005466。自社HP・Gビズインフォ・官報/公的情報を確認したが、株式会社シナジーコンサルティングの直近3期売上高を承認ソースで確認できず。http://synergy-c.co.jp/
001Nn000013SfsI,2011801013831,イズミ環境サービス株式会社,https://www.izumi-esc.co.jp/company.html,"5: 300億円以上~1,000億円未満",,確認不可,△ 法人番号2011801013831。自社会社概要・Gビズインフォ・官報/公的情報を確認したが、イズミ環境サービス株式会社の直近3期売上高を承認ソースで確認できず。https://www.izumi-esc.co.jp/company.html
001Nn000013SfsK,2050001029255,株式会社ヤギグローバルジャパン,https://www.100-all-shinshakan.com/about/,"5: 300億円以上~1,000億円未満",,確認不可,△ 自社会社概要で令和3年2月期売上37.1億円は確認できるが鮮度条件外。直近3期の承認ソース売上高を確認できず。https://www.yagi-globaljapan.com/company/
001Nn000013SfsR,2360001009770,株式会社サンシャイン,https://www.ohta.co.jp/company/outline/sunshine.html,"5: 300億円以上~1,000億円未満",,確認不可,△ 法人番号2360001009770・沖縄県宜野湾市の株式会社サンシャインをGビズインフォで照合。自社/公的情報で直近3期売上高を承認ソースで確認できず。同名他社と混同せず判定。https://info.gbiz.go.jp/hojin/ichiran?hojinBango=2360001009770
001Nn000013SfsZ,3080401018085,株式会社ケイプロローグ,https://www.keiprolog0510.jp/,"5: 300億円以上~1,000億円未満",,確認不可,△ 法人番号3080401018085。自社HP・Gビズインフォ・官報/公的情報を確認したが、株式会社ケイプロローグの直近3期売上高を承認ソースで確認できず。https://www.keiprolog0510.jp/
001Nn000013Sfsf,3270001003988,株式会社グリーン・シャイン,https://greenshine.jp/outline.html,"5: 300億円以上~1,000億円未満",,確認不可,△ 法人番号3270001003988。自社会社概要・Gビズインフォ・官公庁情報を確認したが、株式会社グリーン・シャインの直近3期売上高を承認ソースで確認できず。https://greenshine.jp/outline.html
001Nn000013Sfsg,3300002001269,有限会社佐賀情報ビジネス,https://www.sib-net.co.jp/,"5: 300億円以上~1,000億円未満",,対象外（有限会社）,× 法人格。直アポ大は株式会社のみ。有限会社のため対象外
001Nn000013Sfsh,4010001006116,日科情報株式会社,https://www.nikkajoho.com/company/index.html,"6: 1,000億円以上",,確認不可,△ 法人番号4010001006116。自社会社概要・Gビズインフォ・官報/公的情報を確認したが、日科情報株式会社の直近3期売上高を承認ソースで確認できず。https://www.nikkajoho.com/company/index.html
001Nn000013Sfsi,4010401046380,三井倉庫ビズポート株式会社,https://msh.mitsui-soko.com/company/mhbp,"6: 1,000億円以上",,確認不可,△ 三井倉庫HDグループ子会社。自社/親会社公式・Gビズインフォ・官報系を確認したが、三井倉庫ビズポート株式会社単体の直近3期売上高を承認ソースで確認できず。https://msh.mitsui-soko.com/company/mhbp
001Nn000013Sfsm,4120902007135,有限会社東西新風堂,http://www.shinpudo.com/index.html,"5: 300億円以上~1,000億円未満",,対象外（有限会社）,× 法人格。直アポ大は株式会社のみ。有限会社のため対象外
001Nn000013Sfso,4140001001756,神洋冷凍株式会社,http://www.maruha-shinko.co.jp/annai/kankeigaisya/kankeigaisha.html,"6: 1,000億円以上",,確認不可,△ マルハニチロ系関連会社。自社/グループ公式・Gビズインフォ・官報系を確認したが、神洋冷凍株式会社単体の直近3期売上高を承認ソースで確認できず。
001Nn000013Sfsr,4240001011010,株式会社Ｇサポート,https://www.gsupport.biz/company,"5: 300億円以上~1,000億円未満",,確認不可,△ 法人番号4240001011010。自社会社概要・Gビズインフォ・官報/公的情報を確認したが、株式会社Gサポートの直近3期売上高を承認ソースで確認できず。https://www.gsupport.biz/company
001Nn000013Sfsz,5180001053504,株式会社プランツ,https://www.plants.co.jp/company1.html,"5: 300億円以上~1,000億円未満",✖TOKIUM✖,確認不可,△ 法人番号5180001053504。Gビズインフォ・自社HP・官報/公的情報を確認したが、株式会社プランツの直近3期売上高を承認ソースで確認できず。https://info.gbiz.go.jp/hojin/ichiran?hojinBango=5180001053504
001Nn000013Sft1,5390001000419,東北ナノテック株式会社,http://nano6255.com/company.html,"5: 300億円以上~1,000億円未満",,確認不可,△ 自社HP・Gビズインフォ・官報系を確認。民間/求人媒体には2024年12月期1.51億円の表示があるが禁止・非承認ソースのため不採用。承認ソース売上高未確認。http://nano6255.com/company.html
001Nn000013Sft3,5500001005505,株式会社愛研化工機,https://www.aiken-h2o.com/company/,"5: 300億円以上~1,000億円未満",,【300億未満】10.56億円（令和6年3月期・単体）,"× 300億未満。愛媛県公式「えひめが誇るスゴ技」。株式会社愛研化工機の令和6年3月期売上高10億5,606万円。https://www.sugowaza-ehime.com/company/detail03.php?id=169"
001Nn000013Sft5,6010001143799,株式会社プライムテックコンサルティングサービス,http://classnkcs.co.jp,"5: 300億円以上~1,000億円未満",,確認不可,△ 法人番号6010001143799。自社関連情報・Gビズインフォ・官報/公的情報を確認したが、株式会社プライムテックコンサルティングサービスの直近3期売上高を承認ソースで確認できず。http://classnkcs.co.jp
001Nn000013Sft6,6010601044091,株式会社ニコリンク,http://www.nicolink.co.jp,"5: 300億円以上~1,000億円未満",,確認不可,△ 法人番号6010601044091。自社HP・Gビズインフォ・官報/公的情報を確認したが、株式会社ニコリンクの直近3期売上高を承認ソースで確認できず。http://www.nicolink.co.jp
001Nn000013Sft9,6050001036702,株式会社スフォルツ,http://sforz.co.jp/,"5: 300億円以上~1,000億円未満",,確認不可,△ 法人番号6050001036702。自社HP・Gビズインフォ・官報/公的情報を確認したが、株式会社スフォルツの直近3期売上高を承認ソースで確認できず。http://sforz.co.jp/
001Nn000013SftD,6240001029942,株式会社エーシーエス,http://www.acs-kk.co.jp/,"5: 300億円以上~1,000億円未満",✖TOKIUM✖,確認不可,△ 法人番号6240001029942。自社HP・Gビズインフォ・官報/公的情報を確認したが、株式会社エーシーエスの直近3期売上高を承認ソースで確認できず。http://www.acs-kk.co.jp/
001Nn000013SftE,6380002015333,株式会社石井測量設計事務所,http://www.ishiitoki-soku.co.jp/index.html,"5: 300億円以上~1,000億円未満",,確認不可,△ 法人番号6380002015333。自社HP・Gビズインフォ・官公庁情報を確認したが、株式会社石井測量設計事務所の直近3期売上高を承認ソースで確認できず。http://www.ishiitoki-soku.co.jp/index.html
001Nn000013SftL,7080001003351,株式会社地域まちづくり研究所,http://machiken.main.jp,"5: 300億円以上~1,000億円未満",,確認不可,△ 法人番号7080001003351。自社HP・Gビズインフォ・官公庁情報を確認したが、株式会社地域まちづくり研究所の直近3期売上高を承認ソースで確認できず。http://machiken.main.jp
001Nn000013SftM,7080101007764,株式会社スマートエナジー研究所,https://www.smartenergy.co.jp/,"5: 300億円以上~1,000億円未満",,確認不可,△ 法人番号7080101007764。自社HP・Gビズインフォ・官報/公的情報を確認したが、株式会社スマートエナジー研究所の直近3期売上高を承認ソースで確認できず。https://www.smartenergy.co.jp/
001Nn000013SftP,7120001082886,株式会社総合計画機構,https://www.macrovision.co.jp/,"5: 300億円以上~1,000億円未満",,確認不可,△ 法人番号7120001082886。自社HP・Gビズインフォ・官公庁情報を確認したが、株式会社総合計画機構の直近3期売上高を承認ソースで確認できず。https://www.macrovision.co.jp/
001Nn000013SftU,7290001062723,株式会社エス・ピー・エス,https://www.sps2013.jp/profile,"5: 300億円以上~1,000億円未満",,確認不可,△ 法人番号7290001062723。自社会社概要・Gビズインフォ・官報/公的情報を確認したが、株式会社エス・ピー・エスの直近3期売上高を承認ソースで確認できず。https://www.sps2013.jp/profile
001Nn000013SftY,8011101007140,株式会社コムテックトゥワン,http://www.comtec21.co.jp,"6: 1,000億円以上",,確認不可,△ 法人番号8011101007140。自社HP・Gビズインフォ・官報/公的情報を確認したが、株式会社コムテックトゥワンの直近3期売上高を承認ソースで確認できず。http://www.comtec21.co.jp
001Nn000013Sftk,9290001006975,株式会社よかネット,https://yokanet.com/company/,"5: 300億円以上~1,000億円未満",,確認不可,△ 法人番号9290001006975。自社会社概要・Gビズインフォ・官公庁情報を確認したが、株式会社よかネットの直近3期売上高を承認ソースで確認できず。https://yokanet.com/company/
001Nn000013Sftm,9360002017312,株式会社武蔵測量設計,http://hrmusashi.co.jp/,"5: 300億円以上~1,000億円未満",,確認不可,△ 法人番号9360002017312。自社HP・Gビズインフォ・官公庁情報を確認したが、株式会社武蔵測量設計の直近3期売上高を承認ソースで確認できず。http://hrmusashi.co.jp/
001Nn000013Sftu,1122001006789,株式会社万代リテールホールディングス,https://www.mandai-net.co.jp/corporate/profile/,"6: 1,000億円以上",,確認不可,"△ 持株会社。自社公式で単体売上45.25億円（2026年2月期）、連結3,292.53億円は第3四半期値のみ確認。年間連結売上を確定できないため判定保留。https://www.mandai-hldgs.co.jp/corporate/about/"
001Nn000013Sftx,1220001001602,株式会社大屋設備,https://ohya-ee.com/,"5: 300億円以上~1,000億円未満",✖TOKIUM✖,確認不可,△ 法人番号1220001001602。自社HP・Gビズインフォ・官報/公的情報を確認したが、株式会社大屋設備の直近3期売上高を承認ソースで確認できず。https://ohya-ee.com/
001Nn000013SfuA,1010001019681,株式会社システムエリア,http://www.systemarea.com/,"5: 300億円以上~1,000億円未満",,確認不可,△ 法人番号1010001019681。自社HP・Gビズインフォ・官報/公的情報を確認したが、株式会社システムエリアの直近3期売上高を承認ソースで確認できず。http://www.systemarea.com/
001Nn000013SfuC,1010001117254,株式会社ラップ,http://www.wrap-worldwide.com/,"5: 300億円以上~1,000億円未満",,確認不可,△ 法人番号1010001117254。自社HP・Gビズインフォ・官報/公的情報を確認したが、株式会社ラップの直近3期売上高を承認ソースで確認できず。http://www.wrap-worldwide.com/
001Nn000013SfuJ,1090002006580,有限会社シフト,https://www.shift-japan.co.jp/,"6: 1,000億円以上",✖TOKIUM✖,対象外（有限会社）,× 法人格。直アポ大は株式会社のみ。有限会社のため対象外
001Nn000013SfuK,1100001016934,株式会社アセットクリエーション,http://www.asset-creation.jp/,"5: 300億円以上~1,000億円未満",,確認不可,△ 法人番号1100001016934。自社HP・Gビズインフォ・官報/公的情報を確認したが、株式会社アセットクリエーションの直近3期売上高を承認ソースで確認できず。http://www.asset-creation.jp/
001Nn000013SfuL,1120001002503,株式会社フジシールインターナショナル,https://www.fujiseal.com/jp/about/company.html,"6: 1,000億円以上",,"2,177.52億円（2026年3月期・連結）","○ 自社会社概要/IR。2026年3月期連結売上高217,752百万円。持株会社のため連結値を採用。https://www.fujiseal.com/jp/about/company.html"
001Nn000013SfuO,1180001003132,株式会社豊造園,https://www.yutaka-zoen.co.jp/,"5: 300億円以上~1,000億円未満",✖TOKIUM✖,確認不可,△ 法人番号1180001003132。自社HP・Gビズインフォ・官公庁情報を確認したが、株式会社豊造園の直近3期売上高を承認ソースで確認できず。https://www.yutaka-zoen.co.jp/
001Nn000013SfuU,2010001119497,アジアパイルホールディングス株式会社,http://www.asiapile-hd.com/company/asiapile_outline/index.html,"6: 1,000億円以上",,"1,159.56億円（2026年3月期・連結）","○ 自社会社概要/IR。2026年3月期連結売上高115,956百万円。持株会社のため連結値を採用。https://www.asiapile-hd.com/company/asiapile_outline/index.html"
001Nn000013SfuV,2010001132260,株式会社ソノリテ,https://sonorite.cc/about/,"6: 1,000億円以上",,確認不可,△ 法人番号2010001132260。自社会社概要・Gビズインフォ・官報/公的情報を確認したが、株式会社ソノリテの直近3期売上高を承認ソースで確認できず。https://sonorite.cc/about/
001Nn000013Sfud,2290001079821,ヤマシタヘルスケアホールディングス株式会社,https://www.yhchd.co.jp/company/profile.html,"5: 300億円以上~1,000億円未満",🔵MC:人事戦略本部／人材課　092-402-2922 ｜既存:経営企画室／総務課：092-402-2922,641.49億円（2026年5月期・連結）,"○ 自社決算短信。2026年5月期連結売上高64,149百万円。持株会社のため連結値を採用。https://www.yhchd.co.jp/ir/result.php"
001Nn000013Sfuf,3010001053373,株式会社日刊スポーツビジネスサポート,http://nse.nikkansports.com/index.html,"6: 1,000億円以上",,確認不可,△ 日刊スポーツグループ子会社。自社関連情報・Gビズインフォ・官報系を確認したが、株式会社日刊スポーツビジネスサポート単体の直近3期売上高を承認ソースで確認できず。http://nse.nikkansports.com/
001Nn000013Sfug,3010001128704,クレド株式会社,http://www.credo.bz,"5: 300億円以上~1,000億円未満",,確認不可,△ 法人番号3010001128704。自社HP・Gビズインフォ・官報/公的情報を確認したが、クレド株式会社の直近3期売上高を承認ソースで確認できず。http://www.credo.bz
001Nn000013Sfuh,3010401061810,株式会社環境調査事務所,http://www.kankyo72.co.jp/contents/company_info.html,"5: 300億円以上~1,000億円未満",,確認不可,△ 法人番号3010401061810。自社会社概要・Gビズインフォ・官公庁情報を確認したが、株式会社環境調査事務所の直近3期売上高を承認ソースで確認できず。http://www.kankyo72.co.jp/contents/company_info.html
001Nn000013Sfuj,3011101010289,三和ホールディングス株式会社,https://www.sanwa-hldgs.co.jp/corporate/profile/about.html,"6: 1,000億円以上",,"6,607.12億円（2026年3月期・連結）","○ 自社会社概要。2026年3月期連結売上高660,712百万円。持株会社のため連結値を採用。https://www.sanwa-hldgs.co.jp/corporate/profile/about.html"
001Nn000013Sfun,3030001042259,株式会社ヤマト測建,https://www.yamato-sc.com/,"5: 300億円以上~1,000億円未満",,確認不可,△ 法人番号3030001042259。自社HP・Gビズインフォ・官公庁情報を確認したが、株式会社ヤマト測建の直近3期売上高を承認ソースで確認できず。https://www.yamato-sc.com/
001Nn000013Sfur,3060001032414,ＡＴＬＡＮＴＩＳ株式会社,https://www.alt316.com/,"6: 1,000億円以上",,確認不可,△ 法人番号3060001032414。自社HP・Gビズインフォ・官報/公的情報を確認したが、ATLANTIS株式会社の直近3期売上高を承認ソースで確認できず。https://www.alt316.com/
001Nn000013Sfux,3260001021891,備前グリーンエネルギー株式会社,https://www.bizen-greenenergy.co.jp/,"5: 300億円以上~1,000億円未満",,確認不可,△ 法人番号3260001021891。自社HP・Gビズインフォ・官報/公的情報を確認したが、備前グリーンエネルギー株式会社の直近3期売上高を承認ソースで確認できず。https://www.bizen-greenenergy.co.jp/
001Nn000013Sfuy,3430001003641,株式会社環境緑地研究所,https://kankyo-r.co.jp/company.html,"5: 300億円以上~1,000億円未満",,確認不可,△ 法人番号3430001003641。自社会社概要・Gビズインフォ・官公庁情報を確認したが、株式会社環境緑地研究所の直近3期売上高を承認ソースで確認できず。https://kankyo-r.co.jp/company.html
001Nn000013Sfv0,4130001041919,エコノスジャパン株式会社,http://www.econos-japan.com/index.html,"5: 300億円以上~1,000億円未満",,確認不可,△ 法人番号4130001041919。自社HP・Gビズインフォ・官報/公的情報を確認したが、エコノスジャパン株式会社の直近3期売上高を承認ソースで確認できず。http://www.econos-japan.com/
001Nn000013Sfv2,5010001070796,株式会社ピーエーシー環境モード,http://www.ka-mode.co.jp/,"5: 300億円以上~1,000億円未満",,確認不可,△ 法人番号5010001070796。自社HP・Gビズインフォ・官報/公的情報を確認したが、株式会社ピーエーシー環境モードの直近3期売上高を承認ソースで確認できず。http://www.ka-mode.co.jp/
001Nn000013Sfv3,5010001116847,株式会社フェローズ,https://flws.co.jp/company/,"5: 300億円以上~1,000億円未満",,確認不可,△ 法人番号5010001116847。自社会社概要・Gビズインフォ・官報/公的情報を確認したが、株式会社フェローズの直近3期売上高を承認ソースで確認できず。https://flws.co.jp/company/
001Nn000013SfvQ,6230001014870,株式会社アビリティー,https://abhd.jp/,"5: 300億円以上~1,000億円未満",,確認不可,△ 法人番号6230001014870をGビズインフォで照合。自社/公的情報を確認したが、株式会社アビリティーの直近3期売上高を承認ソースで確認できず。https://info.gbiz.go.jp/hojin/ichiran?hojinBango=6230001014870
001Nn000013SfvU,7090001005207,株式会社ＳＣＣ,http://survey.co.jp/scc/,"5: 300億円以上~1,000億円未満",,確認不可,△ 法人番号7090001005207。自社HP・Gビズインフォ・官公庁情報を確認したが、株式会社SCCの直近3期売上高を承認ソースで確認できず。http://survey.co.jp/scc/
001Nn000013SfvW,7160001007716,橋本技術株式会社,http://hashimoto-gijyutu.com/profile.html,"5: 300億円以上~1,000億円未満",,確認不可,△ 法人番号7160001007716。自社HP・Gビズインフォ・官公庁情報を確認したが、橋本技術株式会社の直近3期売上高を承認ソースで確認できず。http://hashimoto-gijyutu.com/profile.html
001Nn000013SfvY,7240001011924,株式会社山口衛調,https://eicho.com/,"5: 300億円以上~1,000億円未満",,確認不可,△ 法人番号7240001011924。自社HP・Gビズインフォ・官報/公的情報を確認したが、株式会社山口衛調の直近3期売上高を承認ソースで確認できず。https://eicho.com/
001Nn000013Sfvc,7290801005385,昭和マリン株式会社,https://mojikoun.co.jp/,"5: 300億円以上~1,000億円未満",,確認不可,△ 法人番号7290801005385。自社HP・Gビズインフォ・官報/公的情報を確認したが、昭和マリン株式会社の直近3期売上高を承認ソースで確認できず。https://mojikoun.co.jp/
001Nn000013Sfvd,7300001001357,株式会社サンワ環境,http://www12.plala.or.jp/sanwa-k/index.html,"5: 300億円以上~1,000億円未満",,確認不可,△ 法人番号7300001001357。自社HP・Gビズインフォ・官公庁情報を確認したが、株式会社サンワ環境の直近3期売上高を承認ソースで確認できず。http://www12.plala.or.jp/sanwa-k/
001Nn000013Sfve,7330001006592,株式会社鉄人,https://kumamoto-tetsujin.com/,"5: 300億円以上~1,000億円未満",,確認不可,△ 法人番号7330001006592。自社会社概要・Gビズインフォ・官報/公的情報を確認したが、株式会社鉄人の直近3期売上高を承認ソースで確認できず。https://kumamoto-tetsujin.com/
001Nn000013Sfvf,7430001055035,恒樹繁株式会社,https://www.koujyuhan.co.jp/company,"5: 300億円以上~1,000億円未満",,確認不可,△ 法人番号7430001055035。自社会社概要・Gビズインフォ・官報/公的情報を確認したが、恒樹繁株式会社の直近3期売上高を承認ソースで確認できず。https://www.koujyuhan.co.jp/company
001Nn000013Sfvh,8010001128815,株式会社テクノプランニング,http://techno-pl.co.jp/,"5: 300億円以上~1,000億円未満",,確認不可,△ 法人番号8010001128815。自社HP・Gビズインフォ・官報/公的情報を確認したが、株式会社テクノプランニングの直近3期売上高を承認ソースで確認できず。http://techno-pl.co.jp/
001Nn000013SfxO,9010101000229,株式会社健康長寿医療維新,https://ishin.org,"5: 300億円以上~1,000億円未満",✖TOKIUM✖,確認不可,△ 法人番号9010101000229。自社HP・Gビズインフォ・官報/公的情報を確認したが、株式会社健康長寿医療維新の直近3期売上高を承認ソースで確認できず。https://ishin.org
001Nn000013SfxU,9060001005892,株式会社デルテックシステムズ,https://www.deltec.ne.jp/,"5: 300億円以上~1,000億円未満",,確認不可,△ 法人番号9060001005892。自社HP・Gビズインフォ・官報/公的情報を確認したが、株式会社デルテックシステムズの直近3期売上高を承認ソースで確認できず。https://www.deltec.ne.jp/
001Nn000013SfxZ,9130001035635,株式会社渋谷測量設計,https://www.ssd-kyoto.com/,"5: 300億円以上~1,000億円未満",,確認不可,△ 法人番号9130001035635。自社HP・Gビズインフォ・官公庁情報を確認したが、株式会社渋谷測量設計の直近3期売上高を承認ソースで確認できず。https://www.ssd-kyoto.com/
001Nn000013Sfxb,9180301013006,スギホールディングス株式会社,https://www.sugi-hd.co.jp/company/overview/,"6: 1,000億円以上",オガタユウ_2026/07/30,"10,103.36億円（2026年2月期・連結）","○ 自社会社概要。2026年2月期連結売上高1,010,336百万円。持株会社のため連結値を採用。https://www.sugi-hd.co.jp/company/overview/"
001Nn000013Sfxf,9340001016119,株式会社はなぶさ,https://www.kagoshimahanabusa.com/,"5: 300億円以上~1,000億円未満",,確認不可,△ 法人番号9340001016119。自社HP・Gビズインフォ・官報/公的情報を確認したが、株式会社はなぶさの直近3期売上高を承認ソースで確認できず。https://www.kagoshimahanabusa.com/
001Nn000013Sfxx,1120001036328,株式会社ブルー・ブライト・コピー,https://www.bb-copy.co.jp/,"5: 300億円以上~1,000億円未満",✖TOKIUM✖,確認不可,△ 法人番号1120001036328。自社HP・Gビズインフォ・官報/公的情報を確認したが、株式会社ブルー・ブライト・コピーの直近3期売上高を承認ソースで確認できず。https://www.bb-copy.co.jp/
001Nn000013Sfy7,1430001030745,北勝財務コンサルタント株式会社,http://hokusho-zaimu.com/company-profile/,"5: 300億円以上~1,000億円未満",,確認不可,△ 法人番号1430001030745。自社会社概要・Gビズインフォ・官報/公的情報を確認したが、北勝財務コンサルタント株式会社の直近3期売上高を承認ソースで確認できず。http://hokusho-zaimu.com/company-profile/
001Nn000013SfyA,2010001081053,株式会社三井住友フィナンシャルグループ,https://www.smfg.co.jp/company/info/overview.html,"6: 1,000億円以上",,"107,908.53億円（2026年3月期・連結・経常収益）","○ 自社IR。金融持株会社の売上高相当指標として2026年3月期連結経常収益10,790,853百万円を採用。https://www.smfg.co.jp/news/pdf/j20260513_01.pdf"
001Nn000013SfyB,2010001119737,株式会社エル・ジェイ商事,null,"6: 1,000億円以上",,確認不可,△ 法人番号2010001119737。Gビズインフォ・官報/公的法人情報を確認したが、株式会社エル・ジェイ商事の直近3期売上高を承認ソースで確認できず。
001Nn000013SfyD,2012302001516,有限会社北村建築設計事務所,https://kitamura-sekkei.secure.idchosting.jp/,"5: 300億円以上~1,000億円未満",,対象外（有限会社）,× 法人格。直アポ大は株式会社のみ。有限会社のため対象外
001Nn000013SfyF,2020001019787,株式会社海洋リサーチ,http://www.k-research.co.jp/about/index.html,"5: 300億円以上~1,000億円未満",,確認不可,△ 法人番号2020001019787。自社会社概要・Gビズインフォ・官公庁情報を確認したが、株式会社海洋リサーチの直近3期売上高を承認ソースで確認できず。http://www.k-research.co.jp/about/
001Nn000013SfyJ,2050001007509,株式会社ティ・アイ・エム,https://tim-web.co.jp/kaishaannai.html,"5: 300億円以上~1,000億円未満",,確認不可,△ 法人番号2050001007509。自社会社概要・Gビズインフォ・官報/公的情報を確認したが、株式会社ティ・アイ・エムの直近3期売上高を承認ソースで確認できず。https://tim-web.co.jp/kaishaannai.html
001Nn000013SfyL,2090001011259,株式会社雲松園,https://unshouen.co.jp/,"5: 300億円以上~1,000億円未満",,確認不可,△ 法人番号2090001011259。自社HP・Gビズインフォ・官公庁情報を確認したが、株式会社雲松園の直近3期売上高を承認ソースで確認できず。https://unshouen.co.jp/
001Nn000013SfyN,2120101000050,アーステクノ株式会社,https://earth-t.com/,"5: 300億円以上~1,000億円未満",✖TOKIUM✖,確認不可,△ 法人番号2120101000050。自社HP・Gビズインフォ・官報/公的情報を確認したが、アーステクノ株式会社の直近3期売上高を承認ソースで確認できず。https://earth-t.com/
001Nn000013SfyO,2122001008553,株式会社大東鋼業所,https://www.daito-metal.co.jp/,"5: 300億円以上~1,000億円未満",,確認不可,△ 法人番号2122001008553。自社HP・Gビズインフォ・官報/公的情報を確認したが、株式会社大東鋼業所の直近3期売上高を承認ソースで確認できず。https://www.daito-metal.co.jp/
001Nn000013SfyT,3010401185502,飛島ホールディングス株式会社,https://www.tobishimahd.co.jp/corporate/profile/,"6: 1,000億円以上",,"1,392.55億円（2026年3月期・連結）","○ 自社決算短信。2026年3月期連結売上高139,255百万円。持株会社のため連結値を採用。https://www.tobishimahd.co.jp/"
001Nn000013Sfyc,3260001006364,株式会社マルミヤグループ,http://www.marumiyagroup.com/,"5: 300億円以上~1,000億円未満",,確認不可,△ 法人番号3260001006364。自社/グループ公式・Gビズインフォ・官報系を確認したが、株式会社マルミヤグループの直近3期売上高を承認ソースで確認できず。http://www.marumiyagroup.com/
001Nn000013Sfyg,3470001007507,四国化成ホールディングス株式会社,https://www.shikoku.co.jp/company/profile/,"5: 300億円以上~1,000億円未満",,707億円（2025年12月期・連結）,○ 自社決算説明資料。2025年12月期連結売上高707億円。持株会社のため連結値を採用。https://www.shikoku.co.jp/
001Nn000013Sfyh,4010001157909,Ｋ＆Ｏエナジーグループ株式会社,https://www.k-and-o-energy.co.jp/corporate/outline/,"5: 300億円以上~1,000億円未満",,913.54億円（2025年12月期・連結）,"○ Gビズインフォ（EDINET有報）。2025年12月期連結売上高91,354百万円。持株会社のため連結値を採用。https://info.gbiz.go.jp/hojin/edinetDownload?docId=S100XUMN"
001Nn000013Sfyi,4010401082590,ＡＩＧＬＥ株式会社,http://www.medicworks.co.jp,"5: 300億円以上~1,000億円未満",,確認不可,△ 法人番号4010401082590。Gビズインフォ・自社関連情報・官報/公的情報を確認したが、AIGLE株式会社の直近3期売上高を承認ソースで確認できず。SF記載URLとの事業一致も取れず慎重判定。
001Nn000013Sfyk,4011401015664,株式会社マネジメントエージェント,https://m-agent.jp/,"5: 300億円以上~1,000億円未満",,確認不可,△ 法人番号4011401015664。自社HP・Gビズインフォ・官報/公的情報を確認したが、株式会社マネジメントエージェントの直近3期売上高を承認ソースで確認できず。https://m-agent.jp/
001Nn000013Sfyq,4060002009369,ゆざわアーキデザイン株式会社,https://yuzawa-arch.com/company,"5: 300億円以上~1,000億円未満",,確認不可,△ 法人番号4060002009369。自社会社概要・Gビズインフォ・官公庁情報を確認したが、ゆざわアーキデザイン株式会社の直近3期売上高を承認ソースで確認できず。https://yuzawa-arch.com/company
001Nn000013Sfz1,5080001008864,日本海洋調査株式会社,http://www.kaiyo-cho-sa.co.jp/a0002.html,"5: 300億円以上~1,000億円未満",,確認不可,△ 法人番号5080001008864。自社会社概要・Gビズインフォ・官公庁情報を確認したが、日本海洋調査株式会社の直近3期売上高を承認ソースで確認できず。http://www.kaiyo-cho-sa.co.jp/a0002.html
001Nn000013Sg0U,5050001009865,株式会社ヨシダ・アート,https://www.yoshida-art.net/,"5: 300億円以上~1,000億円未満",,確認不可,△ 法人番号5050001009865。自社HP・Gビズインフォ・官報/公的情報を確認したが、株式会社ヨシダ・アートの直近3期売上高を承認ソースで確認できず。https://www.yoshida-art.net/
001Nn000013Sg0Y,5140001022743,株式会社エアモーダルサービス,https://airmodal-service.co.jp/about_us/,"5: 300億円以上~1,000億円未満",,確認不可,△ 法人番号5140001022743。自社会社概要・Gビズインフォ・官報/公的情報を確認したが、株式会社エアモーダルサービスの直近3期売上高を承認ソースで確認できず。https://airmodal-service.co.jp/about_us/
001Nn000013Sg0c,5330001009093,株式会社九州みらい研究所,https://www.miraiken.org/会社概要/,"5: 300億円以上~1,000億円未満",,確認不可,△ 法人番号5330001009093。自社HP・Gビズインフォ・官公庁情報を確認したが、株式会社九州みらい研究所の直近3期売上高を承認ソースで確認できず。https://www.miraiken.org/
001Nn000013Sg0e,5430001007987,株式会社昭和総業,https://www.showa-sogyo.jp/,"5: 300億円以上~1,000億円未満",,確認不可,△ 法人番号5430001007987。自社HP・Gビズインフォ・官報/公的情報を確認したが、株式会社昭和総業の直近3期売上高を承認ソースで確認できず。https://www.showa-sogyo.jp/
001Nn000013Sg0j,6013301024537,株式会社三栄収納サービス,https://sanei-cs.jp/company/,"6: 1,000億円以上",,確認不可,"△ 自社会社情報で2025年度取扱金額2,079億円は確認できるが、売上高ではないため不採用。直近3期売上高を確認できず。https://sanei-cs.jp/company/"
001Nn000013Sg0n,6080101012427,スルガフォレスト株式会社,http://surugaforest.jp/,"5: 300億円以上~1,000億円未満",,確認不可,△ 法人番号6080101012427。自社HP・Gビズインフォ・官公庁情報を確認したが、スルガフォレスト株式会社の直近3期売上高を承認ソースで確認できず。http://surugaforest.jp/
001Nn000013Sg0o,6120101004262,株式会社千種エンジニアリング,http://chigusa.com/company.htm,"6: 1,000億円以上",,確認不可,△ 法人番号6120101004262。自社会社概要・Gビズインフォ・官報/公的情報を確認したが、株式会社千種エンジニアリングの直近3期売上高を承認ソースで確認できず。http://chigusa.com/company.htm
001Nn000013Sg0p,6140001035174,天啓運送株式会社,http://tenkei-unso.co.jp/,"6: 1,000億円以上",,確認不可,△ 法人番号6140001035174。自社HP・Gビズインフォ・官報/公的情報を確認したが、天啓運送株式会社の直近3期売上高を承認ソースで確認できず。http://tenkei-unso.co.jp/
001Nn000013Sg0r,6210001003751,株式会社ミカド開発,http://mikadokaihatsu.com/,"5: 300億円以上~1,000億円未満",,確認不可,△ 法人番号6210001003751。自社HP・Gビズインフォ・官報/公的情報を確認したが、株式会社ミカド開発の直近3期売上高を承認ソースで確認できず。http://mikadokaihatsu.com/
001Nn000013Sg0s,6210001008404,株式会社土蔵労働コンサルタント事務所,http://www.tokura.info/,"5: 300億円以上~1,000億円未満",,確認不可,△ 法人番号6210001008404。自社HP・Gビズインフォ・官報/公的情報を確認したが、株式会社土蔵労働コンサルタント事務所の直近3期売上高を承認ソースで確認できず。http://www.tokura.info/
001Nn000013Sg0w,6450002010129,遠藤工業有限会社,https://endoukougyou.jimdosite.com/,"5: 300億円以上~1,000億円未満",,対象外（有限会社）,× 法人格。直アポ大は株式会社のみ。有限会社のため対象外
001Nn000013Sg10,7010901012598,株式会社吉村造園,https://www.yoshimura-zouen.co.jp/company/,"5: 300億円以上~1,000億円未満",✖TOKIUM✖,確認不可,△ 法人番号7010901012598。自社HP・Gビズインフォ・官公庁情報を確認したが、株式会社吉村造園の直近3期売上高を承認ソースで確認できず。https://www.yoshimura-zouen.co.jp/company/
001Nn000013Sg11,7011101072499,株式会社くじら,https://kujira-a.co.jp/,"5: 300億円以上~1,000億円未満",,確認不可,△ 法人番号7011101072499。自社HP・Gビズインフォ・官報/公的情報を確認したが、株式会社くじらの直近3期売上高を承認ソースで確認できず。https://kujira-a.co.jp/
001Nn000013Sg13,7013301001923,オーエーリックス株式会社,https://www.oa-rix.co.jp/,"5: 300億円以上~1,000億円未満",✖TOKIUM✖,確認不可,△ 法人番号7013301001923。自社HP・Gビズインフォ・官報/公的情報を確認したが、オーエーリックス株式会社の直近3期売上高を承認ソースで確認できず。https://www.oa-rix.co.jp/
001Nn000013Sg18,7120001040448,株式会社緑化技研,http://www.ryokkagiken.co.jp/index.html,"5: 300億円以上~1,000億円未満",,確認不可,△ 法人番号7120001040448。自社HP・Gビズインフォ・官公庁情報を確認したが、株式会社緑化技研の直近3期売上高を承認ソースで確認できず。http://www.ryokkagiken.co.jp/
001Nn000013Sg19,7120001111620,ワンネットシステム株式会社,https://1ns.co.jp/company,"5: 300億円以上~1,000億円未満",,確認不可,△ 法人番号7120001111620。自社会社概要・Gビズインフォ・官報/公的情報を確認したが、ワンネットシステム株式会社の直近3期売上高を承認ソースで確認できず。https://1ns.co.jp/company
001Nn000013Sg1E,8010401022997,株式会社ＷＤＩ,http://www.wdi.co.jp/company,"5: 300億円以上~1,000億円未満",,345.18億円（2026年3月期・連結）,"○ JPX決算短信。2026年3月期連結売上高34,518百万円。上場親会社のため連結値を採用。https://www2.jpx.co.jp/disc/30680/140120260513531603.pdf"
001Nn000013Sg1F,8010601063544,株式会社エコロク,https://eco-roku.jp/,"6: 1,000億円以上",,確認不可,△ 法人番号8010601063544。自社HP・Gビズインフォ・官報/公的情報を確認したが、株式会社エコロクの直近3期売上高を承認ソースで確認できず。https://eco-roku.jp/
001Nn000013Sg1H,8011001032081,株式会社ベストワーク,https://bestwork-keiri.com/,"5: 300億円以上~1,000億円未満",,確認不可,△ 法人番号8011001032081。自社HP・Gビズインフォ・官報/公的情報を確認したが、株式会社ベストワークの直近3期売上高を承認ソースで確認できず。https://bestwork-keiri.com/
001Nn000013Sg1O,8180001100212,株式会社盛宏実業,http://seikoujitsugyou.co.jp/index.html,"5: 300億円以上~1,000億円未満",,確認不可,△ 法人番号8180001100212。自社HP・Gビズインフォ・官報/公的情報を確認したが、株式会社盛宏実業の直近3期売上高を承認ソースで確認できず。http://seikoujitsugyou.co.jp/
001Nn000013Sg1U,9010401006033,株式会社応用生物,http://www.ooyo-seibutsu.co.jp/corporate.html,"5: 300億円以上~1,000億円未満",,確認不可,△ 法人番号9010401006033。自社会社概要・Gビズインフォ・官公庁情報を確認したが、株式会社応用生物の直近3期売上高を承認ソースで確認できず。http://www.ooyo-seibutsu.co.jp/corporate.html
001Nn000013Sg1e,9490001006518,株式会社土佐テック,http://tosatech.com/,"5: 300億円以上~1,000億円未満",,確認不可,△ 法人番号9490001006518。自社HP・Gビズインフォ・官報/公的情報を確認したが、株式会社土佐テックの直近3期売上高を承認ソースで確認できず。http://tosatech.com/
001Nn000013Sg1i,1021001021057,株式会社県央開発,https://www.iida-g.co.jp/kenou/,"5: 300億円以上~1,000億円未満",,確認不可,△ 飯田グループ系。法人番号1021001021057を照合し、自社/親会社公式・Gビズインフォを確認したが、株式会社県央開発単体の直近3期売上高を承認ソースで確認できず。https://www.iida-g.co.jp/kenou/
001Nn000013Sg1r,1240001031085,株式会社清友会計舎,https://www.seiyu-kaikei.com/,"5: 300億円以上~1,000億円未満",,確認不可,△ 法人番号1240001031085。自社HP・Gビズインフォ・官報/公的情報を確認したが、株式会社清友会計舎の直近3期売上高を承認ソースで確認できず。https://www.seiyu-kaikei.com/
001Nn000013Sg1y,2011301020304,株式会社バイル,http://www.uvile.com/index.html,"5: 300億円以上~1,000億円未満",,確認不可,△ 法人番号2011301020304。自社HP・Gビズインフォ・官報/公的情報を確認したが、株式会社バイルの直近3期売上高を承認ソースで確認できず。http://www.uvile.com/
001Nn000013Sg1z,2021001017459,株式会社バディジャパン,http://www.buddy-japan.co.jp/page/organization,"5: 300億円以上~1,000億円未満",,確認不可,△ 法人番号2021001017459。自社HP・Gビズインフォ・官報/公的情報を確認したが、株式会社バディジャパンの直近3期売上高を承認ソースで確認できず。http://www.buddy-japan.co.jp/
001Nn000013Sg22,2040001040238,株式会社マツキヨココカラ＆カンパニー,https://www.matsukiyococokara.com/company/info/,"6: 1,000億円以上",,"10,616億円（2025年3月期・連結）","○ 自社中期経営計画資料。2025年3月期連結売上高10,616億円。持株会社のため連結値を採用。https://www.matsukiyococokara.com/ir/plan/"
001Nn000013Sg25,2120101037778,株式会社南大阪防災センター,http://nanbou.jp/index.html,"5: 300億円以上~1,000億円未満",,確認不可,△ 法人番号2120101037778。自社HP・Gビズインフォ・官報/公的情報を確認したが、株式会社南大阪防災センターの直近3期売上高を承認ソースで確認できず。http://nanbou.jp/
001Nn000013Sg3m,7011101013008,株式会社中央造園設計事務所,http://www.chuozoen.co.jp/company.html,"5: 300億円以上~1,000億円未満",,確認不可,△ 法人番号7011101013008。自社会社概要・Gビズインフォ・官公庁情報を確認したが、株式会社中央造園設計事務所の直近3期売上高を承認ソースで確認できず。http://www.chuozoen.co.jp/company.html
001Nn000013Sg3p,7030001015954,株式会社アクティヴ・ビジネス・サポート,https://absgp.jp/company/,"5: 300億円以上~1,000億円未満",,確認不可,△ 法人番号7030001015954。自社会社概要・Gビズインフォ・官報/公的情報を確認したが、株式会社アクティヴ・ビジネス・サポートの直近3期売上高を承認ソースで確認できず。https://absgp.jp/company/
001Nn000013Sg3t,7180001049070,ＡＭＧホールディングス株式会社,https://www.amg-hd.co.jp/company/,"5: 300億円以上~1,000億円未満",,304.18億円（2025年3月期・連結）,"○ 自社会社概要。2025年3月期連結売上高304億1,765万円。持株会社のため連結値を採用。https://www.amg-hd.co.jp/company/"
001Nn000013Sg3z,7310001019241,株式会社バックオフィス,https://backoffice.co.jp,"6: 1,000億円以上",,確認不可,△ 法人番号7310001019241。自社HP・Gビズインフォ・官報/公的情報を確認したが、株式会社バックオフィスの直近3期売上高を承認ソースで確認できず。https://backoffice.co.jp
001Nn000013Sg46,8010901000676,株式会社アドレス,http://www.address-kk.co.jp/gaiyou1.htm,"5: 300億円以上~1,000億円未満",,確認不可,△ 法人番号8010901000676。自社HP・Gビズインフォ・官報/公的情報を確認したが、株式会社アドレスの直近3期売上高を承認ソースで確認できず。http://www.address-kk.co.jp/gaiyou1.htm
001Nn000013Sg49,8050001014879,株式会社ユーアイソフトウェア,http://www.uisoft.co.jp/,"5: 300億円以上~1,000億円未満",,確認不可,△ 法人番号8050001014879。自社HP・Gビズインフォ・官報/公的情報を確認したが、株式会社ユーアイソフトウェアの直近3期売上高を承認ソースで確認できず。http://www.uisoft.co.jp/
001Nn000013Sg4D,8240001049105,株式会社ＭＢＳ,https://mbsh.jp/,"5: 300億円以上~1,000億円未満",,確認不可,△ 法人番号8240001049105。自社HP・Gビズインフォ・官報/公的情報を確認したが、株式会社MBSの直近3期売上高を承認ソースで確認できず。https://mbsh.jp/
001Nn000013Sg4L,9110001023311,アクシアルリテイリング株式会社,https://www.axial-r.com/company/outline/,"6: 1,000億円以上",経営企画部,"2,955.36億円（2026年3月期・連結）","○ 自社財務情報/決算短信。2026年3月期連結売上高295,536百万円。持株会社のため連結値を採用。https://www.axial-r.com/ir/financial/"
001Nn000013Sg4R,9240002037009,有限会社安田林業,http://yasuda-forest.jp/company.html,"5: 300億円以上~1,000億円未満",,対象外（有限会社）,× 法人格。直アポ大は株式会社のみ。有限会社のため対象外
001Nn000013Sg4S,9290001000185,株式会社クマガイ設計測量事務所,https://ksso.co.jp/,"5: 300億円以上~1,000億円未満",,確認不可,△ 法人番号9290001000185。自社会社概要・Gビズインフォ・官公庁情報を確認したが、株式会社クマガイ設計測量事務所の直近3期売上高を承認ソースで確認できず。https://ksso.co.jp/
001Nn000013Sg4U,9380001028333,株式会社ＴＭＣ給与計算センター,https://www.tmc-jinji.com/about/,"5: 300億円以上~1,000億円未満",,確認不可,△ 法人番号9380001028333。自社会社概要・Gビズインフォ・官報/公的情報を確認したが、株式会社TMC給与計算センターの直近3期売上高を承認ソースで確認できず。https://www.tmc-jinji.com/about/
001Nn000013Sg4V,9490002008430,株式会社ソイルファーム,http://www.soil-farm.com/,"5: 300億円以上~1,000億円未満",,確認不可,△ 法人番号9490002008430。自社HP・Gビズインフォ・官公庁情報を確認したが、株式会社ソイルファームの直近3期売上高を承認ソースで確認できず。http://www.soil-farm.com/
001Nn000013Sg4b,1013301006713,第一発送株式会社,https://www.daiichi-hassou.com/,"5: 300億円以上~1,000億円未満",,確認不可,△ 法人番号1013301006713。自社HP・Gビズインフォ・官報/公的情報を確認したが、第一発送株式会社の直近3期売上高を承認ソースで確認できず。https://www.daiichi-hassou.com/
001Nn000013Sg4c,1030001057787,株式会社エースタッフ,http://www.staff-a.co.jp/,"5: 300億円以上~1,000億円未満",,確認不可,△ 法人番号1030001057787。Gビズインフォ・自社関連情報・官報/公的情報を確認したが、株式会社エースタッフの直近3期売上高を承認ソースで確認できず。https://info.gbiz.go.jp/hojin/ichiran?hojinBango=1030001057787
001Nn000013Sg4l,2010601040805,株式会社キャリアネクスト,http://www.c-next.co.jp/index.html,"5: 300億円以上~1,000億円未満",,確認不可,△ 法人番号2010601040805。自社HP・Gビズインフォ・官報/公的情報を確認したが、株式会社キャリアネクストの直近3期売上高を承認ソースで確認できず。http://www.c-next.co.jp/
001Nn000013Sg4s,2140001010008,日泰通商株式会社,http://www.nittai.jp/company.html,"5: 300億円以上~1,000億円未満",,確認不可,△ 法人番号2140001010008。自社会社概要・Gビズインフォ・官報/公的情報を確認したが、日泰通商株式会社の直近3期売上高を承認ソースで確認できず。http://www.nittai.jp/company.html
001Nn000013Sg4v,2180301020330,株式会社河本材木店,https://www.komoto-zaimoku.com/,"5: 300億円以上~1,000億円未満",,確認不可,△ 法人番号2180301020330。自社HP・Gビズインフォ・官報/公的情報を確認したが、株式会社河本材木店の直近3期売上高を承認ソースで確認できず。https://www.komoto-zaimoku.com/
001Nn000013Sg53,2430001067464,株式会社ライフスマイル,http://lifesmile39.com/,"5: 300億円以上~1,000億円未満",✖TOKIUM✖,確認不可,△ 法人番号2430001067464。自社会社概要・Gビズインフォ・官報/公的情報を確認したが、株式会社ライフスマイルの直近3期売上高を承認ソースで確認できず。https://www.lifesmile39.com/company.html
001Nn000013Sg58,3021001004951,株式会社グローバルエナジーハーベスト,https://globalenergyharvest.co.jp/outline/,"5: 300億円以上~1,000億円未満",,確認不可,△ 法人番号3021001004951。自社会社概要・Gビズインフォ・官報/公的情報を確認したが、株式会社グローバルエナジーハーベストの直近3期売上高を承認ソースで確認できず。https://globalenergyharvest.co.jp/outline/
001Nn000013Sg5L,4010001195330,株式会社ベルテクスコーポレーション,https://www.vertex-grp.co.jp/ja/company/outline.html,"5: 300億円以上~1,000億円未満",,465.19億円（2026年3月期・連結）,"○ 自社IR財務ハイライト。2026年3月期連結売上高46,519百万円。上場親会社のため連結値を採用。https://www.vertex-grp.co.jp/ja/ir/finance/highlight1.html"
001Nn000013Sg5M,4010401062535,株式会社フジサービスセンター,http://www.fuji-sc.co.jp/page/organization,"5: 300億円以上~1,000億円未満",,確認不可,△ 法人番号4010401062535。自社HP・Gビズインフォ・官報/公的情報を確認したが、株式会社フジサービスセンターの直近3期売上高を承認ソースで確認できず。
001Nn000013Sg5N,4010801020002,株式会社アームズ,http://www.arms4.com/,"5: 300億円以上~1,000億円未満",,確認不可,△ 法人番号4010801020002。自社HP・Gビズインフォ・官報/公的情報を確認したが、株式会社アームズの直近3期売上高を承認ソースで確認できず。http://www.arms4.com/
001Nn000013Sg5S,4040002058129,有限会社マースエクスプレス,http://mass-exp.com/,"5: 300億円以上~1,000億円未満",,対象外（有限会社）,× 法人格。直アポ大は株式会社のみ。有限会社のため対象外
001Nn000013Sg5U,4100002011849,有限会社中島林業,https://www.nakajimaringyo.com/,"5: 300億円以上~1,000億円未満",,対象外（有限会社）,× 法人格。直アポ大は株式会社のみ。有限会社のため対象外
001Nn000013Sg5W,4140001023214,日本潤東株式会社,https://rundo.co.jp/,"5: 300億円以上~1,000億円未満",,確認不可,△ 法人番号4140001023214。自社HP・Gビズインフォ・官報/公的情報を確認したが、日本潤東株式会社の直近3期売上高を承認ソースで確認できず。https://rundo.co.jp/
001Nn000013Sg5c,4350001006461,株式会社木望,http://www.kibou-forest.com/,"5: 300億円以上~1,000億円未満",,確認不可,△ 法人番号4350001006461。Gビズインフォ・自社HP・林野庁等の公的情報を確認したが、株式会社木望の直近3期売上高を承認ソースで確認できず。https://info.gbiz.go.jp/hojin/ichiran?hojinBango=4350001006461
001Nn000013Sg5d,4410001011281,株式会社グリーンフォレスト仁賀保,https://greenforest-nikaho.com/,"5: 300億円以上~1,000億円未満",,確認不可,△ 法人番号4410001011281。自社HP・Gビズインフォ・官公庁情報を確認したが、株式会社グリーンフォレスト仁賀保の直近3期売上高を承認ソースで確認できず。https://greenforest-nikaho.com/
001Nn000013Sg65,5430002053964,株式会社小樽トレース,http://www.otaru-trace.co.jp/,"5: 300億円以上~1,000億円未満",,確認不可,△ 法人番号5430002053964。自社HP・Gビズインフォ・官報/公的情報を確認したが、株式会社小樽トレースの直近3期売上高を承認ソースで確認できず。http://www.otaru-trace.co.jp/
001Nn000013Sg67,6010402010846,有限会社ビジネスガーデン,https://business-garden.co.jp/,"5: 300億円以上~1,000億円未満",,対象外（有限会社）,× 法人格。直アポ大は株式会社のみ。有限会社のため対象外
001Nn000013Sg6A,6013301043545,株式会社ヒト・コミュニケーションズ・ホールディングス,https://hitocom.co.jp/company/outline.html,"5: 300億円以上~1,000億円未満",,635.96億円（2025年8月期・連結）,"○ 自社決算短信。2025年8月期連結売上高63,596百万円。持株会社のため連結値を採用。https://www.hitocom-hd.com/ja/ir/bc/tekiji/auto_20251013572294/pdfFile.pdf"
001Nn000013Sg6B,6080001002684,静岡県協同振興株式会社,https://sankei-kaikan.jp/,"6: 1,000億円以上",,確認不可,△ 法人番号6080001002684。自社関連情報・Gビズインフォ・官報/公的情報を確認したが、静岡県協同振興株式会社の直近3期売上高を承認ソースで確認できず。https://sankei-kaikan.jp/
001Nn000013Sg6D,6120101028831,Ｊトップ株式会社,http://www.jtops.com/about/company.html,"5: 300億円以上~1,000億円未満",,確認不可,△ 法人番号6120101028831。自社HP・Gビズインフォ・官報/公的情報を確認したが、Jトップ株式会社の直近3期売上高を承認ソースで確認できず。http://www.jtops.com/about/company.html
001Nn000013Sg6F,6130001025374,株式会社ジーエス・ユアサコーポレーション,https://www.gs-yuasa.com/jp/company/profile.php,"6: 1,000億円以上",,"6,089.95億円（2026年3月期・連結）","○ 自社IR連結損益計算書。2026年3月期連結売上高608,995百万円。持株会社のため連結値を採用。https://ir.gs-yuasa.com/jp/ir/finance/statements/statements2.html"
001Nn000013Sg6M,7010401029242,メイソンコンサルタントグループ株式会社,https://www.mason.co.jp/,"5: 300億円以上~1,000億円未満",,確認不可,△ 自社HP・Gビズインフォ・官報/公的情報を確認したが、メイソンコンサルタントグループ株式会社の直近3期売上高を承認ソースで確認できず。https://www.mason.co.jp/
001Nn000013Sg6O,7011501002196,株式会社ショウビ,https://www.shobi.co.jp/about-us/overview/,"5: 300億円以上~1,000億円未満",,確認不可,△ 法人番号7011501002196。自社HP・Gビズインフォ・官報/公的情報を確認したが、株式会社ショウビの直近3期売上高を承認ソースで確認できず。
001Nn000013Sg8X,8040002006232,有限会社生物科学研究所,https://bslabo.sakura.ne.jp/,"5: 300億円以上~1,000億円未満",,対象外（有限会社）,× 法人格。直アポ大は株式会社のみ。有限会社のため対象外
001Nn000013Sg8j,9010001139555,三井住友トラストグループ株式会社,https://www.smtg.jp/about_us/profile,"6: 1,000億円以上",★08/17(月)、定時00:00、⭐🌟🚨🔵🌑✳✡👤情シス/DX👤経理👤人事,"29,835.44億円（2026年3月期・連結・経常収益）","○ 自社決算短信。金融持株会社の売上高相当指標として2026年3月期連結経常収益2,983,544百万円を採用。https://www.smtg.jp/-/media/tg/investors/fs/2603/2603_01.pdf"
001Nn000013Sg97,1060001018200,アプリデータシステム株式会社,http://www.applidata.co.jp/,"5: 300億円以上~1,000億円未満",,確認不可,△ 法人番号1060001018200。自社HP・Gビズインフォ・官報/公的情報を確認したが、アプリデータシステム株式会社の直近3期売上高を承認ソースで確認できず。http://www.applidata.co.jp/
001Nn000013Sg9H,2010001170789,大木ヘルスケアホールディングス株式会社,http://www.ohki-net.co.jp/corporate/profile.html,"6: 1,000億円以上",,"3,603.58億円（2026年3月期・連結）","○ 自社IR財務ハイライト。2026年3月期連結売上高360,358百万円。持株会社のため連結値を採用。https://www.ohki-net.co.jp/ir/highlight.html"
001Nn000013Sg9L,2011001004986,株式会社オクテムデザイン,https://oktmdsn.com/,"5: 300億円以上~1,000億円未満",✖TOKIUM✖,確認不可,△ 法人番号2011001004986。自社HP・Gビズインフォ・官報/公的情報を確認したが、株式会社オクテムデザインの直近3期売上高を承認ソースで確認できず。https://oktmdsn.com/
001Nn000013Sg9O,2060001026350,日本防災株式会社,http://www.nihonbousai.co.jp/,"5: 300億円以上~1,000億円未満",,確認不可,△ 法人番号2060001026350。Gビズインフォ・自社HP・官報/公的情報を確認したが、日本防災株式会社の直近3期売上高を承認ソースで確認できず。https://info.gbiz.go.jp/hojin/ichiran?hojinBango=2060001026350
001Nn000013Sg9S,2180001030134,株式会社玄同鑑定事務所,https://www.guendo.co.jp/,"5: 300億円以上~1,000億円未満",,確認不可,△ 法人番号2180001030134。自社HP・Gビズインフォ・官報/公的情報を確認したが、株式会社玄同鑑定事務所の直近3期売上高を承認ソースで確認できず。https://www.guendo.co.jp/
001Nn000013Sg9T,2180001108814,ドリフ株式会社,http://www.drif.co.jp/index.html,"5: 300億円以上~1,000億円未満",,確認不可,△ 法人番号2180001108814。自社HP・Gビズインフォ・官報/公的情報を確認したが、ドリフ株式会社の直近3期売上高を承認ソースで確認できず。http://www.drif.co.jp/
001Nn000013Sg9V,2270002004821,大下林業有限会社,https://oshitaringyo.co.jp/,"5: 300億円以上~1,000億円未満",,対象外（有限会社）,× 法人格。直アポ大は株式会社のみ。有限会社のため対象外
001Nn000013Sg9Z,3011002036458,ラスジャパン有限会社,https://www.rasj.com/,"5: 300億円以上~1,000億円未満",,対象外（有限会社）,× 法人格。直アポ大は株式会社のみ。有限会社のため対象外
001Nn000013Sg9d,3040001084390,株式会社グランクール,https://grandcoeur.co.jp/contact.html,"5: 300億円以上~1,000億円未満",,確認不可,△ 法人番号3040001084390。公的法人情報・自社関連情報・官報を確認したが、株式会社グランクールの直近3期売上高を承認ソースで確認できず。
001Nn000013Sg9i,3200001013795,セイノーホールディングス株式会社,http://www.seino.co.jp/seino/shd/overall-condition/,"6: 1,000億円以上",7/27シモムラソウノスケ　☆V 07/09〈木〉、定時00:00、🌟🚨✳✡DX有/・情報システム部/担当取締役/髙橋　智,"8,129億円（2026年3月期・連結）","○ 自社決算説明会資料。2026年3月期連結売上高8,129億円。持株会社のため連結値を採用。https://www.seino.co.jp/seino/media/pdf-lib/20260514-01.pdf"
001Nn000013Sg9j,3200001031368,株式会社たずさえ社,https://www.tazusaesya.com/,"5: 300億円以上~1,000億円未満",,確認不可,△ 法人番号3200001031368。自社HP・Gビズインフォ・官報/公的情報を確認したが、株式会社たずさえ社の直近3期売上高を承認ソースで確認できず。https://www.tazusaesya.com/
001Nn000013Sg9n,4010001054858,東濱植林株式会社,https://www.tohin-shokurin.com/company/,"5: 300億円以上~1,000億円未満",,確認不可,△ 法人番号4010001054858。自社会社概要・Gビズインフォ・官報/公的情報を確認したが、東濱植林株式会社の直近3期売上高を承認ソースで確認できず。https://www.tohin-shokurin.com/company/
001Nn000013Sg9t,4010701019160,ＤＣＭホールディングス株式会社,https://www.dcm-hc.co.jp/company/profile.html,"6: 1,000億円以上",,"5,331.07億円（2026年2月期・連結）","○ 自社中期経営計画。2026年2月期実績売上高533,107百万円。持株会社のため連結値を採用。https://www.dcm-hldgs.co.jp/grp/ir/management/plan.html"
001Nn000013SgA2,4180001063933,豊島紡績株式会社,http://toyoshimabo.co.jp/,"6: 1,000億円以上",,確認不可,△ 法人番号4180001063933。自社HP・Gビズインフォ・官報/公的情報を確認したが、豊島紡績株式会社の直近3期売上高を承認ソースで確認できず。http://toyoshimabo.co.jp/
001Nn000013SgA8,5010001014423,共立リース株式会社,http://www.kyouritsu-lease.co.jp/company.html,"5: 300億円以上~1,000億円未満",／,確認不可,△ 確認不可。法人番号5010001014423。自社HP・公的法人情報・決算情報を確認したが、直近3期の承認ソースで売上高を確認できず。http://www.kyouritsu-lease.co.jp/company.html
001Nn000013SgA9,5010001075985,北日本エネルギーホールディングス株式会社,https://www.kitanihon-oil.co.jp/company/about/,"5: 300億円以上~1,000億円未満",,972億円（2025年6月期相当・グループ連結）,○ 自社公式。持株会社体制の北日本エネルギーグループ連結売上高972億円（令和6年7月～令和7年6月）。持株会社のため連結値を採用。https://www.kitanihon-oil.co.jp/company/about/
001Nn000013SgAD,5080001001407,株式会社工業複写センター,https://www.ircmf.co.jp/,"5: 300億円以上~1,000億円未満",,確認不可,△ 確認不可。法人番号5080001001407。自社HP・Gビズインフォ・公的情報を確認したが、直近3期の承認ソース売上高を確認できず。https://info.gbiz.go.jp/hojin/ichiran?hojinBango=5080001001407
001Nn000013SgAE,5120002016705,株式会社田浦総合経営事務所,https://taura-tax.zei-mu.com/taura.html,"6: 1,000億円以上",,確認不可,△ 確認不可。法人番号5120002016705。Gビズインフォ・自社関連情報・公的情報を確認したが、直近3期の承認ソース売上高を確認できず。https://info.gbiz.go.jp/hojin/ichiran?hojinBango=5120002016705
001Nn000013SgAZ,6430001072213,サツドラホールディングス株式会社,https://satudora-hd.co.jp/company/overview/,"6: 1,000億円以上",,"1,005.71億円（2026年5月期・連結）","○ 自社会社概要。2026年5月期連結売上高100,571百万円。持株会社のため連結値を採用。https://satudora-hd.co.jp/company/overview/"
001Nn000013SgAu,8010001086071,株式会社ＺＥＮホールディングス,https://www.zen-hd.co.jp/outline/,"5: 300億円以上~1,000億円未満",,936億円（2025年度・連結）,○ 自社会社概要。2025年度実績の連結売上936億円。純粋持株会社のため連結値を採用。https://www.zen-hd.co.jp/outline/
001Nn000013SgAx,8011101072993,昴テクノロジー株式会社,https://pleiades-techno.com/company/,"5: 300億円以上~1,000億円未満",,確認不可,△ 確認不可。法人番号8011101072993。Gビズインフォ・自社HP・公的情報を確認したが、直近3期の承認ソース売上高を確認できず。https://info.gbiz.go.jp/hojin/ichiran?hojinBango=8011101072993
001Nn000013SgB1,8040001065452,株式会社キーストンインターナショナル,http://www.keystone-intl.co.jp/index.php?company,"5: 300億円以上~1,000億円未満",,確認不可,△ 確認不可。法人番号8040001065452。自社HP・Gビズインフォ・公的情報を確認したが、直近3期の承認ソース売上高を確認できず。https://www.keystone-intl.co.jp/
001Nn000013SgB6,8120001086432,ニシオホールディングス株式会社,http://www.nishio-rent.co.jp,"6: 1,000億円以上",,"2,149.54億円（2025年9月期・連結）","○ JPX決算短信。2025年9月期連結売上高214,954百万円。持株会社のため連結値を採用。https://www2.jpx.co.jp/disc/96990/140120251107591686.pdf"
001Nn000013SgBC,8390002011445,有限会社三英クラフト,http://san-ei-group.com/kraft/,"5: 300億円以上~1,000億円未満",,対象外（有限会社）,× 法人格。直アポ大は株式会社のみ。有限会社のため対象外
001Nn000013SgBF,9012301000108,株式会社アリトンシステム研究所,https://www.arnet.co.jp/,"5: 300億円以上~1,000億円未満",,確認不可,△ 確認不可。法人番号9012301000108。Gビズインフォ・自社関連情報・公的情報を確認したが、直近3期の承認ソース売上高を確認できず。https://info.gbiz.go.jp/hojin/ichiran?hojinBango=9012301000108
001Nn000013SgBR,9270001002290,株式会社サングリーン智頭,https://smapano2.com/chizu/yamagata/sungreen/,"5: 300億円以上~1,000億円未満",,確認不可,△ 確認不可。法人番号9270001002290。Gビズインフォ・自社関連情報・公的情報を確認したが、直近3期の承認ソース売上高を確認できず。https://info.gbiz.go.jp/hojin/ichiran?hojinBango=9270001002290
001Nn000013SgBV,1010001019335,株式会社ＣＡＣ　Ｈｏｌｄｉｎｇｓ,https://www.cac-holdings.com/index.php,"5: 300億円以上~1,000億円未満",,505.88億円（2025年12月期・連結）,"○ 自社IR。2025年12月期連結売上高50,588百万円。持株会社のため連結値を採用。https://www.cac-holdings.com/ir/pdf/2025/q4_2025_12.pdf"
001Nn000013SgDN,7013201015528,株式会社エイシア,http://aysya.jp/,"5: 300億円以上~1,000億円未満",,確認不可,△ 確認不可。法人番号7013201015528。Gビズインフォ・自社関連情報・公的情報を確認したが、直近3期の承認ソース売上高を確認できず。https://info.gbiz.go.jp/hojin/ichiran?hojinBango=7013201015528
001Nn000013SgDY,7230001010051,株式会社ＣＫサンエツ,https://www.cksanetu.co.jp/,"6: 1,000億円以上",,"1,494億円（2026年3月期・連結）","○ 自社グループ採用情報。2026年3月期グループ連結売上高1,494億円。グループ親会社のため連結値を採用。https://www.cksanetu.co.jp/recruit/"
001Nn000013SgDg,8010001219795,ＤＮホールディングス株式会社,https://www.dcne.co.jp/corporate/overview/,"5: 300億円以上~1,000億円未満",,369.7億円（2025年6月期・連結）,○ 自社公式「数字でみるDNホールディングスグループ」。2025年6月期売上高369.7億円。持株会社のため連結値を採用。https://www.dcne.co.jp/corporate/infographics/
001Nn000013SgDn,8010902009155,大能林業有限会社,https://www.tokugawa.gr.jp/oono/company/gaiyo/,"5: 300億円以上~1,000億円未満",,対象外（有限会社）,× 法人格。直アポ大は株式会社のみ。有限会社のため対象外
001Nn000013SgDp,8011001052402,株式会社ロイヤル・ストラテジー,http://www.loyal-pro.com/,"5: 300億円以上~1,000億円未満",,確認不可,△ 確認不可。法人番号8011001052402。自社HP・Gビズインフォ・官報/公的情報を確認したが、株式会社ロイヤル・ストラテジーの直近3期売上高を承認ソースで確認できず。http://www.loyal-pro.com/
001Nn000013SgDw,8170001013200,株式会社笑顔創造,http://egaosouzou.jp/,"5: 300億円以上~1,000億円未満",,確認不可,△ 確認不可。法人番号8170001013200。自社HP・Gビズインフォ・官報/公的情報を確認したが、株式会社笑顔創造の直近3期売上高を承認ソースで確認できず。http://egaosouzou.jp/
001Nn000013SgE0,9010001014238,カンダホールディングス株式会社,https://www.kanda-web.co.jp/company-groupinfo/about/,"5: 300億円以上~1,000億円未満",,523.66億円（2026年3月期・連結・営業収益）,"○ 自社決算短信。2026年3月期連結営業収益52,366百万円。物流会社のトップラインとして確認、持株会社のため連結値を採用。https://www.kanda-web.co.jp/financial/summary/"
001Nn000013SgE7,9013301015277,システム・シャイン・サービス株式会社,http://www.3s-group.co.jp/,"6: 1,000億円以上",,"1,250億円（公式会社概要・売上高）","○ 自社会社概要。システム・シャイン・サービス株式会社の売上高125,000百万円を公式開示。https://www.3s-group.co.jp/newsite/company.html"
001Nn000013SgEA,9120001050544,ガリレイ株式会社,https://www.galilei.co.jp/company/profile/,"6: 1,000億円以上",◆07/13(月)、定時00:00🌟🚨✳✡ ・情報戦略部/部長代行/河田 淳一/※1,"1,386億円（2026年3月期・連結）","○ 法人番号9120001050544。2026年7月にガリレイホールディングスへ商号変更。自社会社概要で2026年3月期連結売上高1,386億円。https://www.galilei-holdings.co.jp/company/overview/"
001Nn000013SgEB,9120901032146,株式会社太成商事,https://taisei-shouji.com/,"5: 300億円以上~1,000億円未満",,確認不可,△ 確認不可。法人番号9120901032146。自社HP・Gビズインフォ・官報/公的情報を確認したが、株式会社太成商事の直近3期売上高を承認ソースで確認できず。https://info.gbiz.go.jp/hojin/ichiran?hojinBango=9120901032146
001Nn000013SgEC,9140001043348,ハリマ化成グループ株式会社,https://www.harima.co.jp/company/outline.html,"6: 1,000億円以上",,"1,037億円（2026年3月期・連結）","○ 自社会社概要。2026年3月31日現在の連結売上高1,037億円。グループ親会社のため連結値を採用。https://www.harima.co.jp/company/outline.html"
001Nn000013SgED,9140001122787,ジーライオンファイナンス＆リース株式会社,null,"5: 300億円以上~1,000億円未満",,確認不可,△ 確認不可。法人番号9140001122787。Gビズインフォ・グループ公式・官報/公的情報を確認したが、ジーライオンファイナンス＆リース株式会社単体の直近3期売上高を承認ソースで確認できず。https://info.gbiz.go.jp/hojin/ichiran?hojinBango=9140001122787
001Nn000013SgEM,1010401051458,日本テレビホールディングス株式会社,https://www.ntvhd.co.jp/info/,"6: 1,000億円以上",,"4,844.18億円（2026年3月期・連結）","○ JPX決算短信。2026年3月期連結売上高484,418百万円。持株会社のため連結値を採用。https://www2.jpx.co.jp/disc/94040/140120260513528627.pdf"
001Nn000013SgEd,2290001032929,株式会社コアビジネスソフト,http://www.coreb-s.co.jp/,"5: 300億円以上~1,000億円未満",✖TOKIUM✖,確認不可,△ 確認不可。法人番号2290001032929。自社HP・Gビズインフォ・官報/公的情報を確認したが、株式会社コアビジネスソフトの直近3期売上高を承認ソースで確認できず。http://www.coreb-s.co.jp/
001Nn000013SgEm,3380001027299,アレンザホールディングス株式会社,https://www.alleanza-hd.co.jp/corporate/outline.html,"6: 1,000億円以上",【🐰】 👤人事：経営戦略室・管理部門管掌　取締役　伊藤 和哉,"1,506.01億円（2026年2月期・連結・営業収益）","○ 自社IR/決算資料。2026年2月期連結営業収益150,601百万円。持株会社のトップラインとして採用。https://www.alleanza-hd.co.jp/ir/"
001Nn000013SgEo,3430001005753,株式会社江商,http://www.makoto1954.co.jp/kousyou/,"5: 300億円以上~1,000億円未満",,確認不可,△ 確認不可。法人番号3430001005753。自社関連情報・Gビズインフォ・官報/公的情報を確認したが、株式会社江商の直近3期売上高を承認ソースで確認できず。http://www.makoto1954.co.jp/kousyou/
001Nn000013SgEr,4010001150896,株式会社プロデューサー・ハウス,https://producer-house.co.jp/company/,"5: 300億円以上~1,000億円未満",,確認不可,△ 確認不可。法人番号4010001150896。自社会社概要・Gビズインフォ・官報/公的情報を確認したが、株式会社プロデューサー・ハウスの直近3期売上高を承認ソースで確認できず。https://producer-house.co.jp/company/
001Nn000013SgEw,4120901014223,株式会社シリング,https://www.siring.jp/,"6: 1,000億円以上",,確認不可,△ 確認不可。法人番号4120901014223。自社HP・Gビズインフォ・官報/公的情報を確認したが、株式会社シリングの直近3期売上高を承認ソースで確認できず。https://www.siring.jp/
001Nn000013SgEz,4360001004902,株式会社なか総合研究所,http://gonaka.jp/,"5: 300億円以上~1,000億円未満",,確認不可,△ 確認不可。法人番号4360001004902。自社HP・Gビズインフォ・官報/公的情報を確認したが、株式会社なか総合研究所の直近3期売上高を承認ソースで確認できず。http://gonaka.jp/
001Nn000013SgGd,7120001072994,日本ペイントホールディングス株式会社,https://www.nipponpaint-holdings.com/company/outline/,"6: 1,000億円以上",,"17,742.31億円（2025年12月期・連結売上収益）","○ 自社IR。2025年度連結売上収益17,742億円（決算値1,774,231百万円）。持株会社のため連結値を採用。https://www.nipponpaint-holdings.com/ir/personal/aboutus/"
001Nn000013SgGi,8010001064093,スミダコーポレーション株式会社,https://www.sumida.com/about/index.php?lang=jp&amp;categoryId=5&amp;parentId=8&amp;aboutId=8&amp;jobId=,"6: 1,000億円以上",,"1,471.94億円（2025年12月期・連結）","○ 自社会社概要。2025年12月期連結売上高147,194百万円。上場親会社のため連結値を採用。https://www.sumida.com/about/index.php?aboutId=8&categoryId=5&lang=jp"
001Nn000013SgGj,8010605001450,ＩＨＩ原動機労働組合,http://www.niigata-power.com/indexj.html,"5: 300億円以上~1,000億円未満",,対象外（労働組合）,× 法人格。直アポ大は株式会社のみ。労働組合のため対象外
001Nn000013SgGm,8012701002266,株式会社下平工房,https://www.shimodaira-kobo.com/kaisha.html,"5: 300億円以上~1,000億円未満",,確認不可,△ 確認不可。法人番号8012701002266。Gビズインフォ・自社会社概要・公的情報を確認したが、株式会社下平工房の直近3期売上高を承認ソースで確認できず。https://info.gbiz.go.jp/hojin/ichiran?hojinBango=8012701002266
001Nn000013SgGu,9010001147921,株式会社ギアス,http://www.geass.co.jp/page/organization,"5: 300億円以上~1,000億円未満",,確認不可,△ 確認不可。法人番号9010001147921。Gビズインフォ・自社関連情報・官報/公的情報を確認したが、株式会社ギアスの直近3期売上高を承認ソースで確認できず。https://info.gbiz.go.jp/hojin/ichiran?hojinBango=9010001147921
001Nn000013SgGy,9020001052360,株式会社クリエイトＳＤホールディングス,https://www.createsdhd.co.jp/,"6: 1,000億円以上",,"4,971.28億円（2026年5月期・連結）","○ 自社公式「数字で見るクリエイトSDグループ」。2026年5月期実績売上高497,128百万円。持株会社のため連結値を採用。https://www.createsdhd.co.jp/company/outline/"
001Nn000013SgH1,9120001084204,タムラ株式会社,http://www.tamura-peanuts.co.jp/,"6: 1,000億円以上",,確認不可,△ 確認不可。法人番号9120001084204。自社HP・Gビズインフォ・官報/公的情報を確認したが、タムラ株式会社の直近3期売上高を承認ソースで確認できず。http://www.tamura-peanuts.co.jp/
001Nn000013SgH4,9120001262866,株式会社ＡＣＮグループ,https://www.acn-net.co.jp/outline/,"5: 300億円以上~1,000億円未満",【属性】R/ 👤人事：採用担当　四方,671億円（グループ年商・公式現行値）,○ 自社会社概要。年商671億円（グループ会社の単純合算）。持株会社のためグループ値を採用。https://www.acn-net.co.jp/outline/
001Nn000013SgH9,9290001106255,株式会社ワンユニ,https://one-uni.net/,"6: 1,000億円以上",✖TOKIUM✖,確認不可,△ 確認不可。法人番号9290001106255。自社HP・Gビズインフォ・公的情報を確認したが、株式会社ワンユニの直近3期売上高を承認ソースで確認できず。https://one-uni.net/
001Nn000013SgHQ,2020001095762,株式会社環境レジリエンス,http://kankyo-resilience.co.jp/index.html,"5: 300億円以上~1,000億円未満",,確認不可,△ 確認不可。法人番号2020001095762。自社HP・Gビズインフォ・公的情報を確認したが、株式会社環境レジリエンスの直近3期売上高を承認ソースで確認できず。http://kankyo-resilience.co.jp/
001Nn000013SgHV,2120001111154,ソシオエンジニアリング株式会社,http://socio-eng.com/index.html,"5: 300億円以上~1,000億円未満",,確認不可,△ 確認不可。法人番号2120001111154。自社HP・Gビズインフォ・公的情報を確認したが、ソシオエンジニアリング株式会社の直近3期売上高を承認ソースで確認できず。http://socio-eng.com/
001Nn000013SgHi,4010001108077,あいホールディングス株式会社,https://www.aiholdings.co.jp/company/outline/,"5: 300億円以上~1,000億円未満",,850.24億円（2026年6月期・連結）,"○ 自社IR掲載の2026年6月期決算短信（2026/8/19発表）。連結売上高85,024百万円。持株会社のため連結値を採用。https://www.aiholdings.co.jp/ir/library/settlement/"
001Nn000013SgHp,4380001035012,株式会社ＲＥ３環境,https://re-re-re.net/,"5: 300億円以上~1,000億円未満",,確認不可,△ 確認不可。法人番号4380001035012。自社HP・Gビズインフォ・官報/公的情報を確認したが、株式会社RE3環境の直近3期売上高を承認ソースで確認できず。https://re-re-re.net/
001Nn000013SgHs,5011001048948,株式会社オリエンタルコンサルタンツホールディングス,https://www.oriconhd.jp/company/,"5: 300億円以上~1,000億円未満",,953.65億円（2025年9月期・連結）,"○ 自社決算説明資料。2025年9月期連結売上高95,365百万円。持株会社のため連結値を採用。https://www.oriconhd.jp/files/information/news20251127_02.pdf"
001Nn000013SgHw,5040001096087,株式会社ジェイ・トラッド,https://www.jtrad.co.jp/,"6: 1,000億円以上",,確認不可,△ 確認不可。法人番号5040001096087。自社HP・Gビズインフォ・官報/公的情報を確認したが、株式会社ジェイ・トラッドの直近3期売上高を承認ソースで確認できず。https://www.jtrad.co.jp/
001Nn000013SgI9,6040001128260,プラリュース環境株式会社,https://plareuse-env.jp/,"5: 300億円以上~1,000億円未満",,確認不可,△ 確認不可。法人番号6040001128260。自社HP・Gビズインフォ・公的情報を確認したが、プラリュース環境株式会社の直近3期売上高を承認ソースで確認できず。https://plareuse-env.jp/
001Nn000013SgIO,8010401159328,あすか製薬ホールディングス株式会社,https://www.aska-pharma-hd.co.jp/company/outline.html,"5: 300億円以上~1,000億円未満",,711.27億円（2026年3月期・連結）,"○ 自社IR。2026年3月期連結売上高71,127百万円。持株会社のため連結値を採用。https://www.aska-pharma-hd.co.jp/invest/financial/statements/income.html"
001Nn000013SgIf,9120901045148,Ａｃｅ　Ｐｌａｎ株式会社,https://aceplan.jp/,"5: 300億円以上~1,000億円未満",◆07/24(金)、定時00:00、🚨,確認不可,△ 確認不可。法人番号9120901045148。自社HP・Gビズインフォ・公的情報を確認したが、Ace Plan株式会社の直近3期売上高を承認ソースで確認できず。https://aceplan.jp/
001Nn000013SgIj,1010401015636,株式会社テレビ朝日ホールディングス,https://www.tv-asahihd.co.jp/corp/prof.html,"6: 1,000億円以上",,"3,394.87億円（2026年3月期・連結）","○ 自社決算短信。2026年3月期連結売上高339,487百万円。持株会社のため連結値を採用。https://www.tv-asahihd.co.jp/setnote/data/2026/20260514_tanshin.pdf"
001Nn000013SgIr,1250001002242,株式会社リテールパートナーズ,https://retailpartners.co.jp/company/profile.html,"6: 1,000億円以上",,"2,682.95億円（2026年2月期・連結）","○ JPX決算参考資料。2026年2月期連結売上高268,295百万円。持株会社のため連結値を採用。https://www2.jpx.co.jp/disc/81670/140120260410502113.pdf"
001Nn000013SgIx,2011101109000,ジーエルテクノホールディングス株式会社,https://www.gltechno.co.jp/company/profile.html,"5: 300億円以上~1,000億円未満",,471.89億円（2026年3月期・連結）,"○ 自社会社概要。2026年3月期連結売上高47,189百万円。持株会社のため連結値を採用。https://www.gltechno.co.jp/company/profile.html"
001Nn000013SgIz,2013301022429,株式会社ＳＲＡホールディングス,https://www.sra-hd.co.jp/company/profile.html,"5: 300億円以上~1,000億円未満",,532.78億円（2026年3月期・連結）,"○ 自社決算短信。2026年3月期のセグメント売上高合計53,278百万円。持株会社のため連結値を採用。https://www.sra-hd.co.jp/Portals/0/ir/settlement/tanshin/tanshin2605.pdf"
001Nn000013SgJ3,2130001064194,株式会社ＦＧＳ,https://fgs-k.com/,"5: 300億円以上~1,000億円未満",,確認不可,△ 確認不可。法人番号2130001064194。自社HP・Gビズインフォ・官報/公的情報を確認したが、株式会社FGSの直近3期売上高を承認ソースで確認できず。https://fgs-k.com/
001Nn000013SgJz,4020001130716,株式会社ＲＳＸ,https://rsx.co.jp/aboutus/#company-profile,"6: 1,000億円以上",,確認不可,△ 確認不可。法人番号4020001130716。自社HP・Gビズインフォ・公的情報を確認したが、株式会社RSXの直近3期売上高を承認ソースで確認できず。https://rsx.co.jp/aboutus/
001Nn000013SgKG,2430001032501,株式会社ほくやく・竹山ホールディングス,https://www.hokutake.co.jp/,"6: 1,000億円以上",,"3,036.67億円（2026年3月期・連結）","○ 札幌証券取引所掲載の決算短信。2026年3月期連結売上高303,667百万円。持株会社のため連結値を採用。https://www.sse.or.jp/wp-content/uploads/2026/05/hokutake2026.3.pdf"
001Nn000013SgKl,6011001057709,株式会社ティーアイエス,http://kiterukiteru.com/company,"5: 300億円以上~1,000億円未満",,確認不可,△ 確認不可。法人番号6011001057709。自社HP・Gビズインフォ・公的情報を確認したが、株式会社ティーアイエスの直近3期売上高を承認ソースで確認できず。http://kiterukiteru.com/company
001Nn000013SgLG,7021001009253,株式会社青菱コミュニティ,https://www.seiryou-comm.co.jp/corporate/company/index.html,"6: 1,000億円以上",,確認不可,△ 子会社。法人番号7021001009253。自社HP・Gビズインフォ・公的情報を確認したが、株式会社青菱コミュニティ単体の直近3期売上高を承認ソースで確認できず。https://www.seiryou-comm.co.jp/corporate/company/
001Nn000013SgLH,7120001089972,株式会社ＭＡＲＵＫＩ　ＨＡＲＤＷＡＲＥ　ＣＯＲＰＯＲＡＴＩＯＮ,http://www.maruki-mk.co.jp,"6: 1,000億円以上",,確認不可,△ 確認不可。法人番号7120001089972。自社HP・Gビズインフォ・官報/公的情報を確認したが、株式会社MARUKI HARDWARE CORPORATIONの直近3期売上高を承認ソースで確認できず。http://www.maruki-mk.co.jp
001Nn000013SgLK,8010001166286,ユナイテッド・スーパーマーケット・ホールディングス株式会社,https://www.usmh.co.jp/company/profile,"6: 1,000億円以上",,"9,637.62億円（2026年2月期・連結・営業収益）","○ 自社決算短信。2026年2月期連結営業収益963,762百万円。持株会社のトップラインとして採用。https://www.usmh.co.jp/wp-content/themes/usmh/files/20260407/Ust_20260407_1540.pdf"
001Nn000013SgLL,8011001071740,株式会社エーシーコンサレント,http://acconsulent.com/,"6: 1,000億円以上",,確認不可,△ 確認不可。法人番号8011001071740。Gビズインフォ・自社関連情報・公的情報を確認したが、株式会社エーシーコンサレントの直近3期売上高を承認ソースで確認できず。https://info.gbiz.go.jp/hojin/ichiran?hojinBango=8011001071740
001Nn000013SgN8,4010401130622,株式会社ダイヤモンドダイニング,https://www.diamond-dining.com/company/info/outline/,"5: 300億円以上~1,000億円未満",,328.71億円（2025年2月期・単体）,"○ 自社公式決算公告。2025年2月期の株式会社ダイヤモンドダイニング単体売上高32,871,473,250円。子会社だが単体値を確認。https://www.diamond-dining.com/publicnotice/dd/pdf/dd202507241500.pdf"
001Nn000013SgNA,4011001165190,株式会社ＡＤＥＰＴペイロール・ソリューション,https://adept-pay.com/,"5: 300億円以上~1,000億円未満",,確認不可,△ 確認不可。法人番号4011001165190。自社HP・Gビズインフォ・官報/公的情報を確認したが、株式会社ADEPTペイロール・ソリューションの直近3期売上高を承認ソースで確認できず。https://adept-pay.com/
001Nn000013SgNH,5010401121959,ＧＥジャパン株式会社,https://www.ge.com/jp/about-us/company-profile,"6: 1,000億円以上",✖TOKIUM✖,確認不可,△ GEグループ日本子会社。自社公式・Gビズインフォ・官報/公的情報を確認したが、GEジャパン株式会社単体の直近3期売上高を承認ソースで確認できず。https://www.ge.com/jp/about-us/company-profile
001Nn000013SgNl,9010001238935,リケンＮＰＲ株式会社,https://www.npr-riken.co.jp/company/outline/,"6: 1,000億円以上",,"1,631億円（2025年度・連結）","○ 自社公式「数字で見るリケンNPR」。連結売上高1,631億円。上場グループ親会社のため連結値を採用。https://www.npr-riken.co.jp/about/"
001Nn000013SgNm,9010401050527,インターギアソリューション株式会社,http://www.ig-s.co.jp/,"5: 300億円以上~1,000億円未満",,【300億未満】46.67億円（2025年8月期・単体）,"× 300億未満。自社会社概要。第23期（2024/9/1～2025/8/31）売上高4,666,621,750円。http://www.ig-s.co.jp/"
001Nn000013SgNu,1010001031892,ＲＡＤＩＸ・ＣＧ株式会社,http://www.radix.ad.jp/corporate/group.html,"5: 300億円以上~1,000億円未満",🔵MC:人事本部／人事課　03-6629-6486 ｜既存:情報システム部：03-5210-7285,666億円（2025年度・グループ）,○ 自社採用サイト「数字で見るラディックス」。RADIX・CGはグループ経営管理会社で、2025年度グループ全体売上高666億円。https://www.radix.ad.jp/recruit/number.html
001Nn000013SgO5,2010001221609,ＴＲＥホールディングス株式会社,https://tre-hd.co.jp/company/about.html,"6: 1,000億円以上",,928.60億円（2024年3月期・連結）,"○ 自社中期経営計画。2024年3月期連結売上高92,860百万円。持株会社のため連結値を採用。https://tre-hd.co.jp/assets/pdf/trehd_mtbp.pdf"
001Nn000013SgO7,2011001096933,東急不動産ホールディングス株式会社,https://www.tokyu-fudosan-hd.co.jp/,"6: 1,000億円以上",,"12,460億円（2026年3月期・連結）","○ 自社IR財務ハイライト。2026年3月期連結売上高1兆2,460億円。持株会社のため連結値を採用。https://www.tokyu-fudosan-hd.co.jp/ir/financialinfo/highlights/"
001Nn000013SgOD,2180301026443,株式会社オティックス,http://www.otics.co.jp/,"5: 300億円以上~1,000億円未満",,746億円（2025年度・単体）,○ 自社会社概要。株式会社オティックスの2025年度実績売上高746億円。https://www.otics.co.jp/about/profile/
001Nn000013SgOE,2200001005819,リスパック株式会社,https://www.risupack.co.jp/,"5: 300億円以上~1,000億円未満",,確認不可,△ リスのプラスチックグループ子会社。自社HP・グループ公式・Gビズインフォ・官報系を確認したが、リスパック株式会社単体の直近3期売上高を承認ソースで確認できず。https://www.risu.co.jp/group/company/
001Nn000013SgOS,3260001010102,Ｅ・Ｊホールディングス株式会社,https://www.ej-hds.co.jp/company/outline.html,"5: 300億円以上~1,000億円未満",,465.86億円（2026年5月期・連結）,"○ 自社IR財務ハイライト。2026年5月期連結売上高46,586百万円。持株会社のため連結値を採用。https://www.ej-hds.co.jp/ir/finance/highlight.html"
001Nn000013SgOj,4290001016038,株式会社福岡運輸ホールディングス,https://www.fukuokaunyu.co.jp/holdings/,"5: 300億円以上~1,000億円未満",,確認不可,△ 持株会社。自社HP・Gビズインフォ・官報/公的情報を確認したが、株式会社福岡運輸ホールディングスまたはグループの直近3期売上高を承認ソースで確認できず。https://www.fukuokaunyu.co.jp/holdings/
001Nn000013SgOx,5330001002370,株式会社城野印刷所,http://www.jono.co.jp/index.html,"6: 1,000億円以上",,確認不可,△ 法人番号5330001002370。自社HP・Gビズインフォ・公的情報を確認したが、株式会社城野印刷所の直近3期売上高を承認ソースで確認できず。Yahoo等の求人媒体は不採用。http://www.jono.co.jp/
001Nn000013SgOz,5400501000271,株式会社ゼネラルデバイスソリューションズ,https://www.fujitsu-general.com/jp/fgel/corporate/profile/index.html,"6: 1,000億円以上",,確認不可,△ 子会社。2025年3月期111.73億円の民間官報集約表示は確認したがcatr等は非承認。自社/公的原本で株式会社ゼネラルデバイスソリューションズ単体売上高を確認できず。https://www.fujitsu-general.com/jp/fgel/corporate/profile/index.html
001Nn000013SgP1,6010401065370,富士フイルムホールディングス株式会社,https://www.fujifilmholdings.com/ja/about/factsheet/index.html,"5: 300億円以上~1,000億円未満",,"33,570億円（2026年3月期・連結）","○ 自社IR決算説明資料。2026年3月期連結売上高3兆3,570億円。持株会社のため連結値を採用。https://ir.fujifilm.com/ja/investors/ir-materials/earnings-presentations/"
001Nn000013SgP5,6210001007109,小林化工株式会社,https://www.kobayashikako.co.jp,"5: 300億円以上~1,000億円未満",,確認不可,△ 自社HP・Gビズインフォ・官報/公的情報を確認したが、小林化工株式会社の直近3期売上高を承認ソースで確認できず。https://www.kobayashikako.co.jp/
001Nn000013SgQX,1030001005952,東栄商事株式会社,https://p777.fun/,"5: 300億円以上~1,000億円未満",,確認不可,△ 法人番号1030001005952。自社HP・Gビズインフォ・官報/公的情報を確認したが、東栄商事株式会社の直近3期売上高を承認ソースで確認できず。https://p777.fun/
001Nn000013SgQe,2040001052175,株式会社牧野商事運輸,http://www.mkstransport.co.jp,"5: 300億円以上~1,000億円未満",,確認不可,△ 法人番号2040001052175。自社HP・Gビズインフォ・官報/公的情報を確認。求人媒体の2025年3月期15.39億円は禁止ソースのため不採用。承認ソース売上高未確認。http://www.mkstransport.co.jp/
001Nn000013SgRT,5010401083638,オーウイル株式会社,https://www.owill.co.jp/company/corpprf.html,"5: 300億円以上~1,000億円未満",,419.09億円（2026年3月期・連結）,"○ 自社会社概要。2026年3月期連結年商41,909百万円。上場親会社のため連結値を採用。https://owill.co.jp/company/corpprf.html"
001Nn000013SgRZ,6011101024311,株式会社セプテーニ・ホールディングス,https://www.septeni-holdings.co.jp/company/overview.html,"5: 300億円以上~1,000億円未満",,303.09億円（2025年12月期・連結収益）,"○ 自社IR財務・業績ハイライト。FY2025連結収益30,309百万円。IFRS売上収益として採用、持株会社のため連結可。https://www.septeni-holdings.co.jp/ir/finance/highlights.html"
001Nn000013SgRe,7270001000973,株式会社鳥取ワールドカップ,https://w-cup-group.com/outline.html,"5: 300億円以上~1,000億円未満",,534億円（2025年実績・グループ）,○ 自社会社概要。代表会社は株式会社鳥取ワールドカップ、2025年実績グループ合計売上534億円。グループ親会社として採用。https://w-cup-group.com/outline.html
001Nn000013SgSN,3030005003315,公益財団法人さいたま市公園緑地協会,null,"6: 1,000億円以上",,対象外（公益財団法人）,× 法人格。直アポ大は株式会社のみ。公益財団法人のため対象外
001Nn000013SgSX,7050001013246,株式会社東亜物産,http://www.toua-bussan.com/,"6: 1,000億円以上",,確認不可,△ 法人番号7050001013246。自社HP・Gビズインフォ・官報/公的情報を確認したが、株式会社東亜物産の直近3期売上高を承認ソースで確認できず。決算公告も売上高非開示。http://www.toua-bussan.com/
001Nn000013SgT1,2010001048192,全國通運株式会社,http://www.zentsu.co.jp/index.html,"5: 300億円以上~1,000億円未満",,確認不可,△ 自社HP・Gビズインフォ・官報/公的情報を確認したが、全國通運株式会社の直近3期売上高を承認ソースで確認できず。http://www.zentsu.co.jp/
001Nn000013SgT2,2010401104306,レイテクソリューションズ株式会社,https://race-tech.co.jp/company/,"5: 300億円以上~1,000億円未満",,確認不可,△ 自社公式は2025年9月期グループ売上高572億円を開示するが、対象法人単体値か親会社連結値かを確定できないため不採用。単体承認ソース未確認。https://race-tech.co.jp/company/
001Nn000013SgVh,2210001008663,ハンジョウ株式会社,https://www.hanjou.co.jp/,"5: 300億円以上~1,000億円未満",,確認不可,△ 法人番号2210001008663。自社会社概要・Gビズインフォ・官報/公的情報を確認したが、ハンジョウ株式会社の直近3期売上高を承認ソースで確認できず。https://www.hanjou.co.jp/about/
001Nn000013SgW8,9050001027062,株式会社トラスト,http://www.trust-caresupport.com/,"6: 1,000億円以上",,確認不可,△ 法人番号9050001027062。自社HP・Gビズインフォ・官報/公的情報を確認したが、株式会社トラストの直近3期売上高を承認ソースで確認できず。http://www.trust-caresupport.com/
001Nn000013SgWN,5120001091889,株式会社淀計算センター,http://www.yodo.co.jp/,"6: 1,000億円以上",,確認不可,△ 法人番号5120001091889。自社HP・Gビズインフォ・官報/公的情報を確認したが、株式会社淀計算センターの直近3期売上高を承認ソースで確認できず。http://www.yodo.co.jp/
001Nn000013SgYT,9030001052005,株式会社ＭＣＪ,https://www.mcj.jp/corporate/profile/,"6: 1,000億円以上",,"2,243億円（2026年3月期・連結）","○ 自社会社概要。2026年3月期連結売上高2,243億円。グループ統括会社のため連結値を採用。https://www.mcj.jp/corporate/profile/"
001Nn000013SgYc,3030001025560,株式会社プランドゥ,http://www.pl-do.co.jp/,"6: 1,000億円以上",,確認不可,△ 法人番号3030001025560。自社HP・Gビズインフォ・官報/公的情報を確認したが、株式会社プランドゥの直近3期売上高を承認ソースで確認できず。http://www.pl-do.co.jp/
001Nn000013SgZJ,7122001009613,大阪紙業株式会社,https://www.osaka-paper.com/,"6: 1,000億円以上",,確認不可,△ 法人番号7122001009613。自社HP・Gビズインフォ・官報/公的情報を確認したが、大阪紙業株式会社の直近3期売上高を承認ソースで確認できず。https://www.osaka-paper.com/
001Nn000013Sgan,1010901030218,株式会社ａｌｐｈａ,https://alpha-tokyo.com/about,"5: 300億円以上~1,000億円未満",,確認不可,△ 法人番号1010901030218。自社HP・Gビズインフォ・官報/公的情報を確認。求人媒体の売上値は禁止ソースのため不採用。株式会社alphaの直近3期承認ソース売上高未確認。https://alpha-tokyo.com/
001Nn000013Sgaq,1030001054149,株式会社日本アシスト工業,http://j-assist.co.jp/,"6: 1,000億円以上",,確認不可,△ 法人番号1030001054149。自社HP・Gビズインフォ・官報/公的情報を確認したが、株式会社日本アシスト工業の直近3期売上高を承認ソースで確認できず。http://j-assist.co.jp/
001Nn000013SgbM,7070001001538,株式会社ジンズホールディングス,https://jinsholdings.com/jp/ja/,"5: 300億円以上~1,000億円未満",,972.15億円（2025年8月期・連結）,"○ 自社サステナビリティレポート会社概要。2025年8月期売上高97,215百万円。持株会社のため連結値を採用。https://jinsholdings.com/jp/ja/"
001Nn000013SgbV,9290001014689,株式会社槌屋,https://www.tsuchiya-group.co.jp/corp/glo_jp.html,"6: 1,000億円以上",,確認不可,△ 自社HP・公的/業界情報を確認。外部団体掲載に前期83億円の記載はあるが承認ソース要件を満たす原本を確認できず、不採用。https://www.tsuchiya-group.co.jp/
001Nn000013Sgbu,4011201000148,株式会社明野設備研究所,http://www.afri.jp/,"6: 1,000億円以上",,確認不可,△ 法人番号4011201000148。自社HP・Gビズインフォ・官公庁情報を確認したが、株式会社明野設備研究所の直近3期売上高を承認ソースで確認できず。http://www.afri.jp/
001Nn000013SgcA,8011001062871,ｅｓｓｐｒｉｄｅ株式会社,https://esspride.com/,"6: 1,000億円以上",,確認不可,△ 法人番号8011001062871。自社HP・Gビズインフォ・官報/公的情報を確認したが、esspride株式会社の直近3期売上高を承認ソースで確認できず。https://esspride.com/
001Nn000013SgcX,7050001014376,永進運輸株式会社,https://eishin-unyu.com/,"6: 1,000億円以上",,確認不可,△ 法人番号7050001014376。自社HP・Gビズインフォ・官報/公的情報を確認したが、永進運輸株式会社の直近3期売上高を承認ソースで確認できず。https://eishin-unyu.com/
001Nn000013SgfC,1420001004683,株式会社日専連ホールディングス,https://www.nissenren-aomori.or.jp/about/outline.html,"5: 300億円以上~1,000億円未満",,確認不可,△ 持株会社。Gビズインフォの2025/2026年決算公告は貸借対照表中心で売上高非開示。自社HP・公的情報でも直近3期売上高を確認できず。https://info.gbiz.go.jp/hojin/ichiran?hojinBango=1420001004683
001Nn000013Sgfb,9040001027179,日本エクサシステム株式会社,https://www.j-exa.co.jp/,"6: 1,000億円以上",／,確認不可,△ 法人番号9040001027179。自社HP・Gビズインフォ・官報/公的情報を確認したが、日本エクサシステム株式会社の直近3期売上高を承認ソースで確認できず。https://www.j-exa.co.jp/
001Nn000013Sgg7,7011601003251,株式会社城北企画,https://www.jouhokukikaku.co.jp/category8/,"6: 1,000億円以上",,確認不可,△ 法人番号7011601003251。自社HP・Gビズインフォ・官報/公的情報を確認したが、株式会社城北企画の直近3期売上高を承認ソースで確認できず。https://www.jouhokukikaku.co.jp/
001Nn000013Sgg9,7120001042007,大中物産株式会社,https://www.daichu.co.jp/company/,"5: 300億円以上~1,000億円未満",,【300億未満】293億円（2026年5月期・単体）,× 300億未満。自社会社概要。2026年5月期売上高293億円。https://www.daichu.co.jp/company/
001Nn000013SggO,2120001148931,アサヒ・ドリーム・クリエイト株式会社,https://pop-asahi.com/,"5: 300億円以上~1,000億円未満",,確認不可,△ 法人番号2120001148931。自社HP・Gビズインフォ・官報/公的情報を確認したが、アサヒ・ドリーム・クリエイト株式会社の直近3期売上高を承認ソースで確認できず。https://pop-asahi.com/
001Nn000013Sggj,8120001041874,株式会社エルワールド,https://lworld.co.jp/company.html,"5: 300億円以上~1,000億円未満",✖TOKIUM✖,確認不可,△ 法人番号8120001041874。自社HP・Gビズインフォ・官報/公的情報を確認したが、株式会社エルワールドの直近3期売上高を承認ソースで確認できず。https://lworld.co.jp/company.html
001Nn000013Sggq,3040001028447,アマゾンジャパン合同会社,https://www.amazon.co.jp/,"6: 1,000億円以上",⭐／,対象外（合同会社）,× 法人格。直アポ大は株式会社のみ。合同会社のため対象外
001Nn000013Sggr,7010701007666,日本航空株式会社,https://www.jal.com/ja/,"6: 1,000億円以上",,"20,125億円（2026年3月期・連結売上収益）","○ 自社決算説明資料。2026年3月期連結売上収益20,125億円。上場親会社のため連結値を採用。https://www.jal.com/ja/investor/library/results_briefing/"
001Nn000013Sggs,9110001002050,株式会社コメリ,http://www.komeri.bit.or.jp/,"6: 1,000億円以上",★08/28(金)11時頃、🐧,"3,853.84億円（2026年3月期・連結営業収益）","○ 自社企業概要/決算短信。2026年3月期営業収益3,853億84百万円。上場親会社のトップラインとして採用。https://www.komeri.bit.or.jp/company/outline/"
001Nn000013Sggt,3010401038783,株式会社プロテリアル,https://www.proterial.com/corp/bases/,"6: 1,000億円以上",,確認不可,△ 子会社判定。自社HP・Gビズインフォ・官報/公的情報を確認したが、株式会社プロテリアル単体の直近3期売上高を承認ソースで確認できず。https://www.proterial.com/
001Nn000013Sggu,6010901003292,株式会社キャメル珈琲,https://camelcoffee.jp/,"5: 300億円以上~1,000億円未満",,確認不可,△ 自社HP・Gビズインフォ・官報/公的情報を確認したが、株式会社キャメル珈琲の直近3期売上高を承認ソースで確認できず。https://camelcoffee.jp/
001Nn000013Sggv,3011103003992,Ａｐｐｌｅ　Ｊａｐａｎ合同会社,https://www.apple.com/jp/contact/,"6: 1,000億円以上",,対象外（合同会社）,× 法人格。直アポ大は株式会社のみ。合同会社のため対象外
001Nn000013Sggx,8030005012146,医療生協さいたま生活協同組合,https://kyoudou-hp.com/,"5: 300億円以上~1,000億円未満",,対象外（生活協同組合）,× 法人格。直アポ大は株式会社のみ。生活協同組合のため対象外
001Nn000013Sggy,1011101056945,株式会社ＮＴＴ東日本－南関東,http://www.minamikanto.ntt-east.co.jp/,"5: 300億円以上~1,000億円未満",,対象外（吸収合併・消滅）,× 2026年7月、地域子会社はNTT東日本へ吸収合併。旧株式会社NTT東日本‐南関東は現存しないため対象外。https://www.ntt-east.co.jp/kessan/legacy.html
001Nn000013Sgh1,3010001244022,日本ケンタッキー・フライド・チキン株式会社,https://japan.kfc.co.jp/,"5: 300億円以上~1,000億円未満",,確認不可,△ 法人番号3010001244022。現法人は2024年設立の子会社。自社HP・Gビズインフォ・官報原本を確認したが直近3期の承認ソース売上高を確認できず。民間官報DB値は不採用。https://japan.kfc.co.jp/
001Nn000013Sgh2,5040001008612,フェデラルエクスプレスジャパン合同会社,https://www.fedex.com/ja-jp/home.html,"5: 300億円以上~1,000億円未満",,対象外（合同会社）,× 法人格。直アポ大は株式会社のみ。合同会社のため対象外
001Nn000013Sgh3,6360001000404,株式会社琉球銀行,http://www.ryugin.co.jp,"5: 300億円以上~1,000億円未満",オカモトアツキ　0722,553.45億円（2026年3月期・単体・経常収益）,"○ 公式決算短信。銀行の売上高相当指標。2026年3月期単体経常収益55,345百万円。https://www.ryugin.co.jp/"
001Nn000013Sgh4,1080405000017,浜松磐田信用金庫,https://hamamatsu-iwata.jp/guide/ic.html,"5: 300億円以上~1,000億円未満",ナカムラシュント,対象外（信用金庫）,× 法人格。直アポ大は株式会社のみ。信用金庫のため対象外
001Nn000013Sgh5,4290001006278,株式会社一蘭,https://ichiran.com/shop/kyushu/sohonten/,"5: 300億円以上~1,000億円未満",,477.1億円（2025年度・単体）,○ 自社会社概要。2025年度実績年商477.1億円。https://ichiran.com/company/profile.html
001Nn000013Sgh8,3010601030532,株式会社オートバックスセブン,https://www.jegt.jp/company/,"6: 1,000億円以上",,"2,800.55億円（2026年3月期・連結）","○ 自社会社概要。2026年3月期連結売上高280,055百万円。上場親会社のため連結値を採用。https://www.autobacs.co.jp/ja/company/company_guide/company_profile.html"
001Nn000013Sgh9,8010001196589,株式会社クラシアン,https://www.qracian.co.jp/company/,"5: 300億円以上~1,000億円未満",,【300億未満】245.2億円（2025年3月度実績・単体）,× 300億未満。自社会社概要。年商245.2億円（2025年3月度実績）。https://www.qracian.co.jp/company/
001Nn000013SghB,2060001009628,株式会社かましん,http://www.kamashin.co.jp/companyInfo.html,"5: 300億円以上~1,000億円未満",,確認不可,△ 自社HP・Gビズインフォ・官報/公的情報を確認したが、株式会社かましんの直近3期売上高を承認ソースで確認できず。http://www.kamashin.co.jp/companyInfo.html
001Nn000013SghD,6700150001192,ティファニー・アンド・カンパニー・ジャパン・インク,https://www.tiffany.co.jp,"5: 300億円以上~1,000億円未満",,確認不可,△ 外国会社日本支店。自社公式・公的法人情報を確認したが、日本事業単体の直近3期売上高を承認ソースで確認できず。グローバル売上は不採用。https://www.tiffany.co.jp/
001Nn000013SghF,9010001143813,株式会社ａｄａｐｔ　ｒｅｔａｉｌｉｎｇ,https://cocacoca.jp/pages/company,"5: 300億円以上~1,000億円未満",,確認不可,△ 法人番号9010001143813。自社HP・Gビズインフォ・官報/公的情報を確認したが、株式会社adapt retailingの直近3期売上高を承認ソースで確認できず。https://cocacoca.jp/pages/company
001Nn000013SghI,5270001003672,アストモスリテイリング株式会社,https://www.astomos-retailing.com/company/company07.html,"6: 1,000億円以上",◆08/26(水)、定時00:00、,確認不可,△ アストモスエネルギー系子会社。自社HP・Gビズインフォ・官報/公的情報を確認したが、アストモスリテイリング株式会社単体の直近3期売上高を承認ソースで確認できず。https://www.astomos-retailing.com/
001Nn000013SghJ,9010401015182,株式会社ダイオーズジャパン,https://www.daiohs.co.jp/,"5: 300億円以上~1,000億円未満",,確認不可,△ ダイオーズHD傘下の子会社。自社HP・Gビズインフォ・官報/公的情報を確認したが、株式会社ダイオーズジャパン単体の直近3期売上高を承認ソースで確認できず。https://www.daiohs.co.jp/
001Nn000013SghO,9070001000975,群馬トヨペット株式会社,http://www.g-toyopet.jp,"5: 300億円以上~1,000億円未満",ハシモトワタル,確認不可,△ 自社HP・Gビズインフォ・官報/公的情報を確認したが、群馬トヨペット株式会社の直近3期売上高を承認ソースで確認できず。http://www.g-toyopet.jp/
001Nn000013SghR,5180001106897,株式会社Ｌｉｖ．Ｄｅｓｉｇｎ,http://www.liv-design.jp/,"5: 300億円以上~1,000億円未満",,確認不可,△ 法人番号5180001106897。自社HP・Gビズインフォ・官報/公的情報を確認したが、株式会社Liv.Designの直近3期売上高を承認ソースで確認できず。http://www.liv-design.jp/
001Nn000013SghU,5190001012137,株式会社キング観光,http://www.m-king.co.jp/,"6: 1,000億円以上",オカモトアツキ,確認不可,△ 自社HP・Gビズインフォ・官報/公的情報を確認したが、株式会社キング観光の直近3期売上高を承認ソースで確認できず。http://www.m-king.co.jp/
001Nn000013Sgi2,5150001012388,株式会社イベント・トゥエンティ・ワン,http://event21.co.jp,"5: 300億円以上~1,000億円未満",,確認不可,△ 自社HP・Gビズインフォ・官報/公的情報を確認したが、株式会社イベント・トゥエンティ・ワンの直近3期売上高を承認ソースで確認できず。https://event21.co.jp/
001Nn000013Sgii,4122001012743,株式会社ｍａｔｅｌｉ,https://www.mateli.jp/company/,"5: 300億円以上~1,000億円未満",,確認不可,△ 法人番号4122001012743。自社HP・Gビズインフォ・官報/公的情報を確認したが、株式会社mateliの直近3期売上高を承認ソースで確認できず。https://www.mateli.jp/company/
001Nn000013Sgin,8100001013909,株式会社ビジネスブレーン,https://nagano-bb.co.jp/company/#cmpprfl,"6: 1,000億円以上",✖TOKIUM✖,確認不可,△ 自社HP・Gビズインフォ・官報/公的情報を確認したが、株式会社ビジネスブレーンの直近3期売上高を承認ソースで確認できず。https://nagano-bb.co.jp/company/
001Nn000013Sgio,7010501017056,東日本クリーンエイド販売株式会社,http://www.cleanaid.co.jp/company.html,"6: 1,000億円以上",✖TOKIUM✖,確認不可,△ 自社HP・Gビズインフォ・官報/公的情報を確認したが、東日本クリーンエイド販売株式会社の直近3期売上高を承認ソースで確認できず。http://www.cleanaid.co.jp/company.html
001Nn000013Sgiu,9120001219668,株式会社ＢｒａＴＴｏ,https://www.bratto.co.jp/,"6: 1,000億円以上",,確認不可,△ 法人番号9120001219668。自社HP・Gビズインフォ・官報/公的情報を確認したが、株式会社BraTToの直近3期売上高を承認ソースで確認できず。https://www.bratto.co.jp/
001Nn000013Sgiy,1010001123483,レフォルモ株式会社,https://www.reformo.co.jp/,"5: 300億円以上~1,000億円未満",,確認不可,△ 法人番号1010001123483。自社HP・Gビズインフォ・官報/公的情報を確認したが、レフォルモ株式会社の直近3期売上高を承認ソースで確認できず。https://www.reformo.co.jp/
001Nn000013Sgj1,1012701007437,株式会社エコ・ブレイン,https://www.ecobrain.co.jp/company/,"5: 300億円以上~1,000億円未満",,確認不可,△ 法人番号1012701007437。自社HP・Gビズインフォ・官報/公的情報を確認したが、株式会社エコ・ブレインの直近3期売上高を承認ソースで確認できず。https://www.ecobrain.co.jp/company/
001Nn000013Sgj7,5300001006110,株式会社旭日緑化建設,https://green-kobo.jp/,"5: 300億円以上~1,000億円未満",,確認不可,△ 法人番号5300001006110。自社HP・Gビズインフォ・官公庁情報を確認したが、株式会社旭日緑化建設の直近3期売上高を承認ソースで確認できず。https://green-kobo.jp/
001Nn000013Sgj9,1010001016381,株式会社弘周舎,https://koshusha.co.jp/company/,"5: 300億円以上~1,000億円未満",／,確認不可,△ 法人番号1010001016381。自社HP・Gビズインフォ・官報/公的情報を確認したが、株式会社弘周舎の直近3期売上高を承認ソースで確認できず。https://koshusha.co.jp/company/
001Nn000013SgjB,6010001106252,株式会社ケイズプランニング,https://www.eqjin.jp/,"6: 1,000億円以上",,確認不可,△ 法人番号6010001106252。自社関連情報・Gビズインフォ・官報/公的情報を確認したが、株式会社ケイズプランニングの直近3期売上高を承認ソースで確認できず。https://www.eqjin.jp/
001Nn000013SgjL,7010001134005,株式会社ＡＴＧＲＥＥＮ,https://www.atgreen.jp/about-us/company-profile/,"5: 300億円以上~1,000億円未満",,確認不可,△ 法人番号7010001134005。自社HP・Gビズインフォ・官報/公的情報を確認したが、株式会社ATGREENの直近3期売上高を承認ソースで確認できず。https://www.atgreen.jp/about-us/company-profile/
001Nn000018CWQW,7011101074727,株式会社プロテクス,https://crprotex.co.jp/company/,"6: 1,000億円以上",,確認不可,△ 法人番号7011101074727。自社HP・Gビズインフォ・官報/公的情報を確認したが、株式会社プロテクスの直近3期売上高を承認ソースで確認できず。https://crprotex.co.jp/company/
001Nn000018CWQi,9010001055397,冨士機材株式会社,null,"5: 300億円以上~1,000億円未満",🔵MC:管理本部／総務・人事課 03-3556-4500,確認不可,△ 法人番号9010001055397。自社関連情報・Gビズインフォ・官報/公的情報を確認したが、冨士機材株式会社の直近3期売上高を承認ソースで確認できず。
001Nn000018CWQj,7220001009185,株式会社歯愛メディカル,https://ci-medical.co.jp/,"5: 300億円以上~1,000億円未満",🔵MC:人事部 0761-27-0777,確認不可,△ 2025年までの上場資料に連結売上高はあるが、現在の資本関係を踏まえ子会社判定では単体売上が必要。自社/Gビズインフォで直近単体の承認ソースを確認できず。https://ci-medical.co.jp/
001Nn000018CWQl,7010001022977,ＪＮＣ石油化学株式会社,,"5: 300億円以上~1,000億円未満",,確認不可,△ JNCグループ子会社。自社/親会社公式・Gビズインフォ・官報系を確認したが、JNC石油化学株式会社単体の直近3期売上高を承認ソースで確認できず。https://www.jnc-corp.co.jp/
001Nn000018CWQr,4180001103565,株式会社ＡＳＡＰ,https://asap-nx.jp/company/,"5: 300億円以上~1,000億円未満",,確認不可,△ 法人番号4180001103565。自社HP・Gビズインフォ・官報/公的情報を確認したが、株式会社ASAPの直近3期売上高を承認ソースで確認できず。https://asap-nx.jp/company/
001Nn000018CWQs,4010701013717,日軽金アクト株式会社,https://group.nikkeikin.co.jp/act/company/gaiyou.html,"5: 300億円以上~1,000億円未満",,確認不可,△ 日本軽金属グループ子会社。公式に確認できる日軽金アクト売上値は古く鮮度条件外。直近3期の単体売上高を承認ソースで確認できず。https://group.nikkeikin.co.jp/act/company/gaiyou.html
001Nn000018CWQu,8120901002091,ユニソル株式会社,http://www.maruka.co.jp/,"5: 300億円以上~1,000億円未満",🔵MC:人事部 050-1751-3007 / 西本和彦 東京支社経理・総務部長（経理部長）（旧直通:情報システム部：06-6450-6827）,確認不可,△ 法人番号8120901002091。自社/グループ公式・Gビズインフォ・官報系を確認したが、ユニソル株式会社単体の直近3期売上高を承認ソースで確認できず。http://www.maruka.co.jp/
001Nn000018CWQv,8140001072208,伊藤ハム販売株式会社,http://www.itoham-hanbai.co.jp/index.html,"5: 300億円以上~1,000億円未満",,確認不可,△ 伊藤ハム米久HD系子会社。自社/親会社公式・Gビズインフォを確認したが、伊藤ハム販売株式会社の直近3期単体売上高を承認ソースで確認できず。古い親会社資料は鮮度条件外。
001Nn000018CWQx,7010001045169,サンテレホン株式会社,https://www.suntel.co.jp/company/profile/,"5: 300億円以上~1,000億円未満",受付✖,574.58億円（2026年3月期・単体）,○ 自社会社概要。2026年3月期単体売上高574億58百万円。https://www.suntel.co.jp/company/profile/
001Nn000018CWQz,4140001070909,伊藤ハムミート販売西株式会社,https://www.itoham-mhwest.com/,"6: 1,000億円以上",,"1,646億円（2026年3月期・単体）","○ 子会社だが自社会社概要で対象法人自身の令和8年3月期売上高1,646億円を確認。https://www.itoham-mhwest.com/company/"
001Nn000018CWR5,5040001053880,ＪＦＥ溶接鋼管株式会社,https://www.jfe-wp.co.jp/company/,"5: 300億円以上~1,000億円未満",🔵MC:総務部／総務人事室 0436-62-8111（旧直通:千葉管理センター：0436 - 62 - 8111） ｜ 【属性】R/ 👤人事：エンゲージメント　高島さま　けだるい男性　千葉管理センター：0436 - 62 - 8111,確認不可,△ JFEグループ子会社。自社HP・Gビズインフォ・官報/公的情報を確認したが、JFE溶接鋼管株式会社単体の直近3期売上高を承認ソースで確認できず。https://www.jfe-wp.co.jp/company/
001Nn000018CWRE,4040001044732,株式会社ＦＭＧ,http://www.fmg.sc/company/,"5: 300億円以上~1,000億円未満",,確認不可,△ 法人番号4040001044732。自社HP・Gビズインフォ・官報/公的情報を確認したが、株式会社FMGの直近3期売上高を承認ソースで確認できず。http://www.fmg.sc/company/
001Nn000018CWRO,6011101040432,株式会社ミツエーリンクス,https://www.mitsue.co.jp/company/profile.html,"5: 300億円以上~1,000億円未満",🔵MC:コーポレート本部／人事部 03-5937-2892 / Kei Takeshima 人事マネージャー,確認不可,△ 自社HP・Gビズインフォ・官報/公的情報を確認したが、株式会社ミツエーリンクスの直近3期売上高を承認ソースで確認できず。https://www.mitsue.co.jp/company/profile.html
001Nn000018CWRU,9010701013613,コナミスポーツ株式会社,https://www.konami.com/sportsclub/corporate/ja/,"6: 1,000億円以上",,確認不可,△ コナミグループ子会社。親会社IRのスポーツ事業売上はセグメント値であり対象法人単体ではないため不採用。単体の直近3期承認ソース売上高未確認。https://www.konami.com/sportsclub/corporate/ja/
001Nn000018CWRV,4090001007288,株式会社シャトレーゼ,https://www.chateraise.co.jp/company/information/,"6: 1,000億円以上",,"1,418億円（2026年3月期・単体）","○ 子会社だが自社会社概要で株式会社シャトレーゼ単体の2026年3月期売上高1,418億円を確認。https://www.chateraise.co.jp/company/information"
001Nn000018CWRW,8011801010113,デリカフーズ株式会社,https://www.delica.co.jp/company/,"6: 1,000億円以上",,確認不可,△ デリカフーズHD傘下の子会社。公式IRの622.19億円はグループ連結で対象法人単体ではないため不採用。単体売上の承認ソース未確認。https://www.delica.co.jp/company/
001Nn000018CWRX,4070001025283,株式会社コシダカ,https://www.koshidaka.co.jp/,"5: 300億円以上~1,000億円未満",,確認不可,△ コシダカHD傘下の子会社。公式693.87億円は持株会社連結で株式会社コシダカ単体ではないため不採用。単体の直近3期承認ソース売上高未確認。https://www.koshidaka.co.jp/
001Nn000018CWRY,1180001095079,株式会社スタッフシュウエイ,http://www.staff-syuei.biz/,"5: 300億円以上~1,000億円未満",,確認不可,△ 法人番号1180001095079。自社HP・Gビズインフォ・官報/公的情報を確認したが、株式会社スタッフシュウエイの直近3期売上高を承認ソースで確認できず。http://www.staff-syuei.biz/
001Nn000018CWRc,2310001003811,リンガーハットジャパン株式会社,https://www.ringerhut.jp/corporate/,"5: 300億円以上~1,000億円未満",,確認不可,△ リンガーハットHD傘下の子会社。自社/親会社公式・Gビズインフォを確認したが、リンガーハットジャパン株式会社単体の直近3期売上高を承認ソースで確認できず。https://www.ringerhut.jp/corporate/
001Nn000018CWRd,7290001076913,株式会社ミスターマックス,https://www.mrmaxhd.co.jp/company/companyprofile.html,"5: 300億円以上~1,000億円未満",,確認不可,△ MrMax HD傘下の子会社。自社/親会社公式・Gビズインフォを確認したが、株式会社ミスターマックス単体の直近3期売上高を承認ソースで確認できず。https://www.mrmax.co.jp/
001Nn000018CWRf,2030001024893,株式会社ピックルスコーポレーション,https://www.pickles.co.jp/company/network/headoffice.html,"5: 300億円以上~1,000億円未満",,確認不可,△ ピックルスHD傘下の子会社。自社/親会社公式・Gビズインフォを確認したが、株式会社ピックルスコーポレーション単体の直近3期売上高を承認ソースで確認できず。https://www.pickles.co.jp/
001Nn000018CWRh,5010801022245,ＪＢＣＣ株式会社,https://www.jbcchd.co.jp,"5: 300億円以上~1,000億円未満",,確認不可,△ JBCC HD傘下の子会社。自社/親会社公式・Gビズインフォを確認したが、JBCC株式会社単体の直近3期売上高を承認ソースで確認できず。https://www.jbcc.co.jp/
001Nn000018CWRj,6011101003926,株式会社オービックビジネスコンサルタント,https://www.obc.co.jp/,"5: 300億円以上~1,000億円未満",🔵MC:管理本部／人事管理室 03-3342-1881（旧直通:開発本部／ＩＣＴセンター／情報システムグループ：03-3342-2005）,確認不可,△ 自社IR・Gビズインフォを確認したが、株式会社オービックビジネスコンサルタントの直近3期売上高の承認ソース値をこの調査で確定できず。https://www.obc.co.jp/corporate/
001Nn000018CWRk,3010003022806,ＰｗＣ　Ｊａｐａｎ合同会社,https://www.pwc.com/jp/ja/about-us/member/pwc-japan.html,"5: 300億円以上~1,000億円未満",,対象外（合同会社）,× 法人格。直アポ大は株式会社のみ。合同会社のため対象外
001Nn000018CWRm,2010501028231,栄研化学株式会社,https://www.eiken.co.jp/company/gaiyou.html,"5: 300億円以上~1,000億円未満",,418.99億円（2026年3月期・連結）,"○ 自社公式。2026年3月期連結売上高41,899百万円。上場親会社のため連結値を採用。https://www.eiken.co.jp/sustainability/governance/corporate/"
001Nn000018CWRq,9010401054189,株式会社ココスジャパン,https://www.cocos-jpn.co.jp/company/,"5: 300億円以上~1,000億円未満",,確認不可,△ ゼンショーHD傘下の子会社。Gビズインフォの売上高は2019年3月期で鮮度条件外。自社HP・公的情報で直近3期の単体売上高を確認できず。https://info.gbiz.go.jp/hojin/ichiran?hojinBango=9010401054189
001Nn000018CWRr,6011101024063,パーソルフィールドスタッフ株式会社,https://pfs.persol-group.co.jp/company/about/,"6: 1,000億円以上",,確認不可,△ パーソルグループ子会社。Gビズインフォ・自社HP・公的情報を確認したが、パーソルフィールドスタッフ株式会社単体の直近3期売上高を承認ソースで確認できず。https://info.gbiz.go.jp/hojin/ichiran?hojinBango=6011101024063
001Nn000018CWRt,8330001010189,株式会社こはく本舗,https://meijiya-kohaku.co.jp/aboutus/,"5: 300億円以上~1,000億円未満",,確認不可,△ 法人番号8330001010189。自社HP・Gビズインフォ・官報/公的情報を確認したが、株式会社こはく本舗の直近3期売上高を承認ソースで確認できず。https://info.gbiz.go.jp/hojin/ichiran?hojinBango=8330001010189
001Nn000018CWRv,5010001192707,ＰａｙＰａｙ株式会社,https://about.paypay.ne.jp/,"6: 1,000億円以上",,"2,765.60億円（2026年3月期・単体）","○ Gビズインフォ（EDINET）。法人番号5010001192707、2026年3月期提出会社売上高276,560百万円。子会社だが単体値を確認。https://info.gbiz.go.jp/hojin/ichiran?hojinBango=5010001192707"
001Nn000018CWRw,8060001001562,株式会社Ｇｅｎｋｉ　Ｇｌｏｂａｌ　Ｄｉｎｉｎｇ　Ｃｏｎｃｅｐｔｓ,https://www.genki-gdc.co.jp/company/outline/,"5: 300億円以上~1,000億円未満",,648.80億円（2026年3月期・単体）,"○ Gビズインフォ（EDINET）。法人番号8060001001562、2026年3月期提出会社売上高64,880百万円。神明HDが大株主のため連結737億円ではなく単体値を採用。https://info.gbiz.go.jp/hojin/ichiran?hojinBango=8060001001562"
001Nn000018CWRx,9430001020202,株式会社サッポロドラッグストアー,https://satudora-hd.co.jp/group/satudora/,"5: 300億円以上~1,000億円未満",,確認不可,△ サツドラHD傘下の子会社。自社/親会社公式・Gビズインフォを確認したが、株式会社サッポロドラッグストアー単体の直近3期売上高を承認ソースで確認できず。https://info.gbiz.go.jp/hojin/ichiran?hojinBango=9430001020202
001Nn000018CWRy,8010901020897,ロイヤルフードサービス株式会社,https://www.royalfoodservice.co.jp/,"5: 300億円以上~1,000億円未満",,確認不可,△ ロイヤルHD傘下の子会社。自社/親会社公式・Gビズインフォを確認したが、ロイヤルフードサービス株式会社単体の直近3期売上高を承認ソースで確認できず。https://info.gbiz.go.jp/hojin/ichiran?hojinBango=8010901020897
001Nn000018CWRz,2011001069229,株式会社Ｃｙｇａｍｅｓ,https://www.cygames.co.jp/,"5: 300億円以上~1,000億円未満",,確認不可,△ サイバーエージェント系子会社。自社HP・Gビズインフォ・親会社IRを確認したが、株式会社Cygames単体の直近3期売上高を承認ソースで確認できず。https://info.gbiz.go.jp/hojin/ichiran?hojinBango=2011001069229
001Nn000018CWS0,6160001000449,ルネサスセミコンダクタマニュファクチュアリング株式会社,https://rsmc.renesas.com,"6: 1,000億円以上",,確認不可,△ ルネサスグループ子会社。Gビズインフォ・自社/親会社公式・官報系を確認したが、対象法人単体の直近3期売上高を承認ソースで確認できず。民間公告DB値は不採用。https://info.gbiz.go.jp/hojin/ichiran?hojinBango=6160001000449
001Nn000018CWS1,3010501029336,ＴＯＰＰＡＮパッケージプロダクツ株式会社,https://www.toppan-products.jp/tpp/corporateinfo/,"5: 300億円以上~1,000億円未満",,確認不可,△ TOPPAN HD傘下の子会社。自社公式の2024～2026年3月期決算公告を確認したが、当調査で売上高を確定できず。Gビズインフォにも財務値なし。https://www.toppan-products.jp/tpp/public_notice/
001Nn000018CWS2,7120101047384,Ｐｅａｃｈ・Ａｖｉａｔｉｏｎ株式会社,https://www.flypeach.com/,"5: 300億円以上~1,000億円未満",,確認不可,△ ANA HD100%子会社。Peach公式・ANA HD資料・公的情報を確認したが、Peach Aviation株式会社単体の直近3期売上高を承認ソースで確認できず。https://www.flypeach.com/corporate/about
001Nn000018CWS3,4420001012667,日本ホワイトファーム株式会社,https://nipponwhitefarm.co.jp/,"5: 300億円以上~1,000億円未満",🔵MC:管理本部／人事総務部 03-4555-8244,確認不可,△ 日本ハムグループ子会社。自社/親会社公式・Gビズインフォ・官報系を確認したが、日本ホワイトファーム株式会社単体の直近3期売上高を承認ソースで確認できず。https://nipponwhitefarm.co.jp/
001Nn000018CWS4,7080001001735,株式会社ザ・トーカイ,https://www.tokai.jp/corporate/profile.html,"5: 300億円以上~1,000億円未満",,確認不可,△ TOKAI HD傘下の子会社。自社公式の2024～2026年3月期決算公告・Gビズインフォを確認したが、当調査で対象法人単体売上高を確定できず。https://www.tokai.jp/ir/
001Nn000018CWS5,4100001003772,株式会社綿半ホームエイド,https://watahan.co.jp/holdings/group/homeaid/,"5: 300億円以上~1,000億円未満",,566.97億円（2025年3月期・単体）,"○ 親会社EDINET有報。綿半HD100%子会社・綿半ホームエイドの2025年3月期売上高56,697百万円。子会社単体値を確認。https://info.gbiz.go.jp/hojin/edinetDownload?docId=S100W85X"
001Nn000018CWS7,7010401089360,株式会社エフエスユニマネジメント,https://www.fsm.co.jp/,"6: 1,000億円以上",,確認不可,△ 自社HP・Gビズインフォ・官報/公的情報を確認したが、株式会社エフエスユニマネジメントの直近3期売上高を承認ソースで確認できず。https://www.fsm.co.jp/
001Nn000018CWS8,1180001075626,エヌジーケイ・セラミックデバイス株式会社,https://ncdk.jp/,"5: 300億円以上~1,000億円未満",,確認不可,△ NGKグループ子会社。自社/親会社公式・Gビズインフォを確認したが、エヌジーケイ・セラミックデバイス株式会社単体の直近3期売上高を承認ソースで確認できず。https://ncdk.jp/
001Nn000018CWS9,6011001032554,株式会社ドトールコーヒー,https://www.doutor.co.jp/about_us/company/outline.html,"5: 300億円以上~1,000億円未満",,826.04億円（2025年2月期・単体）,○ 自社採用サイト会社情報。株式会社ドトールコーヒーの2025年2月期売上高826億400万円。子会社だが単体値を確認。https://www.doutor.co.jp/recruit/company/
001Nn000018CWSB,3420001009805,キヤノンプレシジョン株式会社,http://www.canon-prec.co.jp,"5: 300億円以上~1,000億円未満",,確認不可,△ キヤノングループ子会社。自社/親会社公式・Gビズインフォ・官報系を確認したが、キヤノンプレシジョン株式会社単体の直近3期売上高を承認ソースで確認できず。http://www.canon-prec.co.jp/
001Nn000018CWSC,1010001074355,王子マテリア株式会社,https://www.ojimateria.co.jp/corporate/profile/index.html,"5: 300億円以上~1,000億円未満",🌳★08/17(月)、定時00:00、🌟🚨✳✡,確認不可,△ 王子HD傘下の子会社。自社/親会社公式・Gビズインフォを確認したが、王子マテリア株式会社単体の直近3期売上高を承認ソースで確認できず。求人媒体の数値は不採用。https://www.ojimateria.co.jp/
001Nn000018CWSD,8011101017783,パーソルマーケティング株式会社,https://sales.persol-mk.co.jp/company/,"5: 300億円以上~1,000億円未満",,確認不可,△ パーソルグループ子会社。Gビズインフォ・自社HP・公的情報を確認したが、パーソルマーケティング株式会社単体の直近3期売上高を承認ソースで確認できず。https://info.gbiz.go.jp/hojin/ichiran?hojinBango=8011101017783
001Nn000018CWSE,1010001179864,株式会社アミーゴ,https://amigo-pet.co.jp/company,"5: 300億円以上~1,000億円未満",,確認不可,△ アレンザHD系子会社。自社HP・Gビズインフォ・公的情報を確認したが、株式会社アミーゴ単体の直近3期売上高を承認ソースで確認できず。https://info.gbiz.go.jp/hojin/ichiran?hojinBango=1010001179864
001Nn000018CWSH,2011101012071,株式会社ＤＮＰ出版プロダクツ,,"5: 300億円以上~1,000億円未満",,確認不可,△ DNP子会社。Gビズインフォの2023～2025年決算公告は貸借対照表中心で売上高非開示。対象法人単体の直近3期売上高を確認できず。https://info.gbiz.go.jp/hojin/ichiran?hojinBango=2011101012071
001Nn000018CWSI,4140001022100,株式会社Ｇ－７スーパーマート,https://www.g-7supermart.co.jp/company/outline.html,"5: 300億円以上~1,000億円未満",,確認不可,△ G-7 HD100%子会社。自社公式の直近決算公告・Gビズインフォを確認したが、当調査で株式会社G-7スーパーマート単体売上高を確定できず。https://www.g-7supermart.co.jp/ir/
001Nn000018CWSJ,9050001018648,京三電機株式会社,https://www.kyosan-denki.co.jp/company,"5: 300億円以上~1,000億円未満",,593億円（2025年実績・単体）,○ 子会社だが自社会社概要で京三電機株式会社自身の2025年実績売上収益593億円を確認。https://www.kyosan-denki.co.jp/company/
001Nn000018CWSK,9130001027236,株式会社ＳＣＲＥＥＮセミコンダクターソリューションズ,https://www.screen.co.jp/spe/company/about,"6: 1,000億円以上",,確認不可,△ SCREEN HD傘下の子会社。親会社の半導体事業/グループ売上は対象法人単体値ではないため不採用。Gビズインフォ・自社公式で直近3期単体売上高未確認。https://info.gbiz.go.jp/hojin/ichiran?hojinBango=9130001027236
001Nn000018CWSM,9370001019473,東京エレクトロン宮城株式会社,https://www.tel.co.jp/,"6: 1,000億円以上",,確認不可,△ 東京エレクトロングループ子会社。自社/親会社公式・Gビズインフォ・官報系を確認したが、東京エレクトロン宮城株式会社単体の直近3期売上高を承認ソースで確認できず。https://www.tel.co.jp/
001Nn000018CWSN,4430001007930,株式会社東光ストア,https://www.tokou-store.co.jp/about/index.html,"5: 300億円以上~1,000億円未満",🔵MC:管理統括部／総務・人事部 011-842-3246,確認不可,△ アークスグループ子会社。自社/親会社公式・Gビズインフォを確認したが、株式会社東光ストア単体の直近3期売上高を承認ソースで確認できず。https://www.tokou-store.co.jp/about/
001Nn000018CWSQ,8190001012852,日本ハム食品株式会社,http://nipponham-syokuhin.jp/corporate/about/,"5: 300億円以上~1,000億円未満",,確認不可,△ 日本ハムグループ子会社。自社/親会社公式・Gビズインフォを確認したが、日本ハム食品株式会社単体の直近3期売上高を承認ソースで確認できず。https://info.gbiz.go.jp/hojin/ichiran?hojinBango=8190001012852
001Nn000018CWSR,4080001014558,シミックＣＭＯ株式会社,https://www.cmicgroup.com/corporate/group/cmic-cmo/,"5: 300億円以上~1,000億円未満",,確認不可,△ DNP/シミックHD系子会社。自社公式・Gビズインフォを確認したが、シミックCMO株式会社単体の直近3期売上高を承認ソースで確認できず。https://www.cmicgroup.com/corporate/group-companies/cmic-cmo/
001Nn000018CWSU,6290801015880,日産車体九州株式会社,http://www.nissan-shatai-kyushu.co.jp/,"5: 300億円以上~1,000億円未満",🔵MC:人事総務部 093-434-9645,確認不可,△ 日産車体グループ子会社。自社HP・Gビズインフォ・親会社資料を確認したが、日産車体九州株式会社単体の直近3期売上高を承認ソースで確認できず。https://info.gbiz.go.jp/hojin/ichiran?hojinBango=6290801015880
001Nn000018CWSX,7320001008219,大分キヤノンマテリアル株式会社,https://mtrl.canon/,"5: 300億円以上~1,000億円未満",🔵MC:人事施設部 097-503-7111,確認不可,△ キヤノングループ子会社。自社HP・Gビズインフォ・親会社資料を確認したが、大分キヤノンマテリアル株式会社単体の直近3期売上高を承認ソースで確認できず。https://info.gbiz.go.jp/hojin/ichiran?hojinBango=7320001008219
001Nn000018CWSY,9420001011573,日本フードパッカー株式会社,https://www.foodpacker.jp/,"5: 300億円以上~1,000億円未満",,932億円（2026年3月期・単体）,○ 子会社だが自社公式会社情報で日本フードパッカー株式会社自身の2026年3月期売上高932億円を確認。https://www.foodpacker.jp/message.html
001Nn000018CWSa,5120001137106,エネクスフリート株式会社,https://www.enexfleet.com/information/company.html,"6: 1,000億円以上",,"3,026億円（2026年3月期・単体）","○ 子会社だが自社会社概要でエネクスフリート株式会社の2026年3月期年商3,026億円を確認。https://www.enexfleet.com/company/"
001Nn000018CWSb,6460101001481,株式会社福原,http://www.arcs-g.co.jp/group/fukuhara/about/,"5: 300億円以上~1,000億円未満",🔵MC:総務部／人事課 0155-37-3983 / 浅野啓二 顧問（専務管理本部長兼総務部ゼネラルマネ,確認不可,△ アークスグループ子会社。自社/親会社公式・Gビズインフォを確認したが、株式会社福原単体の直近3期売上高を承認ソースで確認できず。https://www.arcs-g.co.jp/group/fukuhara/
001Nn000018CWSc,2450001002584,株式会社道北アークス,https://www.douhoku-arcs.co.jp/about/index.html,"5: 300億円以上~1,000億円未満",🔵MC:総務人事部／人事グループ 0166-46-2371 / 奥山正明 取締役（執行役員）管理本部総務人事部ゼネ（旧直通:システムサポートグループ：0166-47-2818）,確認不可,△ アークスグループ子会社。自社/親会社公式・Gビズインフォを確認したが、株式会社道北アークス単体の直近3期売上高を承認ソースで確認できず。https://www.douhoku-arcs.co.jp/about/
001Nn000018CWSd,9400601001100,株式会社デンソー岩手,https://www.denso-iwate.co.jp/,"5: 300億円以上~1,000億円未満",,確認不可,△ デンソーグループ子会社。自社HP・Gビズインフォ・親会社資料を確認したが、株式会社デンソー岩手単体の直近3期売上高を承認ソースで確認できず。https://info.gbiz.go.jp/hojin/ichiran?hojinBango=9400601001100
001Nn000018CWSk,2080401014639,株式会社キャタラー,https://www.cataler.co.jp/,"6: 1,000億円以上",,"2,172億円（2025年度・単体）","○ 子会社だが自社会社概要で株式会社キャタラー単独の2025年度売上高2,172億円を確認。https://www.cataler.co.jp/company/info/"
001Nn000018CWSn,2380001027597,株式会社東北村田製作所,https://www.murata.com/ja-jp/group/tohokumurata,"5: 300億円以上~1,000億円未満",🔵MC:管理部／人事課 024-955-7711（旧直通:東北情報システム課：050-1735-7744）,確認不可,△ 村田製作所グループ子会社。自社/親会社公式・Gビズインフォを確認したが、株式会社東北村田製作所単体の直近3期売上高を承認ソースで確認できず。https://www.murata.com/ja-jp/group/tohokumurata
001Nn000018CWSo,9010001146304,王子マネジメントオフィス株式会社,https://www.ojiholdings.co.jp/group/domestic.html,"5: 300億円以上~1,000億円未満",,確認不可,△ 王子HD子会社。Gビズインフォ・王子HD公式を確認したが、王子マネジメントオフィス株式会社単体の直近3期売上高を承認ソースで確認できず。https://info.gbiz.go.jp/hojin/ichiran?hojinBango=9010001146304
001Nn000018CWSp,2120001168995,株式会社フジオフードシステム,https://fujiogroup.com/company/map_osaka.html,"5: 300億円以上~1,000億円未満",,確認不可,△ フジオフードグループ本社の子会社。親会社連結319.32億円は対象法人単体ではないため不採用。単体の直近3期承認ソース売上高未確認。https://fujiogroup.com/ir/data/highlight.html
001Nn000018CWSq,8010001188090,株式会社エムアイフードスタイル,https://www.im-food.co.jp/corporate/profile/,"5: 300億円以上~1,000億円未満",🔵MC:総務本部／人事部 03-6633-4161（旧直通:03-6633-4164）,確認不可,△ 三越伊勢丹グループ子会社。自社HP・Gビズインフォ・親会社資料を確認したが、株式会社エムアイフードスタイル単体の直近3期売上高を承認ソースで確認できず。https://info.gbiz.go.jp/hojin/ichiran?hojinBango=8010001188090
001Nn000018CWSr,2010001034829,アールエム東セロ株式会社,https://rmtohcello.com/company/outline.html,"5: 300億円以上~1,000億円未満",,確認不可,△ 子会社判定。自社HP・Gビズインフォ・親会社資料を確認したが、アールエム東セロ株式会社単体の直近3期売上高を承認ソースで確認できず。https://info.gbiz.go.jp/hojin/ichiran?hojinBango=2010001034829
001Nn000018CWSs,5010601031677,株式会社ぱぱす,https://www.matsukiyococokara.com/company/group/mk/papas/,"5: 300億円以上~1,000億円未満",,確認不可,△ マツキヨココカラグループ子会社。自社/親会社公式・Gビズインフォを確認したが、株式会社ぱぱす単体の直近3期売上高を承認ソースで確認できず。https://info.gbiz.go.jp/hojin/ichiran?hojinBango=5010601031677
001Nn000018CWSu,6180301011904,株式会社デンソーエアシステムズ,https://www.dnas.co.jp/company/outline.html,"5: 300億円以上~1,000億円未満",,確認不可,△ デンソー100%子会社。自社公式は2026年3月末連結799億円を開示するが、子会社判定は単体売上が必要。単体の承認ソース未確認。https://www.dnas.co.jp/company/outline.html
001Nn000018CWSv,3370001014892,株式会社マツモトキヨシ東日本販売,https://www.matsukiyococokara.com/company/group/mk/mk_east/,"5: 300億円以上~1,000億円未満",,確認不可,△ マツキヨココカラグループ子会社。親会社公式の決算公告・Gビズインフォを確認したが、対象法人単体売上高を当調査で確定できず。https://www.matsukiyococokara.com/ir/houteikoukoku_group/archive/matsukiyo/
001Nn000018CWSw,2140001029808,株式会社トーホーフードサービス,https://tfs.to-ho.co.jp/company.html,"6: 1,000億円以上",,確認不可,△ トーホー子会社。自社HP・Gビズインフォ・親会社資料を確認したが、株式会社トーホーフードサービス単体の直近3期売上高を承認ソースで確認できず。https://info.gbiz.go.jp/hojin/ichiran?hojinBango=2140001029808
001Nn000018CWSx,7010401061823,ＪＦＥ条鋼株式会社,https://www.jfe-bs.co.jp/company/overview/,"6: 1,000億円以上",,"1,110.17億円（2025年度・単体）","○ 自社公式2025年度決算。JFE条鋼株式会社単体売上高111,017百万円。子会社だが単体値を確認。https://www.jfe-bs.co.jp/news/pressrelease/post-121.html"
001Nn000018CWT0,7120001149272,株式会社Ｍｉｚｋａｎ,http://www.mizkan.co.jp/,"6: 1,000億円以上",,確認不可,"△ ミツカングループの事業会社。公式2025年度グループ売上3,131億円は株式会社Mizkan単体ではないため不採用。Gビズインフォでも単体売上未確認。https://info.gbiz.go.jp/hojin/ichiran?hojinBango=7120001149272"
001Nn000018CWT1,6290801015583,三角商事株式会社,http://lumiere-ds.com/company/,"5: 300億円以上~1,000億円未満",🔵MC:総務部／採用課 092-919-5583（旧直通:情報システム部：092-919-5583） ｜ 【属性】R/ 👤人事：総務・教育担当　譲田(ジョウタ)様が担当とのこと,確認不可,△ 自社HP・Gビズインフォ・官報/公的情報を確認したが、三角商事株式会社の直近3期売上高を承認ソースで確認できず。http://lumiere-ds.com/company/
001Nn000018CWT4,8060001002651,株式会社たいらや,https://www.eco-s.co.jp/tairaya/,"5: 300億円以上~1,000億円未満",,確認不可,△ エコスグループ子会社。自社/親会社公式・Gビズインフォを確認したが、株式会社たいらや単体の直近3期売上高を承認ソースで確認できず。https://info.gbiz.go.jp/hojin/ichiran?hojinBango=8060001002651
001Nn000018CWT6,8500001009032,株式会社大屋,https://www.daiya-grp.co.jp/,"5: 300億円以上~1,000億円未満",,確認不可,△ 自社HP・Gビズインフォ・官報/公的情報を確認したが、株式会社大屋単体の直近3期売上高を承認ソースで確認できず。https://www.daiya-grp.co.jp/
001Nn000018CWT7,6460301000738,株式会社道東アークス,https://www.doutou-arcs.co.jp/about/index.html,"5: 300億円以上~1,000億円未満",🔵MC:管理本部／人事総務グループ 0157-36-5121（旧直通:管理本部／情報システムグループ：0157-36-5121）,確認不可,△ アークスグループ子会社。自社/親会社公式・Gビズインフォを確認したが、株式会社道東アークス単体の直近3期売上高を承認ソースで確認できず。https://www.doutou-arcs.co.jp/about/
001Nn000018CWTA,4060001000972,株式会社オータニ,https://www.sp-otani.com/about/index.html,"5: 300億円以上~1,000億円未満",,確認不可,△ 自社HP・Gビズインフォ・直近決算公告を確認したが、公告は貸借対照表中心で株式会社オータニ単体売上高を確認できず。https://info.gbiz.go.jp/hojin/ichiran?hojinBango=4060001000972
001Nn000018CWTD,3180001024325,株式会社タチヤ,https://tachiya.co.jp/company/,"5: 300億円以上~1,000億円未満",受付🙆,402億円（2025年・単体）,○ 自社会社概要。株式会社タチヤの2025年売上高402億円。子会社でも対象法人自身の売上値を確認。https://tachiya.co.jp/company-history/
001Nn000018CWTS,5013301044404,株式会社アルシエ,https://arciel.co.jp/,"5: 300億円以上~1,000億円未満",🔵MC:経営管理部／人事総務課 03-5904-8298,確認不可,△ 法人番号5013301044404。自社HP・Gビズインフォ・官報/公的情報を確認したが、株式会社アルシエの直近3期売上高を承認ソースで確認できず。https://info.gbiz.go.jp/hojin/ichiran?hojinBango=5013301044404
001Nn000018CWTb,8020001016738,Ｊ＆Ｔ環境株式会社,https://www.jt-kankyo.co.jp/,"5: 300億円以上~1,000億円未満",,確認不可,△ JFEエンジニアリング/JERA系子会社。自社公式は2025年度グループ計売上538億円だが単体値ではないため不採用。単体承認ソース未確認。https://jt-kankyo.co.jp/company/profile.html
001Nn000018CWWt,9010001021473,アセットマネジメントＯｎｅ株式会社,https://www.am-one.co.jp/company/profile/,"5: 300億円以上~1,000億円未満",,確認不可,△ 自社公式の直近決算公告・財務届出・Gビズインフォを確認したが、判定基準の売上高（または許容トップライン）を当調査で確定できず。https://www.am-one.co.jp/company/publicnotice/
001Nn000018CWWy,3120901027325,株式会社なの花西日本,https://www.nanohana-ph.jp/,"6: 1,000億円以上",,確認不可,△ メディカルシステムネットワーク系子会社。Gビズインフォの直近決算公告・自社/親会社公式を確認したが、株式会社なの花西日本単体売上高を確定できず。https://info.gbiz.go.jp/hojin/ichiran?hojinBango=3120901027325
001Nn000018CWX9,8120101044166,株式会社Ｋグランドサービス,https://www.konoike.net/company/group/japan/kground-service/,"5: 300億円以上~1,000億円未満",,確認不可,△ 鴻池運輸グループ子会社。Gビズインフォの2023～2025年決算公告・親会社公式を確認したが、株式会社Kグランドサービス単体売上高を確認できず。https://info.gbiz.go.jp/hojin/ichiran?hojinBango=8120101044166
001Nn000018CWXB,3010001040339,兼松エレクトロニクス株式会社,https://www.kel.co.jp/company/profile.html,"5: 300億円以上~1,000億円未満",🎯360:デジタル・サービス本部／人材開発・業務推進センター／インサイドセールス課 03-5250-6512 ｜ 【属性】🧸/👤経理：経理部/部長/國森 浩平,確認不可,"△ 兼松100%子会社。自社会社概要の1,127.9億円は連結値で単体売上ではないため不採用。Gビズインフォの単体売上は2022年3月期で鮮度条件外。https://www.kel.co.jp/company/profile.html"
001Nn000018CWXD,7010001008860,楽天損害保険株式会社,https://www.rakuten-sonpo.co.jp,"5: 300億円以上~1,000億円未満",🔵MC:人事総務部 050-5581-7620（旧直通:情報システム本部／ＩＴ企画部／ＩＴサービス課：050-5432-4717）,確認不可,△ 楽天グループ子会社。自社公式・Gビズインフォ・決算公告を確認したが、楽天損害保険株式会社の直近3期経常収益を承認ソースで確定できず。https://www.rakuten-sonpo.co.jp/
001Nn000018CWXG,5350001001759,ＡＬＳＯＫ宮崎株式会社,https://www.miyazaki-alsok.com/about/,"5: 300億円以上~1,000億円未満",,確認不可,△ ALSOKグループ子会社。自社会社概要・Gビズインフォ・親会社公式を確認したが、ALSOK宮崎株式会社単体の直近3期売上高を承認ソースで確認できず。https://www.miyazaki-alsok.com/about/
001Nn000018CWXw,7012401020528,ホームトレードセンター株式会社,https://www.htcc.co.jp/,"5: 300億円以上~1,000億円未満",,確認不可,△ 飯田グループ系子会社。自社HP・Gビズインフォ・親会社公式を確認したが、ホームトレードセンター株式会社単体の直近3期売上高を承認ソースで確認できず。https://info.gbiz.go.jp/hojin/ichiran?hojinBango=7012401020528
001Nn000018jmbI,5290001063310,株式会社久原本家グループ本社,https://kubarahonke.com/,"5: 300億円以上~1,000億円未満",🔵MC:経営管理本部／人事部 050-3033-0211（旧直通:092-577-1893）,336億円（2026年2月期・グループ連結）,○ 自社公式会社概要。2026年2月期グループ連結売上高336億円。株式会社久原本家グループ本社はグループ経営管理会社のため採用。https://kubarahonke.com/company/aboutus/
001Nn000018keqA,4500001000003,株式会社伊予銀行,https://www.iyobank.co.jp/,"6: 1,000億円以上",,"2,412.64億円（2026年3月期・単体・経常収益）","○ JPX決算資料。銀行の売上高相当指標。伊予銀行単体2026年3月期経常収益241,264百万円。https://www2.jpx.co.jp/disc/58300/140120260430515254.pdf"
001Nn000018keqB,7010001016855,株式会社SBI新生銀行,https://www.sbishinseibank.co.jp,"6: 1,000億円以上",,"4,183.69億円（2026年3月期・単体・経常収益）","○ Gビズインフォ（EDINET）。銀行の売上高相当指標。2026年3月期経常収益418,369百万円。https://info.gbiz.go.jp/hojin/ichiran?hojinBango=7010001016855"
001Nn000018keqC,8430001022711,株式会社北洋銀行,https://www.hokuyobank.co.jp/,"6: 1,000億円以上",,"2,068.55億円（2026年3月期・単体・経常収益）","○ Gビズインフォ（EDINET）。銀行の売上高相当指標。2026年3月期経常収益206,855百万円。https://info.gbiz.go.jp/hojin/ichiran?hojinBango=8430001022711"
001Nn000018keqD,3420001000012,株式会社青森みちのく銀行,https://www.am-bk.co.jp/,"5: 300億円以上~1,000億円未満",,808.39億円（2026年3月期・単体・経常収益）,"○ プロクレアHD公式決算。青森みちのく銀行単体2026年3月期経常収益80,839百万円。https://www.procrea-hd.co.jp/shareholder/pdf/kessan/20260515_2026_3_kessan.pdf"
001Nn000018keqE,8180001036373,株式会社あいち銀行,https://www.aichibank.co.jp/,"6: 1,000億円以上",,"1,133.81億円（2026年3月期・単体・経常収益）","○ JPX決算資料。あいち銀行単体2026年3月期経常収益113,381百万円。https://www2.jpx.co.jp/disc/73890/140120260429514064.pdf"
001Nn000018keqF,7340001000826,株式会社鹿児島銀行,https://www.kagin.co.jp/,"5: 300億円以上~1,000億円未満",,965.05億円（2026年3月期・単体・経常収益）,"○ 九州FG有報。鹿児島銀行単体2026年3月期経常収益96,505百万円。https://www.kyushu-fg.co.jp/ir/library/"
001Nn000018keqG,2330001001532,株式会社肥後銀行,https://www.higobank.co.jp/,"6: 1,000億円以上",,"1,215.06億円（2026年3月期・単体・経常収益）","○ JPX/九州FG決算。肥後銀行単体2026年3月期経常収益121,506百万円。https://www2.jpx.co.jp/disc/71800/140120260513527878.pdf"
001Nn000018keqH,3430001022658,株式会社北海道銀行,https://www.hokkaidobank.co.jp/,"6: 1,000億円以上",,"1,004.03億円（2026年3月期・単体・経常収益）","○ ほくほくFG有報。北海道銀行単体2026年3月期経常収益100,403百万円。https://www.hokuhoku-fg.co.jp/ir/library/"
001Nn000018keqI,8120001144082,株式会社池田泉州銀行,https://www.sihd-bk.jp/,"5: 300億円以上~1,000億円未満",,961.91億円（2026年3月期・単体・経常収益）,"○ 池田泉州HD公式決算。池田泉州銀行単体2026年3月期経常収益96,191百万円。https://www.senshuikeda-hd.co.jp/news/pdf/20260515.pdf"
001Nn000018keqJ,1310001005552,株式会社十八親和銀行,https://www.18shinwabank.co.jp,"6: 1,000億円以上",,"1,358.60億円（2026年3月期・単体・経常収益）","○ FFG有報。十八親和銀行単体2026年3月期経常収益135,860百万円。https://www.fukuoka-fg.com/investor/library/"
001Nn000018keqK,7012805000010,多摩信用金庫,https://www.tamashin.jp/,"5: 300億円以上~1,000億円未満",,対象外（信用金庫）,× 法人格。直アポ大は株式会社のみ。信用金庫のため対象外
001Nn000018keqL,1010401017640,株式会社SMBC信託銀行,https://www.smbctb.co.jp/,"6: 1,000億円以上",,"1,247.35億円（2025年3月期・単体・経常収益）","○ SMFG公式ディスクロージャー。SMBC信託銀行単体2024年度経常収益124,735百万円。直近3期内。https://www.smfg.co.jp/investor/financial/disclosure/"
001Nn000018keqM,1200005001567,岐阜信用金庫,https://www.gifushin.co.jp/,"5: 300億円以上~1,000億円未満",360°評価,対象外（信用金庫）,× 法人格。直アポ大は株式会社のみ。信用金庫のため対象外
001Nn000018keqN,8220001007709,株式会社北國銀行,https://www.hokkokubank.co.jp/,"6: 1,000億円以上",,"1,470.24億円（2026年3月期・単体・経常収益）","○ CCIグループ公式有報。北國銀行単体2026年3月期経常収益147,024百万円。https://www.ccig.co.jp/_wp/wp-content/uploads/2026/06/20260612_1.pdf"
001Nn000018keqO,8140005010881,尼崎信用金庫,https://www.amashin.co.jp/,"5: 300億円以上~1,000億円未満",,対象外（信用金庫）,× 法人格。直アポ大は株式会社のみ。信用金庫のため対象外
001Nn000018keqP,4250001006505,株式会社山口銀行,https://www.yamaguchibank.co.jp/,"6: 1,000億円以上",,"1,461.94億円（2026年3月期・単体・経常収益）","○ 山口FG決算。山口銀行単体2026年3月期経常収益146,194百万円。https://www.ymfg.co.jp/ir/"
001Nn000018keqQ,2480001001385,株式会社徳島大正銀行,https://www.tokugin.co.jp/,"5: 300億円以上~1,000億円未満",,541.40億円（2026年3月期・単体・経常収益）,"○ トモニHD公式決算。徳島大正銀行単体2026年3月期経常収益54,140百万円。https://www.tomony-hd.co.jp/news/pdf/news_26051401.pdf"
001Nn000018keqR,1410001000221,株式会社秋田銀行,https://www.akita-bank.co.jp,"5: 300億円以上~1,000億円未満",,554.16億円（2026年3月期・単体・経常収益）,"○ 自社公式財務概要。秋田銀行単体2026年3月期経常収益55,416百万円。https://www.akita-bank.co.jp/aboutus/investor/zaimu/tantai_gaiyou/"
001Nn000018keqT,5390001002010,株式会社山形銀行,https://www.yamagatabank.co.jp/,"5: 300億円以上~1,000億円未満",,557.70億円（2026年3月期・単体・経常収益）,○ JPX決算資料。山形銀行単体2026年3月期経常収益557億70百万円。https://www2.jpx.co.jp/disc/83440/140120260511522707.pdf
001Nn000018keqZ,3240001012810,株式会社もみじ銀行,https://www.momijibank.co.jp,"5: 300億円以上~1,000億円未満",,684.67億円（2026年3月期・単体・経常収益）,"○ 山口FG決算。もみじ銀行単体2026年3月期経常収益68,467百万円。https://www.ymfg.co.jp/ir/"
001Nn000018keqh,4011101057379,auじぶん銀行株式会社,https://www.jibunbank.co.jp,"6: 1,000億円以上",,"1,265.66億円（2026年3月期・単体・経常収益）","○ 自社2026年3月期財務諸表。経常収益126,566百万円。https://www.jibunbank.co.jp/corporate/financial_information/pdf/statement_20260512.pdf"
001Nn000018keqi,9120005002335,大阪厚生信用金庫,https://www.co-sei.co.jp/,"5: 300億円以上~1,000億円未満",,対象外（信用金庫）,× 法人格。直アポ大は株式会社のみ。信用金庫のため対象外
001Nn000018keql,4011101030492,PayPay銀行株式会社,https://www.paypay-bank.co.jp/,"5: 300億円以上~1,000億円未満",,921億円（2026年3月期・単体・経常収益）,○ 自社採用情報。2026年3月期実績の経常収益921億円。https://www.paypay-bank.co.jp/company/
001Nn000018keqm,1010001126313,ソニー銀行株式会社,https://sonybank.jp/,"6: 1,000億円以上",,"1,184億円（2025年3月期・単体・経常収益）","○ ソニーFG公式有報。ソニー銀行単体2025年3月期経常収益1,184億円。直近3期内。https://www.sonyfg.co.jp/ja/financial_info/yuho/250616_01.pdf"
001Nn000019EEev,1290001004367,株式会社福岡銀行,https://www.fukuokabank.co.jp/aboutus/outline/,"6: 1,000億円以上",,"4,312.84億円（2026年3月期・単体・経常収益）","○ FFG有報。福岡銀行単体2026年3月期経常収益431,284百万円。https://www.fukuoka-fg.com/investor/library/"
001Nn000019EEew,8030001009848,株式会社埼玉りそな銀行,https://www.saitamaresona.co.jp/about/gaiyo/index.html,"6: 1,000億円以上",,"2,755.97億円（2026年3月期・単体・経常収益）","○ りそなHD公式決算。埼玉りそな銀行単体2026年3月期経常収益275,597百万円。https://www.resona-gr.co.jp/holdings/investors/ir/kessan_c/"
001Nn000019EEex,3120001049063,株式会社関西みらい銀行,https://www.kansaimiraibank.co.jp/about/gaiyo/index.html,"6: 1,000億円以上",,"1,545.05億円（2026年3月期・単体・経常収益）","○ りそなHD公式決算。関西みらい銀行単体2026年3月期経常収益154,505百万円。https://www.resona-gr.co.jp/holdings/investors/ir/kessan_c/"
001Nn000019EEey,8290001004344,株式会社西日本シティ銀行,http://www.ncbank.co.jp,"6: 1,000億円以上",,"2,176.76億円（2026年3月期・単体・経常収益）","○ 西日本FH有報。西日本シティ銀行単体2026年3月期経常収益217,676百万円。https://www.nnfh.co.jp/ir/library/"
001Nn000019EEez,5240001012809,株式会社広島銀行,https://www.hirogin.co.jp/company/profile/,"6: 1,000億円以上",,"2,157億円（2026年3月期・単体・経常収益）","○ ひろぎんHD株主総会資料。広島銀行単体2026年3月期経常収益2,157億円。https://www.hirogin-hd.co.jp/ir/"
001Nn000019EEf0,1050001001231,株式会社常陽銀行,https://www.joyobank.co.jp/kabunushi/corporate/history.html,"6: 1,000億円以上",,"2,401.36億円（2026年3月期・単体・経常収益）","○ めぶきFG公式決算。常陽銀行単体2026年3月期経常収益240,136百万円。https://pdf.irpocket.com/C7167/fcDL/pg9k/tZQx.pdf"
001Nn000019EEf1,7110001000007,株式会社第四北越銀行,https://www.dhbk.co.jp/company/aboutus/index.html,"5: 300億円以上~1,000億円未満",,"2,255.06億円（2026年3月期・単体・経常収益）","○ 第四北越FG有報。第四北越銀行単体2026年3月期経常収益225,506百万円。https://www.dhfg.co.jp/ir/library/"
001Nn000019EEf2,9130001000028,株式会社京都銀行,http://www.kyotobank.co.jp,"6: 1,000億円以上",,"3,546.84億円（2026年3月期・単体・経常収益）","○ 京都FG有報。京都銀行単体2026年3月期経常収益354,684百万円。https://www.kyoto-fg.co.jp/ir/library/"